{
   "1006787209796778126": {
      "message": "የእኔ Drive"
   },
   "1017907757187630742": {
      "message": "የእኔ ቅርፀ-ቁምፊዎች"
   },
   "1029072043275376320": {
      "message": "ምንም ቀን መቁጠሪያዎች አልተገኙም።"
   },
   "1030781695901615026": {
      "message": "ታች"
   },
   "103870949919613488": {
      "message": "ማስታወሻ በማህደር ተቀምጧል"
   },
   "1039394921418415681": {
      "message": "በመለያ ይግቡ"
   },
   "1083918249169198626": {
      "message": "የቁልፍ ሰሌዳ አቋራጮች ተሰናክለዋል።"
   },
   "1090919586152138659": {
      "message": "ክምችት"
   },
   "1101371910696766077": {
      "message": "አንድ ቅጂ ስራ"
   },
   "1107413433574576014": {
      "message": "ርዕስ በጣም ትልቅ ነው። የደመቀ ጽሑፍ አይቀመጥም።"
   },
   "1127320433256851404": {
      "message": "የቪዲዮ ማጫወቻ"
   },
   "1162642135048988280": {
      "message": "ሰነድ ዳግም ይሰይሙ"
   },
   "1166244120191806795": {
      "message": "ግብረመልስ ስጥ"
   },
   "1179891706526242218": {
      "message": "ቀጣይ"
   },
   "1185164838496022543": {
      "message": "እባክዎ ገጹን እንደገና ለመጫን እዚህ ጋር ጠቅ ያድርጉ።"
   },
   "1185644932132585290": {
      "message": "$1​ ቁምፊዎች ቀርተዋል"
   },
   "1213005208968286932": {
      "message": "መፍትሔ እንዳገኘ ምልክት ተደርጎበታል"
   },
   "1263557413037343589": {
      "message": "ፎቶዎችን ያደራጁ"
   },
   "1263685395252160366": {
      "message": "LaTeX"
   },
   "1311350045083871503": {
      "message": "ይቅር"
   },
   "1311729747516144362": {
      "message": "ቀይ"
   },
   "1315844696796851207": {
      "message": "Sans Serif"
   },
   "1319037146426591038": {
      "message": "ወይም"
   },
   "132822872080714863": {
      "message": "እሺ"
   },
   "133192954417440569": {
      "message": "ምንም ውጤቶች አልተገኙም።"
   },
   "1349697396109290623": {
      "message": "ከፍ ያለ የ$1​ ጥራት በማሳየት ላይ"
   },
   "1376126796144976437": {
      "message": "ሁሉም ቅርጸ-ቁምፊዎች"
   },
   "139942704574044780": {
      "message": "ተቀበል"
   },
   "141491180325662484": {
      "message": "Google Drive ሁሉንም የእርስዎን ፋይሎች በአንድ ላይ የሚያስቀምጡበት ቦታ ሲሆን በዚህም ከየትኛውም ቦታ ሆነው በማንኛውም መሳሪያ ላይ ሊደርሱባቸው ይችላሉ። አንዴ ፎቶዎችን በGoogle Drive ውስጥ ካስቀመጡ በኋላ እዚህ ለእርስዎ ክበቦች ወዲያውኑ ሊያጋሩዋቸው ይችላሉ።"
   },
   "1418114637490664392": {
      "message": "LIFE የፎቶ ማኅደር"
   },
   "1419896259743862406": {
      "message": "በሚከተለው ክፈት"
   },
   "1440171352837969028": {
      "message": "ቪዲዮ/ተሰሚ"
   },
   "1441487391064925653": {
      "message": "ሁሉንም አቋራጮች በእገዛ ማዕከል ውስጥ ይመልከቱ"
   },
   "1446829548948002072": {
      "message": "ኮማ"
   },
   "1454684154234137497": {
      "message": "pause"
   },
   "1459765068821943106": {
      "message": "{VIEWER_GENDER,select, female{አንድ የYouTube ዩአርኤል እዚህ ለጥፊ፦}male{አንድ የYouTube ዩአርኤል እዚህ ለጥፍ፦}other{አንድ የYouTube ዩአርኤል እዚህ ይለጥፉ፦}}"
   },
   "1463079206290378085": {
      "message": "Orkut ፎቶዎች"
   },
   "1463389029497634261": {
      "message": "ድምጽ ቀንስ"
   },
   "1475179211173444554": {
      "message": "በጎራው ውስጥ ያለ አገናኙ ያለው ማንኛውም ሰው"
   },
   "1492360016907725281": {
      "message": "{VIEWER_GENDER,select, female{አንድ የቪዲዮ ዩአርኤል እዚህ ለጥፊ፦}male{አንድ የቪዲዮ ዩአርኤል እዚህ ለጥፍ፦}other{አንድ የቪዲዮ ዩአርኤል እዚህ ይለጥፉ፦}}"
   },
   "1493251742569121894": {
      "message": "ማስታወሻው በጣም ትልቅ ነው። የደመቀ ጽሑፍ አይቀመጥም።"
   },
   "1493384967280942491": {
      "message": "ሮዝ"
   },
   "1499433769420882987": {
      "message": "$1​ን በማሳየት ላይ"
   },
   "1505876360160857231": {
      "message": "$1​ ቴባ"
   },
   "1521707405717823409": {
      "message": "ወይን ጠጅ"
   },
   "153439508598626384": {
      "message": "የእርስዎ ፎቶዎች"
   },
   "1536051766421561160": {
      "message": "እኩል ይሆናል"
   },
   "156992719062713230": {
      "message": "ግራጫ"
   },
   "1586968957182554447": {
      "message": "አሰናክል"
   },
   "1588268697057804046": {
      "message": "ከ$1​ ሰዓቶች በፊት"
   },
   "1603139897109307706": {
      "message": "ስህተት፣ እባክዎ እንደገና ይሞክሩ"
   },
   "1604359562654146902": {
      "message": "ፎቶ"
   },
   "1633370388224271051": {
      "message": "ምንም ሰዎች አልተገኙም።"
   },
   "1633798963327779260": {
      "message": "ነገ"
   },
   "1654222450095043962": {
      "message": "ተሰሚ"
   },
   "1656911987308166143": {
      "message": "ሰርዝ"
   },
   "1665821947855814052": {
      "message": "መጠን"
   },
   "1692901784886701962": {
      "message": "ማስታወሻው በጣም ትልቅ ነው።"
   },
   "1697160643589236962": {
      "message": "$1​ ፔባ"
   },
   "1700522311470719738": {
      "message": "አስታውሰኝ"
   },
   "1701312243672511585": {
      "message": "ጽሑፍ ወደ አዲስ ማስታወሻ ይውሰዱ &raquo;"
   },
   "1709410429018687341": {
      "message": "ጠዋት ($1​)"
   },
   "1715552550526864429": {
      "message": "ጦማሮችን ፈልግ"
   },
   "171683163267149669": {
      "message": "$1​ ጊባ"
   },
   "1739900012825270238": {
      "message": "ወደ ቀዳሚው ንጥል ሂድ"
   },
   "1756171223417807431": {
      "message": "ምስሉ ይፋዊ እንደሆነ እርግጠኛ ይሁኑ። የእርስዎ ምስል በይለፍ ቃል ወይም በውስጣዊ አውታረ መረብ የተጠበቀ ከሆነ እኛ ልናነበው አንችልም።"
   },
   "1759957963056319953": {
      "message": "ከ$1​ ተመለስ"
   },
   "1783719421893050637": {
      "message": "ልኬቶች"
   },
   "178927681797742562": {
      "message": "ግባ"
   },
   "1791115075948268631": {
      "message": "የቁልፍ ሰሌዳ አቋራጭ እገዛ ይክፈቱ"
   },
   "1808245543551507519": {
      "message": "ድምጽ"
   },
   "1816851800848432562": {
      "message": "ያስወግዱ"
   },
   "1818306025747564729": {
      "message": "ወደ አገናኝ ይሂዱ"
   },
   "1823222042913714987": {
      "message": "የይለፍ ቃል አስገባ"
   },
   "1823854753950594157": {
      "message": "ቦታቸው ላይ አቆይ"
   },
   "1830157062072535681": {
      "message": "$1​ን በማሳየት ላይ"
   },
   "185012928288875755": {
      "message": "ምንም ንጥሎች ከእርስዎ የፍለጋ መስፈርት ጋር አይዛመዱም።"
   },
   "1856444915090632305": {
      "message": "ሰነድ የተመሰጠረ ነው። እባክዎን የይለፍ ቃል ያስገቡ።"
   },
   "1866863108233180413": {
      "message": "አቃፊዎች"
   },
   "187077078156858455": {
      "message": "የድምጽ ማስታወሻ"
   },
   "189303170370862360": {
      "message": "$1​ ከ$2​ ንጥሎች"
   },
   "1900571668686750716": {
      "message": "vCard"
   },
   "1901351411358749070": {
      "message": "ከእኔ ጋር የተጋሩ"
   },
   "1913425963149828429": {
      "message": "ይህንን ምዝግብ ወደ Drive ያውጡ።"
   },
   "1918176455405610789": {
      "message": "ተከናውኗል"
   },
   "1920189655549476211": {
      "message": "ያልታወቀ ርዝመት"
   },
   "1929603188252533075": {
      "message": "የእርስዎ ቪዲዮ ሊሰረዝ አልቻለም ነበር። እባክዎ እንደገና ይሞክሩ።"
   },
   "1951810091681076784": {
      "message": "{COUNT_1,plural, =1{1 ተዛማጅ ማስታወሻ}one{{COUNT_2} ተዛማጅ ማስታወሻዎች}other{{COUNT_2} ተዛማጅ ማስታወሻዎች}}"
   },
   "1956794332842050061": {
      "message": "ቀጣይ ገፅ"
   },
   "1965626377712226216": {
      "message": "Keynote"
   },
   "1968405748623909021": {
      "message": "ይህንን ንጥል ለመክፈት ወይም አርትእ ለማድረግ ከመተግበሪያዎቹ ውስጥ አንዱን ይሞክሩ"
   },
   "1974063091619095703": {
      "message": "ሰዎች"
   },
   "1988244842147989817": {
      "message": "በመጣያ ውስጥ ያሉ ማስታወሻዎች ከ7 ቀኖች በኋላ ይሰረዛሉ።"
   },
   "1993674829873313178": {
      "message": "የሰቀላ ችግሮች አሉ? ጥገና እያካሄድን ነው፣ ሆኖም ግን ነገሮች ወደነበሩበት ጤናማ ሁኔታ በቅርቡ መመለስ አለባቸው።"
   },
   "2003845117979929469": {
      "message": "ዝርዝሮች"
   },
   "2048322072989992494": {
      "message": "እስካሁን ማንም ሰው ማንም ፋይል ለእርስዎ አላጋራም!!"
   },
   "2055836117545582610": {
      "message": "ቅንብሮችን ዘርዝር"
   },
   "2059084517358086391": {
      "message": "የአግኝ አሞሌን ዝጋ"
   },
   "2061440050632248160": {
      "message": "በማህደር አስቀምጥ"
   },
   "2068023589621557589": {
      "message": "TrueType ቅርጸ ቁምፊ"
   },
   "2073035325657060696": {
      "message": "ምንም የሚገኝ ቅድመ-እይታ የለም።"
   },
   "2073322475696388995": {
      "message": "ወደፊት ዝለል"
   },
   "207810168108507460": {
      "message": "ከ$1​ ሰዓት በፊት"
   },
   "2109272338124379867": {
      "message": "መጨረሻ ላይ የተቀየረው"
   },
   "2116013171202209313": {
      "message": "ምረጥ"
   },
   "2122256657192674586": {
      "message": "ቪዲዮዎችን ፈልግ"
   },
   "2125135092719715773": {
      "message": "ይስቀሉ"
   },
   "212796670323571824": {
      "message": "እሺ"
   },
   "213665695896111861": {
      "message": "ማስታወሻዎች"
   },
   "2138593281154109183": {
      "message": "ማህደር"
   },
   "2147952938331523160": {
      "message": "ዳግም ሰይም..."
   },
   "2154372123324862271": {
      "message": "ህዝባር"
   },
   "2154940358270068005": {
      "message": "የተሰረዙ ማስታወሻዎችን ትንሽ ያቆዩዋቸው"
   },
   "2184278444368405837": {
      "message": "$1​ ንጥሎች"
   },
   "2187239650627580457": {
      "message": "አስገባ"
   },
   "2198096971937872560": {
      "message": "አስታዋሽ፦"
   },
   "220168959069469607": {
      "message": "ተጨማሪ እርምጃዎች"
   },
   "221715292685577880": {
      "message": "አዎ"
   },
   "2220005860896049129": {
      "message": "ይቅርታ፣ ኦርጅናሌ ምንጭ ላይ ሰነዱን ለማግኘት በጣም ረጅም ጊዜ ወስደዋል።"
   },
   "2228413078211839077": {
      "message": "ይቅርታ፣ የሰነዱን ዕይታ በመፍጠር ላይ ጊዜያዊ ችግር አጋጥሞናል።"
   },
   "2235097878790803849": {
      "message": "ዓባሪዎች ደህና ሁኑ። ሰላም Google Drive።"
   },
   "2257303402199718039": {
      "message": "ይቅርታ፣ የኦርጅናሌ ምንጭ ላይ ሰነዱን ለማግኘት አልቻልንም። ያ ሰነድ እንዳለ ያረጋግጡ።"
   },
   "2274436793504233543": {
      "message": "ይቅር"
   },
   "2278224983638451454": {
      "message": "አሁኑኑ ያግኙት"
   },
   "2280650195464600721": {
      "message": "ዳሰሳ"
   },
   "2285069188138705005": {
      "message": "የተገናኙ መተግበሪያዎች"
   },
   "2289534534793293486": {
      "message": "ከማህደር አውጣ"
   },
   "2289812403593835836": {
      "message": "ገፆች"
   },
   "229177484946387188": {
      "message": "Google መሬት"
   },
   "2292696732672795285": {
      "message": "ድምጽ ጨምር"
   },
   "230180475614658119": {
      "message": "ተከናውኗል"
   },
   "2304293593067358316": {
      "message": "ቅንጥብ ስነ ጥበብ"
   },
   "2310145944356900158": {
      "message": "ምልክት የተደረገባቸው"
   },
   "2311880726221661199": {
      "message": "ከፍ ያሉ ጥራቶችን በመጫን ላይ"
   },
   "2329167963662998826": {
      "message": "Google Keep የእርስዎን አካባቢ ለአካባቢ አስታዋሾች የቦታዎች ጥቆማዎችን ለማሻሻል ጥቅም ላይ ማዋል ይፈልጋል።"
   },
   "234046557601727809": {
      "message": "ምንም ምስሎች ወይም ቪዲዮዎች የሉም።"
   },
   "2349912757088764940": {
      "message": "የሚታየው ለ፦"
   },
   "2359614137862708172": {
      "message": "Shift"
   },
   "2370463380397641604": {
      "message": "ታዋቂ የቁልፍ ሰሌዳ አቋራጮች"
   },
   "2370656573843123707": {
      "message": "ቀኝ ቅንፍ"
   },
   "2393487423640708285": {
      "message": "ዩአርኤል ልክ ያልሆነ ነው። በ http:// ወይም https:// የሚጀምር መሆኑን ያረጋግጡ።"
   },
   "2405795704816921421": {
      "message": "$1​ ፋይል"
   },
   "2412314804333167252": {
      "message": "ይሄ የተመን ሉህ በጣም ትልቅ ነው። $3​ለማውረድ$1​ ወይም $4​በየGoogle ሉሆች ውስጥ አርትዕ ለማድረግ$1​ ጠቅ ያድርጉ።"
   },
   "2418104318933043113": {
      "message": "Google ምስል ፍለጋ"
   },
   "2433429041384246549": {
      "message": "ድምጸ-ከል አድርግ"
   },
   "2449254824382583885": {
      "message": "ለይተህ አውጣ"
   },
   "2452522051596946166": {
      "message": "ውይ! $1​ን ቅድሚያ ማየት ላይ አንድ ችግር ነበር። ዳግም በመሞከር ላይ።"
   },
   "2454642351139428112": {
      "message": "ቀልብስ"
   },
   "2466251465475184755": {
      "message": "መጣያው ይጽዳ? በመጣያ ውስጥ ያሉ ሁሉም ማስታወሻዎች እስከመጨረሻው ይሰረዛሉ።"
   },
   "2475181823688399272": {
      "message": "ቀጣይ"
   },
   "2484568559152875936": {
      "message": "ምንም የፎቶ አልበሞች የሉም።"
   },
   "2504232652631703202": {
      "message": "ተገናኝቷል"
   },
   "251025074207413762": {
      "message": "አንድ ማብራሪያ ያክሉ"
   },
   "2510929871271209216": {
      "message": "ይሄ የተመን ሉህ በጣም ትልቅ ነው። ለማውረድ $2​እዚህ$1​ ጠቅ ያድርጉ።"
   },
   "2513437337377210144": {
      "message": "end"
   },
   "2524021436052870191": {
      "message": "ይህን ፋይል መስቀል አይቻልም። ከ$2​ ሜባ በታች የሆኑ የ$1​ ፋይሎች ብቻ ናቸው የሚሰሩት።"
   },
   "2532280782491328445": {
      "message": "ቀዳሚውን አግኝ"
   },
   "2538080331309772448": {
      "message": "ደርድር፦ $1​"
   },
   "2538462904124380434": {
      "message": "ማስታወሻው ወደ መጣያ ተንቀሳቅሷል"
   },
   "2546225293834487484": {
      "message": "ማስታወሻ"
   },
   "2558480112329900136": {
      "message": "ግራጫ"
   },
   "257317112834806705": {
      "message": "በዝርዝር እና ፍርግርግ እይታ መካከል ቀያይር"
   },
   "2579679351920691492": {
      "message": "ወደኋላ ዝለል"
   },
   "2587566920590457715": {
      "message": "Maps Engine Lite"
   },
   "2609409316752026806": {
      "message": "ፒ.ዲ.ኤፍ"
   },
   "2609750184896485102": {
      "message": "ቪዲዮዎች ከስልክ"
   },
   "2615188670181508661": {
      "message": "ምንም ነገር በቅርቡ አልመረጡም!"
   },
   "2623861453769098676": {
      "message": "ይህን ሰነድ ቅድሚያ ማየት ላይ አንድ ችግር ነበር።"
   },
   "2628268670001557269": {
      "message": "ኮታ"
   },
   "2643241712502664984": {
      "message": "የእርስዎ የYouTube ቪዲዮዎች"
   },
   "2661850177130037208": {
      "message": "ንጥል ክፈት"
   },
   "2681830832355823748": {
      "message": "ሁሉንም አቋራጮች ይፈልጉ"
   },
   "2687303256387847763": {
      "message": "ታዋቂነት"
   },
   "2702485557996900362": {
      "message": "እርስ በእርሳቸው የሚጋጩ አርትኦቶችን ያስተካክሉ"
   },
   "2705842902318123127": {
      "message": "ወደ የሚቀጥለው/ቀዳሚው ማስታወሻ/ዝርዝር ይዳሱ"
   },
   "272948685355798518": {
      "message": "ልክ ያልሆነ የፋይል አይነት ተመርጧል።"
   },
   "2731144323070245943": {
      "message": "ቅንብሮችን ዘርዝር"
   },
   "2742719907061406418": {
      "message": "XML"
   },
   "2750830436677712001": {
      "message": "{VIEWER_GENDER,select, female{{FOLDER_NAME}ን መፍጠር አልተሳካም።}male{{FOLDER_NAME}ን መፍጠር አልተሳካም።}other{{FOLDER_NAME}ን መፍጠር አልተሳካም።}}"
   },
   "2752123004911547510": {
      "message": "በመታየት ላይ ያሉ"
   },
   "2758125083752925237": {
      "message": "(ባለቤት)"
   },
   "277430914014962533": {
      "message": "ውይ! $1​ን ቅድሚያ ማየት ላይ አንድ ችግር ነበር።"
   },
   "2774713922589657910": {
      "message": "በጎራው ውስጥ ያለ ማንኛውም ሰው"
   },
   "2786560864906393383": {
      "message": "ፎቶዎች ከስልክ"
   },
   "2789687492331041935": {
      "message": "ጊዜ ይምረጡ"
   },
   "2790446494460492805": {
      "message": "የማውጣት ስራ ተጀምሯል። የማህደር መልዕክቶች በመልዕክት መለያዎ ውስጥ በ«አስመጣ፦ $1​» መሰየሚያ ስር ይታያሉ።"
   },
   "2793841261389879255": {
      "message": "ቀዳሚ ገፅ"
   },
   "2801153442808430222": {
      "message": "የእኔ Drive"
   },
   "2817277146396981386": {
      "message": "ከሰዓት"
   },
   "2818020101821669029": {
      "message": "የተፈጠረበት ቀን"
   },
   "2818135503416309545": {
      "message": "ቪዲዮ ይቅረጹ"
   },
   "2827039933590757722": {
      "message": "Windows አቋራጭ"
   },
   "2829226075651806940": {
      "message": "አጉላ"
   },
   "2860188519781080944": {
      "message": "ብርቱካናማ"
   },
   "2861568351294148466": {
      "message": "ስክሪፕቶች"
   },
   "2864281852037732729": {
      "message": "አሳንስ"
   },
   "2873089307546162154": {
      "message": "እሺ"
   },
   "2877285560485318801": {
      "message": "ለአፍታ አቁም"
   },
   "2878874627361086801": {
      "message": "ቅድመ-እይታ"
   },
   "2879276552944958066": {
      "message": "ወደ የ$1​ አቃፊ ተመለስ።"
   },
   "289798573180023043": {
      "message": "እሺ"
   },
   "2902747751281161248": {
      "message": "በአዲስ ዝርዝሮች ላይ ተግብር"
   },
   "2905147317995482841": {
      "message": "የእይታ ተሞክሮውን በGoogle Drive ውስጥ ላሉ ፋይሎች ሁሉ አዘምነነዋል። አሁን ለመጠቀም ይበልጥ የሚያምር እና ቀላል ሆኗል! ይህን አዲሱን እይታ ይወዱታል ብለን ተስፋ እናደርጋለን።"
   },
   "2917498437550635075": {
      "message": "አዶ"
   },
   "2964778642459027786": {
      "message": "በመጣያ ውስጥ ያሉ ማስታወሻዎች"
   },
   "2974598228601710262": {
      "message": "አክል"
   },
   "2979466412944870220": {
      "message": "ቅድመ-ዕይታን በመጫን ላይ..."
   },
   "2982511431742033448": {
      "message": "ምንም የሚቀርቡ ዝግጅቶች የሉም።"
   },
   "298817883481775869": {
      "message": "በመጫን ላይ..."
   },
   "3000689173481666334": {
      "message": "የእርስዎን ክበብ ያርትዑ"
   },
   "3029395493413607486": {
      "message": "የቪዲዮ አጫዋች መጫን አይችልም። ገጹን ዳግም ለመጫን ይሞክሩ።$1​ችግሩ ከቀጠለ፣ $3​ የእገዛ ማዕከልን ያማክሩ$2​።"
   },
   "3043961722025425136": {
      "message": "መግለጫ"
   },
   "306516303501625305": {
      "message": "ማረጋገጫ አልተሳካም።"
   },
   "3073005748126521632": {
      "message": "ማስታወሻው የተነገረው  $1​ ላይ"
   },
   "3074184819310272351": {
      "message": "የተሰቀሉ ፎቶዎች"
   },
   "3084372889071691504": {
      "message": "{VIEWER_GENDER,select, female{አንድ ዩአርኤል እዚህ ለጥፊ፦}male{አንድ ዩአርኤል እዚህ ለጥፍ፦}other{አንድ ዩአርኤል እዚህ ይለጥፉ፦}}"
   },
   "3095645856215493958": {
      "message": "የታተሙ ጽሑፎችን በፎቶዎች ውስጥ ያግኙ"
   },
   "31018542656161389": {
      "message": "ለመመጠን አጉላ"
   },
   "3109321241584918345": {
      "message": "ተጨማሪ መተግበሪያዎች አገናኝ..."
   },
   "3121560585545725724": {
      "message": "$1​፣ $2​"
   },
   "3140236589681731084": {
      "message": "በ$1​ ሰዓቶች ውስጥ"
   },
   "3189854932778515441": {
      "message": "ማስታወሻ በማህደር ውስጥ"
   },
   "3207670492626476064": {
      "message": "ሠንጠረዦች"
   },
   "3211163842850942567": {
      "message": "አጉላ"
   },
   "3222929029344613957": {
      "message": "ይቅርታ፣ ይህንን ፋይል በመክፈት ላይ ስህተት ተከስቷል። እባክዎ እንደገና ይሞክሩ።"
   },
   "3233388241926683100": {
      "message": "ማስታወሻዎችን ፈልግ"
   },
   "3243829462528324248": {
      "message": "ቡናማ"
   },
   "3250489229749307913": {
      "message": "ኤሌክትሮኒክ ሕትመት"
   },
   "3256928852560591255": {
      "message": "በመጣያ ውስጥ አርትእ ማድረግ አይቻልም"
   },
   "3261131345401321392": {
      "message": "አስተያየት መስጠት ይችላሉ"
   },
   "3265524298292280681": {
      "message": "esc"
   },
   "3267563602179728277": {
      "message": "ሰርዝ"
   },
   "3272496516667407797": {
      "message": "ዝርዝሮቹን መጫን ላይ አንድ ችግር ነበር።"
   },
   "3275029321588462173": {
      "message": "ምንም"
   },
   "3278237562147211998": {
      "message": "የክምችት ፎቶዎች"
   },
   "330603631583186798": {
      "message": "Word"
   },
   "3306487262690341751": {
      "message": "ቀን እና ሰዓት"
   },
   "3312545971976531405": {
      "message": "መልዕክት"
   },
   "3319087486907616296": {
      "message": "ይህን ንጥል ውሰድ"
   },
   "3328129883064940351": {
      "message": "ቅርጸ-ቁምፊዎች"
   },
   "3335409796971631780": {
      "message": "ወደ Drive በማውጣት ላይ።"
   },
   "3343451103608774400": {
      "message": "$3​አዲሱን የእኔ ካርታዎች$2​ን በማስተዋወቅ ላይ።$1​ለካርታ ስራ የተሻሉ መሣሪያዎች።"
   },
   "3354260708176476985": {
      "message": "በመጫን ላይ…"
   },
   "3357778055650785985": {
      "message": "ንጥል በጣም ትልቅ ነው። የደመቀ ጽሑፍ አይቀመጥም።"
   },
   "3364679383274077479": {
      "message": "የመተግበሪያ ዝማኔ ይገኛል"
   },
   "3368639944474272225": {
      "message": "ይቅርታ፣ ለማየት ሰነዱን ለማምጣት አልቻልንም ወይም ሰነዱን ለማየት ፈቃድ የሎትም።"
   },
   "3381619429606029445": {
      "message": "Visio"
   },
   "3382236845597426718": {
      "message": "ክፈት"
   },
   "3408219901032480508": {
      "message": "$2​፤ $1​"
   },
   "3409257542937182842": {
      "message": "ድጋሚ በመሞከር ላይ..."
   },
   "3409483962000136213": {
      "message": "አጫውት/ለአፍታ አቁም"
   },
   "3418767079436101103": {
      "message": "ይህን ገጽ መጫን ላይ አንድ ችግር ነበር።"
   },
   "3421685394169412932": {
      "message": "የሚያደርጓቸው እያንዳንዳቸው ለውጦች በራስ-ሰር ይቀመጣሉ።"
   },
   "3422389100099960864": {
      "message": "ምንም ምስሎች የሉም።"
   },
   "3428726060007577698": {
      "message": "ዝርዝሩ በጣም ትልቅ ነው።"
   },
   "3430885603500576146": {
      "message": "ለመጠቀም ፈቃድ እንዳለዎት ያረጋገጡባቸውን ምስሎች ብቻ ይምረጡ።"
   },
   "3440534675925634227": {
      "message": "በመለያ መግባትዎን ለማረጋገጥ በአንድ የChrome አሳሽ መስኮት ውስጥ ወደ chrome://settings ይሂዱ። ከዚያ በመለያ ግባን እንደገና ጠቅ ያድርጉት።"
   },
   "3446158485617778228": {
      "message": "ቀልብስ"
   },
   "3448234415275521882": {
      "message": "አጠቃላይ መረጃ"
   },
   "3448684788258660606": {
      "message": "የእርስዎ ፎቶዎች"
   },
   "3450585781337676327": {
      "message": "በመጫን ላይ..."
   },
   "3457279184692206825": {
      "message": "ፎቶዎች ለማንኛውም ሰው ይታያሉ (በድር ላይ ይፋዊ)።"
   },
   "3468441711253011521": {
      "message": "Google ሉሆች"
   },
   "3473620774713000513": {
      "message": "መፍትሔ አግኝቷል"
   },
   "3483438888494819423": {
      "message": "Google Keep ውስጥ ምን አዲስ ነገር አለ"
   },
   "3511274344439521198": {
      "message": "እርምጃዎች"
   },
   "3518073392823563581": {
      "message": "የቁልፍ ሰሌዳ አቋራጮች"
   },
   "3531603810713611778": {
      "message": "ከፍተኛው የፋይል መጠን ታልፏል። እባክዎ አንድ ወይም ተጨማሪ ከምርጫ ያስወጡ።"
   },
   "3543475399174940144": {
      "message": "+$1​"
   },
   "3547194749488601916": {
      "message": "በማዘመን ላይ..."
   },
   "354828103903104581": {
      "message": "ምልክት የተደረገባቸው ንጥሎች"
   },
   "3561658662634401836": {
      "message": "ርዕስ"
   },
   "357172711168973843": {
      "message": "ማንኛቸውም በቅርቡ የታከሉ ማስታወሻዎች ወይም ለውጦች አልተቀመጡም። የይዘቶቹ የራስዎ ምትኬ ያስቀምጡ፣ ከዚያ ዳግም ይጫኑ።"
   },
   "3586705906700410505": {
      "message": "መስመር መሳያ"
   },
   "3587798318180902863": {
      "message": "{NUM_SELECTED,plural, =1{ ተመርጠዋል »}one{ ተመርጧል »}other{ ተመርጠዋል »}}"
   },
   "3595000514985906359": {
      "message": "Excel"
   },
   "3602920441714068008": {
      "message": "ማስታወሻው የተነገረው በ$1​ $2​ ላይ"
   },
   "3608606849109645545": {
      "message": "አዲስ የሰነድ ስም ያስገቡ፦"
   },
   "361202495024972887": {
      "message": "ቪዲዮዎች ይስቀሉ"
   },
   "361630518611593946": {
      "message": "አመልካች ሳጥኖችን አሳይ"
   },
   "3625886392901506764": {
      "message": "ወይም"
   },
   "3643146117250542609": {
      "message": "ምንም ፒ ዲ ኤፎች የሉም።"
   },
   "3645728163953189422": {
      "message": "ይቅርታ፣ ለማየት ሰነዱን ለማምጣት አልቻልንም ምክንያቱም በጣም ትልቅ ነው።"
   },
   "3651893685901703652": {
      "message": "..."
   },
   "3657386785336906042": {
      "message": "የኋላ ህዝባር"
   },
   "3659554681396757189": {
      "message": "በእኔ የተከፈተው"
   },
   "3663571259791438207": {
      "message": "አላግባብ መጠቀምን ሪፖርት አድርግ"
   },
   "3664842788764635265": {
      "message": "ምንም"
   },
   "3666123569747918021": {
      "message": "ይሄ ሰነድ ያልተቀመጡ ለውጦች አሉት። ገጹን መልቀቅ እና ለውጦችዎን ማስወገድ ይፈልጋሉ?"
   },
   "3673346558112798837": {
      "message": "ምንም ጀርባ የለም"
   },
   "3674811252904549204": {
      "message": "የሽፋን ፎቶዎች"
   },
   "3678477908297567934": {
      "message": "የሥር መስመር"
   },
   "3681747688524363195": {
      "message": "ላይ"
   },
   "3690515530505404607": {
      "message": "ይህን ቪዲዮ ማጫወት ላይ አንድ ችግር ነበር።"
   },
   "369764661829607970": {
      "message": "{NUM_ITEMS,plural, =0{ምንም ንጥሎች የሉም}=1{1 ንጥል}one{# ንጥሎች}other{]# ንጥሎች}}"
   },
   "3712215972250917265": {
      "message": "አስተያየቶች"
   },
   "3717138719704492547": {
      "message": "አድራሻው ላይ የትየባ ስህተቶች አለመኖሩን ያረጋግጡ።"
   },
   "374088101949877889": {
      "message": "ዝጋ"
   },
   "3745308627628779133": {
      "message": "አዲስ አቃፊ"
   },
   "3748461364828242354": {
      "message": "ቀለም ይምረጡ"
   },
   "3770795578481676514": {
      "message": "ቢጫ"
   },
   "3771958676925493302": {
      "message": "ይህን ማጣሪያ አስወግድ፦ $1​"
   },
   "3779945546806941187": {
      "message": "ሞኖክሮም"
   },
   "3793086499925031123": {
      "message": "የፍለጋ አሞሌውን ይክፈቱ / ቀዳሚውን አግኝ"
   },
   "37992665410817181": {
      "message": "ዳግም ተከፍቷል"
   },
   "3801617971018550169": {
      "message": "ትላንት"
   },
   "3808213429720572062": {
      "message": "እንደነበር መልስ"
   },
   "381100310424863459": {
      "message": "Illustrator"
   },
   "3842411126100113634": {
      "message": "pg-up"
   },
   "3844047145949375230": {
      "message": "ሰነዶች"
   },
   "3858324058837632381": {
      "message": "ይህን የተሰሚ ፋይል ማጫወት ላይ አንድ ችግር ነበር።"
   },
   "3864575916269080329": {
      "message": "ሊፈለጉ የሚችሉ ምስሎች"
   },
   "3866373087987934712": {
      "message": "ሰቀላ አልተሳካም፦ $1​"
   },
   "3869166581651870488": {
      "message": "አርትዖት አጠናቅቅ"
   },
   "3873215756962047275": {
      "message": "ማህደር"
   },
   "3873467440437675460": {
      "message": "ይቅርታ! ከዚህ ቀደም የመረጧቸውን ቅርጸ ቁምፊዎች ልናገኛቸው አልቻልንም።"
   },
   "3897281533382850749": {
      "message": "ድምጸ-ከል አንሳ"
   },
   "3936153839186254186": {
      "message": "አሳይ፦ $1​"
   },
   "3955760658925284765": {
      "message": "እንደገና ይሞክሩ"
   },
   "3974064131130689245": {
      "message": "የፍርግርግ እይታ"
   },
   "3977699855735576796": {
      "message": "ተጨማሪ ገጾችን መጫን ላይ አንድ ችግር ነበር።"
   },
   "3988418762222300024": {
      "message": "ነጥብ"
   },
   "3989552504822984034": {
      "message": "Google ንድፍ"
   },
   "4005725939358875643": {
      "message": "እርምጃ ተቀልብሷል።"
   },
   "4014287326684608407": {
      "message": "መካከለኛ አረንጓዴ"
   },
   "4048275292053012394": {
      "message": "ዕውቂያዎች"
   },
   "4059387791040010947": {
      "message": "Meta"
   },
   "4067915791853673774": {
      "message": "{VIEWER_GENDER,select, female{ዝጊ}male{ዝጋ}other{ይዝጉ}}"
   },
   "4078179869358383373": {
      "message": "ምንም ውጤቶች አልተገኙም።"
   },
   "4087667435414545203": {
      "message": "ከአሁን በኋላ በመለያ አልገቡም። ለውጦችን ለማድረግ ዳግም ይጫኑ።"
   },
   "4093134637041332383": {
      "message": "ተጨማሪ ለመረዳት"
   },
   "4097007735221462946": {
      "message": "ስዕሎች"
   },
   "4097921967754832323": {
      "message": "ሰረዝ"
   },
   "4100504115801514799": {
      "message": "ማስታወሻው ወደነበረበት ተመልሷል"
   },
   "4119294114251628099": {
      "message": "የጠቀሱት የምስል ዩአርኤል ተሰርስሮ ሊወጣ አይችልም። የእኛ አገልጋዮች ሊደርሱበት የማይችሉት ምናልባት የግል ዩአርኤል ሊሆን ይችላል። እባክዎ ሌላ ዩአርኤል ይሞክሩ።"
   },
   "4134385041569168669": {
      "message": "በመጫን ላይ..."
   },
   "4148564423510181521": {
      "message": "ፍለጋን አጽዳ"
   },
   "4152315289461886": {
      "message": "የሰነድ መቆጣጠሪያዎች"
   },
   "4168280976997555951": {
      "message": "ምንም ሰነዶች የሉም።"
   },
   "4174786386751618325": {
      "message": "የፎቶ ማስታወሻ"
   },
   "4182427157920112948": {
      "message": "tilde"
   },
   "4200426647595470259": {
      "message": "የተሰሚ ፋይሉን ማጫወት ጀምር"
   },
   "4200911267543705377": {
      "message": "Google ጦማር ፍለጋን በመጠቀም የድር ውጤቶችን ለማግኘት ከላይ ባለው ሳጥን ላይ የእርስዎን ፍለጋ ይተይቡ።"
   },
   "4205329094859140439": {
      "message": "ጠዋት"
   },
   "4211182812451835307": {
      "message": "አርትዕ ማድረግ ይችላል"
   },
   "4211806608204126222": {
      "message": "$2​የአግልግሎት ውል$1​"
   },
   "4214190403999219403": {
      "message": "አጉላ"
   },
   "4230101516585408149": {
      "message": "አዲስ ማስታወሻ ይፃፉ"
   },
   "4253741616909644861": {
      "message": "ፍቺዎችን ፈልግ"
   },
   "4280747719095153198": {
      "message": "አስተያየቱ ተቀርፏል"
   },
   "4286663890332754386": {
      "message": "ሰቀላ አልተሳካም።"
   },
   "4299690446455033653": {
      "message": "Works"
   },
   "4314643310615423802": {
      "message": "ወጥተው ነበር።"
   },
   "4318861667254318892": {
      "message": "Google ቪዲዮ"
   },
   "4319229296464464147": {
      "message": "የታከለበት ቀን"
   },
   "4320831042030778": {
      "message": "ይቅር"
   },
   "4332252081504252077": {
      "message": "ውይ!"
   },
   "4338991104991831337": {
      "message": "ምስሎች"
   },
   "4339705658383891586": {
      "message": "ባለሙሉ ቀለም"
   },
   "4343825450663233452": {
      "message": "ማየት ይችላል"
   },
   "4343836986248234462": {
      "message": "ንጥል ዘርዝር"
   },
   "435214284915110062": {
      "message": "የፍለጋ አሞሌውን ክፈት"
   },
   "4372755508519489521": {
      "message": "ፍርግርግ ዕይታ"
   },
   "4391715930031906467": {
      "message": "ቀጣዩን አግኝ"
   },
   "4395845663892873002": {
      "message": "home"
   },
   "4422985761498356257": {
      "message": "ክፈት በ"
   },
   "4430062722430863019": {
      "message": "ማስታወሻ እስከመጨረሻው ይሰረዝ?"
   },
   "4439812492856303238": {
      "message": "ይቅርታ! የእርስዎን ምርጫ በማስኬድ ላይ ሳለ ያልተጠበቀ ስህተት ተከስቷል። እባክዎ ቆይተው እንደገና ይሞክሩ።"
   },
   "4444571967705751871": {
      "message": "መጣያ"
   },
   "4466605492523079635": {
      "message": "አስቀምጥ"
   },
   "4468872996560163913": {
      "message": "አሁን መጣያውን አጽዳ"
   },
   "4473912481270012588": {
      "message": "በDrive ወስጥ በማስቀመጥ ላይ  - አንቀሳቅስ ወደ፦"
   },
   "45228242181482134": {
      "message": "አጫውት"
   },
   "4536519876526589338": {
      "message": "የ$1​ አምሳያ።"
   },
   "4552045407215325033": {
      "message": "ያስገቡት የቪዲዮ ዩአርኤል ሊጫን አይችልም። እባክዎ ትክክለኛ መሆኑን እና ከሚደገፈው ጣቢያ መሆኑን ያረጋግጡ።"
   },
   "4564682305303579317": {
      "message": "ቀጥል"
   },
   "456498742882714639": {
      "message": "አንቀሳቅስ ወደ፦"
   },
   "4588500131398315347": {
      "message": "ክበብ ይፍጠሩ"
   },
   "4604402426271704651": {
      "message": "ምንም ፎቶ የለም"
   },
   "4620034373159179678": {
      "message": "ገጽ $1​ ከ$2​"
   },
   "4630690108252818511": {
      "message": "ምንም ምስሎች አልተገኙም።"
   },
   "468283184702431827": {
      "message": "ሂደት ተጀምሯል"
   },
   "4695897771458936174": {
      "message": "Google+ ላይ ከGoogle Drive ፎቶዎችን ያጋሩ"
   },
   "4740100782728373253": {
      "message": "Drive ላይ አስቀምጥ"
   },
   "4748046231232264180": {
      "message": "Google ቅጾች"
   },
   "4767722428137216885": {
      "message": "ይቅር"
   },
   "477328789314249432": {
      "message": "ማስታወሻዎችን ፈልግ..."
   },
   "4775368111547931093": {
      "message": "መግለጫ የለም"
   },
   "4781742940361705258": {
      "message": "አሰናብት"
   },
   "4783695823456312682": {
      "message": "ወደ ታች ውሰድ"
   },
   "47844150329705564": {
      "message": "የ«$1​» ፍለጋ ውጤቶች"
   },
   "4798897505978458661": {
      "message": "ምንም ቪዲዮዎች አልተገኙም።"
   },
   "4805047680716507619": {
      "message": " - ውሰድ ወደ፦"
   },
   "4806763987633034948": {
      "message": "PKCS7 Signature"
   },
   "4833214200453019325": {
      "message": "$1​ ከ$2​"
   },
   "4846720038197420778": {
      "message": "ተጨማሪ መተግበሪያዎችን አገናኝ"
   },
   "4853788427396558692": {
      "message": "$1​ ሜባ"
   },
   "4858389278403807208": {
      "message": "ማስታወሻ በመጣያ ውስጥ ነው"
   },
   "4888104357342241891": {
      "message": "አስታዋሾች"
   },
   "4889853674709731963": {
      "message": "ሁሉም ማስታወሻዎች ከመስመር ውጪ ተቀምጠዋል"
   },
   "4901386320110714275": {
      "message": "ትክክል ያልሆነ የይለፍ ቃል። እባክዎ እንደገና ይሞክሩ።"
   },
   "490372259452655427": {
      "message": "ይቅርታ፣ ሰነዱ ለማየት አይገኝም።"
   },
   "4906669330059413958": {
      "message": "የይለፍ ቃል ያስገቡ"
   },
   "4908614808966678155": {
      "message": "ምንም የ«$1​» ፍለጋ ውጤቶች የሉም"
   },
   "4926020998477695737": {
      "message": "ወደ አቃፊ $1​ ቀይር"
   },
   "4943176738805484221": {
      "message": "አርትዕ"
   },
   "4956678140555659175": {
      "message": "backspace"
   },
   "4957674814179289955": {
      "message": "ወደ የሚቀጥለው/ቀዳሚው የዝርዝር ንጥል ይዳሱ"
   },
   "4963784280521435720": {
      "message": "በማስቀመጥ ላይ..."
   },
   "4969219890884320840": {
      "message": "አዘምን"
   },
   "4983125135476400111": {
      "message": "የተጣለ ማስታወሻ/ዝርዝር"
   },
   "4988132901627446385": {
      "message": "የዝርዝሮች ፓነል ተዘርግቷል።"
   },
   "4998757387516632837": {
      "message": "የሚታዩት ውጤቶች ከማሻሻያ ጋር ዳግም ጥቅም ላይ እንዲውሉ መለያ ተሰጥቷቸዋል።"
   },
   "5006225450559627366": {
      "message": "+$1​ ተጨማሪ"
   },
   "501475221876543407": {
      "message": "የሚያክሏቸው ማስታወሻዎች እዚህ ይታያሉ"
   },
   "5023525794410110078": {
      "message": "ፎቶው ላይ ጽሑፍ ያክሉበት"
   },
   "5026241297254150381": {
      "message": "ማስታወሻ ያክሉ"
   },
   "5046371569383796818": {
      "message": "አስቀምጥ"
   },
   "5055418092354683641": {
      "message": "Serif"
   },
   "5095987896933771566": {
      "message": "ሰነዱን አትም"
   },
   "5096751700090310607": {
      "message": "ምንም ፎቶዎች የሉም።"
   },
   "509815948423424872": {
      "message": "ዳሰሳ"
   },
   "5099245668405591445": {
      "message": "ፈልግ"
   },
   "512429649443191386": {
      "message": "$2​እገዛ$1​"
   },
   "5124522868502261563": {
      "message": "የተመን ሉህ"
   },
   "5130903421326358933": {
      "message": "ዓባሪውን Google Drive ላይ ማስቀመጥ ላይ አንድ ችግር ነበር።"
   },
   "5149937870346466591": {
      "message": "የዝርዝር እይታ"
   },
   "5169187962228219813": {
      "message": "የህይወት ምስሎች"
   },
   "5180454621500142444": {
      "message": "እንደነበር መልስ"
   },
   "5180989337128758117": {
      "message": "ግራ ቅንፍ"
   },
   "5184692850089055965": {
      "message": "የምስል ጽሁፍ ያዝ"
   },
   "5197718200713913936": {
      "message": "C++"
   },
   "5201670213497642487": {
      "message": "የዝርዝሮች ፓነል ትር አሞሌ። በትሮች መካከል ለመለዋወጥ የግራ እና የቀኝ ቀስት ቁልፎችን ይጫኑ።"
   },
   "5204391636475413312": {
      "message": "አስቀምጥ"
   },
   "5213411023807957844": {
      "message": "Google Keep ውስጥ ፈልግ"
   },
   "5213974294317036409": {
      "message": "{numPages,plural, =0{}=1{1 ገጽ}one{# pages}other{# ገጾች}}"
   },
   "5226470917948786938": {
      "message": "በፊደል ቅደም ተከተል"
   },
   "5238003680997310998": {
      "message": "ተጨማሪ"
   },
   "5238371081785912565": {
      "message": "በ$1​ ይክፈቱ"
   },
   "5275493935807628890": {
      "message": "ምስሉን በዚያ ዩአርኤል ላይ ልናገኘው አንችልም።"
   },
   "5281121179861637423": {
      "message": "$1​ን ለመድረስ የይለፍ ቃል ያስፈልጋል። እባክዎ የይለፍ ቃሉን ያስገቡ።"
   },
   "5288037028604092288": {
      "message": "XPS"
   },
   "5291153964865714504": {
      "message": "ምንም የሚዛመዱ ማስታወሻዎች የሉም"
   },
   "5299648222246616124": {
      "message": "backtick"
   },
   "5304869088141363028": {
      "message": "ተለይተው እንዲታዩ የተደረጉ ፎቶዎች"
   },
   "5316658541831864803": {
      "message": "ይቅርታ፣ ይህን አይነት ሰነድ ለማየት አይደገፍም።"
   },
   "5319313176242717957": {
      "message": "ምስሎችን በመስራት ላይ..."
   },
   "5336801339221383042": {
      "message": "ጃቫስክሪፕት"
   },
   "534228323125524312": {
      "message": "አሳንስ"
   },
   "5353129315502554762": {
      "message": "የቅጥ ሉህ"
   },
   "5372143986724491245": {
      "message": "ከ$1​ ቀን በፊት"
   },
   "5372160981898991853": {
      "message": "Publisher"
   },
   "5399553230649155346": {
      "message": "በ$1​ ሰዓት ውስጥ"
   },
   "5403830377590414208": {
      "message": "ነጭ"
   },
   "5408091115193390231": {
      "message": "AutoCAD"
   },
   "5438481737351808090": {
      "message": "ከሰዓት ($1​)"
   },
   "544377415081282702": {
      "message": "ይቅርታ።"
   },
   "5447119197363232006": {
      "message": "በDrive ውስጥ አሳይ"
   },
   "5465323999933375616": {
      "message": "በGoogle ሰነዶች ቅርጸት ውስጥ ያልሆኑ ፋይሎችን ለማየት ሆነ ለማውረድ የመተላለፊያ ይዘት መጠን ወሰን ላይ ደርሰዋል።"
   },
   "5472312735475866917": {
      "message": "የ$1​ አስተያየት።"
   },
   "547865385964196102": {
      "message": "ከ$1​ ደቂቃዎች በፊት"
   },
   "5482872484546230111": {
      "message": "መጽሐፍትን ፈልግ"
   },
   "5494181290179470995": {
      "message": "ሰርዝ"
   },
   "5500117709595533163": {
      "message": "የGoogle መጽሐፍት ፍለጋን ተጠቅመው የeBook ውጤቶችን ለማግኘት ከዚህ በላይ ባለው ሳጥን ላይ የእርስዎን ፍለጋ ይተይቡ።"
   },
   "5514516347328112388": {
      "message": "$2​እዚህ ጋር$1​ ጠቅ በማድረግ ኦርጅናሌ ሰነዱን ለማውረድ እንደዚሁም ይችላሉ።"
   },
   "5529532831767466284": {
      "message": "{VIEWER_GENDER,select, female{{DEGREES}° {MINUTES}' {SECONDS}\"}male{{DEGREES}° {MINUTES}' {SECONDS}\"}other{{DEGREES}° {MINUTES}' {SECONDS}\"}}"
   },
   "5555182241047709329": {
      "message": "ቦታ ይምረጡ"
   },
   "5555599189512365009": {
      "message": "ገባኝ"
   },
   "5571842632470308750": {
      "message": "ማንኛውም ዓይነት"
   },
   "5588597116382648727": {
      "message": "የማውጣት ስራውብ በመጀመር ላይ።"
   },
   "5598649706113950710": {
      "message": "አርታዒ"
   },
   "5609727719971819773": {
      "message": "{VIEWER_GENDER,select, female{ተመለሺ}male{ተመለስ}other{ይመለሱ}}"
   },
   "5627470193961862490": {
      "message": "በቅርብ ጊዜ የሚመጡ አስታዋሾች ያላቸው ማስታወሻዎች እዚህ ይታያሉ"
   },
   "5631086126416409232": {
      "message": "ሰማያዊ"
   },
   "564165666160590723": {
      "message": "Windows Media Player"
   },
   "5660422479531064559": {
      "message": "ምንም ቅጾች የሉም።"
   },
   "5675154446465700699": {
      "message": "ፒ ዲ ኤፎች"
   },
   "568072913338360182": {
      "message": "ኤች.ቲ.ኤም.ኤል."
   },
   "5707549724380589079": {
      "message": "ምልክት የተደረገባቸው ንጥሎች ይሰረዙ?"
   },
   "5714240424645614611": {
      "message": "Android ጥቅል"
   },
   "5728640851616538925": {
      "message": "አረንጓዴ"
   },
   "5744491383087191878": {
      "message": "ከዚህ በላይ ያስገቡት የምስል ዩአርኤል ትክክል አይደለም ወይም ሊጫን አይችልም።"
   },
   "5747728324987383020": {
      "message": "ፊት"
   },
   "5783875011049188612": {
      "message": "የምስል ጽሁፍ ተይዟል"
   },
   "5785010887521443923": {
      "message": "አስወግድ"
   },
   "5834678297024555032": {
      "message": "ፍቀድ"
   },
   "5840330517914556080": {
      "message": "አሳንስ"
   },
   "5842536098490298653": {
      "message": "ምንም ቅርጸ-ቁምፊዎች አልተገኙም።"
   },
   "5865680764501413616": {
      "message": "ጽሁፍን መለየት አይቻልም።"
   },
   "5871966496153339793": {
      "message": "የቪዲዮ $1​ ጥፍር አክል በማሳየት ላይ"
   },
   "5875004331736681428": {
      "message": "ወደ የእርስዎ መልዕክት መለያ በማውጣት ላይ።"
   },
   "587666071025645113": {
      "message": "ፈልግ"
   },
   "5877526626743756786": {
      "message": "ግብረመልስ"
   },
   "5889725440363483648": {
      "message": "በቡድኑ ውስጥ ያለ ማንኛውም ሰው"
   },
   "5911012384539794869": {
      "message": "የማውጣት ስራውን መጀመር አልተሳካም።"
   },
   "5916010927050975496": {
      "message": "$1​ ኪባ"
   },
   "5949528478488617689": {
      "message": "የማውረድ ፍቃድ"
   },
   "5950887255133612666": {
      "message": "አልተጀመረም።"
   },
   "5969696744752069015": {
      "message": "ምንም ቅድመ እይታ አይገኝም።"
   },
   "5971400924847413790": {
      "message": "በአማራጭ፣ የ$2​ስሉጥ HTML$1​ን ማየት ይችላሉ (በራስ ሰር በማዛወር ላይ)።"
   },
   "5972111804366033138": {
      "message": "አውርድ"
   },
   "5975031149676029214": {
      "message": "እያንዳንዱ ሰው"
   },
   "5976369213680241300": {
      "message": "ምስሎችን ፈልግ"
   },
   "5980081664136280513": {
      "message": "አረንጓዴ"
   },
   "5984398071085567332": {
      "message": "Google Fusion ሰንጠረዦች"
   },
   "6009962986062136164": {
      "message": "$1​ን በመጫን ላይ።"
   },
   "60305871484579258": {
      "message": "Alt"
   },
   "6043068172993241858": {
      "message": "በዚህ ክበብ ውስጥ ማንም ሰው የለም።"
   },
   "604883455412617728": {
      "message": "ከእርስዎ ፍለጋ ጋር የሚዛመዱ እውቂያዎች የሉም።"
   },
   "6051386830221821025": {
      "message": "በመለያ በመግባት ላይ ..."
   },
   "6064654062949366878": {
      "message": "አጫውት"
   },
   "6070475007374165567": {
      "message": "በማስቀመጥ ላይ..."
   },
   "6083586461434260179": {
      "message": "አዲስ የዕይታ ተሞክሮ"
   },
   "6087078248621415351": {
      "message": "$1​ ተቀይሯል"
   },
   "6091926883608250483": {
      "message": "ተጨማሪ"
   },
   "6105571474005679446": {
      "message": "በቅድመ-እይታው ላይ ችግር ነበር።"
   },
   "6113237889871930608": {
      "message": "ባዶ ማስታወሻ"
   },
   "6118623991445349480": {
      "message": "ገጽ $1​"
   },
   "6122643025527543706": {
      "message": "Ctrl"
   },
   "6131822680770571276": {
      "message": "PowerPoint"
   },
   "6140634664402328750": {
      "message": "የመተግበሪያዎች ዝርዝር"
   },
   "6149175749937815029": {
      "message": "ሁሉንም ንጥሎች ይመልከቱ"
   },
   "6160805346274626656": {
      "message": "እስከመጨረሻው ሰርዝ"
   },
   "616807262818311711": {
      "message": "አይነት"
   },
   "6175043905327075444": {
      "message": "ቀደም ብለው የተመረጡ"
   },
   "6177107655089301674": {
      "message": "የGoogle Keep መተግበሪያውን Android ያውርዱ"
   },
   "6185886893933834031": {
      "message": "የተመረጡትን አስቀምጥ"
   },
   "6186290899408627510": {
      "message": "enter"
   },
   "6189891414154673003": {
      "message": "የእኔ ካርታዎች"
   },
   "6203260615455347677": {
      "message": "ቁጥሮች"
   },
   "6223207695466118454": {
      "message": "YouTube"
   },
   "6224687211096863620": {
      "message": "ማንኛውም ሰው"
   },
   "623118860067088424": {
      "message": "ቪዲዮዎች"
   },
   "6231401379881217113": {
      "message": "insert"
   },
   "6252259197986158120": {
      "message": "ትላንት"
   },
   "6253076263700695984": {
      "message": "የማረጋገጫ ስህተት። እባክዎ እንደገና ይስቀሉ።"
   },
   "6255475144867830247": {
      "message": "ከሌሎች የአሰሳ ትሮች ምረጥ።"
   },
   "6267063643272327592": {
      "message": "እባክዎ ቆይተው እንደገና ይሞክሩ።"
   },
   "6290270819062517523": {
      "message": "በጣም ብዙ ንጥሎች ተመርጠዋል። እባክዎ አንድ ወይም ተጨማሪ ከምርጫ ያስወጡ።"
   },
   "6305748545202493254": {
      "message": "የዝርዝሮች ንጥል አሳይ/ደብቅ"
   },
   "6324768448533022780": {
      "message": "$1​$2​"
   },
   "6331677437567501421": {
      "message": "የማውረድ ፈቃዱን ማዘመን ላይ አንድ ችግር ነበር።"
   },
   "6333496730738019575": {
      "message": "በመጫን ላይ…"
   },
   "634900089121611600": {
      "message": "ምንም ቪዲዮዎች የሉም።"
   },
   "6362170008350775214": {
      "message": "አስታዋሽ በ$1​"
   },
   "6375395544374251820": {
      "message": "ተጨማሪ ገጾችን መጫን ላይ አንድ ችግር ነበር። ዳግም በመሞከር ላይ..."
   },
   "6376739025584042564": {
      "message": "ፎቶ ይከርክሙ"
   },
   "6386587519843563719": {
      "message": "ሁለትዮሽ ፋይል"
   },
   "6416495701611778255": {
      "message": "የተጠቆሙ የሶስተኛ ወገን መተግበሪያዎች"
   },
   "6419411265907669340": {
      "message": "ዛሬ"
   },
   "6436479735235889890": {
      "message": "አስታዋሽ በ$2​፣ $1​"
   },
   "6450508807204492448": {
      "message": "የ$1​ አዶ"
   },
   "6457802200418354862": {
      "message": "ተመልካቾች ማውረድ ይችላሉ"
   },
   "6459405233858728718": {
      "message": "Google ስላይድ"
   },
   "6464761738227651511": {
      "message": "ከ$1​ ደቂቃ በፊት"
   },
   "6466736813846482957": {
      "message": "ቀዳሚ"
   },
   "6479216014938929613": {
      "message": "ማታ ($1​)"
   },
   "6482358947077977110": {
      "message": "Google ፍለጋ ምስሎች"
   },
   "6487403767449360463": {
      "message": "Keep ዳግም ይጫን?"
   },
   "6488225756782357866": {
      "message": "ያደመቁት ምስል በዚህ ገጽ ላይ በGoogle ምስል ፍለጋ ተገኝቷል፦"
   },
   "6510131849363684615": {
      "message": "ነገ"
   },
   "6516256764288947999": {
      "message": "ለሰዎች መለያ ይስጡ"
   },
   "6522917155620379865": {
      "message": "አውርድ"
   },
   "6524849072392100692": {
      "message": "Google Drive አቃፊ"
   },
   "6551588617715293696": {
      "message": "የድርደራ አማራጮች"
   },
   "6570921376519753466": {
      "message": "ማሳያ"
   },
   "6571686604846453345": {
      "message": "ይህን ንጥል ወደ Drive ማከል ላይ አንድ ችግር ነበር።"
   },
   "6582286158693833652": {
      "message": "ተጨማሪ ለመረዳት"
   },
   "6588176324871799870": {
      "message": "የGoogle መተግበሪያዎች ስክሪፕት"
   },
   "6602430002978098812": {
      "message": "የእጅ ጽሑፍ"
   },
   "6614046405230762587": {
      "message": "ምንም እውቂያዎች አልተገኙም።"
   },
   "6622304228074863427": {
      "message": "መተግበሪያ"
   },
   "6624754161346656119": {
      "message": "የ$1​ አምሳያ።"
   },
   "6644861766016503644": {
      "message": "የይለፍ ቃል ያስፈልጋል"
   },
   "6650600936729710500": {
      "message": "ምላሽች።"
   },
   "666311703374681171": {
      "message": "ምስሎች እና ቪዲዮዎች"
   },
   "6666820082708870349": {
      "message": "አስወግድ"
   },
   "6707173584987026005": {
      "message": "ዛሬ"
   },
   "6709984792949009238": {
      "message": "በእኔ መጨረሻ ላይ የተከፈተው"
   },
   "6726462693927865256": {
      "message": "ዝርዝሮች"
   },
   "6726879257388338969": {
      "message": "አትም"
   },
   "6726925393892510846": {
      "message": "አንድ ስህተት ተከስቷል። እባክዎ እንደገና ይሞክሩ።"
   },
   "6741759391888465238": {
      "message": "በDrive ወስጥ በማስቀመጥ ላይ  - አንቀሳቅስ ወደ፦"
   },
   "6744457949320515234": {
      "message": "ባዶ ማስታወሻ ተወግዷል"
   },
   "6757218172402086688": {
      "message": "ማስታወሻዎችን ፈልግ..."
   },
   "6780628488957834429": {
      "message": "ብርቱካናማ"
   },
   "6784073265197389491": {
      "message": "ተጨማሪ ለመረዳት"
   },
   "681598652078493281": {
      "message": "ተጨማሪ ይወቁ"
   },
   "6818286476757207074": {
      "message": "ለመጠቀም ፈቃድ እንዳለዎት ያረጋገጡባቸውን ምስሎች ብቻ ይምረጡ።"
   },
   "682070933835616121": {
      "message": "ምንም ሰንጠረዦች የሉም።"
   },
   "6822338149422461362": {
      "message": "Google Drive"
   },
   "6827821461670731013": {
      "message": "አመልካች ሳጥኖችን አሳይ"
   },
   "6828581947433060251": {
      "message": "ንጥሉን ዳግም መሰየም ላይ አንድ ችግር ነበር።"
   },
   "6833760103261954639": {
      "message": "ይህን ገጽ መጫን ላይ አንድ ችግር ነበር። ዳግም በመሞከር ላይ..."
   },
   "6841020391100928352": {
      "message": "ከፍተኛው የፋይል መጠን ታልፏል።"
   },
   "6851307437837490686": {
      "message": "ተመልካቾች እንዳያወርዱ አግዳቸው"
   },
   "6856672816797218730": {
      "message": "አባሪ አድርግ"
   },
   "6891563484025164308": {
      "message": "ቀዳሚ"
   },
   "6893687445500687349": {
      "message": "ጣቢያዎች"
   },
   "6898823203505321799": {
      "message": "ዝርዝሮች"
   },
   "6904351530369058983": {
      "message": "ባለቤት"
   },
   "6905021988981026920": {
      "message": "የቪዲዮ ፍለጋ"
   },
   "6922953828399110511": {
      "message": "መመልከቻውን ዝጋ"
   },
   "6929958461954697067": {
      "message": "የእርስዎ ፎቶዎች"
   },
   "6939782595426687411": {
      "message": "በማከል ላይ..."
   },
   "6940998537415516791": {
      "message": "በ"
   },
   "695253297035211081": {
      "message": "መጣያውን አጽዳ"
   },
   "6967244066810487978": {
      "message": "መጣያ"
   },
   "6970167488058122005": {
      "message": "ደራሲው አልታወቀም"
   },
   "6976414863987386971": {
      "message": "ቅጾች"
   },
   "7001938470263404128": {
      "message": "ስቀል"
   },
   "7002768663714031226": {
      "message": "አዘምን"
   },
   "7004919150329996187": {
      "message": "በዚህ ክበብ ውስጥ ምንም ተዛማጅ ሰዎች አልተገኙም።"
   },
   "7054631817922169541": {
      "message": "Google Keep ያልተቀመጡ ለውጦች አሉት። ገጹን መልቀቅ እና ለውጦችዎን ማስወገድ ይፈልጋሉ?"
   },
   "7059437903473652416": {
      "message": "የYouTube ቪዲዮ $1​ን አጫውት"
   },
   "7080196430479494775": {
      "message": "እንደገና ሞክር"
   },
   "7084324152376766809": {
      "message": "ከ$1​ ቀኖች በፊት"
   },
   "7084991134824194740": {
      "message": "አስታውሰኝ"
   },
   "7092062731478679314": {
      "message": "ምንም ክበቦች አልተገኙም።"
   },
   "7117183622067702162": {
      "message": "በGoogle Drive አማካኝነት መቼም ቢሆን እንደገና ሌላ የኢሜይል አባሪ መላክ አይኖርብዎትም። በGoogle Drive ውስጥ የሚያከማቹትን የማንኛውም ፋይል አገናኝ ያጋሩ። በዚያ መንገድ ሁሉም ሰው ለተመሳሳዩ ፋይልና ተመሳሳዩ ስሪት መዳረሻ ይኖረዋል - በራስ-ሰር።"
   },
   "713754035716193665": {
      "message": "አዲስ ዝርዝር"
   },
   "7146242673022399081": {
      "message": "ጽሁፍ"
   },
   "7148992630785407972": {
      "message": "ይህ ፋይል በይለፍ ቃል የተጠበቀ ነውና ቅድሚያ መታየት አይችልም።"
   },
   "7151987668860086450": {
      "message": "የድር ፍለጋ"
   },
   "7153847618034547771": {
      "message": "አንቃ"
   },
   "7161134329606048317": {
      "message": "ዝጋ"
   },
   "7164532930742017984": {
      "message": "አገናኙ ላለው ማንኛውም ሰው"
   },
   "7174189954350964804": {
      "message": "እንደገና ይሞክሩ"
   },
   "7177591028189992523": {
      "message": "አንቀሳቅስ"
   },
   "7188754206068648188": {
      "message": "በነጠላ ሰረዝ የተለያየ ውሂብ"
   },
   "7225837680381806920": {
      "message": "ምሽት ($1​)"
   },
   "722702934847795304": {
      "message": "Project"
   },
   "7236199858216720905": {
      "message": "ካርታዎች"
   },
   "7247530225058410142": {
      "message": "$2​ $1​"
   },
   "7259352906118493156": {
      "message": "ምንም ጣቢያዎች የሉም።"
   },
   "7282548567245878869": {
      "message": "ንጥሉ ተሰርዟል"
   },
   "7295712436136900176": {
      "message": "ዳግም ጫን"
   },
   "7310311230493556740": {
      "message": "ዩአርኤል"
   },
   "7339696241980105410": {
      "message": "የመረጡት ቪዲዮ ከእንግዲህ የለም። ባለቤቱ አስወግዶት ይሆናል።"
   },
   "7342923890755029722": {
      "message": "ዝጋ"
   },
   "734478884582426793": {
      "message": "የተሰበሰበ ማህደር"
   },
   "7357017164339332230": {
      "message": "እንዲሁም እነዚህን ምስሎች ለማየት እና ለመጋራት ነጻ የGoogle ፎቶ ማስተናገጃ አገልግሎት በሆነው $2​Picasa ድር አልበሞች$1​ ላይም ይገኛሉ።"
   },
   "736105042796745909": {
      "message": "{VIEWER_GENDER,select, female{አቃፊ ፍጠሪ}male{አቃፊ ፍጠር}other{አቃፊ ይፍጠሩ}}"
   },
   "7362061801920948830": {
      "message": "ተጨማሪ ስቀል"
   },
   "7364571366369083618": {
      "message": "ቪዲዮ"
   },
   "7377239345926788722": {
      "message": "እርምጃዎች"
   },
   "7380785991026002613": {
      "message": "የሚታዩት ውጤቶች ዳግም ጥቅም ላይ እንዲውሉ መለያ ተደርጎባቸዋል።"
   },
   "7382688299146249119": {
      "message": "ንጥልን አውርድ"
   },
   "7383706174467122149": {
      "message": "ማስታወሻ ተሰርዟል"
   },
   "7388342865555961406": {
      "message": "በ$1​ ቀን ውስጥ"
   },
   "7393771571081973549": {
      "message": "C"
   },
   "740507516967994591": {
      "message": "ክፈት"
   },
   "7422452809590461532": {
      "message": "ቀይ"
   },
   "7426603384368095928": {
      "message": "እባክዎ እንደገና ለመግባት እና መስራት ለመቀጠል ገጹን እንደገና ይጫኑ።"
   },
   "7429084719905985261": {
      "message": "Objective C"
   },
   "7432956605646331928": {
      "message": "SQL"
   },
   "7440735091552109962": {
      "message": "$2​ (አርትዖት የተደረገው $1​ ላይ)"
   },
   "7441891675459021164": {
      "message": "Drive ላይ በማስቀመጥ ላይ"
   },
   "7451573821837395189": {
      "message": "ንጥል ወደ $2​የእርስዎ Drive$1​ ታክሎ ነበር።"
   },
   "7468322419516352788": {
      "message": "መግለጫውን ማዘመን ላይ አንድ ችግር ነበር።"
   },
   "7488945223835574498": {
      "message": "Postscript"
   },
   "7492710087472140422": {
      "message": "ተጨማሪ ለመረዳት"
   },
   "7493919863870655172": {
      "message": "የድር ካሜራ"
   },
   "7500786109708143683": {
      "message": "ድምጽ ተሰርዟል"
   },
   "7501027876827009022": {
      "message": "የሚታዩት ውጤቶች ዳግም ለመጠቀም የንግድ የሚል መለያ ተሰጥቷቸዋል።"
   },
   "7521272923988336579": {
      "message": "Keepን አሁን እንደገና በመጫን እንደተዘመኑ ይቆዩ።"
   },
   "7532552995569296274": {
      "message": "ፍለጋን አጽዳ"
   },
   "7546994163355383999": {
      "message": "ሁሉም ማስታወሻዎች ተቀምጠዋል"
   },
   "7559208209275370228": {
      "message": "በእኔ መጨረሻ ላይ አርትዖት የተደረገው"
   },
   "7565383798249439151": {
      "message": "በ$1​ ቀኖች ውስጥ"
   },
   "7565870443143407759": {
      "message": "በሰነድ ውስጥ ያግኙ"
   },
   "7586291841734385643": {
      "message": "ለይተህ አውጣ"
   },
   "7598582624136632660": {
      "message": "የፍለጋ አሞሌውን ይክፈቱ / ቀጣዩን አግኝ"
   },
   "7602870977118971161": {
      "message": "እንደገና ጫን"
   },
   "7610654194202731772": {
      "message": "ሰርዝ"
   },
   "761925792744044896": {
      "message": "እንደ መገለጫ ፎቶ አዘጋጅ"
   },
   "7630723924002267143": {
      "message": "የቁልፍ ሰሌዳ አቋራጮች ነቅተዋል።"
   },
   "7640546114686970497": {
      "message": "ተጨማሪ ንጥሎች ማከል አልተቻለም"
   },
   "7669846901402551021": {
      "message": "ዛሬ"
   },
   "7691521283331762131": {
      "message": "በማህደር የተቀመጡ ማስታወሻዎች እዚህ ይመጣሉ"
   },
   "772000107335590599": {
      "message": "በ$1​ ደቂቃዎች ውስጥ"
   },
   "7734578122414851725": {
      "message": "PHP"
   },
   "7745005220197261896": {
      "message": "የመጽሐፍ ፍለጋ"
   },
   "7759846028901235026": {
      "message": "ማስታወሻ ከማህደር ወጥቷል"
   },
   "776065748745885880": {
      "message": "space"
   },
   "7770982082843341533": {
      "message": "በዚህ አቃፊ ውስጥ ምንም ንጥሎች የሉም።"
   },
   "779472474101127362": {
      "message": "ቅጽበተ-ፎቶ አንሳ"
   },
   "7800318069267901681": {
      "message": "የተቀየረበት ቀን"
   },
   "7805487598105530487": {
      "message": "በመስመር ውስጥ"
   },
   "7814778057875152792": {
      "message": "ዓባሪውን በGoogle Drive ውስጥ ወዳለው የተመረጠ አቃፊ መውሰድ ላይ አንድ ችግር ነበር።"
   },
   "7820417126206702946": {
      "message": "የሚታዩት ውጤቶች በGoogle Drive ውስጥ ብቻ ነው ለግል ወይም የንግድ ጥቅም የሚገኙት፣ እና በግል ዳግም ሊሰራጩ ወይም ሊሸጡ አይችሉም።"
   },
   "7822364282298323175": {
      "message": "ዝርዝር ተሰርዟል"
   },
   "7830513726270865588": {
      "message": "ቀን መቁጠሪያ"
   },
   "7845751753397906805": {
      "message": "የሚጋጩ አርትዕ የተደረጉ ተገኝተዋል"
   },
   "7852396628465259068": {
      "message": "የመገለጫ ፎቶ"
   },
   "7859526172011446452": {
      "message": "መውሰድ አቁም"
   },
   "78870906674150830": {
      "message": "$3​$1​$2​"
   },
   "7895643887742936844": {
      "message": "ሰሚኮሎን"
   },
   "7899833760457194273": {
      "message": "የምስል ፍለጋ"
   },
   "7899913952063063825": {
      "message": "ምስል ተሰርዟል"
   },
   "7906726367011430855": {
      "message": "አገናኝ"
   },
   "7910518224461588465": {
      "message": "ቢጫ"
   },
   "7953603850004320936": {
      "message": "ቅድመ-እይታ አይገኝም።"
   },
   "7957306528733096600": {
      "message": "ሂደት ተጠናቅቋል"
   },
   "7960528690514646841": {
      "message": "{moreCount,plural, =0{ጥቅም ላይ ያልዋለ ብዙ ቁጥር}=1{+ 1 ተጨማሪ}one{+ {moreCount} more}other{+ {moreCount} ተጨማሪ}}"
   },
   "7973635145070803181": {
      "message": "ፎቶዎች ይስቀሉ"
   },
   "7987180255015869513": {
      "message": "ወይም እዚህ ላይ የድር አድራሻ ይለጥፉ፦"
   },
   "8011497727123874703": {
      "message": "የ$1​ አቃፊ አዝራር"
   },
   "8016231262233952856": {
      "message": "መካከለኛ አረንጓዴ"
   },
   "8019402848412685977": {
      "message": "የ«$2​» ስም ወደ «$1​» ተቀይሯል።"
   },
   "8023466614826324314": {
      "message": "ፎቶዎች ለብዙ ታዳሚዎች ይጋራሉ።"
   },
   "8043514121228710092": {
      "message": "ምስል ያክሉ"
   },
   "8044700199531805239": {
      "message": "$3​$1​$2​ ተገናኝቷል።"
   },
   "8069384932934428393": {
      "message": "በ$1​ ደቂቃ ውስጥ"
   },
   "8081927474846706026": {
      "message": "ምንም ስዕሎች የሉም።"
   },
   "8090743714060857028": {
      "message": "ተመልካቾች ማውረድ አይችሉም"
   },
   "8095838445486198080": {
      "message": "{FILE_SIZE,plural, =0{0 ባይት}=1{1 ባይት}one{# ባይት}other{# ባይት}}"
   },
   "8099047958506869131": {
      "message": "{VIEWER_GENDER,select, female{አዲስ አቃፊ}male{አዲስ አቃፊ}other{አዲስ አቃፊ}}"
   },
   "8100558294600077150": {
      "message": "የጦማር ፍለጋ"
   },
   "8105635255693472607": {
      "message": "አዲስ የዝርዝር ንጥሎችን ያክሉ"
   },
   "8106780183458743723": {
      "message": "ፎቶ አልበሞች"
   },
   "8112699352770418817": {
      "message": "ምንም መጽሐፍት አልተገኙም።"
   },
   "8132410616064087953": {
      "message": "ቪዲዮ በጣም ረጅም ነው (የሚፈቀደው ከፍተኛ ርዝመት $1​ ሰከንዶች ነው)።"
   },
   "8135145577663029437": {
      "message": "ሁለቱንም አስቀምጥ"
   },
   "8146560259680897627": {
      "message": "ተወው"
   },
   "8158191101452862916": {
      "message": "ምስሎችን አስገባ"
   },
   "8159493406018222636": {
      "message": "ግብረመልስ ይላኩ"
   },
   "8172945196588870035": {
      "message": "ክስተቶች"
   },
   "8174654098152723289": {
      "message": "ማብራሪያ ያርትዑ"
   },
   "8178754379486173416": {
      "message": "{VIEWER_GENDER,select, female{በጣም ጥቂት ንጥሎች ናቸው የተመረጡት። እባክሽ ተጨማሪ ምረጪ።}male{በጣም ጥቂት ንጥሎች ናቸው የተመረጡት። እባክህ ተጨማሪ ምረጥ።}other{በጣም ጥቂት ንጥሎች ናቸው የተመረጡት። እባክዎ ተጨማሪ ይምረጡ።}}"
   },
   "8192378456655629049": {
      "message": "ቪዲዮ በማስኬድ ላይ..."
   },
   "8193991135666622583": {
      "message": "Keep"
   },
   "821942580510564685": {
      "message": "ይህን ሰነድ ለማየት እባክዎ የይለፍ ቃሉን ያስገቡ።"
   },
   "8239237134193392595": {
      "message": "የአካባቢ አስታዋሽ ማሳወቂያዎች በተንቀሳቃሽ መሣሪያዎች ላይ ብቻ ነው የሚታዩት።"
   },
   "8267458240960831780": {
      "message": "በማረጋገጥ ላይ..."
   },
   "8281141013543828574": {
      "message": "ጥሬ ምስል"
   },
   "8281678863271800533": {
      "message": "የምስል ማጣሪያ"
   },
   "8283103456188558313": {
      "message": "የዝግጅት አቀራረቦች"
   },
   "8290434443655418968": {
      "message": "{filesCount,plural, =0{ጥቅም ላይ ያልዋለ ብዙ ቁጥር}=1{የተመረጠው ፋይል [{file}] ለመስቀል የተደገፈ አይደለም።}one{የተመረጡት ፋይሎች[{files}] ለመስቀል የተደገፉ አይደሉም።}other{የተመረጡት ፋይሎች[{files}] ለመስቀል የተደገፉ አይደሉም።}}"
   },
   "8304474373444239435": {
      "message": "የ$1​ ምላሽ።"
   },
   "8322416564157128458": {
      "message": "ማጋራት"
   },
   "8324195080917648153": {
      "message": "ቪደዮው እዚህ ላይ አይመጥንም። እባክዎ የአሳሽዎን መስኮት ትንሽ ተለቅ ያድርጉት።"
   },
   "8337582740675387693": {
      "message": "ጃቫ"
   },
   "8342684858400436871": {
      "message": "tab"
   },
   "8379952094517631162": {
      "message": "አይ"
   },
   "8409393124758970712": {
      "message": "$2​ x $1​"
   },
   "8412684147928483084": {
      "message": "ጥቁር"
   },
   "8435544675017330861": {
      "message": "ከእርስዎ ፍለጋ ጋር የሚዛመድ ምንም ንጥሎች የለም።"
   },
   "8436817383042650304": {
      "message": "caps-lock"
   },
   "8451184312655705174": {
      "message": "የእርስዎ ዩአርኤል ትክክል ከሆነ እዚህ ላይ ቅድመ-እይታ ያያሉ። ትላልቅ ምስሎች ለመታየት ጥቂት ደቂቃዎች ሊወስዱ ይችላሉ።"
   },
   "8467894483369467251": {
      "message": "ፍላሽ"
   },
   "8506198918368329269": {
      "message": "የሚታዩት ውጤቶች ከማሻሻያ ጋር ዳግም ለንግድ ስራ ጥቅም ላይ እንዲውሉ መለያ ተሰጥቷቸዋል።"
   },
   "8571315158566081191": {
      "message": "ምንም የተመን ሉህ የለም።"
   },
   "8580600056399054303": {
      "message": "አዲስ ወይም ምልክት የተደረገባቸው ንጥሎች ወደ ዬት እንደሚሄዱ ያዋቅሩ"
   },
   "8595175575778060149": {
      "message": "ተጨማሪ"
   },
   "8596257056433048992": {
      "message": "እንኳን በደህና መጡ"
   },
   "8616342546716995946": {
      "message": "ገባኝ"
   },
   "8621067185485606452": {
      "message": "ECMAScript"
   },
   "8638281560898810401": {
      "message": "{MINUTES,plural, =0{0 ደቂቃዎች }=1{1 ደቂቃ }one{# ደቂቃ }other{# ደቂቃዎች }}{SECONDS,plural, =0{0 ሰከንዶች።}=1{1 ሰከንድ።}one{# ሰከንዶች።}other{# ሰከንዶች።}}"
   },
   "863955692838281739": {
      "message": "ዝጋ"
   },
   "8643398764569428530": {
      "message": "Google Keep ማሳወቂያዎችን እንዲያሳይ ይፈቀድለት?"
   },
   "8652566647088230560": {
      "message": "የሙከራ ስሪት ምስጢራዊ"
   },
   "8660016472468563221": {
      "message": "ኮሎን"
   },
   "8663507590720636709": {
      "message": "$1​ +$2​ ተጨማሪ"
   },
   "8666643061920113075": {
      "message": "{VIEWER_GENDER,select, female{አንድ የምስል ዩአርኤል እዚህ ለጥፊ፦}male{አንድ የምስል ዩአርኤል እዚህ ለጥፍ፦}other{አንድ የምስል ዩአርኤል እዚህ ይለጥፉ፦}}"
   },
   "8674222789100049233": {
      "message": "ዝጋ"
   },
   "86815590954366945": {
      "message": "በማህደር የተቀመጠ የይዘት ዝርዝር"
   },
   "8709611758728645225": {
      "message": "pg-down"
   },
   "8711002053494037632": {
      "message": "ለሁሉንም ንጥሎች የተመረጠው ጠፍቷል"
   },
   "8748281640412284111": {
      "message": "የክምችት ምስሎች"
   },
   "8759520888087120926": {
      "message": "ምንም ስክሪፕቶች የሉም።"
   },
   "8775097441636640256": {
      "message": "$2​-$1​"
   },
   "8780212274435014958": {
      "message": "ክበቦች"
   },
   "8781837301864053001": {
      "message": "የበለጸገ ጽሑፍ"
   },
   "8792038552136453044": {
      "message": "ውይ! የሆነ ችግር ተፈጥሯል"
   },
   "8793166064242077041": {
      "message": "ይህን ምስል ማሳየት ላይ አንድ ችግር ነበር።"
   },
   "8813101408630252335": {
      "message": "$1​ ሰከ"
   },
   "8820281478062782578": {
      "message": "ፈልግ"
   },
   "8822326207328431952": {
      "message": "የምስል ሰቀላዎቹ አይገኙም"
   },
   "8840223453482998505": {
      "message": "አቃፊ $1​ ተመርጧል"
   },
   "8845176264121061589": {
      "message": "ሁሉንም ንጥሎች የመመረጣቸውን ምልክት ያጥፉ"
   },
   "8850238112725591771": {
      "message": "አቋራጭ $1​"
   },
   "8852550049823214385": {
      "message": "ከዚያ"
   },
   "8883744193208363722": {
      "message": "አንድ የመተግበሪያ ዝማኔ ይገኛል።"
   },
   "8884900765322249670": {
      "message": "የዝርዝር እይታ"
   },
   "8889019648958415451": {
      "message": "ያልታወቀ ፋይል"
   },
   "8911996820409711834": {
      "message": "ጽሑፍ ወደ አዲስ የዝርዝር ንጥል ይውሰዱ &raquo;"
   },
   "8916237870980173557": {
      "message": "በማገናኘት ላይ..."
   },
   "8917554093651202032": {
      "message": "$1​ን አጫውት"
   },
   "8919660666733306860": {
      "message": "ምስል"
   },
   "8930959387403789939": {
      "message": "አስታዋሽ"
   },
   "8943760679396635042": {
      "message": "$1​ን በማሳየት ላይ።"
   },
   "8953555255469284376": {
      "message": "ምስሎችን እዚህ ይጣሉ"
   },
   "8979615310931291676": {
      "message": "አርትዕ የተደረገው $1​"
   },
   "8986044948621891903": {
      "message": "Google የድር ፍለጋን በመጠቀም የድር ውጤቶችን ለማግኘት ከላይ ባለው ሳጥን ላይ የእርስዎን ፍለጋ ይተይቡ።"
   },
   "901615442107785480": {
      "message": "ማስታወሻ/ዝርዝር ማህደር"
   },
   "9024023699330078373": {
      "message": "ይህን ንጥል መክፈት ወደ የእርስዎ Drive ያክለዋል"
   },
   "9028041601596584772": {
      "message": "አካባቢ"
   },
   "9058308423774656474": {
      "message": "Hangul Word Processor"
   },
   "9083935734710258396": {
      "message": "ከልክል"
   },
   "9094248058931620597": {
      "message": "የዝርዝሮች ፓነል ተሰብስቧል።"
   },
   "9114674068220302553": {
      "message": "እንደ ዓባሪ"
   },
   "911586799466052745": {
      "message": "OpenOffice Draw"
   },
   "9130962320402467249": {
      "message": "የክምችት ፎቶዎች"
   },
   "9146716987301178362": {
      "message": "ስህተት አጋጠሟል። እባክዎ እንደገና ይጫኑ።"
   },
   "9165877886714239857": {
      "message": "የጽሁፍ ምስል መያዝ አልተቻለም። ቆይተው እንደገና ይሞክሩ።"
   },
   "916773043895242978": {
      "message": "ከዚህ በላይ ያስገቡት የምስል ዩአርኤል ትክክል አይደለም ወይም ሊጫን አይችልም። እባክዎ ትክክለኛ የምስል ዩአርኤል ያስገቡ።"
   },
   "9173629944963872598": {
      "message": "ምንም ክስተቶች አልተገኙም።"
   },
   "9182500445937900938": {
      "message": "ዝጋ"
   },
   "9195941533351099011": {
      "message": "$1​ ከ$2​ በመስቀል ላይ"
   },
   "9197837492705576727": {
      "message": "ወደ ቀጣዩ ንጥል ሂድ"
   },
   "919969969251998566": {
      "message": "ይህን ማህደር ወደ የመልዕክት መለያዎ ያውጡት።"
   },
   "9203542510134660095": {
      "message": "የማውጣት ስራ ተጀምሯል። የምዝግብ ይዘቱ በDrive ውስጥ በ«$1​» አቃፊ ውስጥ ይታያል።"
   },
   "940276535015195877": {
      "message": "ምንም አቃፊዎች የሉም።"
   },
   "943493480163896757": {
      "message": "{resultCount,plural, =1{# ተዛማጅ ማስታወሻ}one{# ተዛማጅ ማስታወሻዎች}other{# ተዛማጅ ማስታወሻዎች}}"
   },
   "951963820437151566": {
      "message": "Google ጣቢያዎች"
   },
   "95809842507987016": {
      "message": "ሰርዝ"
   },
   "963611681085757795": {
      "message": "ይቅርታ፣ በዚህ ጊዜ ላይ የሰነዱን ዕይታ ለመፍጠር አልቻልንም።"
   },
   "96556988207614774": {
      "message": "የቀን መቁጠሪያዎች"
   },
   "974042541427403929": {
      "message": "ሰማያዊ"
   },
   "980395722421409371": {
      "message": "ምንም ካርታዎች አልተገኙም።"
   },
   "982187142411651629": {
      "message": "አጥፋ"
   },
   "985197728509875956": {
      "message": "ኬሚካል ሞዴል"
   },
   "996381410993745580": {
      "message": "ፎቶሾፕ"
   },
   "998727788921602971": {
      "message": "ቪዲዮዎች"
   },
   "appDesc": {
      "description": "App description",
      "message": "በሐሳብዎ ላይ ያለውን ነገር በፍጥነት ይያዙትና በትክክለኛው ጊዜ ወይም ቦታ ላይ ያስታውሱት።"
   },
   "appName": {
      "description": "App name.",
      "message": "Google Keep - ማስታወሻዎች እና ዝርዝሮች"
   }
}
