{
   "1006787209796778126": {
      "message": "ملفاتي"
   },
   "1017907757187630742": {
      "message": "خطوطي"
   },
   "1029072043275376320": {
      "message": "لم يتم العثور على أي تقاويم."
   },
   "1030781695901615026": {
      "message": "بالأسفل"
   },
   "103870949919613488": {
      "message": "تمت أرشفة الملاحظة"
   },
   "1039394921418415681": {
      "message": "تسجيل الدخول"
   },
   "1083918249169198626": {
      "message": "اختصارات لوحة المفاتيح معطلة."
   },
   "1090919586152138659": {
      "message": "المخزون"
   },
   "1101371910696766077": {
      "message": "إنشاء نسخة"
   },
   "1107413433574576014": {
      "message": "العنوان كبير جدًا. لن يتم حفظ النص المميز."
   },
   "1127320433256851404": {
      "message": "مشغّل الفيديو"
   },
   "1162642135048988280": {
      "message": "إعادة تسمية المستند"
   },
   "1166244120191806795": {
      "message": "تقديم التعليقات"
   },
   "1179891706526242218": {
      "message": "التالي"
   },
   "1185164838496022543": {
      "message": "الرجاء النقر هنا لإعادة تحميل الصفحة."
   },
   "1185644932132585290": {
      "message": "يتبقى $1​ من الأحرف"
   },
   "1213005208968286932": {
      "message": "تم وضع علامة \"تم الحل\""
   },
   "1263557413037343589": {
      "message": "تنظيم الصور"
   },
   "1263685395252160366": {
      "message": "LaTeX"
   },
   "1311350045083871503": {
      "message": "إلغاء"
   },
   "1311729747516144362": {
      "message": "أحمر"
   },
   "1315844696796851207": {
      "message": "Sans Serif"
   },
   "1319037146426591038": {
      "message": "أو"
   },
   "132822872080714863": {
      "message": "حسنًا"
   },
   "133192954417440569": {
      "message": "لم يتم العثور على أية نتائج."
   },
   "1349697396109290623": {
      "message": "جارٍ عرض دقة أعلى من $1​"
   },
   "1376126796144976437": {
      "message": "جميع الخطوط"
   },
   "139942704574044780": {
      "message": "قبول"
   },
   "141491180325662484": {
      "message": "‏Google Drive هو المكان الوحيد الذي يمكنك من خلاله الاحتفاظ بجميع ملفاتك حتى تتمكن من الدخول إليها من أي مكان وعلى أي جهاز. وبعد تخزين صور في Google Drive، يمكنك مشاركتها فورًا مع دوائرك هنا."
   },
   "1418114637490664392": {
      "message": "‏أرشيف صور LIFE"
   },
   "1419896259743862406": {
      "message": "فتح باستخدام"
   },
   "1440171352837969028": {
      "message": "الاختصارات الصوتية والمرئية"
   },
   "1441487391064925653": {
      "message": "عرض جميع الاختصارات في مركز المساعدة"
   },
   "1446829548948002072": {
      "message": "فاصلة"
   },
   "1454684154234137497": {
      "message": "pause"
   },
   "1459765068821943106": {
      "message": "{VIEWER_GENDER,select, female{‏لصق عنوان URL لفيديو YouTube هنا:}male{‏لصق عنوان URL لفيديو YouTube هنا:}other{‏لصق عنوان URL لفيديو YouTube هنا:}}"
   },
   "1463079206290378085": {
      "message": "‏صور Orkut"
   },
   "1463389029497634261": {
      "message": "خفض مستوى الصوت"
   },
   "1475179211173444554": {
      "message": "أي شخص لديه الرابط ضمن النطاق"
   },
   "1492360016907725281": {
      "message": "{VIEWER_GENDER,select, female{‏لصق عنوان URL للفيديو هنا:}male{‏لصق عنوان URL للفيديو هنا:}other{‏لصق عنوان URL للفيديو هنا:}}"
   },
   "1493251742569121894": {
      "message": "الملاحظة كبيرة جدًا. لن يتم حفظ النص المميز."
   },
   "1493384967280942491": {
      "message": "قرنفلي"
   },
   "1499433769420882987": {
      "message": "عرض $1​"
   },
   "1505876360160857231": {
      "message": "$1​ تيرابايت"
   },
   "1521707405717823409": {
      "message": "أرجواني"
   },
   "153439508598626384": {
      "message": "صورك"
   },
   "1536051766421561160": {
      "message": "يساوي"
   },
   "156992719062713230": {
      "message": "رمادي"
   },
   "1586968957182554447": {
      "message": "تعطيل"
   },
   "1588268697057804046": {
      "message": "قبل $1​ من الساعات"
   },
   "1603139897109307706": {
      "message": "حدث خطأ، الرجاء إعادة المحاولة"
   },
   "1604359562654146902": {
      "message": "صورة"
   },
   "1633370388224271051": {
      "message": "لم يتم العثور على أشخاص."
   },
   "1633798963327779260": {
      "message": "غدًا"
   },
   "1654222450095043962": {
      "message": "صوت"
   },
   "1656911987308166143": {
      "message": "حذف"
   },
   "1665821947855814052": {
      "message": "الحجم"
   },
   "1692901784886701962": {
      "message": "الملاحظة كبيرة جدًا."
   },
   "1697160643589236962": {
      "message": "$1​ بيتابايت"
   },
   "1700522311470719738": {
      "message": "ذكرني"
   },
   "1701312243672511585": {
      "message": "‏نقل النص إلى ملاحظة جديدة &raquo;"
   },
   "1709410429018687341": {
      "message": "صباحًا ($1​)"
   },
   "1715552550526864429": {
      "message": "البحث في المدونات"
   },
   "171683163267149669": {
      "message": "$1​ غيغابايت"
   },
   "1739900012825270238": {
      "message": "انتقال إلى العنصر السابق"
   },
   "1756171223417807431": {
      "message": "تأكد أن الصورة عامة. إذا كانت صورتك محمية بكلمة مرور، أو كانت على شبكة داخلية، فلن نتمكن من قراءتها."
   },
   "1759957963056319953": {
      "message": "الرجوع من $1​"
   },
   "1783719421893050637": {
      "message": "الأبعاد"
   },
   "178927681797742562": {
      "message": "تسجيل الدخول"
   },
   "1791115075948268631": {
      "message": "فتح مساعدة اختصارات لوحة المفاتيح"
   },
   "1808245543551507519": {
      "message": "صوت"
   },
   "1816851800848432562": {
      "message": "إزالة"
   },
   "1818306025747564729": {
      "message": "الانتقال إلى الرابط"
   },
   "1823222042913714987": {
      "message": "إرسال كلمة المرور"
   },
   "1823854753950594157": {
      "message": "إبقائها في مكانها"
   },
   "1830157062072535681": {
      "message": "جارٍ عرض $1​"
   },
   "185012928288875755": {
      "message": "لم تتطابق أي عناصر مع معاييرك."
   },
   "1856444915090632305": {
      "message": "المستند مشفّر. الرجاء إدخال كلمة مرور."
   },
   "1866863108233180413": {
      "message": "المجلدات"
   },
   "187077078156858455": {
      "message": "ملاحظة صوتية"
   },
   "189303170370862360": {
      "message": "$1​ من $2​ من العناصر"
   },
   "1900571668686750716": {
      "message": "vCard"
   },
   "1901351411358749070": {
      "message": "تمت مشاركتها معي"
   },
   "1913425963149828429": {
      "message": "‏فك ضغط هذا الأرشيف إلى Drive."
   },
   "1918176455405610789": {
      "message": "تم"
   },
   "1920189655549476211": {
      "message": "الطول غير معروف"
   },
   "1929603188252533075": {
      "message": "تعذر حذف الفيديو. الرجاء إعادة المحاولة."
   },
   "1951810091681076784": {
      "message": "{COUNT_1,plural, =1{ملاحظة مطابقة واحدة}zero{ليست هناك ملاحظات ({COUNT_2}) مطابقة}two{ملاحظتان ({COUNT_2}) مطابقتان}few{{COUNT_2} ملاحظات مطابقة}many{{COUNT_2} ملاحظة مطابقة}other{{COUNT_2} من الملاحظات المطابقة}}"
   },
   "1956794332842050061": {
      "message": "الصفحة التالية"
   },
   "1965626377712226216": {
      "message": "Keynote"
   },
   "1968405748623909021": {
      "message": "جرّب أحد التطبيقات أدناه لفتح هذا العنصر أو تعديله"
   },
   "1974063091619095703": {
      "message": "الأشخاص"
   },
   "1988244842147989817": {
      "message": "يتم حذف الملاحظات من المهملات بعد 7 أيام."
   },
   "1993674829873313178": {
      "message": "هل تواجه مشاكل في التحميل؟ تتم حاليًا بعض أعمال الصيانة، ولكن ستعود الأمور إلى طبيعتها قريبًا."
   },
   "2003845117979929469": {
      "message": "التفاصيل"
   },
   "2048322072989992494": {
      "message": "لم يشارك أحد أي ملفات معك بعد!"
   },
   "2055836117545582610": {
      "message": "إعدادات القائمة"
   },
   "2059084517358086391": {
      "message": "إغلاق شريط البحث"
   },
   "2061440050632248160": {
      "message": "الوضع في الأرشيف"
   },
   "2068023589621557589": {
      "message": "‏خط TrueType"
   },
   "2073035325657060696": {
      "message": "المعاينة ليست متاحة."
   },
   "2073322475696388995": {
      "message": "تخطٍ إلى الأمام"
   },
   "207810168108507460": {
      "message": "قبل ساعة واحدة ($1​)"
   },
   "2109272338124379867": {
      "message": "آخر تعديل"
   },
   "2116013171202209313": {
      "message": "تحديد"
   },
   "2122256657192674586": {
      "message": "البحث في مقاطع الفيديو"
   },
   "2125135092719715773": {
      "message": "تحميل"
   },
   "212796670323571824": {
      "message": "موافق"
   },
   "213665695896111861": {
      "message": "الملاحظات"
   },
   "2138593281154109183": {
      "message": "الأرشيف"
   },
   "2147952938331523160": {
      "message": "إعادة تسمية..."
   },
   "2154372123324862271": {
      "message": "شرطة مائلة"
   },
   "2154940358270068005": {
      "message": "الاحتفاظ بالملاحظات التي تم حذفها لفترة أطول قليلاً"
   },
   "2184278444368405837": {
      "message": "$1​ من العناصر"
   },
   "2187239650627580457": {
      "message": "إرسال"
   },
   "2198096971937872560": {
      "message": "التذكير:"
   },
   "220168959069469607": {
      "message": "مزيد من الإجراءات"
   },
   "221715292685577880": {
      "message": "نعم"
   },
   "2220005860896049129": {
      "message": "عذرًا، لقد استغرق العثور على المستند في المصدر الأصلي وقتًا طويلاً."
   },
   "2228413078211839077": {
      "message": "عذرًا، نواجه مشكلة مؤقتة أثناء إنشاء عرض للمستند."
   },
   "2235097878790803849": {
      "message": "‏انتهى عصر المرفقات ومرحبًا بعصر خدمة Google Drive."
   },
   "2257303402199718039": {
      "message": "عذرًا، لم نتمكن من العثور على المستند في مصدره الأصلي. تحقق من أن المستند لا يزال متوفرًا."
   },
   "2274436793504233543": {
      "message": "إلغاء"
   },
   "2278224983638451454": {
      "message": "احصل عليه الآن"
   },
   "2280650195464600721": {
      "message": "التنقل"
   },
   "2285069188138705005": {
      "message": "التطبيقات المرتبطة"
   },
   "2289534534793293486": {
      "message": "إلغاء الأرشفة"
   },
   "2289812403593835836": {
      "message": "Pages"
   },
   "229177484946387188": {
      "message": "Google Earth"
   },
   "2292696732672795285": {
      "message": "رفع مستوى الصوت"
   },
   "230180475614658119": {
      "message": "تم"
   },
   "2304293593067358316": {
      "message": "قصاصات فنية"
   },
   "2310145944356900158": {
      "message": "المحددة"
   },
   "2311880726221661199": {
      "message": "جارٍ تحميل درجات الدقة الأعلى"
   },
   "2329167963662998826": {
      "message": "‏Google Keep لديه رغبة في استخدام موقعك بهدف تحسين اقتراحات الأماكن لتذكيرات المواقع."
   },
   "234046557601727809": {
      "message": "ليست هناك أية صور أو مقاطع فيديو."
   },
   "2349912757088764940": {
      "message": "مرئية لـ:"
   },
   "2359614137862708172": {
      "message": "Shift"
   },
   "2370463380397641604": {
      "message": "اختصارات لوحة المفاتيح الشائعة"
   },
   "2370656573843123707": {
      "message": "قوس أيمن"
   },
   "2393487423640708285": {
      "message": "‏عنوان URL هذا غير صالح. تأكد من أنه يبدأ بـ: http://‎ أو ‏https://‎‏.‎"
   },
   "2405795704816921421": {
      "message": "ملف $1​"
   },
   "2412314804333167252": {
      "message": "‏جدول البيانات هذا أكبر مما ينبغي. انقر $3​للتنزيل$1​ أو $4​ التعديل بتنسيق جداول بيانات Google$1​."
   },
   "2418104318933043113": {
      "message": "‏بجث صور Google"
   },
   "2433429041384246549": {
      "message": "كتم الصوت"
   },
   "2449254824382583885": {
      "message": "إطار منبثق"
   },
   "2452522051596946166": {
      "message": "عفوًا! حدثت مشكلة أثناء معاينة $1​. جارٍ إعادة المحاولة."
   },
   "2454642351139428112": {
      "message": "تراجع"
   },
   "2466251465475184755": {
      "message": "هل تريد إفراغ المهملات؟ سيتم حذف جميع الملاحظات من المهملات نهائيًا."
   },
   "2475181823688399272": {
      "message": "التالي"
   },
   "2484568559152875936": {
      "message": "ليس هناك أي ألبومات صور."
   },
   "2504232652631703202": {
      "message": "تم الربط"
   },
   "251025074207413762": {
      "message": "إضافة وصف"
   },
   "2510929871271209216": {
      "message": "جدول البيانات هذا أكبر مما ينبغي. انقر $2​هنا$1​ للتنزيل."
   },
   "2513437337377210144": {
      "message": "end"
   },
   "2524021436052870191": {
      "message": "يتعذّر تحميل هذا الملف. علمًا بأن ملفات $1​ التي يقل حجمها عن $2​ ميغابايت هي التي تصلح."
   },
   "2532280782491328445": {
      "message": "بحث عن التطابق السابق"
   },
   "2538080331309772448": {
      "message": "ترتيب: $1​"
   },
   "2538462904124380434": {
      "message": "تم نقل الملاحظة إلى المهملات"
   },
   "2546225293834487484": {
      "message": "ملاحظة"
   },
   "2555961950726197809": {
      "message": "إظهار المشاهد."
   },
   "2558480112329900136": {
      "message": "رمادي"
   },
   "257317112834806705": {
      "message": "التبديل بين طريقة عرض القائمة والشبكة"
   },
   "2579679351920691492": {
      "message": "تخطٍ إلى الوراء"
   },
   "2587566920590457715": {
      "message": "Maps Engine Lite"
   },
   "2609409316752026806": {
      "message": "PDF"
   },
   "2609750184896485102": {
      "message": "مقاطع فيديو من الهاتف"
   },
   "2615188670181508661": {
      "message": "لم تختر أي شيء مؤخرًا!"
   },
   "2623861453769098676": {
      "message": "حدثت مشكلة أثناء معاينة هذا المستند."
   },
   "2628268670001557269": {
      "message": "الحصة"
   },
   "2643241712502664984": {
      "message": "‏مقاطع فيديو YouTube التابعة لك"
   },
   "2661850177130037208": {
      "message": "فتح العنصر"
   },
   "2681830832355823748": {
      "message": "البحث في كل الاختصارات"
   },
   "2687303256387847763": {
      "message": "مستوى الشهرة"
   },
   "2702485557996900362": {
      "message": "إصلاح التعديلات المتضاربة"
   },
   "2705842902318123127": {
      "message": "الانتقال إلى الملاحظة/القائمة التالية/السابقة"
   },
   "272948685355798518": {
      "message": "تم تحديد نوع ملف غير صالح."
   },
   "2731144323070245943": {
      "message": "إعدادات القائمة"
   },
   "2742719907061406418": {
      "message": "XML"
   },
   "2750830436677712001": {
      "message": "{VIEWER_GENDER,select, female{أخفق إنشاء {FOLDER_NAME}.}male{أخفق إنشاء {FOLDER_NAME}.}other{أخفق إنشاء {FOLDER_NAME}.}}"
   },
   "2752123004911547510": {
      "message": "الأكثر استخدامًا"
   },
   "2758125083752925237": {
      "message": "(المالك)"
   },
   "277430914014962533": {
      "message": "عفوًا! حدثت مشكلة أثناء معاينة $1​."
   },
   "2774713922589657910": {
      "message": "أي شخص ضمن النطاق"
   },
   "2786560864906393383": {
      "message": "صور من الهاتف"
   },
   "2789687492331041935": {
      "message": "حدد وقتًا"
   },
   "2790446494460492805": {
      "message": "بدأت مهمة الاستخراج. ستظهر رسائل الأرشيف في حساب بريدك الإلكتروني ضمن التصنيف \"استيراد: $1​\"."
   },
   "2793841261389879255": {
      "message": "الصفحة السابقة"
   },
   "2801153442808430222": {
      "message": "ملفاتي"
   },
   "2817277146396981386": {
      "message": "مساءً"
   },
   "2818020101821669029": {
      "message": "تاريخ الإنشاء"
   },
   "2818135503416309545": {
      "message": "تسجيل مقطع فيديو"
   },
   "2827039933590757722": {
      "message": "‏اختصار Windows"
   },
   "2829226075651806940": {
      "message": "تكبير"
   },
   "2860188519781080944": {
      "message": "برتقالي"
   },
   "2861568351294148466": {
      "message": "النصوص البرمجية"
   },
   "2864281852037732729": {
      "message": "أقل"
   },
   "2873089307546162154": {
      "message": "موافق"
   },
   "2877285560485318801": {
      "message": "إيقاف مؤقت"
   },
   "2878874627361086801": {
      "message": "معاينة"
   },
   "2879276552944958066": {
      "message": "العودة إلى مجلد $1​."
   },
   "289798573180023043": {
      "message": "موافق"
   },
   "2902747751281161248": {
      "message": "تطبيق على القوائم الجديدة"
   },
   "2905147317995482841": {
      "message": "‏لقد تمّ تحديث تجربة العرض لجميع الملفات في Google Drive. لقد أصبحت أكثر روعة وسهولة في الاستخدام من ذي قبل! نأمل أن تستمتعوا  بهذا المظهر الجديد."
   },
   "2917498437550635075": {
      "message": "رمز"
   },
   "2964778642459027786": {
      "message": "لا توجد ملاحظات في المهملات"
   },
   "2974598228601710262": {
      "message": "إضافة"
   },
   "2979466412944870220": {
      "message": "جارٍ تحميل المعاينة..."
   },
   "2982511431742033448": {
      "message": "ليس هناك أي عروض تقديمية."
   },
   "298817883481775869": {
      "message": "جارٍ التحميل..."
   },
   "3000689173481666334": {
      "message": "تعديل دائرتك"
   },
   "3029395493413607486": {
      "message": "تعذر تحميل مشغل الفيديو. جرّب إعادة تحميل الصفحة.$1​وإذا استمرت المشكلة، $3​فارجع إلى مركز المساعدة$2​."
   },
   "3043961722025425136": {
      "message": "الوصف"
   },
   "306516303501625305": {
      "message": "أخفقت عملية المصادقة."
   },
   "3073005748126521632": {
      "message": "تم إرسال تذكير في $1​"
   },
   "3074184819310272351": {
      "message": "الصور التي تم تحميلها"
   },
   "3084372889071691504": {
      "message": "{VIEWER_GENDER,select, female{‏لصق عنوان URL هنا:}male{‏لصق عنوان URL هنا:}other{‏لصق عنوان URL هنا:}}"
   },
   "3095645856215493958": {
      "message": "البحث عن نص مطبوع في الصور"
   },
   "31018542656161389": {
      "message": "تكبير/تصغير للملاءمة"
   },
   "3109321241584918345": {
      "message": "ربط مزيد من التطبيقات..."
   },
   "3121560585545725724": {
      "message": "$1​، $2​"
   },
   "3140236589681731084": {
      "message": "في غضون $1​ من الساعات"
   },
   "3189854932778515441": {
      "message": "الملاحظة في الأرشيف"
   },
   "3207670492626476064": {
      "message": "الجداول"
   },
   "3211163842850942567": {
      "message": "تكبير"
   },
   "3222929029344613957": {
      "message": "عذرًا، حدث خطأ أثناء فتح هذا الملف. الرجاء إعادة المحاولة."
   },
   "3233388241926683100": {
      "message": "البحث في الملاحظات"
   },
   "3243829462528324248": {
      "message": "بني"
   },
   "3250489229749307913": {
      "message": "نشر إلكتروني"
   },
   "3256928852560591255": {
      "message": "لا يمكن التعديل في المهملات"
   },
   "3261131345401321392": {
      "message": "يمكن التعليق"
   },
   "3265524298292280681": {
      "message": "esc"
   },
   "3267563602179728277": {
      "message": "delete"
   },
   "3272496516667407797": {
      "message": "حدثت مشكلة أثناء تحميل التفاصيل."
   },
   "3275029321588462173": {
      "message": "بدون"
   },
   "3278237562147211998": {
      "message": "صور المخزون"
   },
   "330603631583186798": {
      "message": "Word"
   },
   "3306487262690341751": {
      "message": "التاريخ والوقت"
   },
   "3312545971976531405": {
      "message": "رسالة"
   },
   "3319087486907616296": {
      "message": "إرسال هذا العنصر"
   },
   "3328129883064940351": {
      "message": "الخطوط"
   },
   "3335409796971631780": {
      "message": "‏جارٍ فك الضغط إلى Drive."
   },
   "3343451103608774400": {
      "message": "تقديم $3​خرائطي الجديدة.$2​$1​أدوات أفضل للتخطيط."
   },
   "3354260708176476985": {
      "message": "‏جارٍ التحميل&hellip;"
   },
   "3357778055650785985": {
      "message": "العنصر كبير جدًا. لن يتم حفظ النص المميز."
   },
   "3364679383274077479": {
      "message": "يتوفر تحديث للتطبيق"
   },
   "3368639944474272225": {
      "message": "عذرًا، لا يمكننا جلب المستند للعرض أو أنك لا تملك إذنًا لعرض المستند."
   },
   "3381619429606029445": {
      "message": "Visio"
   },
   "3382236845597426718": {
      "message": "فتح"
   },
   "3408219901032480508": {
      "message": "$2​؛ $1​"
   },
   "3409257542937182842": {
      "message": "جارٍ إعادة المحاولة..."
   },
   "3409483962000136213": {
      "message": "تشغيل/إيقاف مؤقت"
   },
   "3418767079436101103": {
      "message": "حدثت مشكلة أثناء محاولة تحميل هذه الصفحة."
   },
   "3421685394169412932": {
      "message": "يتم حفظ كل تغيير تجريه تلقائيًا"
   },
   "3422389100099960864": {
      "message": "ليست هناك أية صور."
   },
   "3428726060007577698": {
      "message": "القائمة كبيرة جدًا."
   },
   "3430885603500576146": {
      "message": "فقط حدد الصور التي أكدت أن لديك ترخيصًا لاستخدامها."
   },
   "3440534675925634227": {
      "message": "‏في نافذة متصفح Chrome، انتقل إلى chrome://settings وتأكد من تسجيل دخولك. انقر بعد ذلك على تسجيل الدخول مرة أخرى."
   },
   "3446158485617778228": {
      "message": "تراجع"
   },
   "3448234415275521882": {
      "message": "معلومات عامة"
   },
   "3448684788258660606": {
      "message": "صورك"
   },
   "3450585781337676327": {
      "message": "جارٍ التحميل..."
   },
   "3457279184692206825": {
      "message": "ستكون الصور مرئية للجميع (عامة على الويب)."
   },
   "3468441711253011521": {
      "message": "‏جداول بيانات Google"
   },
   "3473620774713000513": {
      "message": "تم الحل"
   },
   "3483438888494819423": {
      "message": "‏الميزات الجديدة في Google Keep"
   },
   "3511274344439521198": {
      "message": "الإجراءات"
   },
   "3518073392823563581": {
      "message": "اختصارات لوحة المفاتيح"
   },
   "3531603810713611778": {
      "message": "تم تجاوز الحد الأقصى لحجم الملفات. الرجاء إلغاء تحديد ملف أو أكثر."
   },
   "3543475399174940144": {
      "message": "+$1​"
   },
   "3547194749488601916": {
      "message": "جارٍ التحديث..."
   },
   "354828103903104581": {
      "message": "العناصر المتحقق منها"
   },
   "3561658662634401836": {
      "message": "عنوان"
   },
   "357172711168973843": {
      "message": "لم يتم حفظ أية ملاحظات أو تغييرات تمت إضافتها مؤخرًا. احتفظ بنسخة من المحتويات، ثم أعد التحميل."
   },
   "3586705906700410505": {
      "message": "رسومات خطية"
   },
   "3587798318180902863": {
      "message": "{NUM_SELECTED,plural, =1{ تم تحديد »}zero{ لم يتم تحديد أي عنصر}two{ تم تحديد »}few{ تم تحديد »}many{ تم تحديد »}other{ تم تحديد »}}"
   },
   "3595000514985906359": {
      "message": "Excel"
   },
   "3602920441714068008": {
      "message": "تم إرسال تذكير بتاريخ $1​ في $2​"
   },
   "3608606849109645545": {
      "message": "أدخل اسمًا جديدًا للمستند:"
   },
   "361202495024972887": {
      "message": "تحميل مقاطع فيديو"
   },
   "361630518611593946": {
      "message": "إخفاء مربعات الاختيار"
   },
   "3625886392901506764": {
      "message": "أو"
   },
   "3643146117250542609": {
      "message": "‏ليس هناك أي ملفات PDF."
   },
   "3645728163953189422": {
      "message": "عذرًا، لا يمكننا جلب المستند لعرضه نظرًا لأن حجمه كبير جدًا."
   },
   "3651893685901703652": {
      "message": "..."
   },
   "3657386785336906042": {
      "message": "شرطة مائلة للخلف"
   },
   "3659554681396757189": {
      "message": "تم الفتح بواسطتي"
   },
   "3663571259791438207": {
      "message": "الإبلاغ عن إساءة استخدام"
   },
   "3664842788764635265": {
      "message": "بدون"
   },
   "3666123569747918021": {
      "message": "يحتوي هذا المستند على تغييرات لم يتم حفظها. فهل تريد ترك الصفحة وإلغاء تغييراتك؟"
   },
   "3673346558112798837": {
      "message": "ليست هناك خلفية"
   },
   "3674811252904549204": {
      "message": "صور الغلاف"
   },
   "3678477908297567934": {
      "message": "شرطة سفلية"
   },
   "3681747688524363195": {
      "message": "بالأعلى"
   },
   "3690515530505404607": {
      "message": "حدثت مشكلة أثناء تشغيل هذا الفيديو."
   },
   "369764661829607970": {
      "message": "{NUM_ITEMS,plural, =0{ليس هناك أية عناصر}=1{عنصر واحد}two{عنصران (#)}few{# عناصر}many{# عنصرًا}other{# من العناصر}}"
   },
   "3712215972250917265": {
      "message": "التعليقات"
   },
   "3717138719704492547": {
      "message": "يرجى التحقق من العنوان لتصحيح أخطاء الكتابة."
   },
   "374088101949877889": {
      "message": "إغلاق"
   },
   "3745308627628779133": {
      "message": "مجلد جديد"
   },
   "3748461364828242354": {
      "message": "اختيار اللون"
   },
   "3770795578481676514": {
      "message": "أصفر"
   },
   "3771958676925493302": {
      "message": "إزالة الفلتر: $1​"
   },
   "3779945546806941187": {
      "message": "أحادية اللون"
   },
   "3793086499925031123": {
      "message": "فتح شريط البحث / البحث عن الموضع السابق"
   },
   "37992665410817181": {
      "message": "تمت إعادة الفتح"
   },
   "3801617971018550169": {
      "message": "أمس"
   },
   "3808213429720572062": {
      "message": "استعادة"
   },
   "381100310424863459": {
      "message": "Illustrator"
   },
   "3842411126100113634": {
      "message": "pg-up"
   },
   "3844047145949375230": {
      "message": "المستندات"
   },
   "3858324058837632381": {
      "message": "حدثت مشكلة أثناء تشغيل هذا الملف الصوتي."
   },
   "3864575916269080329": {
      "message": "إمكانية البحث في الصور"
   },
   "3866373087987934712": {
      "message": "أخفق التحميل: $1​"
   },
   "3869166581651870488": {
      "message": "إنهاء التعديل"
   },
   "3873215756962047275": {
      "message": "الأرشيف"
   },
   "3873467440437675460": {
      "message": "عذرًا، لم نتمكن من العثور على الخطوط التي حددتها من قبل."
   },
   "3897281533382850749": {
      "message": "إعادة الصوت"
   },
   "3936153839186254186": {
      "message": "عرض: $1​"
   },
   "3955760658925284765": {
      "message": "إعادة المحاولة"
   },
   "3974064131130689245": {
      "message": "عرض الشبكة"
   },
   "3977699855735576796": {
      "message": "حدثت مشكلة أثناء تحميل المزيد من الصفحات."
   },
   "3988418762222300024": {
      "message": "نقطة"
   },
   "3989552504822984034": {
      "message": "‏رسومات Google"
   },
   "4005725939358875643": {
      "message": "تم التراجع عن الإجراء."
   },
   "4014287326684608407": {
      "message": "أزرق مخضر"
   },
   "4048275292053012394": {
      "message": "جهات الاتصال"
   },
   "4059387791040010947": {
      "message": "Meta"
   },
   "4067915791853673774": {
      "message": "{VIEWER_GENDER,select, female{إغلاق}male{إغلاق}other{إغلاق}}"
   },
   "4078179869358383373": {
      "message": "لم يتم العثور على أية نتائج."
   },
   "4087667435414545203": {
      "message": "لم تعد مسجّلاً الدخول. لإجراء تغييرات، أعد التحميل."
   },
   "4093134637041332383": {
      "message": "مزيد من المعلومات"
   },
   "4097007735221462946": {
      "message": "الرسومات"
   },
   "4097921967754832323": {
      "message": "واصلة"
   },
   "4100504115801514799": {
      "message": "تمت استعادة الملاحظة"
   },
   "4119294114251628099": {
      "message": "‏تعذر استرداد عنوان URL للصورة الذي حددته. قد يكون عنوان URL خاصًا لا تستطيع خوادمنا الدخول إليه. الرجاء تجربة عنوان URL آخر."
   },
   "4134385041569168669": {
      "message": "جارٍ التحميل..."
   },
   "4148564423510181521": {
      "message": "محو البحث"
   },
   "4152315289461886": {
      "message": "عناصر التحكم في المستند"
   },
   "4168280976997555951": {
      "message": "ليس هناك أي مستندات."
   },
   "4174786386751618325": {
      "message": "ملاحظة صورة"
   },
   "4182427157920112948": {
      "message": "علامة المد"
   },
   "4200426647595470259": {
      "message": "بدء تشغيل الملف الصوتي"
   },
   "4200911267543705377": {
      "message": "‏اكتب عبارة البحث في المربع أعلاه للعثور على نتائج مدونات باستخدام بحث مدونات Google."
   },
   "4205329094859140439": {
      "message": "صباحًا"
   },
   "4211182812451835307": {
      "message": "يمكن التعديل"
   },
   "4211806608204126222": {
      "message": "$2​بنود الخدمة$1​"
   },
   "4214190403999219403": {
      "message": "تكبير/تصغير"
   },
   "4230101516585408149": {
      "message": "إنشاء ملاحظة جديدة"
   },
   "4253741616909644861": {
      "message": "عبارات البحث"
   },
   "4280747719095153198": {
      "message": "تعليق تم حله"
   },
   "4286663890332754386": {
      "message": "أخفق التحميل."
   },
   "4299690446455033653": {
      "message": "Works"
   },
   "4314643310615423802": {
      "message": "لقد خرجت."
   },
   "4318861667254318892": {
      "message": "Google Video"
   },
   "4319229296464464147": {
      "message": "تاريخ الإضافة"
   },
   "4320831042030778": {
      "message": "إلغاء"
   },
   "4332252081504252077": {
      "message": "انتبه!"
   },
   "4338991104991831337": {
      "message": "الصور"
   },
   "4339705658383891586": {
      "message": "بجميع الألوان"
   },
   "4343825450663233452": {
      "message": "يمكن العرض"
   },
   "4343836986248234462": {
      "message": "عنصر قائمة"
   },
   "435214284915110062": {
      "message": "فتح شريط البحث"
   },
   "4372755508519489521": {
      "message": "عرض الشبكة"
   },
   "4391715930031906467": {
      "message": "بحث عن التطابق التالي"
   },
   "4395845663892873002": {
      "message": "home"
   },
   "4422985761498356257": {
      "message": "فتح باستخدام"
   },
   "4430062722430863019": {
      "message": "هل تريد حذف الملاحظة نهائيًا؟"
   },
   "4439812492856303238": {
      "message": "عذرًا! حدث خطأ غير متوقع أثناء معالجة تحديدك. الرجاء إعادة المحاولة لاحقًا."
   },
   "4444571967705751871": {
      "message": "المهملات"
   },
   "4466605492523079635": {
      "message": "حفظ"
   },
   "4468872996560163913": {
      "message": "إفراغ المهملات الآن"
   },
   "4473912481270012588": {
      "message": "‏تم الحفظ إلى Drive - نقل إلى:"
   },
   "45228242181482134": {
      "message": "تشغيل"
   },
   "4536519876526589338": {
      "message": "صورة $1​ الرمزية."
   },
   "4552045407215325033": {
      "message": "‏عنوان URL للفيديو الذي أدخلته أعلاه لا يمكن تحميله. الرجاء التأكد من صحته وأنه من موقع متوافق."
   },
   "4564682305303579317": {
      "message": "متابعة"
   },
   "456498742882714639": {
      "message": "نقل إلى:"
   },
   "4588500131398315347": {
      "message": "إنشاء دائرة"
   },
   "4604402426271704651": {
      "message": "بلا صورة"
   },
   "4620034373159179678": {
      "message": "الصفحة $1​ من إجمالي $2​"
   },
   "4630690108252818511": {
      "message": "لم يتم العثور على أية صور."
   },
   "468283184702431827": {
      "message": "بدأ التقدم"
   },
   "4695897771458936174": {
      "message": "‏مشاركة صور من Google Drive على Google+‎"
   },
   "4740100782728373253": {
      "message": "‏حفظ في Drive"
   },
   "4748046231232264180": {
      "message": "‏نماذج Google"
   },
   "4767722428137216885": {
      "message": "إلغاء"
   },
   "477328789314249432": {
      "message": "البحث في الملاحظات"
   },
   "4775368111547931093": {
      "message": "بلا وصف"
   },
   "4781742940361705258": {
      "message": "تجاهل"
   },
   "4783695823456312682": {
      "message": "نقل إلى أسفل"
   },
   "47844150329705564": {
      "message": "نتائج البحث عن \"$1​\""
   },
   "4798897505978458661": {
      "message": "لم يتم العثور على أي مقطع فيديو."
   },
   "4805047680716507619": {
      "message": " - نقل إلى:"
   },
   "4806763987633034948": {
      "message": "PKCS7 Signature"
   },
   "4833214200453019325": {
      "message": "$1​ من إجمالي $2​"
   },
   "4846720038197420778": {
      "message": "ربط المزيد من التطبيقات"
   },
   "4853788427396558692": {
      "message": "$1​ ميغابايت"
   },
   "4858389278403807208": {
      "message": "الملاحظة في المهملات"
   },
   "4888104357342241891": {
      "message": "رسائل التذكير"
   },
   "4889853674709731963": {
      "message": "تم حفظ جميع الملاحظات في وضع عدم الاتصال"
   },
   "4901386320110714275": {
      "message": "كلمة المرور غير صحيحة. الرجاء إعادة المحاولة."
   },
   "490372259452655427": {
      "message": "عذرًا، المستند غير متاح للعرض بعد."
   },
   "4906669330059413958": {
      "message": "إرسال كلمة المرور"
   },
   "4908614808966678155": {
      "message": "ليست هناك نتائج بحث عن \"$1​\""
   },
   "4926020998477695737": {
      "message": "التبديل إلى المجلد $1​"
   },
   "4943176738805484221": {
      "message": "تعديل"
   },
   "4956678140555659175": {
      "message": "backspace"
   },
   "4957674814179289955": {
      "message": "الانتقال إلى عنصر القائمة التالي/السابق"
   },
   "4963784280521435720": {
      "message": "جارٍ الحفظ..."
   },
   "4969219890884320840": {
      "message": "تحديث"
   },
   "4983125135476400111": {
      "message": "وضع الملاحظة/القائمة في المهملات"
   },
   "4988132901627446385": {
      "message": "تم توسيع لوحة التفاصيل."
   },
   "4998757387516632837": {
      "message": "النتائج المعروضة مصنفة على أنها قابلة لإعادة الاستخدام مع إمكانية التعديل."
   },
   "5006225450559627366": {
      "message": "+$1​ أخرى"
   },
   "501475221876543407": {
      "message": "تظهر الملاحظات التي تضيفها هنا"
   },
   "5023525794410110078": {
      "message": "إضافة نص إلى الصورة"
   },
   "5026241297254150381": {
      "message": "أضف ملاحظة"
   },
   "5046371569383796818": {
      "message": "الاحتفاظ بها"
   },
   "5055418092354683641": {
      "message": "Serif"
   },
   "5095987896933771566": {
      "message": "طباعة المستند"
   },
   "5096751700090310607": {
      "message": "ليست هناك أية صور."
   },
   "509815948423424872": {
      "message": "التنقل"
   },
   "5099245668405591445": {
      "message": "بحث"
   },
   "512429649443191386": {
      "message": "$2​مساعدة$1​"
   },
   "5124522868502261563": {
      "message": "جداول البيانات"
   },
   "5130903421326358933": {
      "message": "‏حدثت مشكلة أثناء حفظ المرفق في Google Drive."
   },
   "5149937870346466591": {
      "message": "عرض القائمة"
   },
   "5169187962228219813": {
      "message": "‏صور Life"
   },
   "5180454621500142444": {
      "message": "استعادة"
   },
   "5180989337128758117": {
      "message": "قوس أيسر"
   },
   "5184692850089055965": {
      "message": "استخلاص النص من الصورة"
   },
   "5197718200713913936": {
      "message": "C++‎"
   },
   "5201670213497642487": {
      "message": "شريط علامة تبويب لوحة التفاصيل. اضغط على مفتاحي الأسهم لليسار واليمين للتبديل بين علامات التبويب."
   },
   "5204391636475413312": {
      "message": "حفظ"
   },
   "5213411023807957844": {
      "message": "‏بحث في Google Keep"
   },
   "5213974294317036409": {
      "message": "{numPages,plural, =0{}=1{صفحة واحدة}two{صفحتان (#)}few{# صفحات}many{# صفحة}other{# من الصفحات}}"
   },
   "5226470917948786938": {
      "message": "أبجديًا"
   },
   "5238003680997310998": {
      "message": "المزيد"
   },
   "5238371081785912565": {
      "message": "فتح باستخدام $1​"
   },
   "5275493935807628890": {
      "message": "‏لا نستطيع العثور على الصورة على عنوان URL هذا."
   },
   "5281121179861637423": {
      "message": "كلمة المرور مطلوبة للدخول إلى $1​. الرجاء إدخال كلمة المرور"
   },
   "5288037028604092288": {
      "message": "XPS"
   },
   "5291153964865714504": {
      "message": "ليست هناك ملاحظات متطابقة"
   },
   "5299648222246616124": {
      "message": "فاصلة عليا مائلة"
   },
   "5304869088141363028": {
      "message": "الصور المميزة"
   },
   "5316658541831864803": {
      "message": "عذرًا، ولكن لا يمكن عرض هذا النوع من المستندات."
   },
   "5319313176242717957": {
      "message": "جارٍ معالجة الصور..."
   },
   "5336801339221383042": {
      "message": "جافا سكريبت"
   },
   "534228323125524312": {
      "message": "تصغير"
   },
   "5353129315502554762": {
      "message": "ورقة أنماط"
   },
   "5372143986724491245": {
      "message": "قبل يوم واحد ($1​)"
   },
   "5372160981898991853": {
      "message": "Publisher"
   },
   "5399553230649155346": {
      "message": "في غضون ساعة واحدة ($1​)"
   },
   "5403830377590414208": {
      "message": "أبيض"
   },
   "5408091115193390231": {
      "message": "AutoCAD"
   },
   "5438481737351808090": {
      "message": "ظهرًا ($1​)"
   },
   "544377415081282702": {
      "message": "عذرًا."
   },
   "5447119197363232006": {
      "message": "‏إظهار في Drive"
   },
   "5465323999933375616": {
      "message": "‏لقد بلغت حد النطاق الترددي المخصص لعرض أو تنزيل ملفات ليست بتنسيق مستندات Google."
   },
   "5472312735475866917": {
      "message": "تعليق $1​."
   },
   "547865385964196102": {
      "message": "قبل $1​ من الدقائق"
   },
   "5482872484546230111": {
      "message": "البحث في الكتب"
   },
   "5494181290179470995": {
      "message": "حذف"
   },
   "5500117709595533163": {
      "message": "‏اكتب عبارة البحث في المربع أعلاه للبحث عن نتائج الكتب الإلكترونية باستخدام كتب Google."
   },
   "5514516347328112388": {
      "message": "يمكنك أيضًا محاولة تنزيل المستند الأصلي من خلال النقر $2​هنا$1​."
   },
   "5529532831767466284": {
      "message": "{VIEWER_GENDER,select, female{{DEGREES}° {MINUTES}' {SECONDS}\"}male{{DEGREES}° {MINUTES}' {SECONDS}\"}other{{DEGREES}° {MINUTES}' {SECONDS}\"}}"
   },
   "5555182241047709329": {
      "message": "اختر موقعًا"
   },
   "5555599189512365009": {
      "message": "حسنًا"
   },
   "5571842632470308750": {
      "message": "أي نوع"
   },
   "5588597116382648727": {
      "message": "جارٍ بدء مهمة فك الضغط."
   },
   "5598649706113950710": {
      "message": "المُحرر"
   },
   "5609727719971819773": {
      "message": "{VIEWER_GENDER,select, female{رجوع}male{رجوع}other{رجوع}}"
   },
   "5627470193961862490": {
      "message": "تظهر الملاحظات التي تتضمن رسائل تذكير هنا"
   },
   "5631086126416409232": {
      "message": "أزرق"
   },
   "564165666160590723": {
      "message": "Windows Media Player"
   },
   "5660422479531064559": {
      "message": "ليس هناك أي نماذج."
   },
   "5675154446465700699": {
      "message": "‏ملفات PDF"
   },
   "568072913338360182": {
      "message": "HTML"
   },
   "5707549724380589079": {
      "message": "هل تريد حذف العناصر المحددة؟"
   },
   "5714240424645614611": {
      "message": "‏حزمة Android"
   },
   "5728640851616538925": {
      "message": "أخضر"
   },
   "5744491383087191878": {
      "message": "‏عنوان URL للصورة الذي أدخلته أعلاه غير صحيح أو تعذر تحميله."
   },
   "5747728324987383020": {
      "message": "وجه"
   },
   "5783875011049188612": {
      "message": "تم استخلاص النص من الصورة"
   },
   "5785010887521443923": {
      "message": "إزالة"
   },
   "5834678297024555032": {
      "message": "سماح"
   },
   "5840330517914556080": {
      "message": "تصغير"
   },
   "5842536098490298653": {
      "message": "‏‫لم يتم العثور على أي خطوط."
   },
   "5865680764501413616": {
      "message": "لا يمكن التعرف على النص."
   },
   "5871966496153339793": {
      "message": "عرض صورة مصغرة للفيديو $1​"
   },
   "5875004331736681428": {
      "message": "جارٍ الاستخراج إلى حساب بريدك الإلكتروني."
   },
   "587666071025645113": {
      "message": "بحث"
   },
   "5877526626743756786": {
      "message": "تعليقات"
   },
   "5889725440363483648": {
      "message": "أي شخص ضمن المجموعة"
   },
   "5911012384539794869": {
      "message": "أخفق بدء مهمة فك الضغط."
   },
   "5916010927050975496": {
      "message": "$1​ كيلوبايت"
   },
   "5949528478488617689": {
      "message": "إذن التنزيل"
   },
   "5950887255133612666": {
      "message": "لم يتم البدء."
   },
   "5969696744752069015": {
      "message": "لا تتوفر أية معاينة."
   },
   "5971400924847413790": {
      "message": "‏بدلاً من ذلك، يمكنك عرض $2​HTML عادي$1​ (إعادة التوجيه تلقائيًا)."
   },
   "5972111804366033138": {
      "message": "تنزيل"
   },
   "5975031149676029214": {
      "message": "الجميع"
   },
   "5976369213680241300": {
      "message": "البحث في الصور"
   },
   "5980081664136280513": {
      "message": "أخضر"
   },
   "5984398071085567332": {
      "message": "‏خدمة الجداول الشاملة من Google"
   },
   "6009962986062136164": {
      "message": "جارٍ تحميل $1​."
   },
   "60305871484579258": {
      "message": "Alt"
   },
   "6043068172993241858": {
      "message": "لا يتوفر أحد في هذه الدائرة."
   },
   "604883455412617728": {
      "message": "لم يطابق بحثك أية جهات اتصال."
   },
   "6051386830221821025": {
      "message": "جارٍ تسجيل الدخول ..."
   },
   "6064654062949366878": {
      "message": "تشغيل"
   },
   "6070475007374165567": {
      "message": "جارٍ الحفظ..."
   },
   "6083586461434260179": {
      "message": "تجربة عرض جديدة"
   },
   "6087078248621415351": {
      "message": "تم التعديل في $1​"
   },
   "6091926883608250483": {
      "message": "المزيد"
   },
   "6105571474005679446": {
      "message": "هناك مشكلة بالمعاينة."
   },
   "6113237889871930608": {
      "message": "ملاحظة فارغة"
   },
   "6118623991445349480": {
      "message": "الصفحة $1​"
   },
   "6122643025527543706": {
      "message": "Ctrl"
   },
   "6131822680770571276": {
      "message": "PowerPoint"
   },
   "6140634664402328750": {
      "message": "قائمة التطبيقات"
   },
   "6149175749937815029": {
      "message": "عرض جميع العناصر"
   },
   "6160805346274626656": {
      "message": "الحذف نهائيًا"
   },
   "616807262818311711": {
      "message": "النوع"
   },
   "6175043905327075444": {
      "message": "تم تحديدها سابقًا"
   },
   "6177107655089301674": {
      "message": "‏تنزيل تطبيق Google Keep لأجهزة Android"
   },
   "6185886893933834031": {
      "message": "الاحتفاظ بالنُسخ المحددة"
   },
   "6186290899408627510": {
      "message": "enter"
   },
   "6189891414154673003": {
      "message": "خرائطي"
   },
   "6203260615455347677": {
      "message": "Numbers"
   },
   "6223207695466118454": {
      "message": "YouTube"
   },
   "6224687211096863620": {
      "message": "أي شخص"
   },
   "623118860067088424": {
      "message": "مقاطع الفيديو"
   },
   "6231401379881217113": {
      "message": "insert"
   },
   "6252259197986158120": {
      "message": "أمس"
   },
   "6253076263700695984": {
      "message": "خطأ في المصادقة. الرجاء إعادة التحميل."
   },
   "6255475144867830247": {
      "message": "اختر من بين علامات تبويب التنقل الأخرى."
   },
   "6267063643272327592": {
      "message": "الرجاء إعادة المحاولة لاحقًا."
   },
   "6290270819062517523": {
      "message": "تم تحديد عدد كبير جدا من العناصر. الرجاء إلغاء تحديد عنصر واحد أو أكثر."
   },
   "6305748545202493254": {
      "message": "إظهار/إخفاء جزء التفاصيل"
   },
   "6324768448533022780": {
      "message": "$1​ $2​"
   },
   "6331677437567501421": {
      "message": "حدثت مشكلة أثناء تحديث إذن التنزيل."
   },
   "6333496730738019575": {
      "message": "جارٍ التحميل..."
   },
   "634900089121611600": {
      "message": "ليس هناك أي مقاطع فيديو."
   },
   "6362170008350775214": {
      "message": "تذكير في $1​"
   },
   "6375395544374251820": {
      "message": "حدثت مشكلة أثناء تحميل المزيد من الصفحات. جارٍ إعادة المحاولة..."
   },
   "6376739025584042564": {
      "message": "اقتصاص صورة"
   },
   "6386587519843563719": {
      "message": "ملف ثنائي"
   },
   "6416495701611778255": {
      "message": "تطبيقات مقترحة من جهات خارجية"
   },
   "6419411265907669340": {
      "message": "اليوم"
   },
   "6436479735235889890": {
      "message": "تذكير في $2​، في $1​"
   },
   "6450508807204492448": {
      "message": "رمز $1​"
   },
   "6457802200418354862": {
      "message": "بإمكان المشاهدين التنزيل"
   },
   "6459405233858728718": {
      "message": "‏عروض Google التقديمية"
   },
   "6464761738227651511": {
      "message": "قبل دقيقة واحدة ($1​)"
   },
   "6466736813846482957": {
      "message": "السابق"
   },
   "6479216014938929613": {
      "message": "ليلاً ($1​)"
   },
   "6482358947077977110": {
      "message": "‏صور بحث Google"
   },
   "6487403767449360463": {
      "message": "‏إعادة تحميل Keep؟"
   },
   "6488225756782357866": {
      "message": "‏تم العثور على الصورة التي حددتها بواسطة بحث صور Google في هذه الصفحة:"
   },
   "6510131849363684615": {
      "message": "غدًا"
   },
   "6516256764288947999": {
      "message": "وضع علامة بأسماء أشخاص"
   },
   "6522917155620379865": {
      "message": "تنزيل"
   },
   "6524849072392100692": {
      "message": "‏مجلد Google Drive"
   },
   "6551588617715293696": {
      "message": "خيارات الترتيب"
   },
   "6570921376519753466": {
      "message": "العرض"
   },
   "6571686604846453345": {
      "message": "‏حدثت مشكلة أثناء إضافة هذا العنصر إلى Drive."
   },
   "6582286158693833652": {
      "message": "مزيد من المعلومات"
   },
   "6588176324871799870": {
      "message": "‏برمجة تطبيقات Google"
   },
   "6602430002978098812": {
      "message": "الكتابة اليدوية"
   },
   "6614046405230762587": {
      "message": "لم يتم العثور على أية جهة اتصال."
   },
   "6622304228074863427": {
      "message": "التطبيق"
   },
   "6624754161346656119": {
      "message": "صورة $1​ الرمزية."
   },
   "6644861766016503644": {
      "message": "كلمة المرور مطلوبة"
   },
   "6650600936729710500": {
      "message": "الردود."
   },
   "666311703374681171": {
      "message": "الصور ومقاطع الفيديو"
   },
   "6666820082708870349": {
      "message": "إزالة"
   },
   "6707173584987026005": {
      "message": "اليوم"
   },
   "6709984792949009238": {
      "message": "فتحتها آخر مرة"
   },
   "6726462693927865256": {
      "message": "التفاصيل"
   },
   "6726879257388338969": {
      "message": "طباعة"
   },
   "6726925393892510846": {
      "message": "حدث خطأ. الرجاء إعادة المحاولة."
   },
   "6741759391888465238": {
      "message": "‏جارٍ الحفظ إلى Drive - نقل إلى:"
   },
   "6744457949320515234": {
      "message": "تم تجاهل الملاحظة الفارغة"
   },
   "6757218172402086688": {
      "message": "بحث عن الملاحظات..."
   },
   "6780628488957834429": {
      "message": "برتقالي"
   },
   "6784073265197389491": {
      "message": "مزيد من المعلومات"
   },
   "681598652078493281": {
      "message": "مزيد من المعلومات"
   },
   "6818286476757207074": {
      "message": "فقط حدد الصور التي أكدت أن لديك ترخيصًا لاستخدامها."
   },
   "682070933835616121": {
      "message": "ليست هناك جداول."
   },
   "6822338149422461362": {
      "message": "Google Drive"
   },
   "6827821461670731013": {
      "message": "إظهار مربعات الاختيار"
   },
   "6828581947433060251": {
      "message": "حدثت مشكلة أثناء إعادة تسمية العنصر."
   },
   "6833760103261954639": {
      "message": "حدثت مشكلة أثناء محاولة تحميل هذه الصفحة. جارِ إعادة المحاولة..."
   },
   "6841020391100928352": {
      "message": "تم تجاوز الحد الأقصى لحجم الملفات."
   },
   "6851307437837490686": {
      "message": "منع المشاهدين من التنزيل"
   },
   "6856672816797218730": {
      "message": "إرفاق"
   },
   "6891563484025164308": {
      "message": "السابق"
   },
   "6893687445500687349": {
      "message": "المواقع"
   },
   "6898823203505321799": {
      "message": "التفاصيل"
   },
   "6904351530369058983": {
      "message": "المالك"
   },
   "6905021988981026920": {
      "message": "بحث الفيديو"
   },
   "6922953828399110511": {
      "message": "إغلاق العرض"
   },
   "6929958461954697067": {
      "message": "صور لك"
   },
   "6939782595426687411": {
      "message": "جارٍ الإضافة…"
   },
   "6940998537415516791": {
      "message": "الساعة"
   },
   "695253297035211081": {
      "message": "إفراغ المهملات"
   },
   "6967244066810487978": {
      "message": "المهملات"
   },
   "6970167488058122005": {
      "message": "المؤلف غير معروف"
   },
   "6976414863987386971": {
      "message": "النماذج"
   },
   "7001938470263404128": {
      "message": "تحميل"
   },
   "7002768663714031226": {
      "message": "تحديث"
   },
   "7004919150329996187": {
      "message": "لم يتم العثور على أشخاص متطابقين في هذه الدائرة."
   },
   "7054631817922169541": {
      "message": "‏تتضمن Google Keep تغييرات غير محفوظة. فهل تريد ترك الصفحة وإلغاء تغييراتك؟"
   },
   "7059437903473652416": {
      "message": "‏تشغيل فيديو YouTube$1​"
   },
   "7080196430479494775": {
      "message": "إعادة المحاولة"
   },
   "7084324152376766809": {
      "message": "قبل $1​ من الأيام"
   },
   "7084991134824194740": {
      "message": "ذكرني"
   },
   "7092062731478679314": {
      "message": "لم يتم العثور على أية دوائر."
   },
   "7117183622067702162": {
      "message": "‏باستخدام Google Drive، لن تضطر مطلقًا إلى إرسال مرفق بريد إلكتروني آخر مرة أخرى. كل ما عليك هو مشاركة رابط إلى أي ملف تخزنه في Google Drive. وبتلك الطريقة، يستطيع أي شخص الدخول إلى الملف نفسه والنسخة نفسها تلقائيًا."
   },
   "713754035716193665": {
      "message": "قائمة جديدة"
   },
   "7146242673022399081": {
      "message": "نص"
   },
   "7148992630785407972": {
      "message": "هذا الملف محمي بكلمة مرور ولا يمكن معاينته."
   },
   "7151987668860086450": {
      "message": "بحث الويب"
   },
   "7153847618034547771": {
      "message": "تمكين"
   },
   "7161134329606048317": {
      "message": "إغلاق"
   },
   "7164532930742017984": {
      "message": "أي شخص لديه الرابط"
   },
   "7174189954350964804": {
      "message": "إعادة المحاولة"
   },
   "7177591028189992523": {
      "message": "نقل"
   },
   "7188754206068648188": {
      "message": "بيانات مفصولة بفواصل"
   },
   "7225837680381806920": {
      "message": "مساءً ($1​)"
   },
   "722702934847795304": {
      "message": "Project"
   },
   "7236199858216720905": {
      "message": "خرائط"
   },
   "7247530225058410142": {
      "message": "$2​ $1​"
   },
   "7259352906118493156": {
      "message": "ليست هناك مواقع."
   },
   "7282548567245878869": {
      "message": "تم حذف العنصر"
   },
   "7295712436136900176": {
      "message": "إعادة التحميل"
   },
   "7310311230493556740": {
      "message": "‏عنوان URL"
   },
   "7339696241980105410": {
      "message": "لم يعد الفيديو الذي حددته موجودًا. ربما أزاله المالك."
   },
   "7342923890755029722": {
      "message": "إغلاق"
   },
   "734478884582426793": {
      "message": "أرشيف مضغوط"
   },
   "7357017164339332230": {
      "message": "‏هذه الصور متاحة أيضًا للمشاهدة والمشاركة في $2​ألبومات الويب بيكاسا$1​، وهي خدمة مجانية لاستضافة الصور من Google."
   },
   "736105042796745909": {
      "message": "{VIEWER_GENDER,select, female{إنشاء مجلد}male{إنشاء مجلد}other{إنشاء مجلد}}"
   },
   "7362061801920948830": {
      "message": "تحميل المزيد"
   },
   "7364571366369083618": {
      "message": "فيديو"
   },
   "7377239345926788722": {
      "message": "الإجراءات"
   },
   "7380785991026002613": {
      "message": "النتائج المعروضة مصنفة على أنها قابلة لإعادة الاستخدام."
   },
   "7382688299146249119": {
      "message": "تنزيل العنصر"
   },
   "7383706174467122149": {
      "message": "تم حذف الملاحظة"
   },
   "7388342865555961406": {
      "message": "في غضون يوم واحد ($1​)"
   },
   "7393771571081973549": {
      "message": "C"
   },
   "740507516967994591": {
      "message": "فتح"
   },
   "7422452809590461532": {
      "message": "أحمر"
   },
   "7426603384368095928": {
      "message": "الرجاء إعادة تحميل الصفحة لتسجيل الدخول مرة أخرى ومتابعة العمل."
   },
   "7429084719905985261": {
      "message": "Objective C"
   },
   "7432956605646331928": {
      "message": "SQL"
   },
   "7440735091552109962": {
      "message": "$2​ ($1​ المعدَّل)"
   },
   "7441891675459021164": {
      "message": "‏جارِ الحفظ إلى Drive"
   },
   "7451573821837395189": {
      "message": "‏تمت إضافة العنصر إلى حسابك على $2​Drive$1​."
   },
   "7468322419516352788": {
      "message": "حدثت مشكلة أثناء تحديث الوصف."
   },
   "7488945223835574498": {
      "message": "Postscript"
   },
   "7492710087472140422": {
      "message": "مزيد من المعلومات"
   },
   "7493919863870655172": {
      "message": "كاميرا الويب"
   },
   "7500786109708143683": {
      "message": "تم حذف الصوت"
   },
   "7501027876827009022": {
      "message": "النتائج المعروضة مصنفة على أنها قابلة لإعادة الاستخدام التجاري."
   },
   "7521272923988336579": {
      "message": "‏يمكنك الحصول على جميع التحديثات من خلال إعادة تحميل Keep الآن."
   },
   "7532552995569296274": {
      "message": "محو نتائج البحث"
   },
   "7546994163355383999": {
      "message": "تم حفظ جميع الملاحظات"
   },
   "7559208209275370228": {
      "message": "آخر تعديل بواسطتي"
   },
   "7565383798249439151": {
      "message": "في غضون $1​ من الأيام"
   },
   "7565870443143407759": {
      "message": "البحث في المستند"
   },
   "7586291841734385643": {
      "message": "نافذة خارجية"
   },
   "7598582624136632660": {
      "message": "فتح شريط البحث / البحث عن الموضع التالي"
   },
   "7602870977118971161": {
      "message": "إعادة التحميل"
   },
   "7610654194202731772": {
      "message": "حذف"
   },
   "761925792744044896": {
      "message": "تعيين كصورة الملف الشخصي"
   },
   "7630723924002267143": {
      "message": "اختصارات لوحة المفاتيح ممكّنة."
   },
   "7640546114686970497": {
      "message": "تتعذّر إضافة مزيد من العناصر"
   },
   "7669846901402551021": {
      "message": "اليوم"
   },
   "7691521283331762131": {
      "message": "تظهر ملاحظاتك التي تمّ وضعها في الأرشيف هنا"
   },
   "772000107335590599": {
      "message": "في غضون $1​ من الدقائق"
   },
   "7734578122414851725": {
      "message": "PHP"
   },
   "7745005220197261896": {
      "message": "بحث الكتب"
   },
   "7759846028901235026": {
      "message": "تم إلغاء أرشفة الملاحظة"
   },
   "776065748745885880": {
      "message": "space"
   },
   "7770982082843341533": {
      "message": "ليس هناك أي عناصر في هذا المجلد."
   },
   "779472474101127362": {
      "message": "تسجيل لقطة"
   },
   "7800318069267901681": {
      "message": "تاريخ التعديل"
   },
   "7805487598105530487": {
      "message": "تضمين"
   },
   "7814778057875152792": {
      "message": "‏حدثت مشكلة أثناء نقل المرفق إلى المجلد المحدد في Google Drive."
   },
   "7820417126206702946": {
      "message": "‏النتائج التي يتم عرضها متاحة للاستخدام الشخصي أو التجاري في Google Drive فقط، ولا يجوز إعادة توزيعها أو بيعها بشكل مستقل."
   },
   "7822364282298323175": {
      "message": "تم حذف القائمة"
   },
   "7830513726270865588": {
      "message": "التقويم"
   },
   "7845751753397906805": {
      "message": "تم العثور على تعديلات متضاربة"
   },
   "7852396628465259068": {
      "message": "صورة الملف الشخصي"
   },
   "7859526172011446452": {
      "message": "إيقاف الإرسال"
   },
   "78870906674150830": {
      "message": "$3​$1​$2​"
   },
   "7895643887742936844": {
      "message": "فاصلة منقوطة"
   },
   "7899833760457194273": {
      "message": "بحث الصور"
   },
   "7899913952063063825": {
      "message": "تم حذف الصورة"
   },
   "7906726367011430855": {
      "message": "ربط"
   },
   "7910518224461588465": {
      "message": "أصفر"
   },
   "7953603850004320936": {
      "message": "المعاينة غير متاحة."
   },
   "7957306528733096600": {
      "message": "اكتمل التقدم"
   },
   "7960528690514646841": {
      "message": "{moreCount,plural, =0{unused plural form}=1{+ شخص واحد آخر}two{+ شخصان ({moreCount}) آخران}few{+ {moreCount} أشخاص آخرين}many{+ {moreCount} شخصًا آخر}other{+ {moreCount} من الأشخاص الآخرين}}"
   },
   "7973635145070803181": {
      "message": "تحميل صور"
   },
   "7987180255015869513": {
      "message": "أو لصق عنوان الويب هنا:"
   },
   "8011497727123874703": {
      "message": "زر المجلد $1​"
   },
   "8016231262233952856": {
      "message": "أزرق مخضر"
   },
   "8019402848412685977": {
      "message": "تمت إعادة تسمية \"$2​\" إلى \"$1​\"."
   },
   "8023466614826324314": {
      "message": "ستتم مشاركة الصور مع جمهور عريض."
   },
   "8043514121228710092": {
      "message": "إضافة صورة"
   },
   "8044700199531805239": {
      "message": "تم ربط $3​$1​$2​."
   },
   "8069384932934428393": {
      "message": "في غضون دقيقة واحدة ($1​)"
   },
   "8081927474846706026": {
      "message": "ليس هناك أي رسومات."
   },
   "8090743714060857028": {
      "message": "يتعذر التنزيل على المشاهدين"
   },
   "8095838445486198080": {
      "message": "{FILE_SIZE,plural, =0{0 بايت}=1{1 بايت}two{# بايت}few{# بايت}many{# بايت}other{# بايت}}"
   },
   "8099047958506869131": {
      "message": "{VIEWER_GENDER,select, female{مجلد جديد}male{مجلد جديد}other{مجلد جديد}}"
   },
   "8100558294600077150": {
      "message": "بحث المدونات"
   },
   "8105635255693472607": {
      "message": "إضافة عناصر قائمة جديدة"
   },
   "8106780183458743723": {
      "message": "ألبومات الصور"
   },
   "8112699352770418817": {
      "message": "لم يتم العثور على أي كتب."
   },
   "8132410616064087953": {
      "message": "الفيديو طويل جدًا (الحد الأقصى للمدة هو $1​ ثانية)."
   },
   "8135145577663029437": {
      "message": "الاحتفاظ بالنسختين"
   },
   "8146560259680897627": {
      "message": "إلغاء"
   },
   "8158191101452862916": {
      "message": "إدراج صور"
   },
   "8159493406018222636": {
      "message": "إرسال ملاحظة"
   },
   "8172945196588870035": {
      "message": "الأحداث"
   },
   "8174654098152723289": {
      "message": "تعديل الوصف"
   },
   "8178754379486173416": {
      "message": "{VIEWER_GENDER,select, female{تم تحديد عدد قليل جدًا من العناصر. الرجاء تحديد المزيد.}male{تم تحديد عدد قليل جدًا من العناصر. الرجاء تحديد المزيد.}other{تم تحديد عدد قليل جدًا من العناصر. الرجاء تحديد المزيد.}}"
   },
   "8192378456655629049": {
      "message": "جارٍ معالجة الفيديو..."
   },
   "8193991135666622583": {
      "message": "keep"
   },
   "821942580510564685": {
      "message": "الرجاء إدخال كلمة المرور الخاصة بهذا المستند لعرضه"
   },
   "8239237134193392595": {
      "message": "لا تظهر إشعارات التذكير بالموقع إلا على أجهزة الجوّال."
   },
   "8267458240960831780": {
      "message": "جارٍ المصادقة..."
   },
   "8281141013543828574": {
      "message": "‏صورة Raw"
   },
   "8281678863271800533": {
      "message": "تصفية الصور"
   },
   "8283103456188558313": {
      "message": "العروض التقديمية"
   },
   "8290434443655418968": {
      "message": "{filesCount,plural, =0{unused plural form}=1{لا يمكن تحميل الملف المحدد [{file}] لعدم توافقه.}two{لا يمكن تحميل الملفين المحددين [{files}] لعدم توافقهما.}few{لا يمكن تحميل الملفات المحددة [{files}] لعدم توافقها.}many{لا يمكن تحميل الملفات المحددة [{files}] لعدم توافقها.}other{لا يمكن تحميل الملفات المحددة [{files}] لعدم توافقها.}}"
   },
   "8304474373444239435": {
      "message": "رد بواسطة $1​."
   },
   "8322416564157128458": {
      "message": "المشاركة"
   },
   "8324195080917648153": {
      "message": "الفيديو لا يصلح للعرض هنا. الرجاء تكبير حجم نافذة المتصفح قليلاً."
   },
   "8337582740675387693": {
      "message": "جافا"
   },
   "8342684858400436871": {
      "message": "tab"
   },
   "8379952094517631162": {
      "message": "لا"
   },
   "8409393124758970712": {
      "message": "$2​ x $1​"
   },
   "8412684147928483084": {
      "message": "أسود"
   },
   "8435544675017330861": {
      "message": "لم يطابق بحثك أي عناصر."
   },
   "8436817383042650304": {
      "message": "caps-lock"
   },
   "8451184312655705174": {
      "message": "‏إذا كان عنوان URL صحيحًا، فستشاهد معاينة هنا. قد يستغرق ظهور الصور الكبيرة بضع دقائق."
   },
   "8467894483369467251": {
      "message": "Flash"
   },
   "8506198918368329269": {
      "message": "النتائج المعروضة مصنفة على أنها قابلة لإعادة الاستخدام التجاري مع إمكانية التعديل."
   },
   "8571315158566081191": {
      "message": "ليس هناك أي جداول بيانات."
   },
   "8580600056399054303": {
      "message": "تعيين مكان نقل العناصر الجديدة أو المحددة"
   },
   "8595175575778060149": {
      "message": "المزيد"
   },
   "8596257056433048992": {
      "message": "مرحباً بك في"
   },
   "8616342546716995946": {
      "message": "أعي ذلك"
   },
   "8621067185485606452": {
      "message": "ECMAScript"
   },
   "8638281560898810401": {
      "message": "{MINUTES,plural, =0{0 دقائق }=1{دقيقة واحدة }two{دقيقتان (#) }few{# دقائق }many{# دقيقة }other{# من الدقائق }}{SECONDS,plural, =0{0 ثوانٍ.}=1{ثانية واحدة.}two{ثانيتان (#).}few{# ثوانٍ.}many{# ثانية. }other{# من الثواني.}}"
   },
   "863955692838281739": {
      "message": "إغلاق"
   },
   "8643398764569428530": {
      "message": "‏هل تريد السماح لـ Google Keep بعرض إشعارات؟"
   },
   "8652566647088230560": {
      "message": "تطبيق تجريبي سري"
   },
   "8660016472468563221": {
      "message": "نقطتان"
   },
   "8663507590720636709": {
      "message": "$1​ +$2​ غيرها"
   },
   "8666643061920113075": {
      "message": "{VIEWER_GENDER,select, female{‏لصق عنوان URL للصورة هنا:}male{‏لصق عنوان URL للصورة هنا:}other{‏لصق عنوان URL للصورة هنا:}}"
   },
   "8674222789100049233": {
      "message": "إغلاق"
   },
   "86815590954366945": {
      "message": "قائمة محتويات مؤرشفة"
   },
   "8709611758728645225": {
      "message": "pg-down"
   },
   "8711002053494037632": {
      "message": "تم إلغاء تحديد جميع العناصر"
   },
   "8748281640412284111": {
      "message": "صور المخزون"
   },
   "8759520888087120926": {
      "message": "لا توجد نصوص برمجية."
   },
   "8775097441636640256": {
      "message": "$2​ - $1​"
   },
   "8780212274435014958": {
      "message": "الدوائر"
   },
   "8781837301864053001": {
      "message": "نص منسق"
   },
   "8792038552136453044": {
      "message": "عفوًا! حدث خطأ ما"
   },
   "8793166064242077041": {
      "message": "حدثت مشكلة أثناء عرض هذه الصورة."
   },
   "8813101408630252335": {
      "message": "$1​ من الثواني"
   },
   "8820281478062782578": {
      "message": "بحث"
   },
   "8822326207328431952": {
      "message": "تحميلات الصور غير متوفرة"
   },
   "8840223453482998505": {
      "message": "تم تحديد المجلد $1​"
   },
   "8845176264121061589": {
      "message": "إلغاء تحديد جميع العناصر"
   },
   "8850238112725591771": {
      "message": "الاختصار $1​"
   },
   "8852550049823214385": {
      "message": "ثم"
   },
   "8883744193208363722": {
      "message": "يتوفر تحديث للتطبيق."
   },
   "8884900765322249670": {
      "message": "عرض القائمة"
   },
   "8889019648958415451": {
      "message": "ملف غير معروف"
   },
   "8911996820409711834": {
      "message": "‏نقل النص إلى عنصر قائمة جديد &raquo;"
   },
   "8916237870980173557": {
      "message": "جارٍ الاتصال..."
   },
   "8917554093651202032": {
      "message": "تشغيل $1​"
   },
   "8919660666733306860": {
      "message": "صورة"
   },
   "8930959387403789939": {
      "message": "تذكير"
   },
   "8943760679396635042": {
      "message": "عرض $1​."
   },
   "8953555255469284376": {
      "message": "أسقط الصور هنا"
   },
   "8979615310931291676": {
      "message": "تاريخ التعديل: $1​"
   },
   "8986044948621891903": {
      "message": "‏اكتب عبارة البحث في المربع أعلاه للعثور على نتائج بحث الويب باستخدام بحث الويب من Google."
   },
   "901615442107785480": {
      "message": "أرشفة ملاحظة/قائمة"
   },
   "9024023699330078373": {
      "message": "‏سيؤدي فتح هذا العنصر إلى إضافته إلى Drive"
   },
   "9028041601596584772": {
      "message": "الموقع"
   },
   "9058308423774656474": {
      "message": "Hangul Word Processor"
   },
   "9083935734710258396": {
      "message": "رفض"
   },
   "9094248058931620597": {
      "message": "تم تصغير لوحة التفاصيل."
   },
   "9114674068220302553": {
      "message": "كمرفق"
   },
   "911586799466052745": {
      "message": "OpenOffice Draw"
   },
   "9130962320402467249": {
      "message": "صور المخزون"
   },
   "9146716987301178362": {
      "message": "حدث خطأ. الرجاء إعادة التحميل."
   },
   "9165877886714239857": {
      "message": "يتعذر استخلاص النص من الصورة. الرجاء إعادة المحاولة."
   },
   "916773043895242978": {
      "message": "‏عنوان URL للصورة الذي أدخلته أعلاه غير صحيح أو لا يمكن تحميله. الرجاء إدخال عنوان URL صحيح للصورة."
   },
   "9173629944963872598": {
      "message": "لم يتم العثور على أي أحداث."
   },
   "9182500445937900938": {
      "message": "إغلاق"
   },
   "9195941533351099011": {
      "message": "جارٍ تحميل $1​ من $2​"
   },
   "9197837492705576727": {
      "message": "انتقال إلى العنصر التالي"
   },
   "919969969251998566": {
      "message": "استخراج هذا الأرشيف إلى حساب بريدك الإلكتروني."
   },
   "9203542510134660095": {
      "message": "‏بدأت مهمة فك الضغط. سيظهر محتوى الأرشيف في Drive ضمن المجلد \"$1​\"."
   },
   "940276535015195877": {
      "message": "ليس هناك أي مجلد."
   },
   "943493480163896757": {
      "message": "{resultCount,plural, =1{# ملاحظة متطابقة}zero{ليست هناك ملاحظات متطابقة}two{ملاحظتان (#) متطابقتان}few{# ملاحظات متطابقة}many{# ملاحظة متطابقة}other{# من الملاحظات المتطابقة}}"
   },
   "951963820437151566": {
      "message": "‏مواقع Google"
   },
   "95809842507987016": {
      "message": "حذف"
   },
   "963611681085757795": {
      "message": "عذرًا، لا يمكننا إنشاء عرض للمستند في الوقت الحالي."
   },
   "96556988207614774": {
      "message": "التقاويم"
   },
   "974042541427403929": {
      "message": "أزرق"
   },
   "980395722421409371": {
      "message": "لم يتم العثور على أية خرائط."
   },
   "982187142411651629": {
      "message": "تجاهل"
   },
   "985197728509875956": {
      "message": "نموذج كيميائي"
   },
   "996381410993745580": {
      "message": "Photoshop"
   },
   "998727788921602971": {
      "message": "مقاطع الفيديو"
   },
   "appDesc": {
      "description": "App description",
      "message": "يمكنك بسرعة تدوين ما يدور بذهنك وإرسال التذكيرات في المكان والوقت المناسبين."
   },
   "appName": {
      "description": "App name.",
      "message": "Google Keep - الملاحظات والقوائم"
   }
}
