{
   "1006787209796778126": {
      "message": "Моят диск"
   },
   "1017907757187630742": {
      "message": "Моите шрифтове"
   },
   "1029072043275376320": {
      "message": "Няма намерени календари."
   },
   "1030781695901615026": {
      "message": "Най-долу"
   },
   "103870949919613488": {
      "message": "Бележката е архивирана"
   },
   "1039394921418415681": {
      "message": "Вход"
   },
   "1083918249169198626": {
      "message": "Клавишните комбинации са деактивирани."
   },
   "1090919586152138659": {
      "message": "Стокови"
   },
   "1101371910696766077": {
      "message": "Създаване на копие"
   },
   "1107413433574576014": {
      "message": "Заглавието е твърде голямо. Откроеният текст няма да бъде запазен."
   },
   "1127320433256851404": {
      "message": "Видеоплейър"
   },
   "1162642135048988280": {
      "message": "Преименуване на документа"
   },
   "1166244120191806795": {
      "message": "Изпращане на отзиви"
   },
   "1179891706526242218": {
      "message": "Напред"
   },
   "1185164838496022543": {
      "message": "Моля, кликнете тук, за да презаредите страницата."
   },
   "1185644932132585290": {
      "message": "Остават $1​ знака"
   },
   "1213005208968286932": {
      "message": "Означено като решено"
   },
   "1263557413037343589": {
      "message": "Организиране на снимките"
   },
   "1263685395252160366": {
      "message": "LaTeX"
   },
   "1311350045083871503": {
      "message": "Отказ"
   },
   "1311729747516144362": {
      "message": "Червени"
   },
   "1315844696796851207": {
      "message": "Безсерифни"
   },
   "1319037146426591038": {
      "message": "или"
   },
   "132822872080714863": {
      "message": "OK"
   },
   "133192954417440569": {
      "message": "Няма намерени резултати."
   },
   "1349697396109290623": {
      "message": "Показване на „$1​“ с по-висока разделителна способност"
   },
   "1376126796144976437": {
      "message": "Всички шрифтове"
   },
   "139942704574044780": {
      "message": "Приемам"
   },
   "141491180325662484": {
      "message": "Google Диск е мястото, където да държите всичките си файлове, така че да разполагате с достъп до тях отвсякъде и от всяко устройство. Щом имате снимки в Google Диск, можете незабавно да ги споделите с кръговете си тук."
   },
   "1418114637490664392": {
      "message": "Фотоархив на LIFE"
   },
   "1419896259743862406": {
      "message": "Отваряне с/ъс"
   },
   "1440171352837969028": {
      "message": "Видео/аудио"
   },
   "1441487391064925653": {
      "message": "Преглед на всички клавишни комбинации в Помощния център"
   },
   "1446829548948002072": {
      "message": "запетая"
   },
   "1454684154234137497": {
      "message": "Pause"
   },
   "1459765068821943106": {
      "message": "{VIEWER_GENDER,select, female{Поставете URL адреса в YouTube тук:}male{Поставете URL адреса в YouTube тук:}other{Поставете URL адреса в YouTube тук:}}"
   },
   "1463079206290378085": {
      "message": "Снимки от Orkut"
   },
   "1463389029497634261": {
      "message": "Намаляване на силата на звука"
   },
   "1475179211173444554": {
      "message": "Всеки с връзката в домейна"
   },
   "1492360016907725281": {
      "message": "{VIEWER_GENDER,select, female{Поставете URL адрес на видеоклип тук:}male{Поставете URL адрес на видеоклип тук:}other{Поставете URL адрес на видеоклип тук:}}"
   },
   "1493251742569121894": {
      "message": "Бележката е твърде голяма. Откроеният текст няма да бъде запазен."
   },
   "1493384967280942491": {
      "message": "Розови"
   },
   "1499433769420882987": {
      "message": "Показва се „$1​“"
   },
   "1505876360160857231": {
      "message": "$1​ ТБ"
   },
   "1521707405717823409": {
      "message": "Лилави"
   },
   "153439508598626384": {
      "message": "Вашите снимки"
   },
   "1536051766421561160": {
      "message": "равно"
   },
   "156992719062713230": {
      "message": "Сив"
   },
   "1586968957182554447": {
      "message": "Деактивиране"
   },
   "1588268697057804046": {
      "message": "преди $1​ часа"
   },
   "1603139897109307706": {
      "message": "Грешка! Моля, опитайте отново."
   },
   "1604359562654146902": {
      "message": "Снимки"
   },
   "1633370388224271051": {
      "message": "Няма намерени хора."
   },
   "1633798963327779260": {
      "message": "Утре"
   },
   "1654222450095043962": {
      "message": "Аудио"
   },
   "1656911987308166143": {
      "message": "Изтриване"
   },
   "1665821947855814052": {
      "message": "Размер"
   },
   "1692901784886701962": {
      "message": "Бележката е твърде голяма."
   },
   "1697160643589236962": {
      "message": "$1​ ПБ"
   },
   "1700522311470719738": {
      "message": "Напомнете ми"
   },
   "1701312243672511585": {
      "message": "Преместване на текста в нова бележка &raquo;"
   },
   "1709410429018687341": {
      "message": "Сутрин ($1​)"
   },
   "1715552550526864429": {
      "message": "Търсене в блогове"
   },
   "171683163267149669": {
      "message": "$1​ ГБ"
   },
   "1739900012825270238": {
      "message": "Към предишния елемент"
   },
   "1756171223417807431": {
      "message": "Уверете се, че изображението е обществено. Ако е защитено с парола или се намира във вътрешна мрежа, няма да можем да го прочетем."
   },
   "1759957963056319953": {
      "message": "Назад от $1​"
   },
   "1783719421893050637": {
      "message": "Размери"
   },
   "178927681797742562": {
      "message": "Вход"
   },
   "1791115075948268631": {
      "message": "Отваряне на помощта за клавишните комбинации"
   },
   "1808245543551507519": {
      "message": "Аудио"
   },
   "1816851800848432562": {
      "message": "Премахване"
   },
   "1818306025747564729": {
      "message": "Към връзката"
   },
   "1823222042913714987": {
      "message": "Изпращане на паролата"
   },
   "1823854753950594157": {
      "message": "Без промяна на мястото"
   },
   "1830157062072535681": {
      "message": "Показва се „$1​“"
   },
   "185012928288875755": {
      "message": "Няма елементи, които съответстват на критериите ви."
   },
   "1856444915090632305": {
      "message": "Документът е шифрован. Моля, въведете парола."
   },
   "1866863108233180413": {
      "message": "Папки"
   },
   "187077078156858455": {
      "message": "Аудиобележка"
   },
   "189303170370862360": {
      "message": "$1​ от $2​ елемента"
   },
   "1900571668686750716": {
      "message": "vCard"
   },
   "1901351411358749070": {
      "message": "Споделени с мен"
   },
   "1913425963149828429": {
      "message": "Извличане на този архив в Диск."
   },
   "1918176455405610789": {
      "message": "Готово"
   },
   "1920189655549476211": {
      "message": "неизвестна продължителност"
   },
   "1929603188252533075": {
      "message": "Видеоклипът ви не можа да се изтрие. Моля, опитайте отново."
   },
   "1951810091681076784": {
      "message": "{COUNT_1,plural, =1{1 съответстваща бележка}other{{COUNT_2} съответстващи бележки}}"
   },
   "1956794332842050061": {
      "message": "Следваща страница"
   },
   "1965626377712226216": {
      "message": "Keynote"
   },
   "1968405748623909021": {
      "message": "Изпробвайте някое от приложенията по-долу, за да отворите или редактирате този елемент"
   },
   "1974063091619095703": {
      "message": "Хора"
   },
   "1988244842147989817": {
      "message": "Бележките в кошчето се изтриват след 7 дни."
   },
   "1993674829873313178": {
      "message": "Проблеми с качването? В момента извършваме профилактика, но скоро всичко ще заработи нормално."
   },
   "2003845117979929469": {
      "message": "Подробности"
   },
   "2048322072989992494": {
      "message": "Още никой не е споделил файлове с вас!"
   },
   "2055836117545582610": {
      "message": "Настройки за списъци"
   },
   "2059084517358086391": {
      "message": "Затваряне на лентата за търсене"
   },
   "2061440050632248160": {
      "message": "Архив"
   },
   "2068023589621557589": {
      "message": "Шрифт TrueType"
   },
   "2073035325657060696": {
      "message": "Няма налична визуализация."
   },
   "2073322475696388995": {
      "message": "Пропускане напред"
   },
   "207810168108507460": {
      "message": "преди $1​ час"
   },
   "2109272338124379867": {
      "message": "Последна промяна"
   },
   "2116013171202209313": {
      "message": "Избиране"
   },
   "2122256657192674586": {
      "message": "Търсене на видеоклипове"
   },
   "2125135092719715773": {
      "message": "Качване"
   },
   "212796670323571824": {
      "message": "OK"
   },
   "213665695896111861": {
      "message": "Бележки"
   },
   "2138593281154109183": {
      "message": "Архив"
   },
   "2147952938331523160": {
      "message": "Преименуване…"
   },
   "2154372123324862271": {
      "message": "наклонена черта"
   },
   "2154940358270068005": {
      "message": "Изтритите бележки се съхраняват малко по-дълго време"
   },
   "2184278444368405837": {
      "message": "$1​ елемента"
   },
   "2187239650627580457": {
      "message": "Изпращане"
   },
   "2198096971937872560": {
      "message": "Напомняне:"
   },
   "220168959069469607": {
      "message": "Още действия"
   },
   "221715292685577880": {
      "message": "Да"
   },
   "2220005860896049129": {
      "message": "За съжаление намирането на документа в първоначалния източник отне твърде много време."
   },
   "2228413078211839077": {
      "message": "За съжаление имаме временен проблем с генерирането на изглед на документа."
   },
   "2235097878790803849": {
      "message": "Сбогом, прикачени файлове. Здравей, Google Диск."
   },
   "2257303402199718039": {
      "message": "За съжаление не успяхме да намерим документа в първоначалния източник. Потвърдете, че документът още съществува."
   },
   "2274436793504233543": {
      "message": "Отказ"
   },
   "2278224983638451454": {
      "message": "Изтегляне сега"
   },
   "2280650195464600721": {
      "message": "Придвижване"
   },
   "2285069188138705005": {
      "message": "Свързани приложения"
   },
   "2289534534793293486": {
      "message": "Деархивиране"
   },
   "2289812403593835836": {
      "message": "Pages"
   },
   "229177484946387188": {
      "message": "Google Earth"
   },
   "2292696732672795285": {
      "message": "Увеличаване на силата на звука"
   },
   "230180475614658119": {
      "message": "Готово"
   },
   "2304293593067358316": {
      "message": "Графични колекции"
   },
   "2310145944356900158": {
      "message": "С отметка"
   },
   "2311880726221661199": {
      "message": "Зареждат се по-високи разделителни способности"
   },
   "2329167963662998826": {
      "message": "Google Keep иска да използва местоположението ви с цел подобряване на предложенията за места при напомнянията за местоположения."
   },
   "234046557601727809": {
      "message": "Няма изображения или видеоклипове."
   },
   "2349912757088764940": {
      "message": "Видими от:"
   },
   "2359614137862708172": {
      "message": "Shift"
   },
   "2370463380397641604": {
      "message": "Популярни клавишни комбинации"
   },
   "2370656573843123707": {
      "message": "дясна скоба"
   },
   "2393487423640708285": {
      "message": "URL адресът не е валиден. Уверете се, че започва с http:// или https://."
   },
   "2405795704816921421": {
      "message": "Файл „$1​“"
   },
   "2412314804333167252": {
      "message": "Тази електронна таблица е твърде голяма. Кликнете, за да я $3​изтеглите$1​, или $4​редактирайте в Google Таблици$1​."
   },
   "2418104318933043113": {
      "message": "Google Търсене на изображения"
   },
   "2433429041384246549": {
      "message": "Спиране"
   },
   "2449254824382583885": {
      "message": "Отделяне"
   },
   "2452522051596946166": {
      "message": "Ами сега! При визуализирането на „$1​“ възникна проблем. Извършва се нов опит."
   },
   "2454642351139428112": {
      "message": "Отмяна"
   },
   "2466251465475184755": {
      "message": "Искате ли да изпразните кошчето?  Всички бележки в него ще бъдат изтрити за постоянно."
   },
   "2475181823688399272": {
      "message": "Напред"
   },
   "2484568559152875936": {
      "message": "Няма фотоалбуми."
   },
   "2504232652631703202": {
      "message": "Установена е връзка"
   },
   "251025074207413762": {
      "message": "Добавяне на описание"
   },
   "2510929871271209216": {
      "message": "Тази електронна таблица е твърде голяма. Кликнете $2​тук$1​, за да я изтеглите."
   },
   "2513437337377210144": {
      "message": "End"
   },
   "2524021436052870191": {
      "message": "Този файл не може да се качи. Ще работят само $1​ файлове, по-малки от $2​ МБ."
   },
   "2532280782491328445": {
      "message": "Търсене на предишното"
   },
   "2538080331309772448": {
      "message": "Сортиране по: $1​"
   },
   "2538462904124380434": {
      "message": "Бележката е преместена в кошчето"
   },
   "2546225293834487484": {
      "message": "Бележка"
   },
   "2558480112329900136": {
      "message": "Сиви"
   },
   "257317112834806705": {
      "message": "Превключване между списъчен и табличен изглед"
   },
   "2579679351920691492": {
      "message": "Пропускане назад"
   },
   "2587566920590457715": {
      "message": "Maps Engine Lite"
   },
   "2609409316752026806": {
      "message": "PDF"
   },
   "2609750184896485102": {
      "message": "Видеоклипове от телефона"
   },
   "2615188670181508661": {
      "message": "Скоро не сте избирали нищо!"
   },
   "2623861453769098676": {
      "message": "При визуализирането на този документ възникна проблем."
   },
   "2628268670001557269": {
      "message": "Квота"
   },
   "2643241712502664984": {
      "message": "Вашите видеоклипове в YouTube"
   },
   "2661850177130037208": {
      "message": "Отваряне на елемента"
   },
   "2681830832355823748": {
      "message": "Търсене във всички клавишни комбинации"
   },
   "2687303256387847763": {
      "message": "Популярност"
   },
   "2702485557996900362": {
      "message": "Коригиране на несъвместимите редакции"
   },
   "2705842902318123127": {
      "message": "Преминаване към следващата/предишната бележка/списък"
   },
   "272948685355798518": {
      "message": "Избран е невалиден файлов тип."
   },
   "2731144323070245943": {
      "message": "Настройки за списъци"
   },
   "2742719907061406418": {
      "message": "XML"
   },
   "2750830436677712001": {
      "message": "{VIEWER_GENDER,select, female{Създаването на „{FOLDER_NAME}“ не бе успешно.}male{Създаването на „{FOLDER_NAME}“ не бе успешно.}other{Създаването на „{FOLDER_NAME}“ не бе успешно.}}"
   },
   "2752123004911547510": {
      "message": "Налагащи се"
   },
   "2758125083752925237": {
      "message": "(собственик)"
   },
   "277430914014962533": {
      "message": "Ами сега! При визуализирането на „$1​“ възникна проблем."
   },
   "2774713922589657910": {
      "message": "Всеки в домейна"
   },
   "2786560864906393383": {
      "message": "Снимки от телефона"
   },
   "2789687492331041935": {
      "message": "Избиране на час"
   },
   "2790446494460492805": {
      "message": "Заданието по извличането започна. Архивираните съобщения ще се показват в профила ви в пощата под етикета „Импортиране: $1​“."
   },
   "2793841261389879255": {
      "message": "Предишна страница"
   },
   "2801153442808430222": {
      "message": "Моят диск"
   },
   "2817277146396981386": {
      "message": "pm"
   },
   "2818020101821669029": {
      "message": "Създадено"
   },
   "2818135503416309545": {
      "message": "Запис на видеоклип"
   },
   "2827039933590757722": {
      "message": "Пряк път в Windows"
   },
   "2829226075651806940": {
      "message": "Увеличаване на мащаба"
   },
   "2860188519781080944": {
      "message": "Оранжеви"
   },
   "2861568351294148466": {
      "message": "Скриптове"
   },
   "2864281852037732729": {
      "message": "По-малко"
   },
   "2873089307546162154": {
      "message": "ОK"
   },
   "2877285560485318801": {
      "message": "Поставяне на пауза"
   },
   "2878874627361086801": {
      "message": "визуализация"
   },
   "2879276552944958066": {
      "message": "Назад към папката „$1​“."
   },
   "289798573180023043": {
      "message": "OK"
   },
   "2902747751281161248": {
      "message": "Прилагане за новите списъци"
   },
   "2905147317995482841": {
      "message": "Актуализирахме интерфейса за преглед за всички файлове в Google Диск. Той вече е по-хубав и по-лесен за използване! Надяваме се новият облик да ви хареса."
   },
   "2917498437550635075": {
      "message": "Икона"
   },
   "2964778642459027786": {
      "message": "Няма бележки в кошчето"
   },
   "2974598228601710262": {
      "message": "Добавяне"
   },
   "2979466412944870220": {
      "message": "Визуализацията се зарежда..."
   },
   "2982511431742033448": {
      "message": "Няма презентации."
   },
   "298817883481775869": {
      "message": "Зарежда се..."
   },
   "3000689173481666334": {
      "message": "Редактиране на кръга ви"
   },
   "3029395493413607486": {
      "message": "Видеоплейърът не можа да се зареди. Опитайте да презаредите страницата.$1​Ако проблемът не се отстрани, $3​направете справка в Помощния център$2​."
   },
   "3043961722025425136": {
      "message": "Описание"
   },
   "306516303501625305": {
      "message": "Удостоверяването не бе успешно."
   },
   "3073005748126521632": {
      "message": "Напомнено в/ъв $1​"
   },
   "3074184819310272351": {
      "message": "Качени снимки"
   },
   "3084372889071691504": {
      "message": "{VIEWER_GENDER,select, female{Поставете URL адрес тук:}male{Поставете URL адрес тук:}other{Поставете URL адрес тук:}}"
   },
   "3095645856215493958": {
      "message": "Намиране на печатeн текст в снимките"
   },
   "31018542656161389": {
      "message": "Промяна на мащаба до размерите"
   },
   "3109321241584918345": {
      "message": "Свързване на още приложения..."
   },
   "3121560585545725724": {
      "message": "$1​, $2​"
   },
   "3140236589681731084": {
      "message": "след $1​ часа"
   },
   "3189854932778515441": {
      "message": "Бележката е в архива"
   },
   "3207670492626476064": {
      "message": "Таблици"
   },
   "3211163842850942567": {
      "message": "Увеличаване на мащаба"
   },
   "3222929029344613957": {
      "message": "За съжаление при отварянето на този файл възникна грешка. Моля, опитайте отново."
   },
   "3233388241926683100": {
      "message": "Търсене в бележките"
   },
   "3243829462528324248": {
      "message": "Кафяви"
   },
   "3250489229749307913": {
      "message": "Електронно издание"
   },
   "3256928852560591255": {
      "message": "В кошчето не може да се редактира"
   },
   "3261131345401321392": {
      "message": "Може да коментира"
   },
   "3265524298292280681": {
      "message": "Esc"
   },
   "3267563602179728277": {
      "message": "Delete"
   },
   "3272496516667407797": {
      "message": "При зареждането на подробностите възникна проблем."
   },
   "3275029321588462173": {
      "message": "Без"
   },
   "3278237562147211998": {
      "message": "Стокови снимки"
   },
   "330603631583186798": {
      "message": "Word"
   },
   "3306487262690341751": {
      "message": "Дата и час"
   },
   "3312545971976531405": {
      "message": "Съобщение"
   },
   "3319087486907616296": {
      "message": "Предаване на този елемент"
   },
   "3328129883064940351": {
      "message": "Шрифтове"
   },
   "3335409796971631780": {
      "message": "Извлича се в Диск."
   },
   "3343451103608774400": {
      "message": "Представяме ви $3​новата версия на Моите карти.$2​$1​По-добри инструменти за картографиране."
   },
   "3354260708176476985": {
      "message": "Зарежда се&hellip;"
   },
   "3357778055650785985": {
      "message": "Елементът е твърде голям. Откроеният текст няма да бъде запазен."
   },
   "3364679383274077479": {
      "message": "Налице е актуализация за приложението"
   },
   "3368639944474272225": {
      "message": "За съжаление не можем да извлечем документа за преглеждане или нямате разрешение да го преглеждате."
   },
   "3381619429606029445": {
      "message": "Visio"
   },
   "3382236845597426718": {
      "message": "Отваряне"
   },
   "3408219901032480508": {
      "message": "$2​; $1​"
   },
   "3409257542937182842": {
      "message": "Извършва се нов опит..."
   },
   "3409483962000136213": {
      "message": "Пускане/пауза"
   },
   "3418767079436101103": {
      "message": "При зареждането на тази страница възникна проблем."
   },
   "3421685394169412932": {
      "message": "Всяка извършена от вас промяна се запазва автоматично"
   },
   "3422389100099960864": {
      "message": "Няма изображения."
   },
   "3428726060007577698": {
      "message": "Списъкът е твърде голям."
   },
   "3430885603500576146": {
      "message": "Изберете само изображения, за които сте потвърдили, че имате разрешение да ги използвате."
   },
   "3440534675925634227": {
      "message": "В прозорец на браузъра Chrome отворете chrome://settings и се уверете, че сте влезли в профила си. След това кликнете отново върху „Вход“."
   },
   "3446158485617778228": {
      "message": "Отмяна"
   },
   "3448234415275521882": {
      "message": "Обща информация"
   },
   "3448684788258660606": {
      "message": "Вашите снимки"
   },
   "3450585781337676327": {
      "message": "Зарежда се..."
   },
   "3457279184692206825": {
      "message": "Снимките ще се виждат от всички (обществени в мрежата)."
   },
   "3468441711253011521": {
      "message": "Google Таблици"
   },
   "3473620774713000513": {
      "message": "Решено"
   },
   "3483438888494819423": {
      "message": "Новите неща в Google Keep"
   },
   "3511274344439521198": {
      "message": "Действия"
   },
   "3518073392823563581": {
      "message": "Клавишни комбинации"
   },
   "3531603810713611778": {
      "message": "Надхвърлен е максималният размер на файловете. Моля, премахнете един или повече от избраните."
   },
   "3543475399174940144": {
      "message": "+ $1​"
   },
   "3547194749488601916": {
      "message": "Актуализира се..."
   },
   "354828103903104581": {
      "message": "Елементи с отметка"
   },
   "3561658662634401836": {
      "message": "Заглавие"
   },
   "357172711168973843": {
      "message": "Наскоро добавените бележки или промени не бяха запазени. Направете свое собствено копие на съдържанието, след което презаредете."
   },
   "3586705906700410505": {
      "message": "Скици"
   },
   "3587798318180902863": {
      "message": "{NUM_SELECTED,plural, =1{ избрано »}other{ избрани »}}"
   },
   "3595000514985906359": {
      "message": "Excel"
   },
   "3602920441714068008": {
      "message": "Напомнено на $1​ в $2​"
   },
   "3608606849109645545": {
      "message": "Въведете ново име на документа:"
   },
   "361202495024972887": {
      "message": "Качване на видеоклипове"
   },
   "361630518611593946": {
      "message": "Квадр. за отметка: Скриване"
   },
   "3625886392901506764": {
      "message": "или"
   },
   "3643146117250542609": {
      "message": "Няма PDF файлове."
   },
   "3645728163953189422": {
      "message": "За съжаление не можем да извлечем документа за преглеждане, защото е твърде голям."
   },
   "3651893685901703652": {
      "message": "..."
   },
   "3657386785336906042": {
      "message": "обратно наклонена черта"
   },
   "3659554681396757189": {
      "message": "Отворено от мен"
   },
   "3663571259791438207": {
      "message": "Подаване на сигнал за злоупотреба"
   },
   "3664842788764635265": {
      "message": "Няма"
   },
   "3666123569747918021": {
      "message": "В този документ има незапазени промени. Искате ли да излезете от страницата, при което те ще бъдат отхвърлени?"
   },
   "3673346558112798837": {
      "message": "Без фон"
   },
   "3674811252904549204": {
      "message": "Основни снимки"
   },
   "3678477908297567934": {
      "message": "долна черта"
   },
   "3681747688524363195": {
      "message": "Най-горе"
   },
   "3690515530505404607": {
      "message": "При възпроизвеждането на този видеоклип възникна проблем."
   },
   "369764661829607970": {
      "message": "{NUM_ITEMS,plural, =0{Няма елементи}=1{1 елемент}other{# елемента}}"
   },
   "3712215972250917265": {
      "message": "Коментари"
   },
   "3717138719704492547": {
      "message": "Моля, проверете адреса за печатни грешки."
   },
   "374088101949877889": {
      "message": "Затваряне"
   },
   "3745308627628779133": {
      "message": "Нова папка"
   },
   "3748461364828242354": {
      "message": "Избиране на цвят"
   },
   "3770795578481676514": {
      "message": "Жълт"
   },
   "3771958676925493302": {
      "message": "Премахване на филтъра: $1​"
   },
   "3779945546806941187": {
      "message": "Монохромни"
   },
   "3793086499925031123": {
      "message": "Отваряне на лентата за търсене/намиране на предишното"
   },
   "37992665410817181": {
      "message": "Повторно отворено"
   },
   "3801617971018550169": {
      "message": "Вчера"
   },
   "3808213429720572062": {
      "message": "Възстановяване"
   },
   "381100310424863459": {
      "message": "Illustrator"
   },
   "3842411126100113634": {
      "message": "Page Up"
   },
   "3844047145949375230": {
      "message": "Документи"
   },
   "3858324058837632381": {
      "message": "При възпроизвеждането на този аудиофайл възникна проблем."
   },
   "3864575916269080329": {
      "message": "Изображения, в които може да се търси"
   },
   "3866373087987934712": {
      "message": "Качването не бе успешно: $1​"
   },
   "3869166581651870488": {
      "message": "Завършване на редактирането"
   },
   "3873215756962047275": {
      "message": "АРХИВ"
   },
   "3873467440437675460": {
      "message": "За съжаление не можахме да намерим шрифтовете, които избрахте по-рано."
   },
   "3897281533382850749": {
      "message": "Пускане"
   },
   "3936153839186254186": {
      "message": "Показване на: $1​"
   },
   "3955760658925284765": {
      "message": "Опитайте отново"
   },
   "3974064131130689245": {
      "message": "Табличен изглед"
   },
   "3977699855735576796": {
      "message": "При зареждането на още страници възникна проблем."
   },
   "3988418762222300024": {
      "message": "точка"
   },
   "3989552504822984034": {
      "message": "Чертеж в Google"
   },
   "4005725939358875643": {
      "message": "Действието е отменено."
   },
   "4014287326684608407": {
      "message": "Синьо-зелен"
   },
   "4048275292053012394": {
      "message": "Контакти"
   },
   "4059387791040010947": {
      "message": "Meta"
   },
   "4067915791853673774": {
      "message": "{VIEWER_GENDER,select, female{Затваряне}male{Затваряне}other{Затваряне}}"
   },
   "4078179869358383373": {
      "message": "Няма намерени резултати."
   },
   "4087667435414545203": {
      "message": "Вече не сте в профила си. Презаредете, за да извършите промени."
   },
   "4093134637041332383": {
      "message": "НАУЧЕТЕ ПОВЕЧЕ"
   },
   "4097007735221462946": {
      "message": "Рисунки"
   },
   "4097921967754832323": {
      "message": "късо тире"
   },
   "4100504115801514799": {
      "message": "Бележката е възстановена"
   },
   "4119294114251628099": {
      "message": "URL адресът на изображение, който посочихте, не можа да бъде извлечен. Възможно е да е частен URL адрес, до който сървърите ни нямат достъп. Моля, опитайте с друг."
   },
   "4134385041569168669": {
      "message": "Зарежда се..."
   },
   "4148564423510181521": {
      "message": "Изчистване на търсенето"
   },
   "4152315289461886": {
      "message": "Контроли за документa"
   },
   "4168280976997555951": {
      "message": "Няма документи."
   },
   "4174786386751618325": {
      "message": "Фотобележка"
   },
   "4182427157920112948": {
      "message": "тилда"
   },
   "4200426647595470259": {
      "message": "Пускане на аудиофайла"
   },
   "4200911267543705377": {
      "message": "Въведете заявката си за търсене в горното поле, за да намерите резултати от блогове с помощта на Google Търсене в блогове."
   },
   "4205329094859140439": {
      "message": "am"
   },
   "4211182812451835307": {
      "message": "Може да редактира"
   },
   "4211806608204126222": {
      "message": "$2​Общи условия$1​"
   },
   "4214190403999219403": {
      "message": "Промяна на мащаба"
   },
   "4230101516585408149": {
      "message": "Написване на нова бележка"
   },
   "4253741616909644861": {
      "message": "Думи за търсене"
   },
   "4280747719095153198": {
      "message": "Решен коментар"
   },
   "4286663890332754386": {
      "message": "Качването не бе успешно."
   },
   "4299690446455033653": {
      "message": "Works"
   },
   "4314643310615423802": {
      "message": "Вече не сте в профила си."
   },
   "4318861667254318892": {
      "message": "Google Video"
   },
   "4319229296464464147": {
      "message": "Дата на добавяне"
   },
   "4320831042030778": {
      "message": "Отказ"
   },
   "4332252081504252077": {
      "message": "Ами сега!"
   },
   "4338991104991831337": {
      "message": "Изображения"
   },
   "4339705658383891586": {
      "message": "Пълноцветни"
   },
   "4343825450663233452": {
      "message": "Може да преглежда"
   },
   "4343836986248234462": {
      "message": "Списъчен елемент"
   },
   "435214284915110062": {
      "message": "Отваряне на лентата за търсене"
   },
   "4372755508519489521": {
      "message": "Табличен изглед"
   },
   "4391715930031906467": {
      "message": "Търсене на следващото"
   },
   "4395845663892873002": {
      "message": "Home"
   },
   "4422985761498356257": {
      "message": "Отваряне със:"
   },
   "4430062722430863019": {
      "message": "Да се изтрие ли бележката завинаги?"
   },
   "4439812492856303238": {
      "message": "За съжаление при обработката на избраното от вас възникна неочаквана грешка. Моля, опитайте отново по-късно."
   },
   "4444571967705751871": {
      "message": "Кошче"
   },
   "4466605492523079635": {
      "message": "Запазване"
   },
   "4468872996560163913": {
      "message": "Изпразване на кошчето сега"
   },
   "4473912481270012588": {
      "message": "Запазено в Диск – Преместване във:"
   },
   "45228242181482134": {
      "message": "Пускане"
   },
   "4536519876526589338": {
      "message": "Аватар на $1​."
   },
   "4552045407215325033": {
      "message": "Въведеният от вас по-горе URL адрес на видеоклип не може да се зареди. Моля, уверете се, че е правилен и е от поддържан сайт."
   },
   "4564682305303579317": {
      "message": "Напред"
   },
   "456498742882714639": {
      "message": "Преместване във:"
   },
   "4588500131398315347": {
      "message": "Създаване на кръг"
   },
   "4604402426271704651": {
      "message": "Без снимка"
   },
   "4620034373159179678": {
      "message": "Страница $1​ от $2​"
   },
   "4630690108252818511": {
      "message": "Няма намерени изображения."
   },
   "468283184702431827": {
      "message": "Действието започна"
   },
   "4695897771458936174": {
      "message": "Споделяйте снимки от Google Диск в Google+"
   },
   "4740100782728373253": {
      "message": "Запазване в Диск"
   },
   "4748046231232264180": {
      "message": "Google Формуляри"
   },
   "4767722428137216885": {
      "message": "Отказ"
   },
   "477328789314249432": {
      "message": "Търсене в бележките"
   },
   "4775368111547931093": {
      "message": "Няма описание"
   },
   "4781742940361705258": {
      "message": "Отхвърляне"
   },
   "4783695823456312682": {
      "message": "Преместване най-долу"
   },
   "47844150329705564": {
      "message": "Резултати от търсенето на „$1​“"
   },
   "4798897505978458661": {
      "message": "Няма намерени видеоклипове."
   },
   "4805047680716507619": {
      "message": " – Преместване във:"
   },
   "4806763987633034948": {
      "message": "PKCS7 подпис"
   },
   "4833214200453019325": {
      "message": "$1​ от $2​"
   },
   "4846720038197420778": {
      "message": "Свързване на още приложения"
   },
   "4853788427396558692": {
      "message": "$1​ МБ"
   },
   "4858389278403807208": {
      "message": "Бележката е в кошчето"
   },
   "4888104357342241891": {
      "message": "Напомняния"
   },
   "4889853674709731963": {
      "message": "Всички бележки са запазени офлайн"
   },
   "4901386320110714275": {
      "message": "Паролата не е правилна. Моля, опитайте отново."
   },
   "490372259452655427": {
      "message": "За съжаление документът все още не е налице за преглеждане."
   },
   "4906669330059413958": {
      "message": "Изпращане на паролата"
   },
   "4908614808966678155": {
      "message": "Няма резултати от търсенето на „$1​“"
   },
   "4926020998477695737": {
      "message": "Превключване към папка „$1​“"
   },
   "4943176738805484221": {
      "message": "редактиране"
   },
   "4956678140555659175": {
      "message": "Backspace"
   },
   "4957674814179289955": {
      "message": "Преминаване към следващия/предишния списъчен елемент"
   },
   "4963784280521435720": {
      "message": "Запазва се..."
   },
   "4969219890884320840": {
      "message": "Актуализиране"
   },
   "4983125135476400111": {
      "message": "Преместване в кошчето на бележка/списък"
   },
   "4988132901627446385": {
      "message": "Панелът за подробности е разгънат."
   },
   "4998757387516632837": {
      "message": "Показаните резултати са означени за повторно използване и възможност за промяна."
   },
   "5006225450559627366": {
      "message": "+ още $1​"
   },
   "501475221876543407": {
      "message": "Тук се показват добавяните от вас бележки"
   },
   "5023525794410110078": {
      "message": "Добавяне на текст към снимка"
   },
   "5026241297254150381": {
      "message": "Добавяне на бележка"
   },
   "5046371569383796818": {
      "message": "Запазване"
   },
   "5055418092354683641": {
      "message": "Серифни"
   },
   "5095987896933771566": {
      "message": "Печат на документа"
   },
   "5096751700090310607": {
      "message": "Няма снимки."
   },
   "509815948423424872": {
      "message": "Придвижване"
   },
   "5099245668405591445": {
      "message": "Търсене"
   },
   "512429649443191386": {
      "message": "$2​Помощ$1​"
   },
   "5124522868502261563": {
      "message": "Електронни таблици"
   },
   "5130903421326358933": {
      "message": "При запазването на прикачения файл в Google Диск възникна проблем."
   },
   "5149937870346466591": {
      "message": "Списъчен изглед"
   },
   "5169187962228219813": {
      "message": "Изображения от Life"
   },
   "5180454621500142444": {
      "message": "Възстановяване"
   },
   "5180989337128758117": {
      "message": "лява скоба"
   },
   "5184692850089055965": {
      "message": "Извличане на текста от изображенията"
   },
   "5197718200713913936": {
      "message": "C++"
   },
   "5201670213497642487": {
      "message": "Лента с раздели в панела за подробности. Превключвайте между разделите с натискане на клавишите със стрелки за наляво и надясно."
   },
   "5204391636475413312": {
      "message": "Запазване"
   },
   "5213411023807957844": {
      "message": "Търсете в Google Keep"
   },
   "5213974294317036409": {
      "message": "{numPages,plural, =0{}=1{1 страница}other{# страници}}"
   },
   "5226470917948786938": {
      "message": "Азбучен ред"
   },
   "5238003680997310998": {
      "message": "Още"
   },
   "5238371081785912565": {
      "message": "Отваряне със: $1​"
   },
   "5275493935807628890": {
      "message": "Не можем да намерим изображението на този URL адрес."
   },
   "5281121179861637423": {
      "message": "За достъп до $1​ е необходима парола. Моля, въведете я."
   },
   "5288037028604092288": {
      "message": "XPS"
   },
   "5291153964865714504": {
      "message": "Няма съответстващи бележки"
   },
   "5299648222246616124": {
      "message": "обратен апостроф"
   },
   "5304869088141363028": {
      "message": "Представени снимки"
   },
   "5316658541831864803": {
      "message": "За съжаление този тип документ не се поддържа за преглеждане."
   },
   "5319313176242717957": {
      "message": "Изображенията се обработват..."
   },
   "5336801339221383042": {
      "message": "Javascript"
   },
   "534228323125524312": {
      "message": "Намаляване на мащаба"
   },
   "5353129315502554762": {
      "message": "Стилов лист"
   },
   "5372143986724491245": {
      "message": "преди $1​ ден"
   },
   "5372160981898991853": {
      "message": "Publisher"
   },
   "5399553230649155346": {
      "message": "след $1​ час"
   },
   "5403830377590414208": {
      "message": "Бели"
   },
   "5408091115193390231": {
      "message": "AutoCAD"
   },
   "5438481737351808090": {
      "message": "Следобед ($1​)"
   },
   "544377415081282702": {
      "message": "Нашите извинения."
   },
   "5447119197363232006": {
      "message": "Показване в Диск"
   },
   "5465323999933375616": {
      "message": "Достигнахте ограничението за трафик от преглеждане или изтегляне на файлове, които не са във формата на Google Документи."
   },
   "5472312735475866917": {
      "message": "Коментар от $1​."
   },
   "547865385964196102": {
      "message": "преди $1​ минути"
   },
   "5482872484546230111": {
      "message": "Търсене на книги"
   },
   "5494181290179470995": {
      "message": "Изтриване"
   },
   "5500117709595533163": {
      "message": "Въведете заявката си за търсене в горното поле, за да намерите резултати за електронни книги с помощта на Google Книги."
   },
   "5514516347328112388": {
      "message": "Можете също да опитате да изтеглите оригиналния документ, като кликнете $2​тук$1​."
   },
   "5529532831767466284": {
      "message": "{VIEWER_GENDER,select, female{{DEGREES}° {MINUTES}' {SECONDS}\"}male{{DEGREES}° {MINUTES}' {SECONDS}\"}other{{DEGREES}° {MINUTES}' {SECONDS}\"}}"
   },
   "5555182241047709329": {
      "message": "Изберете местоположение"
   },
   "5555599189512365009": {
      "message": "РАЗБРАХ"
   },
   "5571842632470308750": {
      "message": "Всички типове"
   },
   "5588597116382648727": {
      "message": "Заданието за извличане се стартира."
   },
   "5598649706113950710": {
      "message": "Редактор"
   },
   "5609727719971819773": {
      "message": "{VIEWER_GENDER,select, female{Назад}male{Назад}other{Назад}}"
   },
   "5627470193961862490": {
      "message": "Тук се показват бележките с предстоящи напомняния"
   },
   "5631086126416409232": {
      "message": "Син"
   },
   "564165666160590723": {
      "message": "Windows Media Player"
   },
   "5660422479531064559": {
      "message": "Няма формуляри."
   },
   "5675154446465700699": {
      "message": "PDF файлове"
   },
   "568072913338360182": {
      "message": "HTML"
   },
   "5707549724380589079": {
      "message": "Да се изтрият ли елементите с отметка?"
   },
   "5714240424645614611": {
      "message": "Пакет за Android"
   },
   "5728640851616538925": {
      "message": "Зелен"
   },
   "5744491383087191878": {
      "message": "Въведеният от вас по-горе URL адрес на изображението е грешен или не може да се зареди."
   },
   "5747728324987383020": {
      "message": "Лица"
   },
   "5783875011049188612": {
      "message": "Текстът от изображенията е извлечен"
   },
   "5785010887521443923": {
      "message": "Премахване"
   },
   "5834678297024555032": {
      "message": "Разрешаване"
   },
   "5840330517914556080": {
      "message": "Намаляване на мащаба"
   },
   "5842536098490298653": {
      "message": "Няма намерени шрифтове."
   },
   "5865680764501413616": {
      "message": "Текстът не може да бъде разпознат."
   },
   "5871966496153339793": {
      "message": "Показва се миниизображението за видеоклипа „$1​“"
   },
   "5875004331736681428": {
      "message": "Извлича се в профила ви в пощата."
   },
   "587666071025645113": {
      "message": "Търсене"
   },
   "5877526626743756786": {
      "message": "Отзиви"
   },
   "5889725440363483648": {
      "message": "Всеки в групата"
   },
   "5911012384539794869": {
      "message": "Стартирането на заданието за извличане не бе успешно."
   },
   "5916010927050975496": {
      "message": "$1​ КБ"
   },
   "5949528478488617689": {
      "message": "Разрешение за изтегляне"
   },
   "5950887255133612666": {
      "message": "Не е започнало."
   },
   "5969696744752069015": {
      "message": "Няма налична визуализация."
   },
   "5971400924847413790": {
      "message": "Друга възможност е да прегледате $2​версията с обикновен HTML код$1​ (ще ви пренасочим автоматично)."
   },
   "5972111804366033138": {
      "message": "Изтегляне"
   },
   "5975031149676029214": {
      "message": "Всички"
   },
   "5976369213680241300": {
      "message": "Търсене на изображения"
   },
   "5980081664136280513": {
      "message": "Зелени"
   },
   "5984398071085567332": {
      "message": "Google Fusion Tables"
   },
   "6009962986062136164": {
      "message": "„$1​“ се зарежда."
   },
   "60305871484579258": {
      "message": "Alt"
   },
   "6043068172993241858": {
      "message": "В този кръг няма никого."
   },
   "604883455412617728": {
      "message": "Няма контакти, които съответстват на търсенето ви."
   },
   "6051386830221821025": {
      "message": "Влиза се..."
   },
   "6064654062949366878": {
      "message": "Пускане"
   },
   "6070475007374165567": {
      "message": "Запазва се..."
   },
   "6083586461434260179": {
      "message": "Нов интерфейс за преглед"
   },
   "6087078248621415351": {
      "message": "Промяна: $1​"
   },
   "6091926883608250483": {
      "message": "Още"
   },
   "6105571474005679446": {
      "message": "Възникна проблем с визуализацията."
   },
   "6113237889871930608": {
      "message": "Празна бележка"
   },
   "6118623991445349480": {
      "message": "Страница $1​"
   },
   "6122643025527543706": {
      "message": "Ctrl"
   },
   "6131822680770571276": {
      "message": "PowerPoint"
   },
   "6140634664402328750": {
      "message": "Списък с приложения"
   },
   "6149175749937815029": {
      "message": "Преглед на всички елементи"
   },
   "6160805346274626656": {
      "message": "Изтриване завинаги"
   },
   "616807262818311711": {
      "message": "Тип"
   },
   "6175043905327075444": {
      "message": "Избрано по-рано"
   },
   "6177107655089301674": {
      "message": "Изтеглете приложението Google Keep за Android"
   },
   "6185886893933834031": {
      "message": "Запазване на избраната"
   },
   "6186290899408627510": {
      "message": "Enter"
   },
   "6189891414154673003": {
      "message": "Моите карти"
   },
   "6203260615455347677": {
      "message": "Numbers"
   },
   "6223207695466118454": {
      "message": "YouTube"
   },
   "6224687211096863620": {
      "message": "Всеки"
   },
   "623118860067088424": {
      "message": "Видеоклипове"
   },
   "6231401379881217113": {
      "message": "Insert"
   },
   "6252259197986158120": {
      "message": "Вчера"
   },
   "6253076263700695984": {
      "message": "Грешка при удостоверяването. Моля, презаредете."
   },
   "6255475144867830247": {
      "message": "Изберете от други раздели за навигиране."
   },
   "6267063643272327592": {
      "message": "Моля, опитайте отново по-късно."
   },
   "6290270819062517523": {
      "message": "Избрахте твърде много елементи. Моля, премахнете избора от един или повече."
   },
   "6305748545202493254": {
      "message": "Показване/скриване на панела с подробности"
   },
   "6324768448533022780": {
      "message": "$1​ $2​ г."
   },
   "6331677437567501421": {
      "message": "При актуализирането на разрешението за изтегляне възникна проблем."
   },
   "6333496730738019575": {
      "message": "Зарежда се..."
   },
   "634900089121611600": {
      "message": "Няма видеоклипове."
   },
   "6362170008350775214": {
      "message": "Напомняне в/ъв $1​"
   },
   "6375395544374251820": {
      "message": "При зареждането на още страници възникна проблем. Извършва се нов опит..."
   },
   "6376739025584042564": {
      "message": "Подрязване на снимка"
   },
   "6386587519843563719": {
      "message": "Двоичен файл"
   },
   "6416495701611778255": {
      "message": "Предложения за приложения на трети страни"
   },
   "6419411265907669340": {
      "message": "Днес"
   },
   "6436479735235889890": {
      "message": "Напомняне в $2​, $1​"
   },
   "6450508807204492448": {
      "message": "Икона на $1​"
   },
   "6457802200418354862": {
      "message": "Обикновените потребители могат да изтеглят"
   },
   "6459405233858728718": {
      "message": "Google Презентации"
   },
   "6464761738227651511": {
      "message": "преди $1​ минута"
   },
   "6466736813846482957": {
      "message": "Назад"
   },
   "6479216014938929613": {
      "message": "Нощ ($1​)"
   },
   "6482358947077977110": {
      "message": "Изображения от Google Търсене"
   },
   "6487403767449360463": {
      "message": "Да се презареди ли Keep?"
   },
   "6488225756782357866": {
      "message": "Откроеното от вас изображение бе намерено от Google Търсене на изображения на тази страница:"
   },
   "6510131849363684615": {
      "message": "Утре"
   },
   "6516256764288947999": {
      "message": "Маркиране на хора"
   },
   "6522917155620379865": {
      "message": "Изтегляне"
   },
   "6524849072392100692": {
      "message": "Папка на Google Диск"
   },
   "6551588617715293696": {
      "message": "Опции за сортиране"
   },
   "6570921376519753466": {
      "message": "За заглавия"
   },
   "6571686604846453345": {
      "message": "При добавянето на този елемент към Диск възникна проблем."
   },
   "6582286158693833652": {
      "message": "Научете повече"
   },
   "6588176324871799870": {
      "message": "Приложен скрипт на Google"
   },
   "6602430002978098812": {
      "message": "Ръкописни"
   },
   "6614046405230762587": {
      "message": "Няма намерени контакти."
   },
   "6622304228074863427": {
      "message": "Приложениe"
   },
   "6624754161346656119": {
      "message": "Аватар на $1​."
   },
   "6644861766016503644": {
      "message": "Изисква се парола"
   },
   "6650600936729710500": {
      "message": "Отговори."
   },
   "666311703374681171": {
      "message": "Изображения и видеоклипове"
   },
   "6666820082708870349": {
      "message": "Премахване"
   },
   "6707173584987026005": {
      "message": "Днес"
   },
   "6709984792949009238": {
      "message": "Последно отваряне от мен"
   },
   "6726462693927865256": {
      "message": "Подробности"
   },
   "6726879257388338969": {
      "message": "Отпечатване"
   },
   "6726925393892510846": {
      "message": "Възникна грешка. Моля, опитайте отново."
   },
   "6741759391888465238": {
      "message": "Запазва се в Диск – Преместване във:"
   },
   "6744457949320515234": {
      "message": "Празната бележка е отхвърлена"
   },
   "6757218172402086688": {
      "message": "Търсене в бележките..."
   },
   "6780628488957834429": {
      "message": "Оранжев"
   },
   "6784073265197389491": {
      "message": "Научете повече"
   },
   "681598652078493281": {
      "message": "Научете повече"
   },
   "6818286476757207074": {
      "message": "Изберете само изображения, за които сте потвърдили, че имате разрешение да ги използвате."
   },
   "682070933835616121": {
      "message": "Няма таблици."
   },
   "6822338149422461362": {
      "message": "Google Диск"
   },
   "6827821461670731013": {
      "message": "Квадр. за отметка: Показване"
   },
   "6828581947433060251": {
      "message": "При преименуването на елемента възникна проблем."
   },
   "6833760103261954639": {
      "message": "При зареждането на тази страница възникна проблем. Извършва се нов опит..."
   },
   "6841020391100928352": {
      "message": "Максималният размер на файла е надхвърлен."
   },
   "6851307437837490686": {
      "message": "Обикновените потребители да не могат да изтеглят"
   },
   "6856672816797218730": {
      "message": "Прикачване"
   },
   "6891563484025164308": {
      "message": "Назад"
   },
   "6893687445500687349": {
      "message": "Сайтове"
   },
   "6898823203505321799": {
      "message": "Подробности"
   },
   "6904351530369058983": {
      "message": "Собственик"
   },
   "6905021988981026920": {
      "message": "Търсене на видеоклипове"
   },
   "6922953828399110511": {
      "message": "Затваряне на визуализатора"
   },
   "6929958461954697067": {
      "message": "Снимки на вас"
   },
   "6939782595426687411": {
      "message": "Добавя се..."
   },
   "6940998537415516791": {
      "message": "в"
   },
   "695253297035211081": {
      "message": "Изпразване на кошчето"
   },
   "6967244066810487978": {
      "message": "ПРЕМЕСТЕНИ В КОШЧЕТО"
   },
   "6970167488058122005": {
      "message": "неизвестен автор"
   },
   "6976414863987386971": {
      "message": "Формуляри"
   },
   "7001938470263404128": {
      "message": "Качване"
   },
   "7002768663714031226": {
      "message": "Актуализиране"
   },
   "7004919150329996187": {
      "message": "В този кръг не бяха намерени съответстващи хора."
   },
   "7054631817922169541": {
      "message": "В Google Keep има незапазени промени. Искате ли да излезете от страницата, при което те ще бъдат отхвърлени?"
   },
   "7059437903473652416": {
      "message": "Пускане на видеоклипа в YouTube „$1​“"
   },
   "7080196430479494775": {
      "message": "Нов опит"
   },
   "7084324152376766809": {
      "message": "преди $1​ дни"
   },
   "7084991134824194740": {
      "message": "Напомнете ми"
   },
   "7092062731478679314": {
      "message": "Няма намерени кръгове."
   },
   "7117183622067702162": {
      "message": "С Google Диск не се налага никога повече да изпращате прикачени файлове по имейл. Трябва само да споделите връзка към който и да е файл, съхраняван от вас в Google Диск. По този начин всички имат достъп до един и същ файл с една и съща версия – автоматично."
   },
   "713754035716193665": {
      "message": "Нов списък"
   },
   "7146242673022399081": {
      "message": "Текст"
   },
   "7148992630785407972": {
      "message": "Този файл е защитен с парола и не може да бъде визуализиран."
   },
   "7151987668860086450": {
      "message": "Търсене в мрежата"
   },
   "7153847618034547771": {
      "message": "Активиране"
   },
   "7161134329606048317": {
      "message": "Затваряне"
   },
   "7164532930742017984": {
      "message": "Всеки с връзката"
   },
   "7174189954350964804": {
      "message": "Опитайте отново"
   },
   "7177591028189992523": {
      "message": "Преместване"
   },
   "7188754206068648188": {
      "message": "Данни, разделени със запетаи"
   },
   "7225837680381806920": {
      "message": "Вечер ($1​)"
   },
   "722702934847795304": {
      "message": "Project"
   },
   "7236199858216720905": {
      "message": "Карти"
   },
   "7247530225058410142": {
      "message": "$2​ $1​"
   },
   "7259352906118493156": {
      "message": "Няма сайтове."
   },
   "7282548567245878869": {
      "message": "Елементът е изтрит"
   },
   "7295712436136900176": {
      "message": "Презареждане"
   },
   "7310311230493556740": {
      "message": "URL адреси"
   },
   "7339696241980105410": {
      "message": "Избраният от вас видеоклип вече не съществува. Собственикът му може да го е премахнал."
   },
   "7342923890755029722": {
      "message": "Затваряне"
   },
   "734478884582426793": {
      "message": "Компресиран архив"
   },
   "7357017164339332230": {
      "message": "Тези изображения също са налични за разглеждане и споделяне в $2​Picasa Уеб Албуми$1​ – безплатната услуга на Google за хостване на снимки."
   },
   "736105042796745909": {
      "message": "{VIEWER_GENDER,select, female{Създаване на папка}male{Създаване на папка}other{Създаване на папка}}"
   },
   "7362061801920948830": {
      "message": "Качване на още"
   },
   "7364571366369083618": {
      "message": "Видеоклип"
   },
   "7377239345926788722": {
      "message": "Действия"
   },
   "7380785991026002613": {
      "message": "Показаните резултати са означени за повторно използване."
   },
   "7382688299146249119": {
      "message": "Изтегляне на елемента"
   },
   "7383706174467122149": {
      "message": "Бележката е изтрита"
   },
   "7388342865555961406": {
      "message": "след $1​ ден"
   },
   "7393771571081973549": {
      "message": "С"
   },
   "740507516967994591": {
      "message": "Отваряне"
   },
   "7422452809590461532": {
      "message": "Червен"
   },
   "7426603384368095928": {
      "message": "Моля, презаредете страницата, за да влезете отново и да продължите работа."
   },
   "7429084719905985261": {
      "message": "Objective C"
   },
   "7432956605646331928": {
      "message": "SQL"
   },
   "7440735091552109962": {
      "message": "$2​ (редакция: $1​)"
   },
   "7441891675459021164": {
      "message": "Запазва се в Диск"
   },
   "7451573821837395189": {
      "message": "Елементът бе добавен в $2​профила ви в Диск$1​."
   },
   "7468322419516352788": {
      "message": "При актуализирането на описанието възникна проблем."
   },
   "7488945223835574498": {
      "message": "PostScript"
   },
   "7492710087472140422": {
      "message": "Научете повече"
   },
   "7493919863870655172": {
      "message": "Уеб камера"
   },
   "7500786109708143683": {
      "message": "Аудиозаписът е изтрит"
   },
   "7501027876827009022": {
      "message": "Показаните резултати са означени за повторно използване с търговска цел."
   },
   "7521272923988336579": {
      "message": "Вижте най-актуалната информация, като презаредите Keep сега."
   },
   "7532552995569296274": {
      "message": "Изчистване на търсенето"
   },
   "7546994163355383999": {
      "message": "Всички бележки са запазени"
   },
   "7559208209275370228": {
      "message": "Последно редактиране от мен"
   },
   "7565383798249439151": {
      "message": "след $1​ дни"
   },
   "7565870443143407759": {
      "message": "Търсене в документа"
   },
   "7586291841734385643": {
      "message": "Отделяне"
   },
   "7598582624136632660": {
      "message": "Отваряне на лентата за търсене/намиране на следващото"
   },
   "7602870977118971161": {
      "message": "Презареждане"
   },
   "7610654194202731772": {
      "message": "Изтриване"
   },
   "761925792744044896": {
      "message": "Задаване като снимка на потребителския профил"
   },
   "7630723924002267143": {
      "message": "Клавишните комбинации са активирани."
   },
   "7640546114686970497": {
      "message": "Не могат да се добавят още елементи"
   },
   "7669846901402551021": {
      "message": "Днес"
   },
   "7691521283331762131": {
      "message": "Тук се показват архивираните ви бележки"
   },
   "772000107335590599": {
      "message": "след $1​ минути"
   },
   "7734578122414851725": {
      "message": "PHP"
   },
   "7745005220197261896": {
      "message": "Търсене на книги"
   },
   "7759846028901235026": {
      "message": "Бележката е деархивирана"
   },
   "776065748745885880": {
      "message": "интервал"
   },
   "7770982082843341533": {
      "message": "Тази папка е празна."
   },
   "779472474101127362": {
      "message": "Правене на моментна снимка"
   },
   "7800318069267901681": {
      "message": "Променено"
   },
   "7805487598105530487": {
      "message": "Вграждане"
   },
   "7814778057875152792": {
      "message": "При преместването на прикачения файл в избраната папка в Google Диск възникна проблем."
   },
   "7820417126206702946": {
      "message": "Показаните резултати са налице за използване с лична или търговска цел само в Google Диск и не може да се продават или разпространяват независимо."
   },
   "7822364282298323175": {
      "message": "Списъкът е изтрит"
   },
   "7830513726270865588": {
      "message": "Календар"
   },
   "7845751753397906805": {
      "message": "Намерени са несъвместими редакции"
   },
   "7852396628465259068": {
      "message": "Снимка на потребителския профил"
   },
   "7859526172011446452": {
      "message": "Спиране на предаването"
   },
   "78870906674150830": {
      "message": "$3​$1​$2​"
   },
   "7895643887742936844": {
      "message": "точка и запетая"
   },
   "7899833760457194273": {
      "message": "Търсене на изображения"
   },
   "7899913952063063825": {
      "message": "Изображението е изтрито"
   },
   "7906726367011430855": {
      "message": "Свързване"
   },
   "7910518224461588465": {
      "message": "Жълти"
   },
   "7953603850004320936": {
      "message": "Няма налична визуализация."
   },
   "7957306528733096600": {
      "message": "Действието завърши"
   },
   "7960528690514646841": {
      "message": "{moreCount,plural, =0{unused plural form}=1{+ още 1}other{+ още {moreCount}}}"
   },
   "7973635145070803181": {
      "message": "Качване на снимки"
   },
   "7987180255015869513": {
      "message": "Или поставете уеб адрес тук:"
   },
   "8011497727123874703": {
      "message": "Бутон за папката „$1​“"
   },
   "8016231262233952856": {
      "message": "Синьо-зелени"
   },
   "8019402848412685977": {
      "message": "Преименувахте „$2​“ на „$1​“."
   },
   "8023466614826324314": {
      "message": "Снимките ще бъдат споделени с широка аудитория."
   },
   "8043514121228710092": {
      "message": "Добавяне на изображение"
   },
   "8044700199531805239": {
      "message": "Приложението $3​$1​$2​ е свързано."
   },
   "8069384932934428393": {
      "message": "след $1​ минута"
   },
   "8081927474846706026": {
      "message": "Няма рисунки."
   },
   "8090743714060857028": {
      "message": "Обикновените потребители не могат да изтеглят"
   },
   "8095838445486198080": {
      "message": "{FILE_SIZE,plural, =0{0 байта}=1{1 байт}other{# байта}}"
   },
   "8099047958506869131": {
      "message": "{VIEWER_GENDER,select, female{Нова папка}male{Нова папка}other{Нова папка}}"
   },
   "8100558294600077150": {
      "message": "Търсене в блогове"
   },
   "8105635255693472607": {
      "message": "Добавяне на нови списъчни елементи"
   },
   "8106780183458743723": {
      "message": "Фотоалбуми"
   },
   "8112699352770418817": {
      "message": "Няма намерени книги."
   },
   "8132410616064087953": {
      "message": "Видеоклипът е твърде дълъг (максималната продължителност е $1​ секунди)."
   },
   "8135145577663029437": {
      "message": "Запазване и на двете"
   },
   "8146560259680897627": {
      "message": "Отказ"
   },
   "8158191101452862916": {
      "message": "Вмъкване на изображения"
   },
   "8159493406018222636": {
      "message": "Изпращане на отзиви"
   },
   "8172945196588870035": {
      "message": "Събития"
   },
   "8174654098152723289": {
      "message": "Редактиране на описанието"
   },
   "8178754379486173416": {
      "message": "{VIEWER_GENDER,select, female{Избрахте много малко елементи. Моля, посочете още.}male{Избрахте много малко елементи. Моля, посочете още.}other{Избрахте много малко елементи. Моля, посочете още.}}"
   },
   "8192378456655629049": {
      "message": "Видеоклипът се обработва..."
   },
   "8193991135666622583": {
      "message": "Keep"
   },
   "821942580510564685": {
      "message": "Моля, въведете паролата на този документ, за да го видите"
   },
   "8239237134193392595": {
      "message": "Известията за напомняне за местоположението се показват само на мобилни устройства."
   },
   "8267458240960831780": {
      "message": "Извършва се удостоверяване..."
   },
   "8281141013543828574": {
      "message": "RAW изображение"
   },
   "8281678863271800533": {
      "message": "Филтър за изображения"
   },
   "8283103456188558313": {
      "message": "Презентации"
   },
   "8290434443655418968": {
      "message": "{filesCount,plural, =0{unused plural form}=1{Качването на избрания файл [{file}] не се поддържа.}other{Качването на избраните файлове [{files}] не се поддържа.}}"
   },
   "8304474373444239435": {
      "message": "Отговор от $1​."
   },
   "8322416564157128458": {
      "message": "Споделяне"
   },
   "8324195080917648153": {
      "message": "Видеоизображението не може да се побере тук. Моля, направете прозореца на браузъра си малко по-голям."
   },
   "8337582740675387693": {
      "message": "Java"
   },
   "8342684858400436871": {
      "message": "Tab"
   },
   "8379952094517631162": {
      "message": "Не"
   },
   "8409393124758970712": {
      "message": "$2​ x $1​"
   },
   "8412684147928483084": {
      "message": "Черни"
   },
   "8435544675017330861": {
      "message": "Няма елементи, които съответстват на търсенето ви."
   },
   "8436817383042650304": {
      "message": "Caps Lock"
   },
   "8451184312655705174": {
      "message": "Ако URL адресът ви е верен, тук ще видите визуализация. Показването на големи изображения може да отнеме няколко минути."
   },
   "8467894483369467251": {
      "message": "Светкавица"
   },
   "8506198918368329269": {
      "message": "Показаните резултати са означени за повторно използване с търговска цел и възможност за промяна."
   },
   "8571315158566081191": {
      "message": "Няма електронни таблици."
   },
   "8580600056399054303": {
      "message": "Задайте къде да се поставят новите елементи или тези с отметка"
   },
   "8595175575778060149": {
      "message": "Още"
   },
   "8596257056433048992": {
      "message": "Добре дошли в"
   },
   "8616342546716995946": {
      "message": "Разбрах"
   },
   "8621067185485606452": {
      "message": "ECMAScript"
   },
   "8638281560898810401": {
      "message": "{MINUTES,plural, =0{0 минути }=1{1 минута }other{# минути }}{SECONDS,plural, =0{0 секунди.}=1{1 секунда.}other{# секунди.}}"
   },
   "863955692838281739": {
      "message": "Затваряне"
   },
   "8643398764569428530": {
      "message": "Да се разреши ли на Google Keep да показва известия?"
   },
   "8652566647088230560": {
      "message": "Поверително (версия за собствена употреба)"
   },
   "8660016472468563221": {
      "message": "двоеточие"
   },
   "8663507590720636709": {
      "message": "$1​ + още $2​"
   },
   "8666643061920113075": {
      "message": "{VIEWER_GENDER,select, female{Поставете URL адрес на изображение тук:}male{Поставете URL адрес на изображение тук:}other{Поставете URL адрес на изображение тук:}}"
   },
   "8674222789100049233": {
      "message": "Затваряне"
   },
   "86815590954366945": {
      "message": "Списък с архивираното съдържание"
   },
   "8709611758728645225": {
      "message": "Page Down"
   },
   "8711002053494037632": {
      "message": "Отметките са премахнати от всички елементи"
   },
   "8748281640412284111": {
      "message": "Стокови изображения"
   },
   "8759520888087120926": {
      "message": "Няма скриптове."
   },
   "8775097441636640256": {
      "message": "„$2​“ – $1​"
   },
   "8780212274435014958": {
      "message": "Кръгове"
   },
   "8781837301864053001": {
      "message": "Форматиран текст"
   },
   "8792038552136453044": {
      "message": "Ами сега! Нещо се обърка"
   },
   "8793166064242077041": {
      "message": "При показването на това изображение възникна проблем."
   },
   "8813101408630252335": {
      "message": "$1​ сек"
   },
   "8820281478062782578": {
      "message": "Търсене"
   },
   "8822326207328431952": {
      "message": "Качването на изображения не е налично."
   },
   "8840223453482998505": {
      "message": "Избрахте папката „$1​“"
   },
   "8845176264121061589": {
      "message": "Премахване на отметките от всички елементи"
   },
   "8850238112725591771": {
      "message": "клавишна комбинация: $1​"
   },
   "8852550049823214385": {
      "message": "след това"
   },
   "8883744193208363722": {
      "message": "Налице е актуализация за приложението."
   },
   "8884900765322249670": {
      "message": "Списъчен изглед"
   },
   "8889019648958415451": {
      "message": "Неизвестен файл"
   },
   "8911996820409711834": {
      "message": "Преместване на текста в нов списъчен елемент &raquo;"
   },
   "8916237870980173557": {
      "message": "Установява се връзка..."
   },
   "8917554093651202032": {
      "message": "Пускане на „$1​“"
   },
   "8919660666733306860": {
      "message": "Изображение"
   },
   "8930959387403789939": {
      "message": "Напомняне"
   },
   "8943760679396635042": {
      "message": "Показва се „$1​“."
   },
   "8953555255469284376": {
      "message": "Преместете изображенията тук"
   },
   "8979615310931291676": {
      "message": "Редактирано: $1​"
   },
   "8986044948621891903": {
      "message": "Въведете това, което търсите, в горното поле, за да намерите резултати от мрежата с помощта на Google Търсене в мрежата."
   },
   "901615442107785480": {
      "message": "Архивиране на бележка/списък"
   },
   "9024023699330078373": {
      "message": "Отварянето на тoзи елемент ще го добави към вашия Диск"
   },
   "9028041601596584772": {
      "message": "Местоположение"
   },
   "9058308423774656474": {
      "message": "Hangul Word Processor"
   },
   "9083935734710258396": {
      "message": "Отказвам"
   },
   "9094248058931620597": {
      "message": "Панелът за подробности е свит."
   },
   "9114674068220302553": {
      "message": "Като прикачен файл"
   },
   "911586799466052745": {
      "message": "Чертеж в OpenOffice"
   },
   "9130962320402467249": {
      "message": "Стокови снимки"
   },
   "9146716987301178362": {
      "message": "Възникна грешка. Моля, презаредете."
   },
   "9165877886714239857": {
      "message": "Текстът от изображенията не може да се извлече. Опитайте отново по-късно."
   },
   "916773043895242978": {
      "message": "Въведеният от вас по-горе URL адрес на изображението е грешен или не може да се зареди. Моля, въведете правилен."
   },
   "9173629944963872598": {
      "message": "Няма намерени събития."
   },
   "9182500445937900938": {
      "message": "Затваряне"
   },
   "9195941533351099011": {
      "message": "Качва се: $1​ от $2​"
   },
   "9197837492705576727": {
      "message": "Към следващия елемент"
   },
   "919969969251998566": {
      "message": "Извличане на този архив в профила ви в пощата."
   },
   "9203542510134660095": {
      "message": "Заданието за извличане стартира. Съдържанието на архива ще се покаже в Диск в папката „$1​“."
   },
   "940276535015195877": {
      "message": "Няма папки."
   },
   "943493480163896757": {
      "message": "{resultCount,plural, =1{# съответстваща бележка}other{# съответстващи бележки}}"
   },
   "951963820437151566": {
      "message": "Google Сайтове"
   },
   "95809842507987016": {
      "message": "Изтриване"
   },
   "963611681085757795": {
      "message": "За съжаление понастоящем не можем да генерираме изглед на документа."
   },
   "96556988207614774": {
      "message": "Календари"
   },
   "974042541427403929": {
      "message": "Сини"
   },
   "980395722421409371": {
      "message": "Няма намерени карти."
   },
   "982187142411651629": {
      "message": "Отхвърляне"
   },
   "985197728509875956": {
      "message": "Химически модел"
   },
   "996381410993745580": {
      "message": "Photoshop"
   },
   "998727788921602971": {
      "message": "Видеоклипове"
   },
   "appDesc": {
      "description": "App description",
      "message": "Бързо записвайте това, което мислите, и получавайте напомняния, където и когато трябва."
   },
   "appName": {
      "description": "App name.",
      "message": "Google Keep – бележки и списъци"
   }
}
