{
   "1006787209796778126": {
      "message": "La meva unitat"
   },
   "1017907757187630742": {
      "message": "Els meus tipus de lletra"
   },
   "1029072043275376320": {
      "message": "No s'ha trobat cap calendari."
   },
   "1030781695901615026": {
      "message": "A la part inferior"
   },
   "103870949919613488": {
      "message": "S'ha arxivat la nota."
   },
   "1039394921418415681": {
      "message": "Inicia la sessió"
   },
   "1083918249169198626": {
      "message": "Les tecles de drecera estan desactivades."
   },
   "1090919586152138659": {
      "message": "Arxiu"
   },
   "1101371910696766077": {
      "message": "Fes una còpia"
   },
   "1107413433574576014": {
      "message": "El títol és massa llarg. El text destacat no es desarà."
   },
   "1127320433256851404": {
      "message": "Reproductor de vídeo"
   },
   "1162642135048988280": {
      "message": "Canvi de nom del document"
   },
   "1166244120191806795": {
      "message": "Envia comentaris"
   },
   "1179891706526242218": {
      "message": "Següent"
   },
   "1185164838496022543": {
      "message": "Fes clic aquí per tornar a carregar la pàgina."
   },
   "1185644932132585290": {
      "message": "Queden $1​ caràcters"
   },
   "1213005208968286932": {
      "message": "Marcat com a resolt"
   },
   "1263557413037343589": {
      "message": "Organització de fotos"
   },
   "1263685395252160366": {
      "message": "LaTeX"
   },
   "1311350045083871503": {
      "message": "Cancel·la"
   },
   "1311729747516144362": {
      "message": "Vermell"
   },
   "1315844696796851207": {
      "message": "Sans Serif"
   },
   "1319037146426591038": {
      "message": "o bé"
   },
   "132822872080714863": {
      "message": "D'acord"
   },
   "133192954417440569": {
      "message": "No s'ha trobat cap resultat."
   },
   "1349697396109290623": {
      "message": "Es mostra la resolució més alta per a $1​."
   },
   "1376126796144976437": {
      "message": "Tots els tipus de lletra"
   },
   "139942704574044780": {
      "message": "Accepta"
   },
   "141491180325662484": {
      "message": "Pots desar tots els fitxers a Google Drive i accedir-hi des de qualsevol lloc i des de qualsevol dispositiu. Pots compartir les fotos que tens desades a Google Drive amb els teus cercles aquí."
   },
   "1418114637490664392": {
      "message": "Arxiu de fotos de LIFE"
   },
   "1419896259743862406": {
      "message": "Obre amb"
   },
   "1440171352837969028": {
      "message": "Vídeo/Àudio"
   },
   "1441487391064925653": {
      "message": "Mostra totes les dreceres del Centre d'ajuda"
   },
   "1446829548948002072": {
      "message": "coma"
   },
   "1454684154234137497": {
      "message": "pausa"
   },
   "1459765068821943106": {
      "message": "{VIEWER_GENDER,select, female{Enganxa aquí l'URL de YouTube:}male{Enganxa aquí l'URL de YouTube:}other{Enganxa aquí l'URL de YouTube:}}"
   },
   "1463079206290378085": {
      "message": "Fotos d'orkut"
   },
   "1463389029497634261": {
      "message": "Abaixa el volum"
   },
   "1475179211173444554": {
      "message": "Qualsevol usuari amb l'enllaç dins del domini"
   },
   "1492360016907725281": {
      "message": "{VIEWER_GENDER,select, female{Enganxa aquí l'URL d'un vídeo:}male{Enganxa aquí l'URL d'un vídeo:}other{Enganxa aquí l'URL d'un vídeo:}}"
   },
   "1493251742569121894": {
      "message": "La nota és massa llarga. El text destacat no es desarà."
   },
   "1493384967280942491": {
      "message": "Rosa"
   },
   "1499433769420882987": {
      "message": "S'està mostrant $1​"
   },
   "1505876360160857231": {
      "message": "$1​ TB"
   },
   "1521707405717823409": {
      "message": "Porpra"
   },
   "153439508598626384": {
      "message": "Les teves fotos"
   },
   "1536051766421561160": {
      "message": "signe d'igual a"
   },
   "156992719062713230": {
      "message": "Gris"
   },
   "1586968957182554447": {
      "message": "Desactiva"
   },
   "1588268697057804046": {
      "message": "fa $1​ hores"
   },
   "1603139897109307706": {
      "message": "S'ha produït un error. Torna-ho a provar."
   },
   "1604359562654146902": {
      "message": "Foto"
   },
   "1633370388224271051": {
      "message": "No s'ha trobat ningú."
   },
   "1633798963327779260": {
      "message": "Demà"
   },
   "1654222450095043962": {
      "message": "Àudio"
   },
   "1656911987308166143": {
      "message": "Suprimeix"
   },
   "1665821947855814052": {
      "message": "Mida"
   },
   "1692901784886701962": {
      "message": "La nota és massa gran."
   },
   "1697160643589236962": {
      "message": "$1​ PB"
   },
   "1700522311470719738": {
      "message": "Recorda-m'ho"
   },
   "1701312243672511585": {
      "message": "Mou el text a una nota nova &raquo;"
   },
   "1709410429018687341": {
      "message": "Al matí ($1​)"
   },
   "1715552550526864429": {
      "message": "Cerca blogs"
   },
   "171683163267149669": {
      "message": "$1​ GB"
   },
   "1739900012825270238": {
      "message": "Vés a l'element anterior"
   },
   "1756171223417807431": {
      "message": "Assegura't que la imatge sigui pública. Si la teva imatge està protegida mitjançant una contrasenya o es troba en una xarxa interna, no podrem llegir-la."
   },
   "1759957963056319953": {
      "message": "Torna de: $1​"
   },
   "1783719421893050637": {
      "message": "Dimensions"
   },
   "178927681797742562": {
      "message": "Inicia la sessió"
   },
   "1791115075948268631": {
      "message": "Permet obrir l'ajuda de tecles de drecera."
   },
   "1808245543551507519": {
      "message": "Àudio"
   },
   "1816851800848432562": {
      "message": "Suprimeix"
   },
   "1818306025747564729": {
      "message": "Vés a l'enllaç"
   },
   "1823222042913714987": {
      "message": "Envia la contrasenya"
   },
   "1823854753950594157": {
      "message": "Mantén"
   },
   "1830157062072535681": {
      "message": "Es mostra $1​."
   },
   "185012928288875755": {
      "message": "No hi ha cap element que coincideixi amb els criteris."
   },
   "1856444915090632305": {
      "message": "Aquest document està encriptat. Introdueix la contrasenya."
   },
   "1866863108233180413": {
      "message": "Carpetes"
   },
   "187077078156858455": {
      "message": "Nota d'àudio"
   },
   "189303170370862360": {
      "message": "$1​ de $2​ elements"
   },
   "1900571668686750716": {
      "message": "vCard"
   },
   "1901351411358749070": {
      "message": "Compartits amb mi"
   },
   "1913425963149828429": {
      "message": "Extreu aquest arxiu a Drive."
   },
   "1918176455405610789": {
      "message": "Fet"
   },
   "1920189655549476211": {
      "message": "durada desconeguda"
   },
   "1929603188252533075": {
      "message": "No hem pogut suprimir el vídeo. Torna-ho a provar."
   },
   "1951810091681076784": {
      "message": "{COUNT_1,plural, =1{1 nota que coincideix}other{{COUNT_2} notes que coincideixen}}"
   },
   "1956794332842050061": {
      "message": "Pàgina següent"
   },
   "1965626377712226216": {
      "message": "iWork Keynote"
   },
   "1968405748623909021": {
      "message": "Prova una de les aplicacions que hi ha a continuació per obrir o per modificar aquest element"
   },
   "1974063091619095703": {
      "message": "Persones"
   },
   "1988244842147989817": {
      "message": "Les notes de la paperera se suprimeixen al cap de set dies."
   },
   "1993674829873313178": {
      "message": "Problemes de càrrega? Estem fent tasques de manteniment, però ben aviat tot tornarà a funcionar amb normalitat."
   },
   "2003845117979929469": {
      "message": "Detalls"
   },
   "2048322072989992494": {
      "message": "Per ara, ningú no ha compartit fitxers amb tu."
   },
   "2055836117545582610": {
      "message": "Configuració de la llista"
   },
   "2059084517358086391": {
      "message": "Tanca la barra de cerca"
   },
   "2061440050632248160": {
      "message": "Arxiva"
   },
   "2068023589621557589": {
      "message": "Tipus de lletra TrueType"
   },
   "2073035325657060696": {
      "message": "La visualització prèvia no està disponible."
   },
   "2073322475696388995": {
      "message": "Vés endavant"
   },
   "207810168108507460": {
      "message": "fa $1​ hora"
   },
   "2109272338124379867": {
      "message": "Modificat per última vegada"
   },
   "2116013171202209313": {
      "message": "Selecciona"
   },
   "2122256657192674586": {
      "message": "Cerca vídeos"
   },
   "2125135092719715773": {
      "message": "Càrrega"
   },
   "212796670323571824": {
      "message": "D'acord"
   },
   "213665695896111861": {
      "message": "Notes"
   },
   "2138593281154109183": {
      "message": "Arxiu"
   },
   "2147952938331523160": {
      "message": "Canvia el nom..."
   },
   "2154372123324862271": {
      "message": "barra inclinada"
   },
   "2154940358270068005": {
      "message": "Desa les notes suprimides durant més temps"
   },
   "2184278444368405837": {
      "message": "$1​ elements"
   },
   "2187239650627580457": {
      "message": "Envia"
   },
   "2198096971937872560": {
      "message": "Recordatori:"
   },
   "220168959069469607": {
      "message": "Més accions"
   },
   "221715292685577880": {
      "message": "Sí"
   },
   "2220005860896049129": {
      "message": "Hem trigat massa a trobar el document a la ubicació original."
   },
   "2228413078211839077": {
      "message": "Estem experimentant un problema temporal en generar una visualització del document."
   },
   "2235097878790803849": {
      "message": "Adéu, fitxers adjunts. Hola, Google Drive."
   },
   "2257303402199718039": {
      "message": "No hem pogut trobar el document a la ubicació original. Verifica que el document encara existeixi."
   },
   "2274436793504233543": {
      "message": "Cancel·la"
   },
   "2278224983638451454": {
      "message": "Obtén ara"
   },
   "2280650195464600721": {
      "message": "Navegació"
   },
   "2285069188138705005": {
      "message": "Aplicacions connectades"
   },
   "2289534534793293486": {
      "message": "Treu de l'arxiu"
   },
   "2289812403593835836": {
      "message": "Pages"
   },
   "229177484946387188": {
      "message": "Google Earth"
   },
   "2292696732672795285": {
      "message": "Apuja el volum"
   },
   "230180475614658119": {
      "message": "Fet"
   },
   "2304293593067358316": {
      "message": "Imatges predissenyades"
   },
   "2310145944356900158": {
      "message": "Seleccionats"
   },
   "2311880726221661199": {
      "message": "S'estan carregant resolucions més elevades"
   },
   "2329167963662998826": {
      "message": "Google Keep vol fer servir la teva ubicació per millorar els suggeriments de llocs per als recordatoris d'ubicació."
   },
   "234046557601727809": {
      "message": "No hi ha cap imatge ni cap vídeo."
   },
   "2349912757088764940": {
      "message": "Visible per a:"
   },
   "2359614137862708172": {
      "message": "Maj"
   },
   "2370463380397641604": {
      "message": "Tecles de drecera populars"
   },
   "2370656573843123707": {
      "message": "claudàtor de tancament"
   },
   "2393487423640708285": {
      "message": "L'URL no és vàlid. Assegura't que comenci per http:// o per https://."
   },
   "2405795704816921421": {
      "message": "Fitxer $1​"
   },
   "2412314804333167252": {
      "message": "Aquest full de càlcul és massa gran. Fes clic a $3​baixa$1​ o a $4​edita a Fulls de càlcul de Google$1​."
   },
   "2418104318933043113": {
      "message": "Cerca d'imatges de Google"
   },
   "2433429041384246549": {
      "message": "Silencia"
   },
   "2449254824382583885": {
      "message": "Finestra externa"
   },
   "2452522051596946166": {
      "message": "S'ha produït un problema en previsualitzar $1​. S'està tornant a provar."
   },
   "2454642351139428112": {
      "message": "Desfés"
   },
   "2466251465475184755": {
      "message": "Vols buidar la paperera? Totes les notes de la paperera se suprimiran de manera permanent."
   },
   "2475181823688399272": {
      "message": "Següent"
   },
   "2484568559152875936": {
      "message": "No hi ha cap àlbum de fotos."
   },
   "2504232652631703202": {
      "message": "Connectada"
   },
   "251025074207413762": {
      "message": "Afegeix una descripció"
   },
   "2510929871271209216": {
      "message": "Aquest full de càlcul és massa gran. Fes clic $2​aquí$1​ per baixar-lo."
   },
   "2513437337377210144": {
      "message": "fi"
   },
   "2524021436052870191": {
      "message": "No es pot penjar el fitxer. Només es poden penjar fitxers $1​ que no arribin als $2​ MB."
   },
   "2532280782491328445": {
      "message": "Cerca l'anterior"
   },
   "2538080331309772448": {
      "message": "Ordena: $1​"
   },
   "2538462904124380434": {
      "message": "S'ha mogut la nota a la paperera."
   },
   "2546225293834487484": {
      "message": "Nota"
   },
   "2558480112329900136": {
      "message": "Gris"
   },
   "257317112834806705": {
      "message": "Permet alternar entre la visualització de llista i la de quadrícula."
   },
   "2579679351920691492": {
      "message": "Vés enrere"
   },
   "2587566920590457715": {
      "message": "Maps Engine Lite"
   },
   "2609409316752026806": {
      "message": "PDF"
   },
   "2609750184896485102": {
      "message": "Vídeos del telèfon"
   },
   "2615188670181508661": {
      "message": "No has seleccionat res recentment."
   },
   "2623861453769098676": {
      "message": "S'ha produït un problema amb la visualització prèvia d'aquest document."
   },
   "2628268670001557269": {
      "message": "Quota"
   },
   "2643241712502664984": {
      "message": "Els teus vídeos de YouTube"
   },
   "2661850177130037208": {
      "message": "Obre l'element"
   },
   "2681830832355823748": {
      "message": "Cerca totes les dreceres"
   },
   "2687303256387847763": {
      "message": "Popularitat"
   },
   "2702485557996900362": {
      "message": "Corregeix els canvis en conflicte"
   },
   "2705842902318123127": {
      "message": "Permet anar a la nota o a la llista següent o a l'anterior."
   },
   "272948685355798518": {
      "message": "El tipus de fitxer seleccionat no és vàlid."
   },
   "2731144323070245943": {
      "message": "Configuració de la llista"
   },
   "2742719907061406418": {
      "message": "XML"
   },
   "2750830436677712001": {
      "message": "{VIEWER_GENDER,select, female{No s'ha pogut crear {FOLDER_NAME}.}male{No s'ha pogut crear {FOLDER_NAME}.}other{No s'ha pogut crear {FOLDER_NAME}.}}"
   },
   "2752123004911547510": {
      "message": "Tendències"
   },
   "2758125083752925237": {
      "message": "(Propietari)"
   },
   "277430914014962533": {
      "message": "S'ha produït un problema en previsualitzar $1​."
   },
   "2774713922589657910": {
      "message": "Qualsevol usuari dins del domini"
   },
   "2786560864906393383": {
      "message": "Fotos del telèfon"
   },
   "2789687492331041935": {
      "message": "Tria una hora"
   },
   "2790446494460492805": {
      "message": "Ha començat la tasca d'extracció. Els missatges de l'arxiu es mostraran al compte de correu amb l'etiqueta Importació: $1​."
   },
   "2793841261389879255": {
      "message": "Pàgina anterior"
   },
   "2801153442808430222": {
      "message": "La meva unitat"
   },
   "2817277146396981386": {
      "message": "p. m."
   },
   "2818020101821669029": {
      "message": "Creació"
   },
   "2818135503416309545": {
      "message": "Enregistrament d'un vídeo"
   },
   "2827039933590757722": {
      "message": "Windows Shortcut"
   },
   "2829226075651806940": {
      "message": "Amplia"
   },
   "2860188519781080944": {
      "message": "Taronja"
   },
   "2861568351294148466": {
      "message": "Scripts"
   },
   "2864281852037732729": {
      "message": "Menys"
   },
   "2873089307546162154": {
      "message": "D'acord"
   },
   "2877285560485318801": {
      "message": "Posa en pausa"
   },
   "2878874627361086801": {
      "message": "visualització prèvia"
   },
   "2879276552944958066": {
      "message": "Torna a la carpeta $1​"
   },
   "289798573180023043": {
      "message": "D'acord"
   },
   "2902747751281161248": {
      "message": "Aplica a les llistes noves"
   },
   "2905147317995482841": {
      "message": "Hem actualitzat el disseny de tots els fitxers de Google Drive. Ara és més atractiu i fàcil d'utilitzar. Esperem que us agradi!"
   },
   "2917498437550635075": {
      "message": "Icona"
   },
   "2964778642459027786": {
      "message": "No hi ha cap nota a la paperera."
   },
   "2974598228601710262": {
      "message": "Afegeix"
   },
   "2979466412944870220": {
      "message": "S'està carregant la visualització prèvia..."
   },
   "2982511431742033448": {
      "message": "No hi ha cap presentació."
   },
   "298817883481775869": {
      "message": "S'està carregant..."
   },
   "3000689173481666334": {
      "message": "Edició del cercle"
   },
   "3029395493413607486": {
      "message": "No s'ha pogut carregar el reproductor de vídeo. Prova de tornar a carregar la pàgina.$1​Si el problema continua, $3​consulta el Centre d'ajuda$2​."
   },
   "3043961722025425136": {
      "message": "Descripció"
   },
   "306516303501625305": {
      "message": "No s'ha pogut fer l'autenticació."
   },
   "3073005748126521632": {
      "message": "Recordat a $1​"
   },
   "3074184819310272351": {
      "message": "Fotos penjades"
   },
   "3084372889071691504": {
      "message": "{VIEWER_GENDER,select, female{Enganxa aquí un URL:}male{Enganxa aquí un URL:}other{Enganxa aquí un URL:}}"
   },
   "3095645856215493958": {
      "message": "Cerca text imprès a les fotos"
   },
   "31018542656161389": {
      "message": "Ajusta el zoom"
   },
   "3109321241584918345": {
      "message": "Connecta més aplicacions..."
   },
   "3121560585545725724": {
      "message": "$1​, $2​"
   },
   "3140236589681731084": {
      "message": "d'aquí a $1​ hores"
   },
   "3189854932778515441": {
      "message": "Nota a l'Arxiu"
   },
   "3207670492626476064": {
      "message": "Taules"
   },
   "3211163842850942567": {
      "message": "Amplia"
   },
   "3222929029344613957": {
      "message": "S'ha produït un error en obrir el fitxer. Torna-ho a provar."
   },
   "3233388241926683100": {
      "message": "Fes cerques a les notes"
   },
   "3243829462528324248": {
      "message": "Marró"
   },
   "3250489229749307913": {
      "message": "Publicació electrònica"
   },
   "3256928852560591255": {
      "message": "No es pot editar a la paperera."
   },
   "3261131345401321392": {
      "message": "Pot comentar"
   },
   "3265524298292280681": {
      "message": "esc"
   },
   "3267563602179728277": {
      "message": "supr"
   },
   "3272496516667407797": {
      "message": "S'ha produït un problema en carregar els detalls."
   },
   "3275029321588462173": {
      "message": "Cap"
   },
   "3278237562147211998": {
      "message": "Fotos d'arxiu"
   },
   "330603631583186798": {
      "message": "Microsoft Word"
   },
   "3306487262690341751": {
      "message": "Data i hora"
   },
   "3312545971976531405": {
      "message": "Missatge"
   },
   "3319087486907616296": {
      "message": "Emet aquest element"
   },
   "3328129883064940351": {
      "message": "Tipus de lletra"
   },
   "3335409796971631780": {
      "message": "S'està extraient a Drive."
   },
   "3343451103608774400": {
      "message": "Presentem la $3​nova funció Els meus mapes.$2​$1​Eines optimitzades per afegir ubicacions."
   },
   "3354260708176476985": {
      "message": "S'està carregant&hellip;"
   },
   "3357778055650785985": {
      "message": "L'element és massa llarg. El text destacat no es desarà."
   },
   "3364679383274077479": {
      "message": "Actualització disponible"
   },
   "3368639944474272225": {
      "message": "No hem pogut recuperar el document per a la visualització o bé no tens permís per visualitzar-lo."
   },
   "3381619429606029445": {
      "message": "Visio"
   },
   "3382236845597426718": {
      "message": "Obre"
   },
   "3408219901032480508": {
      "message": "$2​, $1​"
   },
   "3409257542937182842": {
      "message": "S'està tornant a provar..."
   },
   "3409483962000136213": {
      "message": "Reprodueix/Pausa"
   },
   "3418767079436101103": {
      "message": "S'ha produït un problema en carregar aquesta pàgina."
   },
   "3421685394169412932": {
      "message": "Tots els canvis que facis es desen automàticament"
   },
   "3422389100099960864": {
      "message": "No hi ha cap imatge."
   },
   "3428726060007577698": {
      "message": "La llista és massa gran."
   },
   "3430885603500576146": {
      "message": "Selecciona només imatges per a les quals hagis confirmat que tens autorització d'ús."
   },
   "3440534675925634227": {
      "message": "Des d'una finestra del navegador Chrome, vés a chrome://settings i comprova que hagis iniciat la sessió. A continuació, torna a fer clic a Inicia la sessió."
   },
   "3446158485617778228": {
      "message": "Desfés"
   },
   "3448234415275521882": {
      "message": "Informació general"
   },
   "3448684788258660606": {
      "message": "Les teves fotos"
   },
   "3450585781337676327": {
      "message": "S'està carregant..."
   },
   "3457279184692206825": {
      "message": "Tothom podrà veure les fotos (públic al web)."
   },
   "3468441711253011521": {
      "message": "Fulls de càlcul de Google"
   },
   "3473620774713000513": {
      "message": "Resolt"
   },
   "3483438888494819423": {
      "message": "Novetats de Google Keep"
   },
   "3511274344439521198": {
      "message": "Accions"
   },
   "3518073392823563581": {
      "message": "Tecles de drecera"
   },
   "3531603810713611778": {
      "message": "S'ha superat la mida màxima dels fitxers. Selecciona'n menys."
   },
   "3543475399174940144": {
      "message": "+ $1​ més"
   },
   "3547194749488601916": {
      "message": "S'està actualitzant..."
   },
   "354828103903104581": {
      "message": "Elements seleccionats"
   },
   "3561658662634401836": {
      "message": "Títol"
   },
   "357172711168973843": {
      "message": "Les notes o els canvis afegits recentment no s'han desat. Fes una còpia del contingut i, a continuació, torna a carregar la pàgina."
   },
   "3586705906700410505": {
      "message": "Dibuix lineal"
   },
   "3587798318180902863": {
      "message": "{NUM_SELECTED,plural, =1{ seleccionat »}other{ seleccionats »}}"
   },
   "3595000514985906359": {
      "message": "Microsoft Excel"
   },
   "3602920441714068008": {
      "message": "Recordat el dia $1​ a les $2​"
   },
   "3608606849109645545": {
      "message": "Introdueix un nom nou per al document:"
   },
   "361202495024972887": {
      "message": "Càrrega de vídeos"
   },
   "361630518611593946": {
      "message": "Amaga les caselles de selecció"
   },
   "3625886392901506764": {
      "message": "o bé"
   },
   "3643146117250542609": {
      "message": "No hi ha cap PDF."
   },
   "3645728163953189422": {
      "message": "No hem pogut recuperar el document per a la visualització perquè és massa gran."
   },
   "3651893685901703652": {
      "message": "..."
   },
   "3657386785336906042": {
      "message": "barra inversa"
   },
   "3659554681396757189": {
      "message": "Obert per mi"
   },
   "3663571259791438207": {
      "message": "Informa d'un ús inadequat"
   },
   "3664842788764635265": {
      "message": "Cap"
   },
   "3666123569747918021": {
      "message": "Aquest document conté canvis no desats. Vols sortir d'aquesta pàgina i descartar els canvis?"
   },
   "3673346558112798837": {
      "message": "Sense imatge de fons"
   },
   "3674811252904549204": {
      "message": "Fotos de portada"
   },
   "3678477908297567934": {
      "message": "ratlla baixa"
   },
   "3681747688524363195": {
      "message": "A la part superior"
   },
   "3690515530505404607": {
      "message": "S'ha produït un problema amb la reproducció d'aquest vídeo."
   },
   "369764661829607970": {
      "message": "{NUM_ITEMS,plural, =0{Sense elements}=1{1 element}other{# elements}}"
   },
   "3712215972250917265": {
      "message": "Comentaris"
   },
   "3717138719704492547": {
      "message": "Comprova que l'adreça estigui escrita correctament."
   },
   "374088101949877889": {
      "message": "Tanca"
   },
   "3745308627628779133": {
      "message": "Carpeta nova"
   },
   "3748461364828242354": {
      "message": "Selecciona el color"
   },
   "3770795578481676514": {
      "message": "Groc"
   },
   "3771958676925493302": {
      "message": "Suprimeix el filtre: $1​"
   },
   "3779945546806941187": {
      "message": "Monocrom"
   },
   "3793086499925031123": {
      "message": "Obre la barra de cerca o vés a l'element anterior"
   },
   "37992665410817181": {
      "message": "Reobert"
   },
   "3801617971018550169": {
      "message": "Ahir"
   },
   "3808213429720572062": {
      "message": "Restaura"
   },
   "381100310424863459": {
      "message": "Illustrator"
   },
   "3842411126100113634": {
      "message": "re pàg"
   },
   "3844047145949375230": {
      "message": "Documents"
   },
   "3858324058837632381": {
      "message": "S'ha produït un problema amb la reproducció d'aquest fitxer d'àudio."
   },
   "3864575916269080329": {
      "message": "Cerca de text en imatges"
   },
   "3866373087987934712": {
      "message": "Error en la càrrega: $1​"
   },
   "3869166581651870488": {
      "message": "Permet finalitzar l'edició."
   },
   "3873215756962047275": {
      "message": "ARXIVA"
   },
   "3873467440437675460": {
      "message": "No hem trobat els tipus de lletra que has seleccionat prèviament."
   },
   "3897281533382850749": {
      "message": "Activa el so"
   },
   "3936153839186254186": {
      "message": "Mostra: $1​"
   },
   "3955760658925284765": {
      "message": "Torna-ho a provar"
   },
   "3974064131130689245": {
      "message": "Visualització de quadrícula"
   },
   "3977699855735576796": {
      "message": "S'ha produït un problema en carregar més pàgines."
   },
   "3988418762222300024": {
      "message": "punt"
   },
   "3989552504822984034": {
      "message": "Diagrama de Google"
   },
   "4005725939358875643": {
      "message": "L'acció s'ha desfet"
   },
   "4014287326684608407": {
      "message": "Turquesa"
   },
   "4048275292053012394": {
      "message": "Contactes"
   },
   "4059387791040010947": {
      "message": "Meta"
   },
   "4067915791853673774": {
      "message": "{VIEWER_GENDER,select, female{Tanca}male{Tanca}other{Tanca}}"
   },
   "4078179869358383373": {
      "message": "No s'ha trobat cap resultat."
   },
   "4087667435414545203": {
      "message": "Ja no tens la sessió iniciada. Per fer canvis, torna a carregar la pàgina."
   },
   "4093134637041332383": {
      "message": "MÉS INFORMACIÓ"
   },
   "4097007735221462946": {
      "message": "Dibuixos"
   },
   "4097921967754832323": {
      "message": "guionet"
   },
   "4100504115801514799": {
      "message": "Nota restaurada"
   },
   "4119294114251628099": {
      "message": "No s'ha pogut recuperar l'URL de la imatge que has especificat. És possible que sigui un URL privat al qual els nostres servidors no poden accedir. Prova-ho amb un altre URL."
   },
   "4134385041569168669": {
      "message": "S'està carregant..."
   },
   "4148564423510181521": {
      "message": "Esborra la cerca"
   },
   "4152315289461886": {
      "message": "Controls de documents"
   },
   "4168280976997555951": {
      "message": "No hi ha cap document."
   },
   "4174786386751618325": {
      "message": "Nota de foto"
   },
   "4182427157920112948": {
      "message": "titlla"
   },
   "4200426647595470259": {
      "message": "Inicia la reproducció del fitxer d'àudio"
   },
   "4200911267543705377": {
      "message": "Escriu la teva consulta al quadre superior per obtenir resultats de blogs mitjançant la Cerca de blogs."
   },
   "4205329094859140439": {
      "message": "a. m."
   },
   "4211182812451835307": {
      "message": "Pot editar el document."
   },
   "4211806608204126222": {
      "message": "$2​Condicions del servei$1​"
   },
   "4214190403999219403": {
      "message": "Zoom"
   },
   "4230101516585408149": {
      "message": "Permet redactar una nota nova."
   },
   "4253741616909644861": {
      "message": "Termes de cerca"
   },
   "4280747719095153198": {
      "message": "Comentari resolt"
   },
   "4286663890332754386": {
      "message": "La càrrega ha fallat."
   },
   "4299690446455033653": {
      "message": "Microsoft Works"
   },
   "4314643310615423802": {
      "message": "S'ha tancat la teva sessió."
   },
   "4318861667254318892": {
      "message": "Google Video"
   },
   "4319229296464464147": {
      "message": "Data en què s'ha afegit"
   },
   "4320831042030778": {
      "message": "Cancel·la"
   },
   "4332252081504252077": {
      "message": "Vaja."
   },
   "4338991104991831337": {
      "message": "Imatges"
   },
   "4339705658383891586": {
      "message": "A tot color"
   },
   "4343825450663233452": {
      "message": "Pot visualitzar el document."
   },
   "4343836986248234462": {
      "message": "Element de llista"
   },
   "435214284915110062": {
      "message": "Obre la barra de cerca"
   },
   "4372755508519489521": {
      "message": "Visualització de quadrícula"
   },
   "4391715930031906467": {
      "message": "Cerca el següent"
   },
   "4395845663892873002": {
      "message": "inici"
   },
   "4422985761498356257": {
      "message": "Obre amb"
   },
   "4430062722430863019": {
      "message": "Vols suprimir la nota de manera permanent?"
   },
   "4439812492856303238": {
      "message": "S'ha produït un error inesperat mentre es processava la teva selecció. Torna-ho a provar més tard."
   },
   "4444571967705751871": {
      "message": "Paperera"
   },
   "4466605492523079635": {
      "message": "Desa"
   },
   "4468872996560163913": {
      "message": "Buida la paperera ara"
   },
   "4473912481270012588": {
      "message": "S'ha desat a Drive. Mou a:"
   },
   "45228242181482134": {
      "message": "Reprodueix"
   },
   "4536519876526589338": {
      "message": "Avatar de: $1​"
   },
   "4552045407215325033": {
      "message": "L'URL de vídeo que has introduït més amunt no es pot carregar. Assegura't que sigui correcte i que provingui d'un lloc compatible."
   },
   "4564682305303579317": {
      "message": "Continua"
   },
   "456498742882714639": {
      "message": "Mou a:"
   },
   "4588500131398315347": {
      "message": "Creació d'un cercle"
   },
   "4604402426271704651": {
      "message": "Sense foto"
   },
   "4620034373159179678": {
      "message": "Pàgina $1​ de $2​"
   },
   "4630690108252818511": {
      "message": "No s'ha trobat cap imatge."
   },
   "468283184702431827": {
      "message": "El progrés s'ha iniciat."
   },
   "4695897771458936174": {
      "message": "Ja pots compartir les fotos de Google Drive a Google+"
   },
   "4740100782728373253": {
      "message": "Desa a Drive"
   },
   "4748046231232264180": {
      "message": "Formularis de Google"
   },
   "4767722428137216885": {
      "message": "Cancel·la"
   },
   "477328789314249432": {
      "message": "Permet cercar notes."
   },
   "4775368111547931093": {
      "message": "Cap descripció"
   },
   "4781742940361705258": {
      "message": "Omet"
   },
   "4783695823456312682": {
      "message": "Mou a la part inferior"
   },
   "47844150329705564": {
      "message": "Resultats de la cerca per a \"$1​\""
   },
   "4798897505978458661": {
      "message": "No s'ha trobat cap vídeo."
   },
   "4805047680716507619": {
      "message": " - Mou a:"
   },
   "4806763987633034948": {
      "message": "PKCS7 Signature"
   },
   "4833214200453019325": {
      "message": "$1​ de $2​"
   },
   "4846720038197420778": {
      "message": "Connecta més aplicacions"
   },
   "4853788427396558692": {
      "message": "$1​ MB"
   },
   "4858389278403807208": {
      "message": "Nota a la Paperera"
   },
   "4888104357342241891": {
      "message": "Recordatoris"
   },
   "4889853674709731963": {
      "message": "S'han desat totes les notes fora de línia."
   },
   "4901386320110714275": {
      "message": "La contrasenya no és correcta. Torna-ho a provar."
   },
   "490372259452655427": {
      "message": "El document encara no es pot visualitzar."
   },
   "4906669330059413958": {
      "message": "Envia la contrasenya"
   },
   "4908614808966678155": {
      "message": "No hi ha resultats de la cerca per a \"$1​\"."
   },
   "4926020998477695737": {
      "message": "Canvia a la carpeta $1​"
   },
   "4943176738805484221": {
      "message": "edita"
   },
   "4956678140555659175": {
      "message": "retrocés"
   },
   "4957674814179289955": {
      "message": "Permet anar a l'element de la llista següent o a l'anterior."
   },
   "4963784280521435720": {
      "message": "S'està desant..."
   },
   "4969219890884320840": {
      "message": "Actualitza"
   },
   "4983125135476400111": {
      "message": "Envia la nota o la llista a la paperera."
   },
   "4988132901627446385": {
      "message": "El tauler de detalls s'ha desplegat."
   },
   "4998757387516632837": {
      "message": "Els resultats que es mostren estan etiquetats per a la reutilització amb modificacions."
   },
   "5006225450559627366": {
      "message": "+$1​ més"
   },
   "501475221876543407": {
      "message": "Les notes que afegeixis apareixeran aquí."
   },
   "5023525794410110078": {
      "message": "Afegir text a la foto"
   },
   "5026241297254150381": {
      "message": "Afegeix una nota."
   },
   "5046371569383796818": {
      "message": "Conserva"
   },
   "5055418092354683641": {
      "message": "Serif"
   },
   "5095987896933771566": {
      "message": "Imprimeix el document"
   },
   "5096751700090310607": {
      "message": "No hi ha cap foto."
   },
   "509815948423424872": {
      "message": "Navegació"
   },
   "5099245668405591445": {
      "message": "Cerca"
   },
   "512429649443191386": {
      "message": "$2​Ajuda$1​"
   },
   "5124522868502261563": {
      "message": "Fulls de càlcul"
   },
   "5130903421326358933": {
      "message": "S'ha produït un error en desar el fitxer adjunt a Google Drive."
   },
   "5149937870346466591": {
      "message": "Visualització de llista"
   },
   "5169187962228219813": {
      "message": "Fotos de LIFE"
   },
   "5180454621500142444": {
      "message": "Restaura"
   },
   "5180989337128758117": {
      "message": "claudàtor d'obertura"
   },
   "5184692850089055965": {
      "message": "Obtén el text de la imatge"
   },
   "5197718200713913936": {
      "message": "C++"
   },
   "5201670213497642487": {
      "message": "Barra de pestanyes del tauler d'informació. Prem les tecles de fletxa esquerra i dreta per canviar d'una pestanya a una altra."
   },
   "5204391636475413312": {
      "message": "Desa"
   },
   "5213411023807957844": {
      "message": "Fes una cerca a Google Keep"
   },
   "5213974294317036409": {
      "message": "{numPages,plural, =0{}=1{1 pàgina}other{# pàgines}}"
   },
   "5226470917948786938": {
      "message": "Alfabèticament"
   },
   "5238003680997310998": {
      "message": "Més"
   },
   "5238371081785912565": {
      "message": "Obre amb $1​"
   },
   "5275493935807628890": {
      "message": "No podem trobar la imatge en aquest URL."
   },
   "5281121179861637423": {
      "message": "Cal una contrasenya per accedir a $1​. Introdueix-la."
   },
   "5288037028604092288": {
      "message": "XPS"
   },
   "5291153964865714504": {
      "message": "No hi ha cap nota que coincideixi."
   },
   "5299648222246616124": {
      "message": "accent greu"
   },
   "5304869088141363028": {
      "message": "Fotos destacades"
   },
   "5316658541831864803": {
      "message": "Aquest tipus de document no és compatible amb la visualització."
   },
   "5319313176242717957": {
      "message": "S'estan processant les imatges..."
   },
   "5336801339221383042": {
      "message": "JavaScript"
   },
   "534228323125524312": {
      "message": "Redueix"
   },
   "5353129315502554762": {
      "message": "Full d'estils"
   },
   "5372143986724491245": {
      "message": "fa $1​ dia"
   },
   "5372160981898991853": {
      "message": "Microsoft Publisher"
   },
   "5399553230649155346": {
      "message": "d'aquí a $1​ hora"
   },
   "5403830377590414208": {
      "message": "Blanc"
   },
   "5408091115193390231": {
      "message": "AutoCAD"
   },
   "5438481737351808090": {
      "message": "A la tarda ($1​)"
   },
   "544377415081282702": {
      "message": "Ho sentim."
   },
   "5447119197363232006": {
      "message": "Mostra a Drive"
   },
   "5465323999933375616": {
      "message": "Has arribat al límit de l'amplada de banda per visualitzar o per baixar fitxers que no tenen el format de Google Drive."
   },
   "5472312735475866917": {
      "message": "Comentari de: $1​"
   },
   "547865385964196102": {
      "message": "fa $1​ minuts"
   },
   "5482872484546230111": {
      "message": "Cerca llibres"
   },
   "5494181290179470995": {
      "message": "Suprimeix"
   },
   "5500117709595533163": {
      "message": "Escriu la teva consulta al quadre superior per obtenir resultats de llibres electrònics mitjançant Google Llibres."
   },
   "5514516347328112388": {
      "message": "També pots provar de baixar el document original si fas clic $2​aquí$1​."
   },
   "5529532831767466284": {
      "message": "{VIEWER_GENDER,select, female{{DEGREES}° {MINUTES}' {SECONDS}\"}male{{DEGREES}° {MINUTES}' {SECONDS}\"}other{{DEGREES}° {MINUTES}' {SECONDS}\"}}"
   },
   "5555182241047709329": {
      "message": "Selecciona una ubicació"
   },
   "5555599189512365009": {
      "message": "D'ACORD"
   },
   "5571842632470308750": {
      "message": "Qualsevol tipus"
   },
   "5588597116382648727": {
      "message": "S'ha iniciat la tasca d'extracció."
   },
   "5598649706113950710": {
      "message": "Editor"
   },
   "5609727719971819773": {
      "message": "{VIEWER_GENDER,select, female{Enrere}male{Enrere}other{Enrere}}"
   },
   "5627470193961862490": {
      "message": "Les notes amb recordatoris propers apareixeran aquí."
   },
   "5631086126416409232": {
      "message": "Blau"
   },
   "564165666160590723": {
      "message": "Windows Media Player"
   },
   "5660422479531064559": {
      "message": "No hi ha cap formulari."
   },
   "5675154446465700699": {
      "message": "PDF"
   },
   "568072913338360182": {
      "message": "HTML"
   },
   "5707549724380589079": {
      "message": "Vols suprimir els elements seleccionats?"
   },
   "5714240424645614611": {
      "message": "Paquet d'Android"
   },
   "5728640851616538925": {
      "message": "Verd"
   },
   "5744491383087191878": {
      "message": "L'URL de la imatge que has introduït a dalt no és correcte o no es pot carregar."
   },
   "5747728324987383020": {
      "message": "Cara"
   },
   "5783875011049188612": {
      "message": "S'ha obtingut el text de la imatge"
   },
   "5785010887521443923": {
      "message": "Suprimeix"
   },
   "5834678297024555032": {
      "message": "Permet"
   },
   "5840330517914556080": {
      "message": "Redueix"
   },
   "5842536098490298653": {
      "message": "No s'ha trobat cap tipus de lletra."
   },
   "5865680764501413616": {
      "message": "No es reconeix el text."
   },
   "5871966496153339793": {
      "message": "S'està mostrant la miniatura del vídeo $1​."
   },
   "5875004331736681428": {
      "message": "S'està extraient al compte de correu"
   },
   "587666071025645113": {
      "message": "Cerca"
   },
   "5877526626743756786": {
      "message": "Comentaris"
   },
   "5889725440363483648": {
      "message": "Qualsevol usuari dins del grup"
   },
   "5911012384539794869": {
      "message": "No s'ha pogut iniciar la tasca d'extracció."
   },
   "5916010927050975496": {
      "message": "$1​ KB"
   },
   "5949528478488617689": {
      "message": "Permís de baixada"
   },
   "5950887255133612666": {
      "message": "No ha començat."
   },
   "5969696744752069015": {
      "message": "No hi ha cap visualització prèvia disponible."
   },
   "5971400924847413790": {
      "message": "De manera alternativa, pots consultar la versió en $2​HTML simple$1​ (redirecció automàtica)."
   },
   "5972111804366033138": {
      "message": "Baixa"
   },
   "5975031149676029214": {
      "message": "Tothom"
   },
   "5976369213680241300": {
      "message": "Cerca imatges"
   },
   "5980081664136280513": {
      "message": "Verd"
   },
   "5984398071085567332": {
      "message": "Taules dinàmiques de Google"
   },
   "6009962986062136164": {
      "message": "S'està carregant $1​."
   },
   "60305871484579258": {
      "message": "Alt"
   },
   "6043068172993241858": {
      "message": "No hi ha ningú en aquest cercle."
   },
   "604883455412617728": {
      "message": "No hi ha cap contacte que coincideixi amb la cerca."
   },
   "6051386830221821025": {
      "message": "S'està iniciant la sessió..."
   },
   "6064654062949366878": {
      "message": "Reprodueix"
   },
   "6070475007374165567": {
      "message": "S'està desant..."
   },
   "6083586461434260179": {
      "message": "Nou disseny"
   },
   "6087078248621415351": {
      "message": "Modificada: $1​"
   },
   "6091926883608250483": {
      "message": "Més"
   },
   "6105571474005679446": {
      "message": "S'ha produït un problema amb la visualització prèvia."
   },
   "6113237889871930608": {
      "message": "Nota buida"
   },
   "6118623991445349480": {
      "message": "Pàgina $1​"
   },
   "6122643025527543706": {
      "message": "Ctrl"
   },
   "6131822680770571276": {
      "message": "PowerPoint"
   },
   "6140634664402328750": {
      "message": "Llista d'aplicacions"
   },
   "6149175749937815029": {
      "message": "Mostra tots els elements"
   },
   "6160805346274626656": {
      "message": "Suprimeix definitivament"
   },
   "616807262818311711": {
      "message": "Tipus"
   },
   "6175043905327075444": {
      "message": "Seleccions anteriors"
   },
   "6177107655089301674": {
      "message": "Baixa l'aplicació Google Keep per a Android."
   },
   "6185886893933834031": {
      "message": "Desa la seleccionada"
   },
   "6186290899408627510": {
      "message": "intro"
   },
   "6189891414154673003": {
      "message": "Els meus mapes"
   },
   "6203260615455347677": {
      "message": "Números"
   },
   "6223207695466118454": {
      "message": "YouTube"
   },
   "6224687211096863620": {
      "message": "Qualsevol usuari"
   },
   "623118860067088424": {
      "message": "Vídeos"
   },
   "6231401379881217113": {
      "message": "ins"
   },
   "6252259197986158120": {
      "message": "Ahir"
   },
   "6253076263700695984": {
      "message": "S'ha produït un error d'autenticació. Torna a carregar la pàgina."
   },
   "6255475144867830247": {
      "message": "Tria des d'altres pestanyes de navegació"
   },
   "6267063643272327592": {
      "message": "Torna-ho a provar més tard."
   },
   "6290270819062517523": {
      "message": "Has seleccionat massa elements. Cancel·la la selecció d'un element com a mínim."
   },
   "6305748545202493254": {
      "message": "Mostra o amaga el tauler de detalls"
   },
   "6324768448533022780": {
      "message": "$1​ $2​"
   },
   "6331677437567501421": {
      "message": "S'ha produït un error en actualitzar el permís de baixada."
   },
   "6333496730738019575": {
      "message": "S'està carregant..."
   },
   "634900089121611600": {
      "message": "No hi ha cap vídeo."
   },
   "6362170008350775214": {
      "message": "Recordatori a $1​"
   },
   "6375395544374251820": {
      "message": "S'ha produït un problema en carregar més pàgines. S'està tornant a provar..."
   },
   "6376739025584042564": {
      "message": "Retall de foto"
   },
   "6386587519843563719": {
      "message": "Fitxer binari"
   },
   "6416495701611778255": {
      "message": "Aplicacions suggerides d'altres fabricants"
   },
   "6419411265907669340": {
      "message": "Avui"
   },
   "6436479735235889890": {
      "message": "Recordatori el dia $1​ a les $2​"
   },
   "6450508807204492448": {
      "message": "Icona per a $1​"
   },
   "6457802200418354862": {
      "message": "Els usuaris poden baixar el fitxer"
   },
   "6459405233858728718": {
      "message": "Presentacions de Google"
   },
   "6464761738227651511": {
      "message": "fa $1​ minut"
   },
   "6466736813846482957": {
      "message": "Anterior"
   },
   "6479216014938929613": {
      "message": "A la nit ($1​)"
   },
   "6482358947077977110": {
      "message": "Fotos de Cerca de Google"
   },
   "6487403767449360463": {
      "message": "Vols tornar a carregar Keep?"
   },
   "6488225756782357866": {
      "message": "La Cerca d'imatges de Google ha trobat la imatge que has ressaltat en aquesta pàgina:"
   },
   "6510131849363684615": {
      "message": "Demà"
   },
   "6516256764288947999": {
      "message": "Etiquetatge de persones"
   },
   "6522917155620379865": {
      "message": "Baixa"
   },
   "6524849072392100692": {
      "message": "Carpeta de Google Drive"
   },
   "6551588617715293696": {
      "message": "Opcions d'ordenació"
   },
   "6570921376519753466": {
      "message": "Visualització"
   },
   "6571686604846453345": {
      "message": "S'ha produït un error en afegir aquest element a Drive."
   },
   "6582286158693833652": {
      "message": "Més informació"
   },
   "6588176324871799870": {
      "message": "Google Apps Script"
   },
   "6602430002978098812": {
      "message": "Escriptura tàctil"
   },
   "6614046405230762587": {
      "message": "No s'ha trobat cap contacte."
   },
   "6622304228074863427": {
      "message": "Aplicació"
   },
   "6624754161346656119": {
      "message": "Avatar de: $1​"
   },
   "6644861766016503644": {
      "message": "Contrasenya necessària"
   },
   "6650600936729710500": {
      "message": "Respostes"
   },
   "666311703374681171": {
      "message": "Imatges i vídeos"
   },
   "6666820082708870349": {
      "message": "Suprimeix"
   },
   "6707173584987026005": {
      "message": "Avui"
   },
   "6709984792949009238": {
      "message": "Últims oberts per mi"
   },
   "6726462693927865256": {
      "message": "Detalls"
   },
   "6726879257388338969": {
      "message": "Imprimeix"
   },
   "6726925393892510846": {
      "message": "S'ha produït un error. Torna-ho a provar."
   },
   "6741759391888465238": {
      "message": "S'està desant a Drive. Mou a:"
   },
   "6744457949320515234": {
      "message": "S'ha descartat la nota buida."
   },
   "6757218172402086688": {
      "message": "Cerca notes..."
   },
   "6780628488957834429": {
      "message": "Taronja"
   },
   "6784073265197389491": {
      "message": "Més detalls"
   },
   "681598652078493281": {
      "message": "Més informació"
   },
   "6818286476757207074": {
      "message": "Selecciona només imatges per a les quals hagis confirmat que tens autorització d'ús."
   },
   "682070933835616121": {
      "message": "No hi ha cap taula."
   },
   "6822338149422461362": {
      "message": "Google Drive"
   },
   "6827821461670731013": {
      "message": "Mostra les caselles de selecció"
   },
   "6828581947433060251": {
      "message": "S'ha produït un error en canviar el nom de l'element."
   },
   "6833760103261954639": {
      "message": "S'ha produït un problema en carregar aquesta pàgina. S'està tornant a provar..."
   },
   "6841020391100928352": {
      "message": "S'ha superat la mida màxima dels fitxers."
   },
   "6851307437837490686": {
      "message": "Impedeix que els usuaris baixin el fitxer"
   },
   "6856672816797218730": {
      "message": "Adjunta"
   },
   "6891563484025164308": {
      "message": "Anterior"
   },
   "6893687445500687349": {
      "message": "Llocs"
   },
   "6898823203505321799": {
      "message": "Detalls"
   },
   "6904351530369058983": {
      "message": "Propietari"
   },
   "6905021988981026920": {
      "message": "Cerca de vídeos"
   },
   "6922953828399110511": {
      "message": "Tanca el visor"
   },
   "6929958461954697067": {
      "message": "Fotos on surts"
   },
   "6939782595426687411": {
      "message": "S'està afegint..."
   },
   "6940998537415516791": {
      "message": "a les"
   },
   "695253297035211081": {
      "message": "Buida la paperera"
   },
   "6967244066810487978": {
      "message": "ENVIADES A LA PAPERERA"
   },
   "6970167488058122005": {
      "message": "autor desconegut"
   },
   "6976414863987386971": {
      "message": "Formularis"
   },
   "7001938470263404128": {
      "message": "Penja"
   },
   "7002768663714031226": {
      "message": "Actualitza"
   },
   "7004919150329996187": {
      "message": "No s'ha trobat cap persona coincident en aquest cercle."
   },
   "7054631817922169541": {
      "message": "Google Keep té canvis sense desar. Vols sortir de la pàgina i descartar-los?"
   },
   "7059437903473652416": {
      "message": "Reprodueix el vídeo de YouTube $1​"
   },
   "7080196430479494775": {
      "message": "Torna-ho a provar"
   },
   "7084324152376766809": {
      "message": "fa $1​ dies"
   },
   "7084991134824194740": {
      "message": "Recordatori"
   },
   "7092062731478679314": {
      "message": "No s'ha trobat cap cercle."
   },
   "7117183622067702162": {
      "message": "Amb Google Drive no hauràs de tornar a enviar cap altre fitxer adjunt per correu electrònic. Només cal que comparteixis un enllaç a un fitxer emmagatzemat a Google Drive i tothom tindrà accés automàticament al mateix fitxer i a la mateixa versió."
   },
   "713754035716193665": {
      "message": "Llista nova"
   },
   "7146242673022399081": {
      "message": "Text"
   },
   "7148992630785407972": {
      "message": "Aquest fitxer no es pot previsualitzar perquè està protegit amb contrasenya."
   },
   "7151987668860086450": {
      "message": "Cerca web"
   },
   "7153847618034547771": {
      "message": "Activa"
   },
   "7161134329606048317": {
      "message": "Tanca"
   },
   "7164532930742017984": {
      "message": "Tots els usuaris amb l'enllaç"
   },
   "7174189954350964804": {
      "message": "Torna-ho a provar"
   },
   "7177591028189992523": {
      "message": "Desplaça"
   },
   "7188754206068648188": {
      "message": "Dades separades per comes"
   },
   "7225837680381806920": {
      "message": "Al vespre ($1​)"
   },
   "722702934847795304": {
      "message": "Microsoft Project"
   },
   "7236199858216720905": {
      "message": "Google Maps"
   },
   "7247530225058410142": {
      "message": "$2​ $1​"
   },
   "7259352906118493156": {
      "message": "No hi ha cap lloc."
   },
   "7282548567245878869": {
      "message": "Element suprimit"
   },
   "7295712436136900176": {
      "message": "Torna a carregar"
   },
   "7310311230493556740": {
      "message": "URL"
   },
   "7339696241980105410": {
      "message": "El vídeo que has seleccionat ja no existeix. És possible que el propietari l'hagi suprimit."
   },
   "7342923890755029722": {
      "message": "Tanca"
   },
   "734478884582426793": {
      "message": "Arxiu comprimit"
   },
   "7357017164339332230": {
      "message": "També pots veure i compartir aquestes imatges a $2​Àlbums web de Picasa$1​, el servei d'allotjament de fotos gratuït de Google."
   },
   "736105042796745909": {
      "message": "{VIEWER_GENDER,select, female{Crea una carpeta}male{Crea una carpeta}other{Crea una carpeta}}"
   },
   "7362061801920948830": {
      "message": "Penja'n més"
   },
   "7364571366369083618": {
      "message": "Vídeo"
   },
   "7377239345926788722": {
      "message": "Accions"
   },
   "7380785991026002613": {
      "message": "Els resultats que es mostren estan etiquetats per a la reutilització."
   },
   "7382688299146249119": {
      "message": "Baixa l'element"
   },
   "7383706174467122149": {
      "message": "S'ha suprimit la nota."
   },
   "7388342865555961406": {
      "message": "d'aquí a $1​ dia"
   },
   "7393771571081973549": {
      "message": "C"
   },
   "740507516967994591": {
      "message": "Obre"
   },
   "7422452809590461532": {
      "message": "Vermell"
   },
   "7426603384368095928": {
      "message": "Torna a carregar la pàgina per tornar a iniciar la sessió i continuar treballant."
   },
   "7429084719905985261": {
      "message": "Objective C"
   },
   "7432956605646331928": {
      "message": "SQL"
   },
   "7440735091552109962": {
      "message": "$2​ (editada: $1​)"
   },
   "7441891675459021164": {
      "message": "S'està desant a Drive."
   },
   "7451573821837395189": {
      "message": "S'ha afegit l'element al $2​teu Drive$1​."
   },
   "7468322419516352788": {
      "message": "S'ha produït un error en actualitzar la descripció."
   },
   "7488945223835574498": {
      "message": "PostScript"
   },
   "7492710087472140422": {
      "message": "Més detalls"
   },
   "7493919863870655172": {
      "message": "Càmera web"
   },
   "7500786109708143683": {
      "message": "L'àudio s'ha suprimit."
   },
   "7501027876827009022": {
      "message": "Els resultats que es mostren estan etiquetats com a comercials per a la seva reutilització."
   },
   "7521272923988336579": {
      "message": "Per estar al dia, torna a carregar Keep ara."
   },
   "7532552995569296274": {
      "message": "Esborra la cerca"
   },
   "7546994163355383999": {
      "message": "S'han desat totes les notes."
   },
   "7559208209275370228": {
      "message": "Últims modificats per mi"
   },
   "7565383798249439151": {
      "message": "d'aquí a $1​ dies"
   },
   "7565870443143407759": {
      "message": "Cerca al document"
   },
   "7586291841734385643": {
      "message": "Finestra externa"
   },
   "7598582624136632660": {
      "message": "Obre la barra de cerca o vés a l'element següent"
   },
   "7602870977118971161": {
      "message": "Torna a carregar"
   },
   "7610654194202731772": {
      "message": "Suprimeix"
   },
   "761925792744044896": {
      "message": "Estableix com a foto de perfil"
   },
   "7630723924002267143": {
      "message": "Les tecles de drecera estan activades."
   },
   "7640546114686970497": {
      "message": "No es poden afegir més elements"
   },
   "7669846901402551021": {
      "message": "Avui"
   },
   "7691521283331762131": {
      "message": "Les notes arxivades apareixeran aquí."
   },
   "772000107335590599": {
      "message": "d'aquí a $1​ minuts"
   },
   "7734578122414851725": {
      "message": "PHP"
   },
   "7745005220197261896": {
      "message": "Google Llibres"
   },
   "7759846028901235026": {
      "message": "La nota ja no està arxivada"
   },
   "776065748745885880": {
      "message": "espai"
   },
   "7770982082843341533": {
      "message": "No hi ha cap element en aquesta carpeta."
   },
   "779472474101127362": {
      "message": "Captura d'una instantània"
   },
   "7800318069267901681": {
      "message": "Modificació"
   },
   "7805487598105530487": {
      "message": "Insereix"
   },
   "7814778057875152792": {
      "message": "S'ha produït un error en moure el fitxer adjunt a la carpeta seleccionada de Google Drive."
   },
   "7820417126206702946": {
      "message": "Els resultats que es mostren estan disponibles només per a l'ús personal o comercial a Google Drive i no es poden redistribuir ni vendre de manera independent."
   },
   "7822364282298323175": {
      "message": "La llista s'ha suprimit."
   },
   "7830513726270865588": {
      "message": "Calendar"
   },
   "7845751753397906805": {
      "message": "S'han trobat canvis en conflicte"
   },
   "7852396628465259068": {
      "message": "Foto de perfil"
   },
   "7859526172011446452": {
      "message": "Deixa d'emetre"
   },
   "78870906674150830": {
      "message": "$3​$1​$2​"
   },
   "7895643887742936844": {
      "message": "punt i coma"
   },
   "7899833760457194273": {
      "message": "Cerca d'imatges"
   },
   "7899913952063063825": {
      "message": "La imatge s'ha suprimit."
   },
   "7906726367011430855": {
      "message": "Connecta"
   },
   "7910518224461588465": {
      "message": "Groc"
   },
   "7953603850004320936": {
      "message": "No hi ha cap visualització prèvia disponible."
   },
   "7957306528733096600": {
      "message": "El progrés s'ha completat."
   },
   "7960528690514646841": {
      "message": "{moreCount,plural, =0{unused plural form}=1{i 1 més}other{i {moreCount} més}}"
   },
   "7973635145070803181": {
      "message": "Càrrega de fotos"
   },
   "7987180255015869513": {
      "message": "O bé enganxa aquí una adreça web:"
   },
   "8011497727123874703": {
      "message": "Botó de la carpeta $1​"
   },
   "8016231262233952856": {
      "message": "Verd blavós"
   },
   "8019402848412685977": {
      "message": "\"$2​\" ha passat a dir-se \"$1​\"."
   },
   "8023466614826324314": {
      "message": "Les fotos es compartiran amb un públic ampli."
   },
   "8043514121228710092": {
      "message": "Afegeix una imatge"
   },
   "8044700199531805239": {
      "message": "S'ha connectat $3​$1​$2​."
   },
   "8069384932934428393": {
      "message": "d'aquí a $1​ minut"
   },
   "8081927474846706026": {
      "message": "No hi ha cap dibuix."
   },
   "8090743714060857028": {
      "message": "Els usuaris no poden baixar el fitxer"
   },
   "8095838445486198080": {
      "message": "{FILE_SIZE,plural, =0{0 bytes}=1{1 byte}other{# bytes}}"
   },
   "8099047958506869131": {
      "message": "{VIEWER_GENDER,select, female{Carpeta nova}male{Carpeta nova}other{Carpeta nova}}"
   },
   "8100558294600077150": {
      "message": "Google Blogs"
   },
   "8105635255693472607": {
      "message": "Afegeix elements nous"
   },
   "8106780183458743723": {
      "message": "Àlbums de fotos"
   },
   "8112699352770418817": {
      "message": "No s'ha trobat cap llibre."
   },
   "8132410616064087953": {
      "message": "El vídeo és massa llarg (pot durar com a màxim $1​ segons)."
   },
   "8135145577663029437": {
      "message": "Desa-les totes dues"
   },
   "8146560259680897627": {
      "message": "Cancel·la"
   },
   "8158191101452862916": {
      "message": "Insereix les imatges"
   },
   "8159493406018222636": {
      "message": "Envia comentaris."
   },
   "8172945196588870035": {
      "message": "Esdeveniments"
   },
   "8174654098152723289": {
      "message": "Edita la descripció"
   },
   "8178754379486173416": {
      "message": "{VIEWER_GENDER,select, female{Has seleccionat molt pocs elements. Selecciona'n més.}male{Has seleccionat molt pocs elements. Selecciona'n més.}other{Has seleccionat molt pocs elements. Selecciona'n més.}}"
   },
   "8192378456655629049": {
      "message": "El vídeo s'està processant..."
   },
   "8193991135666622583": {
      "message": "Keep"
   },
   "821942580510564685": {
      "message": "Introdueix la contrasenya d'aquest document per veure'l."
   },
   "8239237134193392595": {
      "message": "Les notificacions de recordatori de la ubicació només apareixen als dispositius mòbils."
   },
   "8267458240960831780": {
      "message": "S'està autenticant..."
   },
   "8281141013543828574": {
      "message": "Imatge sense processar"
   },
   "8281678863271800533": {
      "message": "Filtre d'imatge"
   },
   "8283103456188558313": {
      "message": "Presentacions"
   },
   "8290434443655418968": {
      "message": "{filesCount,plural, =0{unused plural form}=1{El fitxer seleccionat ({file}) no es pot penjar.}other{Els fitxers seleccionats ({files}) no es poden penjar.}}"
   },
   "8304474373444239435": {
      "message": "Resposta de: $1​"
   },
   "8322416564157128458": {
      "message": "Ús compartit"
   },
   "8324195080917648153": {
      "message": "El vídeo no cap aquí. Augmenta la mida de la finestra del navegador."
   },
   "8337582740675387693": {
      "message": "Java"
   },
   "8342684858400436871": {
      "message": "tab"
   },
   "8379952094517631162": {
      "message": "No"
   },
   "8409393124758970712": {
      "message": "$2​ x $1​"
   },
   "8412684147928483084": {
      "message": "Negre"
   },
   "8435544675017330861": {
      "message": "No hi ha cap element que coincideixi amb la cerca."
   },
   "8436817383042650304": {
      "message": "bloq maj"
   },
   "8451184312655705174": {
      "message": "Si l'URL és correcte, n'apareixerà una visualització prèvia aquí. Les imatges més grans poden tardar uns quants minuts a aparèixer."
   },
   "8467894483369467251": {
      "message": "Flaix"
   },
   "8506198918368329269": {
      "message": "Els resultats que es mostren estan etiquetats per tornar-los a utilitzar de manera comercial amb modificacions."
   },
   "8571315158566081191": {
      "message": "No hi ha cap full de càlcul."
   },
   "8580600056399054303": {
      "message": "Defineix la ubicació dels elements nous o seleccionats"
   },
   "8595175575778060149": {
      "message": "Més"
   },
   "8596257056433048992": {
      "message": "Benvingut a"
   },
   "8616342546716995946": {
      "message": "D'acord"
   },
   "8621067185485606452": {
      "message": "ECMAScript"
   },
   "8638281560898810401": {
      "message": "{MINUTES,plural, =0{0 minuts }=1{1 minut }other{# minuts }}{SECONDS,plural, =0{0 segons}=1{1 segon}other{# segons}}"
   },
   "863955692838281739": {
      "message": "Tanca"
   },
   "8643398764569428530": {
      "message": "Vols permetre que Google Keep mostri notificacions?"
   },
   "8652566647088230560": {
      "message": "Prova interna confidencial"
   },
   "8660016472468563221": {
      "message": "dos punts"
   },
   "8663507590720636709": {
      "message": "$1​ i $2​ més"
   },
   "8666643061920113075": {
      "message": "{VIEWER_GENDER,select, female{Enganxa aquí l'URL d'una imatge:}male{Enganxa aquí l'URL d'una imatge:}other{Enganxa aquí l'URL d'una imatge:}}"
   },
   "8674222789100049233": {
      "message": "Tanca"
   },
   "86815590954366945": {
      "message": "Llista de contingut arxivat"
   },
   "8709611758728645225": {
      "message": "av pàg"
   },
   "8711002053494037632": {
      "message": "Tots els elements estan desmarcats."
   },
   "8748281640412284111": {
      "message": "Imatges d'arxiu"
   },
   "8759520888087120926": {
      "message": "No hi ha cap script."
   },
   "8775097441636640256": {
      "message": "$2​: $1​"
   },
   "8780212274435014958": {
      "message": "Cercles"
   },
   "8781837301864053001": {
      "message": "Text enriquit"
   },
   "8792038552136453044": {
      "message": "S'ha produït un error"
   },
   "8793166064242077041": {
      "message": "S'ha produït un problema amb la visualització d'aquesta imatge."
   },
   "8813101408630252335": {
      "message": "$1​ segons"
   },
   "8820281478062782578": {
      "message": "Cerca"
   },
   "8822326207328431952": {
      "message": "La càrrega d'imatges no està disponible"
   },
   "8840223453482998505": {
      "message": "Carpeta seleccionada: $1​"
   },
   "8845176264121061589": {
      "message": "Desmarca tots els elements"
   },
   "8850238112725591771": {
      "message": "drecera $1​"
   },
   "8852550049823214385": {
      "message": "i després"
   },
   "8883744193208363722": {
      "message": "Hi ha una actualització de l'aplicació disponible."
   },
   "8884900765322249670": {
      "message": "Visualització de llista"
   },
   "8889019648958415451": {
      "message": "Fitxer desconegut"
   },
   "8911996820409711834": {
      "message": "Mou el text a un element de la llista nou &raquo;"
   },
   "8916237870980173557": {
      "message": "S'està connectant..."
   },
   "8917554093651202032": {
      "message": "Reprodueix $1​"
   },
   "8919660666733306860": {
      "message": "Imatge"
   },
   "8930959387403789939": {
      "message": "Recordatori"
   },
   "8943760679396635042": {
      "message": "Es mostra $1​."
   },
   "8953555255469284376": {
      "message": "Deixa anar les imatges aquí."
   },
   "8979615310931291676": {
      "message": "Data de modificació: $1​"
   },
   "8986044948621891903": {
      "message": "Escriu la teva consulta al quadre superior per obtenir resultats web mitjançant la Cerca web de Google."
   },
   "901615442107785480": {
      "message": "Permet arxivar la nota o la llista."
   },
   "9024023699330078373": {
      "message": "Si obres aquest element, s'afegirà a Drive."
   },
   "9028041601596584772": {
      "message": "Ubicació"
   },
   "9058308423774656474": {
      "message": "Hangul Word Processor"
   },
   "9083935734710258396": {
      "message": "Rebutja"
   },
   "9094248058931620597": {
      "message": "El tauler de detalls s'ha replegat."
   },
   "9114674068220302553": {
      "message": "Com a fitxer adjunt"
   },
   "911586799466052745": {
      "message": "OpenOffice Draw"
   },
   "9130962320402467249": {
      "message": "Fotos d'arxiu"
   },
   "9146716987301178362": {
      "message": "S'ha produït un error. Torna a carregar la pàgina."
   },
   "9165877886714239857": {
      "message": "No es pot obtenir el text de la imatge. Torna-ho a provar més tard."
   },
   "916773043895242978": {
      "message": "L'URL d'imatge que has introduït abans és incorrecte o no es pot carregar. Introdueix-ne un de correcte."
   },
   "9173629944963872598": {
      "message": "No s'ha trobat cap esdeveniment."
   },
   "9182500445937900938": {
      "message": "Tanca"
   },
   "9195941533351099011": {
      "message": "S'estan penjant $1​ de $2​"
   },
   "9197837492705576727": {
      "message": "Vés a l'element següent"
   },
   "919969969251998566": {
      "message": "Extreu aquest arxiu al compte de correu"
   },
   "9203542510134660095": {
      "message": "S'ha iniciat la tasca d'extracció. El contingut d'arxiu es mostrarà a Drive a la carpeta \"$1​\"."
   },
   "940276535015195877": {
      "message": "No hi ha cap carpeta."
   },
   "943493480163896757": {
      "message": "{resultCount,plural, =1{# nota coincident}other{# notes coincidents}}"
   },
   "951963820437151566": {
      "message": "Google Sites"
   },
   "95809842507987016": {
      "message": "Suprimeix"
   },
   "963611681085757795": {
      "message": "En aquests moments, no es pot generar cap visualització del document."
   },
   "96556988207614774": {
      "message": "Calendaris"
   },
   "974042541427403929": {
      "message": "Blau"
   },
   "980395722421409371": {
      "message": "No s'ha trobat cap mapa."
   },
   "982187142411651629": {
      "message": "Omet"
   },
   "985197728509875956": {
      "message": "Model químic"
   },
   "996381410993745580": {
      "message": "Photoshop"
   },
   "998727788921602971": {
      "message": "Vídeos"
   },
   "appDesc": {
      "description": "App description",
      "message": "Captura ràpidament allò que et passa pel cap i defineix recordatoris per rebre'ls en el moment o el lloc adequat. "
   },
   "appName": {
      "description": "App name.",
      "message": "Google Keep: notes i llistes"
   }
}
