{
   "1006787209796778126": {
      "message": "Můj disk"
   },
   "1017907757187630742": {
      "message": "Moje písma"
   },
   "1029072043275376320": {
      "message": "Nebyly nalezeny žádné kalendáře."
   },
   "1030781695901615026": {
      "message": "Na konec"
   },
   "103870949919613488": {
      "message": "Poznámka archivována"
   },
   "1039394921418415681": {
      "message": "Přihlásit se"
   },
   "1083918249169198626": {
      "message": "Klávesové zkratky jsou vypnuty."
   },
   "1090919586152138659": {
      "message": "Fotobanka"
   },
   "1101371910696766077": {
      "message": "Vytvořit kopii"
   },
   "1107413433574576014": {
      "message": "Název je příliš dlouhý. Zvýrazněný text nebude uložen."
   },
   "1127320433256851404": {
      "message": "Přehrávač videa"
   },
   "1162642135048988280": {
      "message": "Přejmenovat dokument"
   },
   "1166244120191806795": {
      "message": "Dejte nám zpětnou vazbu"
   },
   "1179891706526242218": {
      "message": "Další"
   },
   "1185164838496022543": {
      "message": "Kliknutím sem prosím načtěte stránku znovu."
   },
   "1185644932132585290": {
      "message": "Počet zbývajících znaků: $1​"
   },
   "1213005208968286932": {
      "message": "Označeno jako vyřešené"
   },
   "1263557413037343589": {
      "message": "Uspořádání fotek"
   },
   "1263685395252160366": {
      "message": "LaTeX"
   },
   "1311350045083871503": {
      "message": "Zrušit"
   },
   "1311729747516144362": {
      "message": "Červené"
   },
   "1315844696796851207": {
      "message": "Bezpatková"
   },
   "1319037146426591038": {
      "message": "nebo"
   },
   "132822872080714863": {
      "message": "OK"
   },
   "133192954417440569": {
      "message": "Nebyly nalezeny žádné výsledky."
   },
   "1349697396109290623": {
      "message": "Zobrazuje se verze s vyšším rozlišením obrázku $1​"
   },
   "1376126796144976437": {
      "message": "Všechna písma"
   },
   "139942704574044780": {
      "message": "Schválit"
   },
   "141491180325662484": {
      "message": "Disk Google je místo, kde můžete mít pohromadě všechny soubory, ke kterým tak budete mít přístup odkudkoli a z libovolného zařízení. Když máte na Disku Google uložené fotky, můžete je zde okamžitě sdílet se svými kruhy."
   },
   "1418114637490664392": {
      "message": "Archiv fotografií LIFE"
   },
   "1419896259743862406": {
      "message": "Otevřít pomocí aplikace"
   },
   "1440171352837969028": {
      "message": "Video/zvuk"
   },
   "1441487391064925653": {
      "message": "Zobrazit všechny zkratky v centru nápovědy"
   },
   "1446829548948002072": {
      "message": "čárka"
   },
   "1454684154234137497": {
      "message": "Pause"
   },
   "1459765068821943106": {
      "message": "{VIEWER_GENDER,select, female{Sem vložte adresu URL YouTube:}male{Sem vložte adresu URL YouTube:}other{Sem vložte adresu URL YouTube:}}"
   },
   "1463079206290378085": {
      "message": "Fotky na orkutu"
   },
   "1463389029497634261": {
      "message": "Snížit hlasitost"
   },
   "1475179211173444554": {
      "message": "Všichni uživatelé v doméně, kteří mají odkaz"
   },
   "1492360016907725281": {
      "message": "{VIEWER_GENDER,select, female{Sem vložte adresu URL videa:}male{Sem vložte adresu URL videa:}other{Sem vložte adresu URL videa:}}"
   },
   "1493251742569121894": {
      "message": "Poznámka je příliš dlouhá. Zvýrazněný text nebude uložen."
   },
   "1493384967280942491": {
      "message": "Růžové"
   },
   "1499433769420882987": {
      "message": "Zobrazuje se $1​"
   },
   "1505876360160857231": {
      "message": "$1​ TB"
   },
   "1521707405717823409": {
      "message": "Purpurové"
   },
   "153439508598626384": {
      "message": "Vaše fotky"
   },
   "1536051766421561160": {
      "message": "rovnítko"
   },
   "156992719062713230": {
      "message": "Šedá"
   },
   "1586968957182554447": {
      "message": "Vypnout"
   },
   "1588268697057804046": {
      "message": "před $1​ hodinami"
   },
   "1603139897109307706": {
      "message": "Došlo k chybě, zkuste to prosím znovu"
   },
   "1604359562654146902": {
      "message": "Fotka"
   },
   "1633370388224271051": {
      "message": "Nebyli nalezeni žádní lidé."
   },
   "1633798963327779260": {
      "message": "Zítra"
   },
   "1654222450095043962": {
      "message": "Zvuk"
   },
   "1656911987308166143": {
      "message": "Smazat"
   },
   "1665821947855814052": {
      "message": "Velikost"
   },
   "1692901784886701962": {
      "message": "Poznámka je příliš dlouhá."
   },
   "1697160643589236962": {
      "message": "$1​ PB"
   },
   "1700522311470719738": {
      "message": "Připomenout"
   },
   "1701312243672511585": {
      "message": "Přesunout text do nové poznámky &raquo;"
   },
   "1709410429018687341": {
      "message": "Ráno ($1​)"
   },
   "1715552550526864429": {
      "message": "Hledat blogy"
   },
   "171683163267149669": {
      "message": "$1​ GB"
   },
   "1739900012825270238": {
      "message": "Přejít na předchozí položku"
   },
   "1756171223417807431": {
      "message": "Obrázek musí být veřejný. Pokud je obrázek chráněn heslem nebo se nachází ve vnitřní síti, nebudeme ho moci přečíst."
   },
   "1759957963056319953": {
      "message": "Vrátit se ze skupiny $1​"
   },
   "1783719421893050637": {
      "message": "Rozměry"
   },
   "178927681797742562": {
      "message": "Přihlásit se"
   },
   "1791115075948268631": {
      "message": "Otevřít nápovědu pro klávesové zkratky"
   },
   "1808245543551507519": {
      "message": "Audio"
   },
   "1816851800848432562": {
      "message": "Odstranit"
   },
   "1818306025747564729": {
      "message": "Přejít na odkaz"
   },
   "1823222042913714987": {
      "message": "Odeslat heslo"
   },
   "1823854753950594157": {
      "message": "Nechat na místě"
   },
   "1830157062072535681": {
      "message": "Zobrazuje se $1​"
   },
   "185012928288875755": {
      "message": "Zadaným kritériím neodpovídá žádná položka."
   },
   "1856444915090632305": {
      "message": "Tento dokument je šifrovaný. Zadejte prosím heslo."
   },
   "1866863108233180413": {
      "message": "Složky"
   },
   "187077078156858455": {
      "message": "Zvuková poznámka"
   },
   "189303170370862360": {
      "message": "$1​ z $2​ položek"
   },
   "1900571668686750716": {
      "message": "vCard"
   },
   "1901351411358749070": {
      "message": "Sdíleno se mnou"
   },
   "1913425963149828429": {
      "message": "Rozbalit tento archiv na Disk."
   },
   "1918176455405610789": {
      "message": "Hotovo"
   },
   "1920189655549476211": {
      "message": "neznámá délka"
   },
   "1929603188252533075": {
      "message": "Vaše video se nepodařilo smazat. Zkuste to prosím znovu."
   },
   "1951810091681076784": {
      "message": "{COUNT_1,plural, =1{1 odpovídající poznámka}few{{COUNT_2} odpovídající poznámky}many{{COUNT_2} matching notes}other{{COUNT_2} odpovídajících poznámek}}"
   },
   "1956794332842050061": {
      "message": "Další stránka"
   },
   "1965626377712226216": {
      "message": "Keynote"
   },
   "1968405748623909021": {
      "message": "Zkuste tuto položku otevřít či upravit pomocí některé z níže uvedených aplikací"
   },
   "1974063091619095703": {
      "message": "Lidé"
   },
   "1988244842147989817": {
      "message": "Poznámky v koši se po 7 dnech smažou."
   },
   "1993674829873313178": {
      "message": "Potíže s nahráváním? Právě provádíme údržbu, ale brzy by měl být obnoven normální provoz."
   },
   "2003845117979929469": {
      "message": "Podrobnosti"
   },
   "2048322072989992494": {
      "message": "Zatím s vámi nikdo soubory nesdílí."
   },
   "2055836117545582610": {
      "message": "Nastavení seznamu"
   },
   "2059084517358086391": {
      "message": "Zavřít vyhledávací lištu"
   },
   "2061440050632248160": {
      "message": "Archivovat"
   },
   "2068023589621557589": {
      "message": "Písmo TrueType"
   },
   "2073035325657060696": {
      "message": "Náhled není k dispozici."
   },
   "2073322475696388995": {
      "message": "Přeskočit dopředu"
   },
   "207810168108507460": {
      "message": "před $1​ hodinou"
   },
   "2109272338124379867": {
      "message": "Naposledy upraveno"
   },
   "2116013171202209313": {
      "message": "Vybrat"
   },
   "2122256657192674586": {
      "message": "Hledat videa"
   },
   "2125135092719715773": {
      "message": "Nahrát"
   },
   "212796670323571824": {
      "message": "OK"
   },
   "213665695896111861": {
      "message": "Poznámky"
   },
   "2138593281154109183": {
      "message": "Archiv"
   },
   "2147952938331523160": {
      "message": "Přejmenovat..."
   },
   "2154372123324862271": {
      "message": "lomítko"
   },
   "2154940358270068005": {
      "message": "Pro jistotu si smazané poznámky ještě chvíli ponechte"
   },
   "2184278444368405837": {
      "message": "Počet položek: $1​"
   },
   "2187239650627580457": {
      "message": "Odeslat"
   },
   "2198096971937872560": {
      "message": "Připomenutí:"
   },
   "220168959069469607": {
      "message": "Další akce"
   },
   "221715292685577880": {
      "message": "Ano"
   },
   "2220005860896049129": {
      "message": "Je nám líto, ale vyhledání dokumentu v původním zdroji trvalo příliš dlouho."
   },
   "2228413078211839077": {
      "message": "Je nám líto, ale při vytváření zobrazení dokumentu došlo k dočasnému problému."
   },
   "2235097878790803849": {
      "message": "Přílohy jsou mrtvé. Ať žije Disk Google!"
   },
   "2257303402199718039": {
      "message": "Je nám líto, ale dokument v původním zdroji nemůžeme najít. Přesvědčte se, zda dokument stále existuje."
   },
   "2274436793504233543": {
      "message": "Zrušit"
   },
   "2278224983638451454": {
      "message": "Stáhnout"
   },
   "2280650195464600721": {
      "message": "Navigace"
   },
   "2285069188138705005": {
      "message": "Připojené aplikace"
   },
   "2289534534793293486": {
      "message": "Zrušit archivaci"
   },
   "2289812403593835836": {
      "message": "Pages"
   },
   "229177484946387188": {
      "message": "Google Earth"
   },
   "2292696732672795285": {
      "message": "Zvýšit hlasitost"
   },
   "230180475614658119": {
      "message": "Hotovo"
   },
   "2304293593067358316": {
      "message": "Klipart"
   },
   "2310145944356900158": {
      "message": "Zaškrtnuto"
   },
   "2311880726221661199": {
      "message": "Načítání vyšších rozlišení"
   },
   "2329167963662998826": {
      "message": "Služba Google Keep žádá o přístup k údajům o vaší poloze, které pomohou upřesnit návrhy pro připomenutí míst."
   },
   "234046557601727809": {
      "message": "Žádné obrázky ani videa."
   },
   "2349912757088764940": {
      "message": "Viditelné pro:"
   },
   "2359614137862708172": {
      "message": "Shift"
   },
   "2370463380397641604": {
      "message": "Oblíbené klávesové zkratky"
   },
   "2370656573843123707": {
      "message": "pravá závorka"
   },
   "2393487423640708285": {
      "message": "Adresa je neplatná. Na začátku adresy musí být http:// nebo https://."
   },
   "2405795704816921421": {
      "message": "Soubor $1​"
   },
   "2412314804333167252": {
      "message": "Tato tabulka je příliš velká. Kliknutím ji $3​stáhněte$1​ nebo $4​upravte v Tabulkách Google$1​."
   },
   "2418104318933043113": {
      "message": "Vyhledávání obrázků Google"
   },
   "2433429041384246549": {
      "message": "Ztlumit"
   },
   "2449254824382583885": {
      "message": "Do nového okna"
   },
   "2452522051596946166": {
      "message": "Jejda! Při zobrazování náhledu položky $1​ došlo k potížím. Probíhá nový pokus."
   },
   "2454642351139428112": {
      "message": "Vrátit zpět"
   },
   "2466251465475184755": {
      "message": "Chcete vysypat koš? Všechny poznámky v koši budou trvale smazány."
   },
   "2475181823688399272": {
      "message": "Další"
   },
   "2484568559152875936": {
      "message": "Žádná fotoalba."
   },
   "2504232652631703202": {
      "message": "Připojeno"
   },
   "251025074207413762": {
      "message": "Přidat popis"
   },
   "2510929871271209216": {
      "message": "Tato tabulka je příliš velká. Kliknutím $2​sem$1​ ji stáhnete."
   },
   "2513437337377210144": {
      "message": "End"
   },
   "2524021436052870191": {
      "message": "Tento soubor nelze nahrát. Budou fungovat pouze soubory $1​ menší než $2​ MB."
   },
   "2532280782491328445": {
      "message": "Najít předchozí"
   },
   "2538080331309772448": {
      "message": "Řadit: $1​"
   },
   "2538462904124380434": {
      "message": "Poznámka byla přesunuta do koše"
   },
   "2546225293834487484": {
      "message": "Poznámka"
   },
   "2558480112329900136": {
      "message": "Šedé"
   },
   "257317112834806705": {
      "message": "Přepnout mezi zobrazením seznamu a mřížky"
   },
   "2579679351920691492": {
      "message": "Přeskočit dozadu"
   },
   "2587566920590457715": {
      "message": "Maps Engine Lite"
   },
   "2609409316752026806": {
      "message": "PDF"
   },
   "2609750184896485102": {
      "message": "Videa z telefonu"
   },
   "2615188670181508661": {
      "message": "V nedávné době jste nic nevybrali."
   },
   "2623861453769098676": {
      "message": "Při zobrazování náhledu dokumentu došlo k potížím."
   },
   "2628268670001557269": {
      "message": "Kvóta"
   },
   "2643241712502664984": {
      "message": "Vaše videa na YouTube"
   },
   "2661850177130037208": {
      "message": "Otevřít dokument"
   },
   "2681830832355823748": {
      "message": "Prohledat všechny zkratky"
   },
   "2687303256387847763": {
      "message": "Oblíbenost"
   },
   "2702485557996900362": {
      "message": "Opravte konfliktní úpravy"
   },
   "2705842902318123127": {
      "message": "Přejít na další/předchozí poznámku či seznam"
   },
   "272948685355798518": {
      "message": "Vybrali jste nesprávný typ souboru."
   },
   "2731144323070245943": {
      "message": "Nastavení seznamu"
   },
   "2742719907061406418": {
      "message": "XML"
   },
   "2750830436677712001": {
      "message": "{VIEWER_GENDER,select, female{Vytvoření složky {FOLDER_NAME} se nezdařilo.}male{Vytvoření složky {FOLDER_NAME} se nezdařilo.}other{Vytvoření složky {FOLDER_NAME} se nezdařilo.}}"
   },
   "2752123004911547510": {
      "message": "Trendy"
   },
   "2758125083752925237": {
      "message": "(Vlastník)"
   },
   "277430914014962533": {
      "message": "Jejda! Při zobrazování náhledu položky $1​ došlo k potížím."
   },
   "2774713922589657910": {
      "message": "Všichni uživatelé v doméně"
   },
   "2786560864906393383": {
      "message": "Fotky z telefonu"
   },
   "2789687492331041935": {
      "message": "Vybrat čas"
   },
   "2790446494460492805": {
      "message": "Úloha rozbalování byla zahájena. Archivované zprávy se ve vašem e-mailovém účtu zobrazí pod štítkem „Import: $1​“."
   },
   "2793841261389879255": {
      "message": "Předchozí stránka"
   },
   "2801153442808430222": {
      "message": "Můj Disk"
   },
   "2817277146396981386": {
      "message": "pm"
   },
   "2818020101821669029": {
      "message": "Vytvořeno"
   },
   "2818135503416309545": {
      "message": "Natočit video"
   },
   "2827039933590757722": {
      "message": "Zástupce systému Windows"
   },
   "2829226075651806940": {
      "message": "Přiblížit"
   },
   "2860188519781080944": {
      "message": "Oranžové"
   },
   "2861568351294148466": {
      "message": "Skripty"
   },
   "2864281852037732729": {
      "message": "Méně"
   },
   "2873089307546162154": {
      "message": "OK"
   },
   "2877285560485318801": {
      "message": "Pozastavit"
   },
   "2878874627361086801": {
      "message": "ukázka"
   },
   "2879276552944958066": {
      "message": "Přejít zpět do složky $1​."
   },
   "289798573180023043": {
      "message": "OK"
   },
   "2902747751281161248": {
      "message": "Použít na nové seznamy"
   },
   "2905147317995482841": {
      "message": "Aktualizovali jsme způsob zobrazení všech souborů na Disku Google, takže teď lépe vypadá a ještě snáz se používá. Doufáme, že se vám nový design bude líbit."
   },
   "2917498437550635075": {
      "message": "Ikona"
   },
   "2964778642459027786": {
      "message": "V koši nejsou žádné poznámky"
   },
   "2974598228601710262": {
      "message": "Přidat"
   },
   "2979466412944870220": {
      "message": "Načítání náhledu..."
   },
   "2982511431742033448": {
      "message": "Žádné prezentace."
   },
   "298817883481775869": {
      "message": "Načítání..."
   },
   "3000689173481666334": {
      "message": "Upravit kruh"
   },
   "3029395493413607486": {
      "message": "Přehrávač videa se nepodařilo načíst. Zkuste stránku obnovit.$1​Pokud problém přetrvává, $3​navštivte centrum nápovědy$2​."
   },
   "3043961722025425136": {
      "message": "Popis"
   },
   "306516303501625305": {
      "message": "Ověření selhalo."
   },
   "3073005748126521632": {
      "message": "Připomenuto na místě $1​"
   },
   "3074184819310272351": {
      "message": "Nahrané fotky"
   },
   "3084372889071691504": {
      "message": "{VIEWER_GENDER,select, female{Sem vložte adresu URL:}male{Sem vložte adresu URL:}other{Sem vložte adresu URL:}}"
   },
   "3095645856215493958": {
      "message": "Najděte ve fotkách vytištěný text"
   },
   "31018542656161389": {
      "message": "Přizpůsobit oknu"
   },
   "3109321241584918345": {
      "message": "Připojit další aplikace..."
   },
   "3121560585545725724": {
      "message": "$1​, $2​"
   },
   "3140236589681731084": {
      "message": "za $1​ h"
   },
   "3189854932778515441": {
      "message": "Poznámka v archivu"
   },
   "3207670492626476064": {
      "message": "Tabulky"
   },
   "3211163842850942567": {
      "message": "Přiblížit"
   },
   "3222929029344613957": {
      "message": "Je nám líto, ale při otevírání tohoto souboru došlo k chybě. Zkuste to prosím znovu."
   },
   "3233388241926683100": {
      "message": "Vyhledat poznámky"
   },
   "3243829462528324248": {
      "message": "Hnědé"
   },
   "3250489229749307913": {
      "message": "Elektronická publikace"
   },
   "3256928852560591255": {
      "message": "Poznámky v koši nelze upravit"
   },
   "3261131345401321392": {
      "message": "Může komentovat"
   },
   "3265524298292280681": {
      "message": "Esc"
   },
   "3267563602179728277": {
      "message": "Delete"
   },
   "3272496516667407797": {
      "message": "Při načítání podrobností došlo k potížím."
   },
   "3275029321588462173": {
      "message": "Žádné"
   },
   "3278237562147211998": {
      "message": "Fotografie z fotobanky"
   },
   "330603631583186798": {
      "message": "Word"
   },
   "3306487262690341751": {
      "message": "Datum a čas"
   },
   "3312545971976531405": {
      "message": "Zpráva"
   },
   "3319087486907616296": {
      "message": "Odeslat tuto položku"
   },
   "3328129883064940351": {
      "message": "Písma"
   },
   "3335409796971631780": {
      "message": "Probíhá rozbalování na Disk."
   },
   "3343451103608774400": {
      "message": "Představujeme vám $3​nové Moje mapy$2​.$1​Lepší nástroje pro mapování."
   },
   "3354260708176476985": {
      "message": "Načítání&hellip;"
   },
   "3357778055650785985": {
      "message": "Položka je příliš dlouhá. Zvýrazněný text nebude uložen."
   },
   "3364679383274077479": {
      "message": "Je k dispozici aktualizace aplikace"
   },
   "3368639944474272225": {
      "message": "Je nám líto, ale dokument nelze načíst a zobrazit nebo k jeho zobrazení nemáte oprávnění."
   },
   "3381619429606029445": {
      "message": "Visio"
   },
   "3382236845597426718": {
      "message": "Otevřít"
   },
   "3408219901032480508": {
      "message": "$2​, $1​"
   },
   "3409257542937182842": {
      "message": "Opakování pokusu..."
   },
   "3409483962000136213": {
      "message": "Přehrát/pozastavit"
   },
   "3418767079436101103": {
      "message": "Při načítání této stránky došlo k potížím."
   },
   "3421685394169412932": {
      "message": "Každá provedená změna se automaticky uloží."
   },
   "3422389100099960864": {
      "message": "Žádné obrázky."
   },
   "3428726060007577698": {
      "message": "Seznam je příliš dlouhý."
   },
   "3430885603500576146": {
      "message": "Vybírejte pouze obrázky, u kterých jste si ověřili, že jste oprávněni je používat."
   },
   "3440534675925634227": {
      "message": "V okně prohlížeče Chrome přejděte na adresu chrome://settings a zkontrolujte, zda jste přihlášeni. Poté znovu klikněte na Přihlásit se."
   },
   "3446158485617778228": {
      "message": "Vrátit zpět"
   },
   "3448234415275521882": {
      "message": "Obecné informace"
   },
   "3448684788258660606": {
      "message": "Vaše fotky"
   },
   "3450585781337676327": {
      "message": "Načítání..."
   },
   "3457279184692206825": {
      "message": "Fotky budou viditelné pro všechny (veřejně na webu)."
   },
   "3468441711253011521": {
      "message": "Tabulky Google"
   },
   "3473620774713000513": {
      "message": "Vyřešeno"
   },
   "3483438888494819423": {
      "message": "Novinky v aplikaci Google Keep"
   },
   "3511274344439521198": {
      "message": "Akce"
   },
   "3518073392823563581": {
      "message": "Klávesové zkratky"
   },
   "3531603810713611778": {
      "message": "Vybrané soubory překračují maximální velikost. Zrušte výběr alespoň jednoho z nich."
   },
   "3543475399174940144": {
      "message": "+$1​"
   },
   "3547194749488601916": {
      "message": "Probíhá aktualizace..."
   },
   "354828103903104581": {
      "message": "Zaškrtnuté položky"
   },
   "3561658662634401836": {
      "message": "Název"
   },
   "357172711168973843": {
      "message": "Nedávno přidané poznámky či změny se nepodařilo uložit. Vytvořte si místní kopii obsahu a načtěte stránku znovu."
   },
   "3586705906700410505": {
      "message": "Kresba"
   },
   "3587798318180902863": {
      "message": "{NUM_SELECTED,plural, =1{ vybraná položka »}few{ vybrané položky »}many{ selected »}other{ vybraných položek »}}"
   },
   "3595000514985906359": {
      "message": "Excel"
   },
   "3602920441714068008": {
      "message": "Připomenuto $1​ v $2​"
   },
   "3608606849109645545": {
      "message": "Zadejte nový název dokumentu:"
   },
   "361202495024972887": {
      "message": "Nahrání videa"
   },
   "361630518611593946": {
      "message": "Skrýt zaškrtávací políčka"
   },
   "3625886392901506764": {
      "message": "nebo"
   },
   "3643146117250542609": {
      "message": "Žádné soubory PDF."
   },
   "3645728163953189422": {
      "message": "Je nám líto, ale dokument k zobrazení nemůžeme načíst, protože je příliš velký."
   },
   "3651893685901703652": {
      "message": "..."
   },
   "3657386785336906042": {
      "message": "zpětné lomítko"
   },
   "3659554681396757189": {
      "message": "Otevřeno mnou"
   },
   "3663571259791438207": {
      "message": "Nahlásit zneužití"
   },
   "3664842788764635265": {
      "message": "Žádné"
   },
   "3666123569747918021": {
      "message": "Tento dokument obsahuje neuložené změny. Chcete opustit stránku a změny zahodit?"
   },
   "3673346558112798837": {
      "message": "Bez pozadí"
   },
   "3674811252904549204": {
      "message": "Titulní fotky"
   },
   "3678477908297567934": {
      "message": "podtržítko"
   },
   "3681747688524363195": {
      "message": "Na začátek"
   },
   "3690515530505404607": {
      "message": "Při přehrávání videa došlo k potížím."
   },
   "369764661829607970": {
      "message": "{NUM_ITEMS,plural, =0{Žádné položky}=1{1 položka}few{# položky}many{# items}other{# položek}}"
   },
   "3712215972250917265": {
      "message": "Komentáře"
   },
   "3717138719704492547": {
      "message": "Zkontrolujte, zda v adrese nejsou překlepy."
   },
   "374088101949877889": {
      "message": "Zavřít"
   },
   "3745308627628779133": {
      "message": "Nová složka"
   },
   "3748461364828242354": {
      "message": "Vyberte barvu"
   },
   "3770795578481676514": {
      "message": "Žlutá"
   },
   "3771958676925493302": {
      "message": "Odebrat filtr: $1​"
   },
   "3779945546806941187": {
      "message": "Černobílé"
   },
   "3793086499925031123": {
      "message": "Otevřít vyhledávací panel / najít předchozí"
   },
   "37992665410817181": {
      "message": "Znovu otevřeno"
   },
   "3801617971018550169": {
      "message": "Včera"
   },
   "3808213429720572062": {
      "message": "Obnovit"
   },
   "381100310424863459": {
      "message": "Illustrator"
   },
   "3842411126100113634": {
      "message": "Pg-Up"
   },
   "3844047145949375230": {
      "message": "Dokumenty"
   },
   "3858324058837632381": {
      "message": "Při přehrávání zvukového souboru došlo k potížím."
   },
   "3864575916269080329": {
      "message": "Vyhledávání v obrázcích"
   },
   "3866373087987934712": {
      "message": "Nahrávání se nezdařilo: $1​"
   },
   "3869166581651870488": {
      "message": "Dokončit úpravy"
   },
   "3873215756962047275": {
      "message": "ARCHIV"
   },
   "3873467440437675460": {
      "message": "Omlouváme se. Nepodařilo se nám najít písma, která jste dříve vybrali."
   },
   "3897281533382850749": {
      "message": "Zapnout zvuk"
   },
   "3936153839186254186": {
      "message": "Zobrazit: $1​"
   },
   "3955760658925284765": {
      "message": "Znovu"
   },
   "3974064131130689245": {
      "message": "Mřížka"
   },
   "3977699855735576796": {
      "message": "Při načítání dalších stránek došlo k potížím."
   },
   "3988418762222300024": {
      "message": "tečka"
   },
   "3989552504822984034": {
      "message": "Nákres Google"
   },
   "4005725939358875643": {
      "message": "Akce byla vrácena."
   },
   "4014287326684608407": {
      "message": "Tyrkysová"
   },
   "4048275292053012394": {
      "message": "Kontakty"
   },
   "4059387791040010947": {
      "message": "Meta"
   },
   "4067915791853673774": {
      "message": "{VIEWER_GENDER,select, female{Zavřít}male{Zavřít}other{Zavřít}}"
   },
   "4078179869358383373": {
      "message": "Nebyly nalezeny žádné výsledky."
   },
   "4087667435414545203": {
      "message": "Již nejste přihlášeni. Chcete-li provádět změny, načtěte stránku znovu."
   },
   "4093134637041332383": {
      "message": "DALŠÍ INFORMACE"
   },
   "4097007735221462946": {
      "message": "Nákresy"
   },
   "4097921967754832323": {
      "message": "spojovník"
   },
   "4100504115801514799": {
      "message": "Poznámka byla obnovena"
   },
   "4119294114251628099": {
      "message": "Zadanou adresu obrázku nelze načíst. Může se jednat o soukromou adresu, k níž naše servery nemají přístup. Zkuste zadat jinou adresu."
   },
   "4134385041569168669": {
      "message": "Načítání..."
   },
   "4148564423510181521": {
      "message": "Vymazat vyhledávání"
   },
   "4152315289461886": {
      "message": "Ovládací prvky dokumentu"
   },
   "4168280976997555951": {
      "message": "Žádné dokumenty."
   },
   "4174786386751618325": {
      "message": "Fotografická poznámka"
   },
   "4182427157920112948": {
      "message": "tilda"
   },
   "4200426647595470259": {
      "message": "Zahájit přehrávání zvukového souboru"
   },
   "4200911267543705377": {
      "message": "Zadejte dotaz do pole výše a vyhledejte výsledky na blozích pomocí Vyhledávání blogů Google."
   },
   "4205329094859140439": {
      "message": "am"
   },
   "4211182812451835307": {
      "message": "Může upravovat"
   },
   "4211806608204126222": {
      "message": "$2​Smluvní podmínky$1​"
   },
   "4214190403999219403": {
      "message": "Lupa"
   },
   "4230101516585408149": {
      "message": "Vytvořit novou poznámku"
   },
   "4253741616909644861": {
      "message": "Hledané výrazy"
   },
   "4280747719095153198": {
      "message": "Vyřešený komentář"
   },
   "4286663890332754386": {
      "message": "Nahrání se nezdařilo."
   },
   "4299690446455033653": {
      "message": "Works"
   },
   "4314643310615423802": {
      "message": "Byli jste odhlášeni."
   },
   "4318861667254318892": {
      "message": "Videa Google"
   },
   "4319229296464464147": {
      "message": "Datum přidání"
   },
   "4320831042030778": {
      "message": "Zrušit"
   },
   "4332252081504252077": {
      "message": "Jejda!"
   },
   "4338991104991831337": {
      "message": "Obrázky"
   },
   "4339705658383891586": {
      "message": "Barevné"
   },
   "4343825450663233452": {
      "message": "Může prohlížet"
   },
   "4343836986248234462": {
      "message": "Položka seznamu"
   },
   "435214284915110062": {
      "message": "Otevřít vyhledávací panel"
   },
   "4372755508519489521": {
      "message": "Mřížkové zobrazení"
   },
   "4391715930031906467": {
      "message": "Najít další"
   },
   "4395845663892873002": {
      "message": "Home"
   },
   "4422985761498356257": {
      "message": "Otevřít v aplikaci"
   },
   "4430062722430863019": {
      "message": "Chcete tuto poznámku navždy smazat?"
   },
   "4439812492856303238": {
      "message": "Omlouváme se. Při zpracování vašeho výběru došlo k neočekávané chybě. Zkuste to prosím později."
   },
   "4444571967705751871": {
      "message": "Koš"
   },
   "4466605492523079635": {
      "message": "Uložit"
   },
   "4468872996560163913": {
      "message": "Vysypat koš hned teď"
   },
   "4473912481270012588": {
      "message": "Uloženo na Disk – přesunout do:"
   },
   "45228242181482134": {
      "message": "Přehrát"
   },
   "4536519876526589338": {
      "message": "Avatar uživatele $1​."
   },
   "4552045407215325033": {
      "message": "Výše zadanou adresu videa nelze načíst. Ověřte, zda je adresa správná a zda se nachází na podporovaném webu."
   },
   "4564682305303579317": {
      "message": "Pokračovat"
   },
   "456498742882714639": {
      "message": "Přesunout do:"
   },
   "4588500131398315347": {
      "message": "Vytvořit kruh"
   },
   "4604402426271704651": {
      "message": "Žádná fotka"
   },
   "4620034373159179678": {
      "message": "Strana $1​ z $2​"
   },
   "4630690108252818511": {
      "message": "Nebyly nalezeny žádné obrázky."
   },
   "468283184702431827": {
      "message": "Akce byla zahájena"
   },
   "4695897771458936174": {
      "message": "Sdílení fotek z Disku Google na Google+"
   },
   "4740100782728373253": {
      "message": "Uložit na Disk"
   },
   "4748046231232264180": {
      "message": "Formuláře Google"
   },
   "4767722428137216885": {
      "message": "Zrušit"
   },
   "477328789314249432": {
      "message": "Vyhledat poznámky"
   },
   "4775368111547931093": {
      "message": "Bez popisu"
   },
   "4781742940361705258": {
      "message": "Zavřít"
   },
   "4783695823456312682": {
      "message": "Přesunout dolů"
   },
   "47844150329705564": {
      "message": "Výsledky vyhledávání pro dotaz „$1​“"
   },
   "4798897505978458661": {
      "message": "Nebyla nalezena žádná videa."
   },
   "4805047680716507619": {
      "message": " – přesunout do:"
   },
   "4806763987633034948": {
      "message": "Podpis PKCS7"
   },
   "4833214200453019325": {
      "message": "$1​ z $2​"
   },
   "4846720038197420778": {
      "message": "Připojit další aplikace"
   },
   "4853788427396558692": {
      "message": "$1​ MB"
   },
   "4858389278403807208": {
      "message": "Poznámka v koši"
   },
   "4888104357342241891": {
      "message": "Připomenutí"
   },
   "4889853674709731963": {
      "message": "Všechny poznámky uloženy offline"
   },
   "4901386320110714275": {
      "message": "Heslo není správné. Zkuste to znovu."
   },
   "490372259452655427": {
      "message": "Omlouváme se, dokument ještě není dostupný pro prohlížení."
   },
   "4906669330059413958": {
      "message": "Odeslat heslo"
   },
   "4908614808966678155": {
      "message": "Žádné výsledky pro dotaz „$1​“"
   },
   "4926020998477695737": {
      "message": "Přepnout na složku $1​"
   },
   "4943176738805484221": {
      "message": "upravit"
   },
   "4956678140555659175": {
      "message": "Backspace"
   },
   "4957674814179289955": {
      "message": "Přejít na další/předchozí položku seznamu"
   },
   "4963784280521435720": {
      "message": "Ukládání..."
   },
   "4969219890884320840": {
      "message": "Aktualizovat"
   },
   "4983125135476400111": {
      "message": "Přesunout poznámku/seznam do koše"
   },
   "4988132901627446385": {
      "message": "Panel podrobností je rozbalen."
   },
   "4998757387516632837": {
      "message": "Zobrazené výsledky je možné opětovně používat s úpravami."
   },
   "5006225450559627366": {
      "message": "+ještě $1​"
   },
   "501475221876543407": {
      "message": "Přidané poznámky se zobrazí zde"
   },
   "5023525794410110078": {
      "message": "Přidání textu k fotce"
   },
   "5026241297254150381": {
      "message": "Přidat poznámku"
   },
   "5046371569383796818": {
      "message": "Ponechat"
   },
   "5055418092354683641": {
      "message": "Patková"
   },
   "5095987896933771566": {
      "message": "Vytisknout dokument"
   },
   "5096751700090310607": {
      "message": "Žádné fotky."
   },
   "509815948423424872": {
      "message": "Navigace"
   },
   "5099245668405591445": {
      "message": "Hledat"
   },
   "512429649443191386": {
      "message": "$2​Nápověda$1​"
   },
   "5124522868502261563": {
      "message": "Tabulky"
   },
   "5130903421326358933": {
      "message": "Při ukládání přílohy na Disk Google došlo k potížím."
   },
   "5149937870346466591": {
      "message": "Seznam"
   },
   "5169187962228219813": {
      "message": "Obrázky z archivu LIFE"
   },
   "5180454621500142444": {
      "message": "Obnovit"
   },
   "5180989337128758117": {
      "message": "levá závorka"
   },
   "5184692850089055965": {
      "message": "Načíst text z obrázku"
   },
   "5197718200713913936": {
      "message": "C++"
   },
   "5201670213497642487": {
      "message": "Lišta karet na panelu podrobností. Mezi kartami můžete přepínat pomocí kláves se šipkami doleva a doprava."
   },
   "5204391636475413312": {
      "message": "Uložit"
   },
   "5213411023807957844": {
      "message": "Vyhledat ve službě Google Keep"
   },
   "5213974294317036409": {
      "message": "{numPages,plural, =0{}=1{1 stránka}few{# stránky}many{# pages}other{# stránek}}"
   },
   "5226470917948786938": {
      "message": "Abecedně"
   },
   "5238003680997310998": {
      "message": "Více"
   },
   "5238371081785912565": {
      "message": "Otevřít v aplikaci $1​"
   },
   "5275493935807628890": {
      "message": "Na této adrese nelze obrázek najít."
   },
   "5281121179861637423": {
      "message": "K otevření dokumentu $1​ musíte znát heslo. Zadejte prosím heslo."
   },
   "5288037028604092288": {
      "message": "XPS"
   },
   "5291153964865714504": {
      "message": "Žádné odpovídající poznámky"
   },
   "5299648222246616124": {
      "message": "obrácený apostrof"
   },
   "5304869088141363028": {
      "message": "Vybrané fotky"
   },
   "5316658541831864803": {
      "message": "Omlouváme se. Zobrazení tohoto typu dokumentu není podporováno."
   },
   "5319313176242717957": {
      "message": "Zpracovávání obrázků..."
   },
   "5336801339221383042": {
      "message": "JavaScript"
   },
   "534228323125524312": {
      "message": "Oddálit"
   },
   "5353129315502554762": {
      "message": "Kaskádový styl"
   },
   "5372143986724491245": {
      "message": "před $1​ dnem"
   },
   "5372160981898991853": {
      "message": "Publisher"
   },
   "5399553230649155346": {
      "message": "za $1​ hodinu"
   },
   "5403830377590414208": {
      "message": "Bílé"
   },
   "5408091115193390231": {
      "message": "AutoCAD"
   },
   "5438481737351808090": {
      "message": "Odpoledne ($1​)"
   },
   "544377415081282702": {
      "message": "Omlouváme se."
   },
   "5447119197363232006": {
      "message": "Zobrazit na Disku"
   },
   "5465323999933375616": {
      "message": "Dosáhli jste limitu rychlosti připojení pro prohlížení nebo stahování souborů, které nejsou ve formátu Dokumentů Google."
   },
   "5472312735475866917": {
      "message": "Komentář od uživatele $1​."
   },
   "547865385964196102": {
      "message": "před $1​ minutami"
   },
   "5482872484546230111": {
      "message": "Hledat knihy"
   },
   "5494181290179470995": {
      "message": "Smazat"
   },
   "5500117709595533163": {
      "message": "Zadejte dotaz do pole výše a vyhledejte elektronické knihy ve službě Knihy Google."
   },
   "5514516347328112388": {
      "message": "Můžete také kliknout $2​sem$1​ a zkusit stáhnout původní dokument."
   },
   "5529532831767466284": {
      "message": "{VIEWER_GENDER,select, female{{DEGREES}° {MINUTES}' {SECONDS}\"}male{{DEGREES}° {MINUTES}' {SECONDS}\"}other{{DEGREES}° {MINUTES}' {SECONDS}\"}}"
   },
   "5555182241047709329": {
      "message": "Vyberte místo"
   },
   "5555599189512365009": {
      "message": "ROZUMÍM"
   },
   "5571842632470308750": {
      "message": "Všechny typy"
   },
   "5588597116382648727": {
      "message": "Rozbalování se spouští."
   },
   "5598649706113950710": {
      "message": "Editor"
   },
   "5609727719971819773": {
      "message": "{VIEWER_GENDER,select, female{Zpět}male{Zpět}other{Zpět}}"
   },
   "5627470193961862490": {
      "message": "Poznámky s nadcházejícími připomenutími se zobrazí zde"
   },
   "5631086126416409232": {
      "message": "Modrá"
   },
   "564165666160590723": {
      "message": "Windows Media Player"
   },
   "5660422479531064559": {
      "message": "Žádné formuláře."
   },
   "5675154446465700699": {
      "message": "Soubory PDF"
   },
   "568072913338360182": {
      "message": "HTML"
   },
   "5707549724380589079": {
      "message": "Smazat zaškrtnuté položky?"
   },
   "5714240424645614611": {
      "message": "Balíček Android"
   },
   "5728640851616538925": {
      "message": "Zelená"
   },
   "5744491383087191878": {
      "message": "Výše zadaná adresa obrázku je neplatná nebo ji nelze načíst."
   },
   "5747728324987383020": {
      "message": "Obličej"
   },
   "5783875011049188612": {
      "message": "Byl načten text z obrázku"
   },
   "5785010887521443923": {
      "message": "Odebrat"
   },
   "5834678297024555032": {
      "message": "Povolit"
   },
   "5840330517914556080": {
      "message": "Oddálit"
   },
   "5842536098490298653": {
      "message": "Nebyla nalezena žádná písma."
   },
   "5865680764501413616": {
      "message": "Text se nepodařilo rozpoznat."
   },
   "5871966496153339793": {
      "message": "Zobrazení miniatury videa $1​"
   },
   "5875004331736681428": {
      "message": "Probíhá rozbalování do vašeho e-mailového účtu."
   },
   "587666071025645113": {
      "message": "Vyhledat"
   },
   "5877526626743756786": {
      "message": "Zpětná vazba"
   },
   "5889725440363483648": {
      "message": "Všichni uživatelé ve skupině"
   },
   "5911012384539794869": {
      "message": "Rozbalování se nepodařilo spustit."
   },
   "5916010927050975496": {
      "message": "$1​ kB"
   },
   "5949528478488617689": {
      "message": "Oprávnění ke stahování"
   },
   "5950887255133612666": {
      "message": "Nebylo spuštěno."
   },
   "5969696744752069015": {
      "message": "Náhled není k dispozici."
   },
   "5971400924847413790": {
      "message": "Nebo můžete zobrazit $2​prostý kód HTML$1​ (automatické přesměrování)."
   },
   "5972111804366033138": {
      "message": "Stáhnout"
   },
   "5975031149676029214": {
      "message": "Všichni"
   },
   "5976369213680241300": {
      "message": "Hledat obrázky"
   },
   "5980081664136280513": {
      "message": "Zelené"
   },
   "5984398071085567332": {
      "message": "Dynamické tabulky Google"
   },
   "6009962986062136164": {
      "message": "Načítá se $1​."
   },
   "60305871484579258": {
      "message": "Alt"
   },
   "6043068172993241858": {
      "message": "V tomto kruhu nikdo není."
   },
   "604883455412617728": {
      "message": "Hledanému výrazu neodpovídají žádné kontakty."
   },
   "6051386830221821025": {
      "message": "Přihlašování..."
   },
   "6064654062949366878": {
      "message": "Přehrát"
   },
   "6070475007374165567": {
      "message": "Ukládání..."
   },
   "6083586461434260179": {
      "message": "Nový způsob zobrazení"
   },
   "6087078248621415351": {
      "message": "Upraveno $1​"
   },
   "6091926883608250483": {
      "message": "Další"
   },
   "6105571474005679446": {
      "message": "Při zobrazování náhledu došlo k potížím."
   },
   "6113237889871930608": {
      "message": "Prázdná poznámka"
   },
   "6118623991445349480": {
      "message": "Strana $1​"
   },
   "6122643025527543706": {
      "message": "Ctrl"
   },
   "6131822680770571276": {
      "message": "PowerPoint"
   },
   "6140634664402328750": {
      "message": "Seznam aplikací"
   },
   "6149175749937815029": {
      "message": "Zobrazit všechny položky"
   },
   "6160805346274626656": {
      "message": "Trvale smazat"
   },
   "616807262818311711": {
      "message": "Typ"
   },
   "6175043905327075444": {
      "message": "Dříve vybrané"
   },
   "6177107655089301674": {
      "message": "Stáhnout aplikaci Google Keep pro Android"
   },
   "6185886893933834031": {
      "message": "Ponechat vybranou"
   },
   "6186290899408627510": {
      "message": "Enter"
   },
   "6189891414154673003": {
      "message": "Moje mapy"
   },
   "6203260615455347677": {
      "message": "Numbers"
   },
   "6223207695466118454": {
      "message": "YouTube"
   },
   "6224687211096863620": {
      "message": "Kdokoli"
   },
   "623118860067088424": {
      "message": "Videa"
   },
   "6231401379881217113": {
      "message": "Insert"
   },
   "6252259197986158120": {
      "message": "Včera"
   },
   "6253076263700695984": {
      "message": "Chyba ověření. Načtěte prosím znovu."
   },
   "6255475144867830247": {
      "message": "Vybrat z dalších navigačních karet"
   },
   "6267063643272327592": {
      "message": "Zkuste to prosím znovu později."
   },
   "6290270819062517523": {
      "message": "Bylo vybráno příliš mnoho položek. Zrušte výběr jedné nebo více položek."
   },
   "6305748545202493254": {
      "message": "Zobrazit/skrýt panel s podrobnostmi"
   },
   "6324768448533022780": {
      "message": "$1​ $2​"
   },
   "6331677437567501421": {
      "message": "Při aktualizaci oprávnění ke stažení došlo k potížím."
   },
   "6333496730738019575": {
      "message": "Načítání..."
   },
   "634900089121611600": {
      "message": "Žádná videa."
   },
   "6362170008350775214": {
      "message": "Připomenutí v místě $1​"
   },
   "6375395544374251820": {
      "message": "Při načítání dalších stránek došlo k potížím. Probíhá nový pokus..."
   },
   "6376739025584042564": {
      "message": "Oříznutí fotografie"
   },
   "6386587519843563719": {
      "message": "Binární soubor"
   },
   "6416495701611778255": {
      "message": "Doporučené aplikace třetích stran"
   },
   "6419411265907669340": {
      "message": "Dnes"
   },
   "6436479735235889890": {
      "message": "Připomenutí $1​ v $2​"
   },
   "6450508807204492448": {
      "message": "Ikona $1​"
   },
   "6457802200418354862": {
      "message": "Čtenáři mohou stahovat"
   },
   "6459405233858728718": {
      "message": "Prezentace Google"
   },
   "6464761738227651511": {
      "message": "před $1​ minutou"
   },
   "6466736813846482957": {
      "message": "Předchozí"
   },
   "6479216014938929613": {
      "message": "V noci ($1​)"
   },
   "6482358947077977110": {
      "message": "Obrázky z vyhledávání Google"
   },
   "6487403767449360463": {
      "message": "Načíst službu Keep znovu?"
   },
   "6488225756782357866": {
      "message": "Zvýrazněný obrázek byl nalezen Vyhledáváním obrázků Google na této stránce:"
   },
   "6510131849363684615": {
      "message": "Zítra"
   },
   "6516256764288947999": {
      "message": "Označení lidí"
   },
   "6522917155620379865": {
      "message": "Stáhnout"
   },
   "6524849072392100692": {
      "message": "Složka Disku Google"
   },
   "6551588617715293696": {
      "message": "Možnosti řazení"
   },
   "6570921376519753466": {
      "message": "Nadpisová"
   },
   "6571686604846453345": {
      "message": "Při přidávání této položky na Disk došlo k potížím."
   },
   "6582286158693833652": {
      "message": "Další informace"
   },
   "6588176324871799870": {
      "message": "Google Apps Script"
   },
   "6602430002978098812": {
      "message": "Rukopisná"
   },
   "6614046405230762587": {
      "message": "Nebyly nalezeny žádné kontakty."
   },
   "6622304228074863427": {
      "message": "Aplikace"
   },
   "6624754161346656119": {
      "message": "Avatar $1​."
   },
   "6644861766016503644": {
      "message": "Je nutné zadat heslo"
   },
   "6650600936729710500": {
      "message": "Odpovědi"
   },
   "666311703374681171": {
      "message": "Obrázky a videa"
   },
   "6666820082708870349": {
      "message": "Odebrat"
   },
   "6707173584987026005": {
      "message": "Dnes"
   },
   "6709984792949009238": {
      "message": "Naposledy otevřeno mnou"
   },
   "6726462693927865256": {
      "message": "Podrobnosti"
   },
   "6726879257388338969": {
      "message": "Tisk"
   },
   "6726925393892510846": {
      "message": "Došlo k chybě. Zkuste to prosím znovu."
   },
   "6741759391888465238": {
      "message": "Ukládání na Disk – přesunout do:"
   },
   "6744457949320515234": {
      "message": "Prázdná poznámka zahozena"
   },
   "6757218172402086688": {
      "message": "Vyhledat poznámky..."
   },
   "6780628488957834429": {
      "message": "Oranžová"
   },
   "6784073265197389491": {
      "message": "Další informace"
   },
   "681598652078493281": {
      "message": "Další informace"
   },
   "6818286476757207074": {
      "message": "Vybírejte pouze obrázky, u kterých jste si ověřili, že jste oprávněni je používat."
   },
   "682070933835616121": {
      "message": "Žádné tabulky."
   },
   "6822338149422461362": {
      "message": "Disk Google"
   },
   "6827821461670731013": {
      "message": "Zobrazit zaškrtávací políčka"
   },
   "6828581947433060251": {
      "message": "Při přejmenování položky došlo k potížím."
   },
   "6833760103261954639": {
      "message": "Při načítání této stránky došlo k potížím. Probíhá nový pokus..."
   },
   "6841020391100928352": {
      "message": "Vybrané soubory překračují maximální velikost."
   },
   "6851307437837490686": {
      "message": "Zabránit čtenářům ve stažení"
   },
   "6856672816797218730": {
      "message": "Připojit"
   },
   "6891563484025164308": {
      "message": "Předchozí"
   },
   "6893687445500687349": {
      "message": "Stránky"
   },
   "6898823203505321799": {
      "message": "Podrobnosti"
   },
   "6904351530369058983": {
      "message": "Vlastník"
   },
   "6905021988981026920": {
      "message": "Vyhledávání videí"
   },
   "6922953828399110511": {
      "message": "Zavřít prohlížeč"
   },
   "6929958461954697067": {
      "message": "Fotky s vámi"
   },
   "6939782595426687411": {
      "message": "Přidávání..."
   },
   "6940998537415516791": {
      "message": "v"
   },
   "695253297035211081": {
      "message": "Vysypat koš"
   },
   "6967244066810487978": {
      "message": "KOŠ"
   },
   "6970167488058122005": {
      "message": "autor neznámý"
   },
   "6976414863987386971": {
      "message": "Formuláře"
   },
   "7001938470263404128": {
      "message": "Nahrát"
   },
   "7002768663714031226": {
      "message": "Aktualizovat"
   },
   "7004919150329996187": {
      "message": "V tomto kruhu nebyli nalezeni žádní odpovídající lidé."
   },
   "7054631817922169541": {
      "message": "Google Keep obsahuje neuložené změny. Chcete stránku opustit a změny zahodit?"
   },
   "7059437903473652416": {
      "message": "Přehrát video z YouTube $1​"
   },
   "7080196430479494775": {
      "message": "Opakovat"
   },
   "7084324152376766809": {
      "message": "před $1​ dny"
   },
   "7084991134824194740": {
      "message": "Připomenout"
   },
   "7092062731478679314": {
      "message": "Nebyly nalezeny žádné kruhy."
   },
   "7117183622067702162": {
      "message": "Díky Disku Google už nikdy nebudete muset odeslat jedinou přílohu e-mailem. Stačí poslat odkaz na soubor, který jste uložili na Disk Google. Každý tak bude mít automaticky přístup k témuž souboru ve stejné verzi."
   },
   "713754035716193665": {
      "message": "Nový seznam"
   },
   "7146242673022399081": {
      "message": "Text"
   },
   "7148992630785407972": {
      "message": "Tento soubor je chráněn heslem a náhled pro něj nelze zobrazit."
   },
   "7151987668860086450": {
      "message": "Vyhledávání na webu"
   },
   "7153847618034547771": {
      "message": "Zapnout"
   },
   "7161134329606048317": {
      "message": "Zavřít"
   },
   "7164532930742017984": {
      "message": "Všichni uživatelé, kteří mají odkaz"
   },
   "7174189954350964804": {
      "message": "Opakovat"
   },
   "7177591028189992523": {
      "message": "Přesunout"
   },
   "7188754206068648188": {
      "message": "Data oddělená čárkami"
   },
   "7225837680381806920": {
      "message": "Večer ($1​)"
   },
   "722702934847795304": {
      "message": "Project"
   },
   "7236199858216720905": {
      "message": "Mapy"
   },
   "7247530225058410142": {
      "message": "$2​ $1​"
   },
   "7259352906118493156": {
      "message": "Žádné weby."
   },
   "7282548567245878869": {
      "message": "Položka smazána"
   },
   "7295712436136900176": {
      "message": "Znovu načíst"
   },
   "7310311230493556740": {
      "message": "Adresa URL"
   },
   "7339696241980105410": {
      "message": "Vybrané video již neexistuje. Je možné, že ho vlastník odstranil."
   },
   "7342923890755029722": {
      "message": "Zavřít"
   },
   "734478884582426793": {
      "message": "Komprimovaný soubor"
   },
   "7357017164339332230": {
      "message": "Tyto obrázky lze také zobrazit a sdílet ve $2​Webových albech Picasa$1​, bezplatné službě Googlu pro hostování fotografií."
   },
   "736105042796745909": {
      "message": "{VIEWER_GENDER,select, female{Vytvořit složku}male{Vytvořit složku}other{Vytvořit složku}}"
   },
   "7362061801920948830": {
      "message": "Nahrát další"
   },
   "7364571366369083618": {
      "message": "Video"
   },
   "7377239345926788722": {
      "message": "Akce"
   },
   "7380785991026002613": {
      "message": "Zobrazené výsledky je možné opětovně používat."
   },
   "7382688299146249119": {
      "message": "Stáhnout položku"
   },
   "7383706174467122149": {
      "message": "Poznámka smazána"
   },
   "7388342865555961406": {
      "message": "za $1​ den"
   },
   "7393771571081973549": {
      "message": "C"
   },
   "740507516967994591": {
      "message": "Otevřít"
   },
   "7422452809590461532": {
      "message": "Červená"
   },
   "7426603384368095928": {
      "message": "Načtěte prosím stránku znovu, abyste se opět přihlásili a mohli pokračovat v práci."
   },
   "7429084719905985261": {
      "message": "Objective C"
   },
   "7432956605646331928": {
      "message": "SQL"
   },
   "7440735091552109962": {
      "message": "$2​ (upraveno $1​)"
   },
   "7441891675459021164": {
      "message": "Ukládání na Disk"
   },
   "7451573821837395189": {
      "message": "Položka byla přidána na $2​váš Disk$1​."
   },
   "7468322419516352788": {
      "message": "Při aktualizaci popisu došlo k potížím."
   },
   "7488945223835574498": {
      "message": "PostScript"
   },
   "7492710087472140422": {
      "message": "Další informace"
   },
   "7493919863870655172": {
      "message": "Webová kamera"
   },
   "7500786109708143683": {
      "message": "Zvuk byl smazán"
   },
   "7501027876827009022": {
      "message": "Zobrazené výsledky je možné opětovně používat ke komerčním účelům."
   },
   "7521272923988336579": {
      "message": "Načtěte službu Keep znovu, abyste pracovali s aktuálními daty."
   },
   "7532552995569296274": {
      "message": "Vymazat vyhledávání"
   },
   "7546994163355383999": {
      "message": "Všechny poznámky uloženy"
   },
   "7559208209275370228": {
      "message": "Naposledy upraveno mnou"
   },
   "7565383798249439151": {
      "message": "za $1​ d"
   },
   "7565870443143407759": {
      "message": "Najít v dokumentu"
   },
   "7586291841734385643": {
      "message": "Na novou kartu"
   },
   "7598582624136632660": {
      "message": "Otevřít vyhledávací panel / najít další"
   },
   "7602870977118971161": {
      "message": "Znovu načíst"
   },
   "7610654194202731772": {
      "message": "Smazat"
   },
   "761925792744044896": {
      "message": "Nastavit jako profilovou fotku"
   },
   "7630723924002267143": {
      "message": "Klávesové zkratky jsou zapnuty."
   },
   "7640546114686970497": {
      "message": "Nelze přidat další položky."
   },
   "7669846901402551021": {
      "message": "Dnes"
   },
   "7691521283331762131": {
      "message": "Zde se zobrazí vaše archivované poznámky"
   },
   "772000107335590599": {
      "message": "za $1​ min"
   },
   "7734578122414851725": {
      "message": "PHP"
   },
   "7745005220197261896": {
      "message": "Vyhledávání knih"
   },
   "7759846028901235026": {
      "message": "Archivace poznámky zrušena"
   },
   "776065748745885880": {
      "message": "Mezerník"
   },
   "7770982082843341533": {
      "message": "V této složce nejsou žádné položky."
   },
   "779472474101127362": {
      "message": "Pořídit snímek"
   },
   "7800318069267901681": {
      "message": "Změněno"
   },
   "7805487598105530487": {
      "message": "Vložit do e-mailu"
   },
   "7814778057875152792": {
      "message": "Při přesouvání přílohy do vybrané složky na Disku Google došlo k potížím."
   },
   "7820417126206702946": {
      "message": "Zobrazené výsledky jsou k dispozici pouze pro osobní nebo komerční využití na Disku Google a nesmí být šířeny ani prodávány nezávisle."
   },
   "7822364282298323175": {
      "message": "Seznam byl smazán"
   },
   "7830513726270865588": {
      "message": "Kalendář"
   },
   "7845751753397906805": {
      "message": "Byly nalezeny konfliktní úpravy"
   },
   "7852396628465259068": {
      "message": "Profilová fotka"
   },
   "7859526172011446452": {
      "message": "Ukončit odesílání"
   },
   "78870906674150830": {
      "message": "$3​$1​$2​"
   },
   "7895643887742936844": {
      "message": "středník"
   },
   "7899833760457194273": {
      "message": "Vyhledávání obrázků"
   },
   "7899913952063063825": {
      "message": "Obrázek byl smazán"
   },
   "7906726367011430855": {
      "message": "Připojit"
   },
   "7910518224461588465": {
      "message": "Žluté"
   },
   "7953603850004320936": {
      "message": "Náhled není k dispozici."
   },
   "7957306528733096600": {
      "message": "Akce byla dokončena"
   },
   "7960528690514646841": {
      "message": "{moreCount,plural, =0{unused plural form}=1{+ 1 další}few{+ {moreCount} další}many{+ {moreCount} more}other{+ {moreCount} dalších}}"
   },
   "7973635145070803181": {
      "message": "Nahrávání fotek"
   },
   "7987180255015869513": {
      "message": "Nebo sem vložte webovou adresu:"
   },
   "8011497727123874703": {
      "message": "Tlačítko složky $1​"
   },
   "8016231262233952856": {
      "message": "Tyrkysové"
   },
   "8019402848412685977": {
      "message": "Položka „$2​“ byla přejmenována na „$1​“."
   },
   "8023466614826324314": {
      "message": "Fotky budou sdíleny se širokým publikem."
   },
   "8043514121228710092": {
      "message": "Přidat obrázek"
   },
   "8044700199531805239": {
      "message": "Aplikace $3​$1​$2​ byla připojena."
   },
   "8069384932934428393": {
      "message": "za $1​ minutu"
   },
   "8081927474846706026": {
      "message": "Žádné nákresy."
   },
   "8090743714060857028": {
      "message": "Čtenáři nemohou stahovat"
   },
   "8095838445486198080": {
      "message": "{FILE_SIZE,plural, =0{0 bajtů}=1{1 bajt}few{# bajty}many{# bytes}other{# bajtů}}"
   },
   "8099047958506869131": {
      "message": "{VIEWER_GENDER,select, female{Nová složka}male{Nová složka}other{Nová složka}}"
   },
   "8100558294600077150": {
      "message": "Vyhledávání blogů"
   },
   "8105635255693472607": {
      "message": "Přidat nové položky seznamu"
   },
   "8106780183458743723": {
      "message": "Fotoalba"
   },
   "8112699352770418817": {
      "message": "Nebyly nalezeny žádné knihy."
   },
   "8132410616064087953": {
      "message": "Video je příliš dlouhé (maximální délka je $1​ s)."
   },
   "8135145577663029437": {
      "message": "Ponechat obě"
   },
   "8146560259680897627": {
      "message": "Zrušit"
   },
   "8158191101452862916": {
      "message": "Vložit obrázky"
   },
   "8159493406018222636": {
      "message": "Odeslat zpětnou vazbu"
   },
   "8172945196588870035": {
      "message": "Události"
   },
   "8174654098152723289": {
      "message": "Upravit popis"
   },
   "8178754379486173416": {
      "message": "{VIEWER_GENDER,select, female{Je vybráno příliš málo položek. Vyberte jich více.}male{Je vybráno příliš málo položek. Vyberte jich více.}other{Je vybráno příliš málo položek. Vyberte jich více.}}"
   },
   "8192378456655629049": {
      "message": "Zpracování videa..."
   },
   "8193991135666622583": {
      "message": "Keep"
   },
   "821942580510564685": {
      "message": "Pokud chcete dokument zobrazit, zadejte heslo"
   },
   "8239237134193392595": {
      "message": "Oznámení s připomenutím polohy se zobrazují pouze v mobilních zařízeních."
   },
   "8267458240960831780": {
      "message": "Ověřování..."
   },
   "8281141013543828574": {
      "message": "Obrázek Raw"
   },
   "8281678863271800533": {
      "message": "Filtr obrázků"
   },
   "8283103456188558313": {
      "message": "Prezentace"
   },
   "8290434443655418968": {
      "message": "{filesCount,plural, =0{unused plural form}=1{Vybraný soubor [{file}] není podporován.}few{ Vybrané soubory [{files}] nejsou podporovány.}many{Selected files [{files}] are not supported for upload.}other{ Vybrané soubory [{files}] nejsou podporovány.}}"
   },
   "8304474373444239435": {
      "message": "Odpověď od uživatele $1​."
   },
   "8322416564157128458": {
      "message": "Sdílení"
   },
   "8324195080917648153": {
      "message": "Video se sem nevejde. Zvětšete prosím trochu okno prohlížeče."
   },
   "8337582740675387693": {
      "message": "Java"
   },
   "8342684858400436871": {
      "message": "Tabulátor"
   },
   "8379952094517631162": {
      "message": "Ne"
   },
   "8409393124758970712": {
      "message": "$2​ x $1​"
   },
   "8412684147928483084": {
      "message": "Černé"
   },
   "8435544675017330861": {
      "message": "Vašemu vyhledávání neodpovídá žádná položka."
   },
   "8436817383042650304": {
      "message": "Caps-Lock"
   },
   "8451184312655705174": {
      "message": "Je-li vaše adresa správná, uvidíte zde náhled. Zobrazení větších obrázků může několik minut trvat."
   },
   "8467894483369467251": {
      "message": "Flash"
   },
   "8506198918368329269": {
      "message": "Zobrazené výsledky je možné opětovně používat s úpravami ke komerčním účelům."
   },
   "8571315158566081191": {
      "message": "Žádné tabulky."
   },
   "8580600056399054303": {
      "message": "Nastavte, kam chcete přesunout nové nebo zaškrtnuté položky"
   },
   "8595175575778060149": {
      "message": "Další"
   },
   "8596257056433048992": {
      "message": "Vítá vás"
   },
   "8616342546716995946": {
      "message": "Rozumím"
   },
   "8621067185485606452": {
      "message": "ECMAScript"
   },
   "8638281560898810401": {
      "message": "{MINUTES,plural, =0{0 minut }=1{1 minuta }few{# minuty }many{# minutes }other{# minut }}{SECONDS,plural, =0{0 sekund.}=1{1 sekunda.}few{# sekundy.}many{# seconds.}other{# sekund.}}"
   },
   "863955692838281739": {
      "message": "Zavřít"
   },
   "8643398764569428530": {
      "message": "Umožnit službě Google Keep zobrazovat oznámení?"
   },
   "8652566647088230560": {
      "message": "Interní testování – důvěrné"
   },
   "8660016472468563221": {
      "message": "dvojtečka"
   },
   "8663507590720636709": {
      "message": "$1​ +$2​ další(ch)"
   },
   "8666643061920113075": {
      "message": "{VIEWER_GENDER,select, female{Sem vložte adresu URL obrázku:}male{Sem vložte adresu URL obrázku:}other{Sem vložte adresu URL obrázku:}}"
   },
   "8674222789100049233": {
      "message": "Zavřít"
   },
   "86815590954366945": {
      "message": "Seznam archivovaného obsahu"
   },
   "8709611758728645225": {
      "message": "Pg-Down"
   },
   "8711002053494037632": {
      "message": "Zaškrtnutí všech položek bylo zrušeno"
   },
   "8748281640412284111": {
      "message": "Obrázky z fotobanky"
   },
   "8759520888087120926": {
      "message": "Žádné skripty."
   },
   "8775097441636640256": {
      "message": "$2​ – $1​"
   },
   "8780212274435014958": {
      "message": "Kruhy"
   },
   "8781837301864053001": {
      "message": "Formátovaný text"
   },
   "8792038552136453044": {
      "message": "Jejda. Něco se pokazilo."
   },
   "8793166064242077041": {
      "message": "Při zobrazování obrázku došlo k potížím."
   },
   "8813101408630252335": {
      "message": "$1​ s"
   },
   "8820281478062782578": {
      "message": "Hledat"
   },
   "8822326207328431952": {
      "message": "Nahrávání obrázků není k dispozici"
   },
   "8840223453482998505": {
      "message": "Vybraná složka $1​"
   },
   "8845176264121061589": {
      "message": "Zrušit zaškrtnutí všech položek"
   },
   "8850238112725591771": {
      "message": "zkratka $1​"
   },
   "8852550049823214385": {
      "message": "a potom"
   },
   "8883744193208363722": {
      "message": "Je k dispozici aktualizace aplikace."
   },
   "8884900765322249670": {
      "message": "Seznamové zobrazení"
   },
   "8889019648958415451": {
      "message": "Neznámý soubor"
   },
   "8911996820409711834": {
      "message": "Přesunout text do nové položky v seznamu &raquo;"
   },
   "8916237870980173557": {
      "message": "Připojování..."
   },
   "8917554093651202032": {
      "message": "Přehrát video $1​"
   },
   "8919660666733306860": {
      "message": "Obrázek"
   },
   "8930959387403789939": {
      "message": "Připomenutí"
   },
   "8943760679396635042": {
      "message": "Zobrazuje se $1​."
   },
   "8953555255469284376": {
      "message": "Přetáhněte obrázky sem"
   },
   "8979615310931291676": {
      "message": "Upraveno $1​"
   },
   "8986044948621891903": {
      "message": "Zadejte dotaz do pole výše a vyhledejte výsledky na webu pomocí Vyhledávání Google."
   },
   "901615442107785480": {
      "message": "Archivovat poznámku/seznam"
   },
   "9024023699330078373": {
      "message": "Při otevření bude položka přidána na váš Disk"
   },
   "9028041601596584772": {
      "message": "Místo"
   },
   "9058308423774656474": {
      "message": "Hangul Word Processor"
   },
   "9083935734710258396": {
      "message": "Zamítnout"
   },
   "9094248058931620597": {
      "message": "Panel podrobností je sbalen."
   },
   "9114674068220302553": {
      "message": "Jako přílohu"
   },
   "911586799466052745": {
      "message": "Nákres OpenOffice"
   },
   "9130962320402467249": {
      "message": "Fotografie z fotobanky"
   },
   "9146716987301178362": {
      "message": "Došlo k chybě. Opakujte prosím načtení."
   },
   "9165877886714239857": {
      "message": "Text z obrázku nelze načíst. Zkuste to znovu později."
   },
   "916773043895242978": {
      "message": "Výše zadaná adresa obrázku je neplatná nebo ji nelze načíst. Zadejte prosím správnou adresu obrázku."
   },
   "9173629944963872598": {
      "message": "Nebyly nalezeny žádné události."
   },
   "9182500445937900938": {
      "message": "Zavřít"
   },
   "9195941533351099011": {
      "message": "Nahrávání dokumentu $1​ z $2​"
   },
   "9197837492705576727": {
      "message": "Přejít na další položku"
   },
   "919969969251998566": {
      "message": "Rozbalit archiv do vašeho e-mailového účtu."
   },
   "9203542510134660095": {
      "message": "Rozbalování bylo spuštěno. Obsah archivu se zobrazí na Disku ve složce $1​."
   },
   "940276535015195877": {
      "message": "Žádné složky."
   },
   "943493480163896757": {
      "message": "{resultCount,plural, =1{# odpovídající poznámka}few{# odpovídající poznámky}many{# matching notes}other{# odpovídajících poznámek}}"
   },
   "951963820437151566": {
      "message": "Weby Google"
   },
   "95809842507987016": {
      "message": "Smazat"
   },
   "963611681085757795": {
      "message": "Je nám líto, ale zobrazení dokumentu nyní nelze vygenerovat."
   },
   "96556988207614774": {
      "message": "Kalendáře"
   },
   "974042541427403929": {
      "message": "Modré"
   },
   "980395722421409371": {
      "message": "Nebyly nalezeny žádné mapy."
   },
   "982187142411651629": {
      "message": "Zavřít"
   },
   "985197728509875956": {
      "message": "Chemický model"
   },
   "996381410993745580": {
      "message": "Photoshop"
   },
   "998727788921602971": {
      "message": "Videa"
   },
   "appDesc": {
      "description": "App description",
      "message": "Poznamenejte si, cokoli vás napadne, a nechte si to připomenout ve správnou chvíli a na správném místě."
   },
   "appName": {
      "description": "App name.",
      "message": "Google Keep – poznámky a seznamy"
   }
}
