{
   "1006787209796778126": {
      "message": "Το Drive μου"
   },
   "1017907757187630742": {
      "message": "Οι γραμματοσειρές μου"
   },
   "1029072043275376320": {
      "message": "Δεν βρέθηκαν ημερολόγια."
   },
   "1030781695901615026": {
      "message": "Κάτω μέρος"
   },
   "103870949919613488": {
      "message": "Η σημείωση αρχειοθετήθηκε"
   },
   "1039394921418415681": {
      "message": "Σύνδεση"
   },
   "1083918249169198626": {
      "message": "Οι συντομεύσεις πληκτρολογίου είναι απενεργοποιημένες."
   },
   "1090919586152138659": {
      "message": "Απόθεμα"
   },
   "1101371910696766077": {
      "message": "Δημιουργία αντιγράφου"
   },
   "1107413433574576014": {
      "message": "Ο τίτλος είναι πολύ μεγάλος. Το επισημασμένο κείμενο δεν θα αποθηκευτεί."
   },
   "1127320433256851404": {
      "message": "Πρόγραμμα αναπαραγωγής βίντεο"
   },
   "1162642135048988280": {
      "message": "Μετονομασία εγγράφου"
   },
   "1166244120191806795": {
      "message": "Υποβολή σχολίων"
   },
   "1179891706526242218": {
      "message": "Επόμενο"
   },
   "1185164838496022543": {
      "message": "Κάντε κλικ εδώ για να επαναλάβετε τη φόρτωση της σελίδας."
   },
   "1185644932132585290": {
      "message": "$1​ χαρακτήρες αριστερά"
   },
   "1213005208968286932": {
      "message": "Επισημάνθηκε ως επιλυθείσα"
   },
   "1263557413037343589": {
      "message": "Οργάνωση φωτογραφιών"
   },
   "1263685395252160366": {
      "message": "LaTeX"
   },
   "1311350045083871503": {
      "message": "Άκυρο"
   },
   "1311729747516144362": {
      "message": "Κόκκινες"
   },
   "1315844696796851207": {
      "message": "Sans Serif"
   },
   "1319037146426591038": {
      "message": "εναλλακτικά"
   },
   "132822872080714863": {
      "message": "OK"
   },
   "133192954417440569": {
      "message": "Δεν βρέθηκαν αποτελέσματα."
   },
   "1349697396109290623": {
      "message": "Εμφάνιση υψηλότερης ανάλυσης για το αρχείο $1​"
   },
   "1376126796144976437": {
      "message": "Όλες οι γραμματοσειρές"
   },
   "139942704574044780": {
      "message": "Αποδοχή"
   },
   "141491180325662484": {
      "message": "Το Google Drive είναι το μοναδικό μέρος όπου μπορείτε να διατηρείτε όλα τα αρχεία σας προκειμένου να έχετε πρόσβαση σε αυτά από οπουδήποτε και από οποιαδήποτε συσκευή. Μόλις προσθέσετε φωτογραφίες στο Google Drive, μπορείτε να τις μοιραστείτε αμέσως με τους κύκλους σας εδώ."
   },
   "1418114637490664392": {
      "message": "Αρχείο φωτογραφιών LIFE"
   },
   "1419896259743862406": {
      "message": "Άνοιγμα με"
   },
   "1440171352837969028": {
      "message": "Βίντεο/Ήχος"
   },
   "1441487391064925653": {
      "message": "Δείτε όλες τις συντομεύσεις στο Κέντρο βοήθειας"
   },
   "1446829548948002072": {
      "message": "κόμμα"
   },
   "1454684154234137497": {
      "message": "pause"
   },
   "1459765068821943106": {
      "message": "{VIEWER_GENDER,select, female{Επικολλήστε εδώ τη διεύθυνση URL YouTube:}male{Επικολλήστε εδώ τη διεύθυνση URL YouTube:}other{Επικολλήστε εδώ τη διεύθυνση URL YouTube:}}"
   },
   "1463079206290378085": {
      "message": "Φωτογραφίες Orkut"
   },
   "1463389029497634261": {
      "message": "Μείωση έντασης ήχου"
   },
   "1475179211173444554": {
      "message": "Όλοι όσοι διαθέτουν το σύνδεσμο στον τομέα"
   },
   "1492360016907725281": {
      "message": "{VIEWER_GENDER,select, female{Επικολλήστε εδώ μια διεύθυνση URL βίντεο:}male{Επικολλήστε εδώ μια διεύθυνση URL βίντεο:}other{Επικολλήστε εδώ μια διεύθυνση URL βίντεο:}}"
   },
   "1493251742569121894": {
      "message": "Η σημείωση είναι πολύ μεγάλη. Το επισημασμένο κείμενο δεν θα αποθηκευτεί."
   },
   "1493384967280942491": {
      "message": "Ροζ"
   },
   "1499433769420882987": {
      "message": "Εμφάνιση $1​"
   },
   "1505876360160857231": {
      "message": "$1​ TB"
   },
   "1521707405717823409": {
      "message": "Μοβ"
   },
   "153439508598626384": {
      "message": "Οι φωτογραφίες σας"
   },
   "1536051766421561160": {
      "message": "ίσον με"
   },
   "156992719062713230": {
      "message": "Γκρι"
   },
   "1586968957182554447": {
      "message": "Απενεργοποίηση"
   },
   "1588268697057804046": {
      "message": "πριν από $1​ ώρες"
   },
   "1603139897109307706": {
      "message": "Σφάλμα, δοκιμάστε ξανά αργότερα"
   },
   "1604359562654146902": {
      "message": "Φωτογραφία"
   },
   "1633370388224271051": {
      "message": "Δεν βρέθηκαν άτομα."
   },
   "1633798963327779260": {
      "message": "Αύριο"
   },
   "1654222450095043962": {
      "message": "Ήχος"
   },
   "1656911987308166143": {
      "message": "Διαγραφή"
   },
   "1665821947855814052": {
      "message": "Μέγεθος"
   },
   "1692901784886701962": {
      "message": "Πάρα πολύ μεγάλη σημείωση."
   },
   "1697160643589236962": {
      "message": "$1​ PB"
   },
   "1700522311470719738": {
      "message": "Υπενθύμιση"
   },
   "1701312243672511585": {
      "message": "Μετακίνηση κειμένου σε νέα σημείωση &raquo;"
   },
   "1709410429018687341": {
      "message": "Πρωί ($1​)"
   },
   "1715552550526864429": {
      "message": "Αναζήτηση ιστολογίων"
   },
   "171683163267149669": {
      "message": "$1​ GB"
   },
   "1739900012825270238": {
      "message": "Μετάβαση στο προηγούμενο στοιχείο"
   },
   "1756171223417807431": {
      "message": "Βεβαιωθείτε ότι η εικόνα είναι δημόσια. Εάν η εικόνα σας προστατεύεται από κωδικό πρόσβασης ή σε εσωτερικό δίκτυο, δεν θα μπορέσουμε να την διαβάσουμε."
   },
   "1759957963056319953": {
      "message": "Επιστροφή από $1​"
   },
   "1783719421893050637": {
      "message": "Διαστάσεις"
   },
   "178927681797742562": {
      "message": "Σύνδεση"
   },
   "1791115075948268631": {
      "message": "Άνοιγμα βοήθειας συντομεύσεων πληκτρολογίου"
   },
   "1808245543551507519": {
      "message": "Ηχητικό αρχείο"
   },
   "1816851800848432562": {
      "message": "Κατάργηση"
   },
   "1818306025747564729": {
      "message": "Μετάβαση στο σύνδεσμο"
   },
   "1823222042913714987": {
      "message": "Υποβολή κωδικού πρόσβασης"
   },
   "1823854753950594157": {
      "message": "Διατήρηση στη θέση του"
   },
   "1830157062072535681": {
      "message": "Εμφάνιση $1​"
   },
   "185012928288875755": {
      "message": "Δεν βρέθηκαν στοιχεία που να συμφωνούν με τα κριτήριά σας."
   },
   "1856444915090632305": {
      "message": "Αυτό το έγγραφο είναι κρυπτογραφημένο. Πληκτρολογήστε έναν κωδικό πρόσβασης."
   },
   "1866863108233180413": {
      "message": "Φάκελοι"
   },
   "187077078156858455": {
      "message": "Ηχητική σημείωση"
   },
   "189303170370862360": {
      "message": "$1​ από $2​ στοιχεία"
   },
   "1900571668686750716": {
      "message": "vCard"
   },
   "1901351411358749070": {
      "message": "Σε κοινή χρήση με εμένα"
   },
   "1913425963149828429": {
      "message": "Εξαγωγή αυτού του αρχείου στο Drive."
   },
   "1918176455405610789": {
      "message": "Τέλος"
   },
   "1920189655549476211": {
      "message": "άγνωστη διάρκεια"
   },
   "1929603188252533075": {
      "message": "Δεν ήταν δυνατή η διαγραφή του βίντεο σας. Δοκιμάστε ξανά."
   },
   "1951810091681076784": {
      "message": "{COUNT_1,plural, =1{1 σημείωση που αντιστοιχεί}other{{COUNT_2} σημειώσεις που αντιστοιχούν}}"
   },
   "1956794332842050061": {
      "message": "Επόμενη σελίδα"
   },
   "1965626377712226216": {
      "message": "Keynote"
   },
   "1968405748623909021": {
      "message": "Δοκιμάστε μία από τις παρακάτω εφαρμογές για να ανοίξετε ή να επεξεργαστείτε αυτό το στοιχείο"
   },
   "1974063091619095703": {
      "message": "Άτομα"
   },
   "1988244842147989817": {
      "message": "Οι σημειώσεις στον Κάδο απορριμάτων διαγράφονται μετά από 7 ημέρες."
   },
   "1993674829873313178": {
      "message": "Αντιμετωπίζετε προβλήματα κατά τη μεταφόρτωση; Πραγματοποιούμε συντήρηση, όμως σύντομα όλα θα επανέλθουν στη φυσιολογική λειτουργία τους."
   },
   "2003845117979929469": {
      "message": "Λεπτομέρειες"
   },
   "2048322072989992494": {
      "message": "Κανένας δεν έχει μοιραστεί αρχεία μαζί σας προς το παρόν!"
   },
   "2055836117545582610": {
      "message": "Ρυθμίσεις λίστας"
   },
   "2059084517358086391": {
      "message": "Κλείσιμο γραμμής εύρεσης"
   },
   "2061440050632248160": {
      "message": "Αρχείο"
   },
   "2068023589621557589": {
      "message": "Γραμματοσειρά TrueType"
   },
   "2073035325657060696": {
      "message": "Δεν υπάρχει διαθέσιμη προεπισκόπηση."
   },
   "2073322475696388995": {
      "message": "Μετάβαση εμπρός"
   },
   "207810168108507460": {
      "message": "πριν από $1​ ώρα"
   },
   "2109272338124379867": {
      "message": "Τελευταία τροποποίηση"
   },
   "2116013171202209313": {
      "message": "Επιλογή"
   },
   "2122256657192674586": {
      "message": "Αναζήτηση βίντεο"
   },
   "2125135092719715773": {
      "message": "Μεταφόρτωση"
   },
   "212796670323571824": {
      "message": "OK"
   },
   "213665695896111861": {
      "message": "Σημειώσεις"
   },
   "2138593281154109183": {
      "message": "Αρχείο"
   },
   "2147952938331523160": {
      "message": "Μετονομασία…"
   },
   "2154372123324862271": {
      "message": "κάθετος"
   },
   "2154940358270068005": {
      "message": "Διατήρηση για λίγο περισσότερο των διαγραμένων σημειώσεων"
   },
   "2184278444368405837": {
      "message": "$1​ στοιχεία"
   },
   "2187239650627580457": {
      "message": "Υποβολή"
   },
   "2198096971937872560": {
      "message": "Υπενθύμιση:"
   },
   "220168959069469607": {
      "message": "Περισσότερες ενέργειες"
   },
   "221715292685577880": {
      "message": "Ναι"
   },
   "2220005860896049129": {
      "message": "Δυστυχώς πέρασε μεγάλο χρονικό διάστημα για την εύρεση του εγγράφου στην αρχική προέλευση."
   },
   "2228413078211839077": {
      "message": "Δυστυχώς υπάρχει ένα προσωρινό πρόβλημα κατά τη δημιουργία προβολής του εγγράφου."
   },
   "2235097878790803849": {
      "message": "Αποχαιρετίστε τα συνημμένα. Καλωσορίστε το Google Drive."
   },
   "2257303402199718039": {
      "message": "Δυστυχώς δεν ήταν δυνατή η εύρεση του εγγράφου στη διεύθυνση αρχικής προέλευσης. Βεβαιωθείτε ότι το έγγραφο υπάρχει ακόμα."
   },
   "2274436793504233543": {
      "message": "Ακύρωση"
   },
   "2278224983638451454": {
      "message": "Άμεση λήψη"
   },
   "2280650195464600721": {
      "message": "Πλοήγηση"
   },
   "2285069188138705005": {
      "message": "Συνδεδεμένες εφαρμογές"
   },
   "2289534534793293486": {
      "message": "Αναίρεση αρχειοθέτησης"
   },
   "2289812403593835836": {
      "message": "Pages"
   },
   "229177484946387188": {
      "message": "Google Earth"
   },
   "2292696732672795285": {
      "message": "Αύξηση έντασης ήχου"
   },
   "230180475614658119": {
      "message": "Τέλος"
   },
   "2304293593067358316": {
      "message": "Εικόνες clip art"
   },
   "2310145944356900158": {
      "message": "Επιλεγμένα"
   },
   "2311880726221661199": {
      "message": "Φόρτωση υψηλότερων αναλύσεων"
   },
   "2329167963662998826": {
      "message": "Το Google Keep θα ήθελε να χρησιμοποιήσει την τοποθεσία σας για να βελτιωθούν οι προτάσεις μερών για τις υπενθυμίσεις τοποθεσίας."
   },
   "234046557601727809": {
      "message": "Δεν βρέθηκαν εικόνες ή βίντεο."
   },
   "2349912757088764940": {
      "message": "Ορατές σε:"
   },
   "2359614137862708172": {
      "message": "Shift"
   },
   "2370463380397641604": {
      "message": "Δημοφιλείς συντομεύσεις πληκτρολογίου"
   },
   "2370656573843123707": {
      "message": "δεξιά αγκύλη"
   },
   "2393487423640708285": {
      "message": "Η διεύθυνση URL δεν είναι έγκυρη. Βεβαιωθείτε ότι ξεκινάει με http:// ή https://."
   },
   "2405795704816921421": {
      "message": "Αρχείο $1​"
   },
   "2412314804333167252": {
      "message": "Αυτό το υπολογιστικό φύλλο είναι πολύ μεγάλο. Κάντε κλικ στην επιλογή $3​λήψη$1​ ή $4​επεξεργασία στα Υπολογιστικά φύλλα Google$1​."
   },
   "2418104318933043113": {
      "message": "Αναζήτηση Εικόνων Google"
   },
   "2433429041384246549": {
      "message": "Σίγαση"
   },
   "2449254824382583885": {
      "message": "Σε άλλο παράθυρο"
   },
   "2452522051596946166": {
      "message": "Ωχ! Προέκυψε πρόβλημα κατά την προεπισκόπηση του $1​. Γίνεται νέα προσπάθεια."
   },
   "2454642351139428112": {
      "message": "Αναίρεση"
   },
   "2466251465475184755": {
      "message": "Άδειασμα κάδου απορριμάτων; Όλες οι σημειώσεις στον Κάδο απορριμάτων θα διαγραφούν οριστικά."
   },
   "2475181823688399272": {
      "message": "Επόμενο"
   },
   "2484568559152875936": {
      "message": "Δεν βρέθηκαν λευκώματα φωτογραφιών."
   },
   "2504232652631703202": {
      "message": "Συνδέθηκε"
   },
   "251025074207413762": {
      "message": "Προσθήκη περιγραφής"
   },
   "2510929871271209216": {
      "message": "Αυτό το υπολογιστικό φύλλο είναι πολύ μεγάλο. Κάντε κλικ $2​εδώ$1​ για να το κατεβάσετε."
   },
   "2513437337377210144": {
      "message": "end"
   },
   "2524021436052870191": {
      "message": "Δεν είναι δυνατή η μεταφόρτωση αυτού του αρχείου. Υποστηρίζονται μόνο αρχεία $1​ μεγέθους μικρότερου από $2​ MB."
   },
   "2532280782491328445": {
      "message": "Εύρεση προηγούμενου"
   },
   "2538080331309772448": {
      "message": "Ταξινόμηση: $1​"
   },
   "2538462904124380434": {
      "message": "Η σημείωση μετακινήθηκε στον Κάδο απορριμάτων"
   },
   "2546225293834487484": {
      "message": "Σημείωση"
   },
   "2555961950726197809": {
      "message": "Εμφάνιση προγράμματος προβολής."
   },
   "2558480112329900136": {
      "message": "Γκρι"
   },
   "257317112834806705": {
      "message": "Εναλλαγή μεταξύ της προβολής λίστας και της προβολής πλέγματος"
   },
   "2579679351920691492": {
      "message": "Μετάβαση πίσω"
   },
   "2587566920590457715": {
      "message": "Maps Engine Lite"
   },
   "2609409316752026806": {
      "message": "PDF"
   },
   "2609750184896485102": {
      "message": "Βίντεο από το τηλέφωνο"
   },
   "2615188670181508661": {
      "message": "Δεν έχετε επιλέξει κάτι πρόσφατα!"
   },
   "2623861453769098676": {
      "message": "Προέκυψε πρόβλημα κατά την προεπισκόπηση αυτού του εγγράφου."
   },
   "2628268670001557269": {
      "message": "Όριο χώρου αποθήκευσης"
   },
   "2643241712502664984": {
      "message": "Τα βίντεό σας στο YouTube"
   },
   "2661850177130037208": {
      "message": "Άνοιγμα στοιχείου"
   },
   "2681830832355823748": {
      "message": "Αναζήτηση όλων των συντομεύσεων"
   },
   "2687303256387847763": {
      "message": "Δημοτικότητα"
   },
   "2702485557996900362": {
      "message": "Επιδιόρθωση αντικρουόμενων αλλαγών"
   },
   "2705842902318123127": {
      "message": "Πλοήγηση στην επόμενη/προηγούμενη σημείωση/λίστα"
   },
   "272948685355798518": {
      "message": "Έχει επιλεγεί μη έγκυρος τύπος αρχείου."
   },
   "2731144323070245943": {
      "message": "Ρυθμίσεις λίστας"
   },
   "2742719907061406418": {
      "message": "XML"
   },
   "2750830436677712001": {
      "message": "{VIEWER_GENDER,select, female{Αποτυχία δημιουργίας του φακέλου {FOLDER_NAME}.}male{Αποτυχία δημιουργίας του φακέλου {FOLDER_NAME}.}other{Αποτυχία δημιουργίας του φακέλου {FOLDER_NAME}.}}"
   },
   "2752123004911547510": {
      "message": "Τάσεις"
   },
   "2758125083752925237": {
      "message": "(Κάτοχος)"
   },
   "277430914014962533": {
      "message": "Ωχ! Προέκυψε πρόβλημα κατά την προεπισκόπηση του $1​."
   },
   "2774713922589657910": {
      "message": "Όλοι οι χρήστες στον τομέα"
   },
   "2786560864906393383": {
      "message": "Φωτογραφίες από το τηλέφωνο"
   },
   "2789687492331041935": {
      "message": "Διαλέξτε ώρα"
   },
   "2790446494460492805": {
      "message": "Η εργασία εξαγωγής ξεκίνησε. Τα μηνύματα αρχειοθέτησης θα εμφανίζονται στο λογαριασμό σας ηλεκτρονικού ταχυδρομείου με την ετικέτα \"Εισαγωγή: $1​\"."
   },
   "2793841261389879255": {
      "message": "Προηγούμενη σελίδα"
   },
   "2801153442808430222": {
      "message": "Το Drive μου"
   },
   "2817277146396981386": {
      "message": "μ.μ."
   },
   "2818020101821669029": {
      "message": "Δημιουργήθηκε"
   },
   "2818135503416309545": {
      "message": "Εγγραφή βίντεο"
   },
   "2827039933590757722": {
      "message": "Windows Shortcut"
   },
   "2829226075651806940": {
      "message": "Μεγέθυνση"
   },
   "2860188519781080944": {
      "message": "Πορτοκαλί"
   },
   "2861568351294148466": {
      "message": "Σενάρια"
   },
   "2864281852037732729": {
      "message": "Λιγότεροι"
   },
   "2873089307546162154": {
      "message": "ΟΚ"
   },
   "2877285560485318801": {
      "message": "Παύση"
   },
   "2878874627361086801": {
      "message": "προεπισκόπηση"
   },
   "2879276552944958066": {
      "message": "Επιστροφή στο φάκελο $1​."
   },
   "289798573180023043": {
      "message": "OK"
   },
   "2902747751281161248": {
      "message": "Εφαρμογή στις νέες λίστες"
   },
   "2905147317995482841": {
      "message": "Έχουμε ενημερώσει την εμπειρία προβολής για όλα τα αρχεία στο Google Drive. Είναι πλέον πιο ωραία και πιο εύχρηστη! Ευελπιστούμε να σας αρέσει αυτή η νέα εμφάνιση."
   },
   "2917498437550635075": {
      "message": "Εικονίδιο"
   },
   "2964778642459027786": {
      "message": "Δεν υπάρχουν σημειώσεις στον Κάδο απορριμμάτων"
   },
   "2974598228601710262": {
      "message": "Προσθήκη"
   },
   "2979466412944870220": {
      "message": "Φόρτωση προεπισκόπησης…"
   },
   "2982511431742033448": {
      "message": "Δεν βρέθηκαν παρουσιάσεις."
   },
   "298817883481775869": {
      "message": "Φόρτωση…"
   },
   "3000689173481666334": {
      "message": "Επεξεργασία του κύκλου σας"
   },
   "3029395493413607486": {
      "message": "Δεν ήταν δυνατή η φόρτωση του προγράμματος αναπαραγωγής βίντεο. Δοκιμάστε να επαναλάβετε τη φόρτωση της σελίδας.$1​Εάν το πρόβλημα εξακολουθεί να εμφανίζεται,$3​συμβουλευτείτε το κέντρο βοήθειας$2​."
   },
   "3043961722025425136": {
      "message": "Περιγραφή"
   },
   "306516303501625305": {
      "message": "Ο έλεγχος ταυτότητας απέτυχε."
   },
   "3073005748126521632": {
      "message": "Εμφανίστηκε υπενθύμιση στις $1​"
   },
   "3074184819310272351": {
      "message": "Φωτογραφίες που μεταφορτώθηκαν"
   },
   "3084372889071691504": {
      "message": "{VIEWER_GENDER,select, female{Επικολλήστε εδώ μια διεύθυνση URL:}male{Επικολλήστε εδώ μια διεύθυνση URL:}other{Επικολλήστε εδώ μια διεύθυνση URL:}}"
   },
   "3095645856215493958": {
      "message": "Εύρεση κειμένου σε φωτογραφίες"
   },
   "31018542656161389": {
      "message": "Εστίαση για προσαρμογή"
   },
   "3109321241584918345": {
      "message": "Σύνδεση περισσότερων εφαρμογών…"
   },
   "3121560585545725724": {
      "message": "$1​, $2​"
   },
   "3140236589681731084": {
      "message": "σε $1​ ώρες"
   },
   "3189854932778515441": {
      "message": "Σημείωση στο Αρχείο"
   },
   "3207670492626476064": {
      "message": "Πίνακες"
   },
   "3211163842850942567": {
      "message": "Μεγέθυνση"
   },
   "3222929029344613957": {
      "message": "Δυστυχώς προέκυψε κάποιο σφάλμα κατά το άνοιγμα αυτού του αρχείου. Προσπαθήστε ξανά."
   },
   "3233388241926683100": {
      "message": "Αναζήτηση σημειώσεων"
   },
   "3243829462528324248": {
      "message": "Καφέ"
   },
   "3250489229749307913": {
      "message": "Ηλεκτρονική δημοσίευση"
   },
   "3256928852560591255": {
      "message": "Δεν είναι δυνατή η επεξεργασία του Κάδου απορριμάτων"
   },
   "3261131345401321392": {
      "message": "Δυνατότητα σχολιασμού"
   },
   "3265524298292280681": {
      "message": "esc"
   },
   "3267563602179728277": {
      "message": "delete"
   },
   "3272496516667407797": {
      "message": "Προέκυψε πρόβλημα κατά τη φόρτωση των λεπτομερειών."
   },
   "3275029321588462173": {
      "message": "Κανένα"
   },
   "3278237562147211998": {
      "message": "Απόθεμα φωτογραφιών"
   },
   "330603631583186798": {
      "message": "Word"
   },
   "3306487262690341751": {
      "message": "Ώρα και ημερομηνία"
   },
   "3312545971976531405": {
      "message": "Μήνυμα"
   },
   "3319087486907616296": {
      "message": "Μετάδοση αυτού του στοιχείου"
   },
   "3328129883064940351": {
      "message": "Γραμματοσειρές"
   },
   "3335409796971631780": {
      "message": "Εξαγωγή στο Drive."
   },
   "3343451103608774400": {
      "message": "Σας παρουσιάζουμε τη $3​νέα έκδοση της λειτουργίας \"Οι χάρτες μου\".$2​$1​Καλύτερα εργαλεία χαρτογράφησης."
   },
   "3354260708176476985": {
      "message": "Φόρτωση&hellip;"
   },
   "3357778055650785985": {
      "message": "Το στοιχείο είναι πολύ μεγάλο. Το επισημασμένο κείμενο δεν θα αποθηκευτεί."
   },
   "3364679383274077479": {
      "message": "Μια ενημέρωση εφαρμογής είναι διαθέσιμη"
   },
   "3368639944474272225": {
      "message": "Δυστυχώς δεν ήταν δυνατή η ανάκτηση του εγγράφου για προβολή ή δεν έχετε δικαίωμα προβολής του εγγράφου."
   },
   "3381619429606029445": {
      "message": "Visio"
   },
   "3382236845597426718": {
      "message": "Άνοιγμα"
   },
   "3408219901032480508": {
      "message": "$2​, $1​"
   },
   "3409257542937182842": {
      "message": "Επανάληψη…"
   },
   "3409483962000136213": {
      "message": "Αναπαραγωγή/Παύση"
   },
   "3418767079436101103": {
      "message": "Προέκυψε πρόβλημα κατά τη φόρτωση αυτής της σελίδας."
   },
   "3421685394169412932": {
      "message": "Κάθε αλλαγή που πραγματοποιείτε αποθηκεύεται αυτόματα"
   },
   "3422389100099960864": {
      "message": "Δεν βρέθηκαν εικόνες."
   },
   "3428726060007577698": {
      "message": "Πάρα πολύ μεγάλη λίστα."
   },
   "3430885603500576146": {
      "message": "Επιλέξτε μόνο εικόνες για τις οποίες έχετε επιβεβαιώσει ότι έχετε το δικαίωμα χρήσης τους."
   },
   "3440534675925634227": {
      "message": "Σε ένα παράθυρο του προγράμματος περιήγησης Chrome, μεταβείτε στη διεύθυνση chrome://settings και βεβαιωθείτε ότι είστε συνδεδεμένοι. Στη συνέχεια, κάντε ξανά κλικ στη Σύνδεση."
   },
   "3446158485617778228": {
      "message": "Αναίρεση"
   },
   "3448234415275521882": {
      "message": "Γενικές πληροφορίες"
   },
   "3448684788258660606": {
      "message": "Οι φωτογραφίες σας"
   },
   "3450585781337676327": {
      "message": "Φόρτωση…"
   },
   "3457279184692206825": {
      "message": "Οι φωτογραφίες θα είναι ορατές σε όλους (δημόσια στον ιστό)."
   },
   "3468441711253011521": {
      "message": "Υπολογιστικά φύλλα Google"
   },
   "3473620774713000513": {
      "message": "Επιλύθηκε"
   },
   "3483438888494819423": {
      "message": "Τι νέο υπάρχει στο Google Keep"
   },
   "3511274344439521198": {
      "message": "Ενέργειες"
   },
   "3518073392823563581": {
      "message": "Συντομεύσεις πληκτρολογίου"
   },
   "3531603810713611778": {
      "message": "Έχετε υπερβεί το μέγιστο μέγεθος αρχείου. Καταργήστε ένα ή περισσότερα."
   },
   "3543475399174940144": {
      "message": "+$1​"
   },
   "3547194749488601916": {
      "message": "Ενημέρωση…"
   },
   "354828103903104581": {
      "message": "Επιλεγμένα στοιχεία"
   },
   "3561658662634401836": {
      "message": "Τίτλος"
   },
   "357172711168973843": {
      "message": "Τυχόν σημειώσεις που προσθέσατε ή αλλαγές που πραγματοποιήσατε πρόσφατα δεν αποθηκεύτηκαν. Δημιουργήστε ένα αντίγραφο του περιεχομένου σας και, στη συνέχεια, επαναλάβετε τη φόρτωση."
   },
   "3586705906700410505": {
      "message": "Σκίτσα"
   },
   "3587798318180902863": {
      "message": "{NUM_SELECTED,plural, =1{ επιλεγμένο »}other{ επιλεγμένα »}}"
   },
   "3595000514985906359": {
      "message": "Excel"
   },
   "3602920441714068008": {
      "message": "Εμφανίστηκε υπενθύμιση στις $1​ στις $2​"
   },
   "3608606849109645545": {
      "message": "Εισαγάγετε ένα νέο όνομα εγγράφου:"
   },
   "361202495024972887": {
      "message": "Μεταφόρτωση βίντεο"
   },
   "361630518611593946": {
      "message": "Απόκρυψη πλαισίων ελέγχου"
   },
   "3625886392901506764": {
      "message": "εναλλακτικά"
   },
   "3643146117250542609": {
      "message": "Δεν βρέθηκαν αρχεία PDF."
   },
   "3645728163953189422": {
      "message": "Δυστυχώς δεν είναι δυνατή η ανάκτηση του εγγράφου για προβολή επειδή είναι πολύ μεγάλο."
   },
   "3651893685901703652": {
      "message": "…"
   },
   "3657386785336906042": {
      "message": "ανάστροφη κάθετος"
   },
   "3659554681396757189": {
      "message": "Ανοίχτηκε από εμένα"
   },
   "3663571259791438207": {
      "message": "Αναφορά κατάχρησης"
   },
   "3664842788764635265": {
      "message": "Κανένα"
   },
   "3666123569747918021": {
      "message": "Αυτό το κείμενο περιέχει μη αποθηκευμένες αλλαγές. Θέλετε να πραγματοποιήσετε έξοδο από τη σελίδα και να απορρίψετε τις αλλαγές;"
   },
   "3673346558112798837": {
      "message": "Χωρίς φόντο"
   },
   "3674811252904549204": {
      "message": "Φωτογραφίες εξωφύλλου"
   },
   "3678477908297567934": {
      "message": "κάτω παύλα"
   },
   "3681747688524363195": {
      "message": "Επάνω μέρος"
   },
   "3690515530505404607": {
      "message": "Προέκυψε πρόβλημα κατά την αναπαραγωγή αυτού του βίντεο."
   },
   "369764661829607970": {
      "message": "{NUM_ITEMS,plural, =0{Κανένα στοιχείο}=1{1 στοιχείο}other{# στοιχεία}}"
   },
   "3712215972250917265": {
      "message": "Σχόλια"
   },
   "3717138719704492547": {
      "message": "Ελέγξτε εάν πληκτρολογήσατε σωστά τη διεύθυνση."
   },
   "374088101949877889": {
      "message": "Κλείσιμο"
   },
   "3745308627628779133": {
      "message": "Νέος φάκελος"
   },
   "3748461364828242354": {
      "message": "Επιλέξτε χρώμα"
   },
   "3770795578481676514": {
      "message": "Κίτρινο"
   },
   "3771958676925493302": {
      "message": "Κατάργηση φίλτρου: $1​"
   },
   "3779945546806941187": {
      "message": "Ασπρόμαυρες"
   },
   "3793086499925031123": {
      "message": "Άνοιγμα της γραμμής αναζήτησης/εύρεση προηγούμενου"
   },
   "37992665410817181": {
      "message": "Άνοιξε ξανά"
   },
   "3801617971018550169": {
      "message": "Χθες"
   },
   "3808213429720572062": {
      "message": "Επαναφορά"
   },
   "381100310424863459": {
      "message": "Illustrator"
   },
   "3842411126100113634": {
      "message": "pg-up"
   },
   "3844047145949375230": {
      "message": "Έγγραφα"
   },
   "3858324058837632381": {
      "message": "Προέκυψε πρόβλημα κατά την αναπαραγωγή αυτού του αρχείου ήχου."
   },
   "3864575916269080329": {
      "message": "Εικόνες με δυνατότητα αναζήτησης"
   },
   "3866373087987934712": {
      "message": "Η μεταφόρτωση απέτυχε: $1​"
   },
   "3869166581651870488": {
      "message": "Ολοκλήρωση επεξεργασίας"
   },
   "3873215756962047275": {
      "message": "ΑΡΧΕΙΟ"
   },
   "3873467440437675460": {
      "message": "Δυστυχώς, δεν ήταν δυνατή η εύρεση των γραμματοσειρών που είχατε επιλέξει."
   },
   "3897281533382850749": {
      "message": "Κατάργηση σίγασης"
   },
   "3936153839186254186": {
      "message": "Εμφάνιση: $1​"
   },
   "3955760658925284765": {
      "message": "Επανάληψη"
   },
   "3974064131130689245": {
      "message": "Προβολή πλέγματος"
   },
   "3977699855735576796": {
      "message": "Προέκυψε πρόβλημα κατά τη φόρτωση περισσότερων σελίδων."
   },
   "3988418762222300024": {
      "message": "τελεία"
   },
   "3989552504822984034": {
      "message": "Σχέδιο Google"
   },
   "4005725939358875643": {
      "message": "Η ενέργεια αναιρέθηκε."
   },
   "4014287326684608407": {
      "message": "Γαλαζοπράσινο"
   },
   "4048275292053012394": {
      "message": "Επαφές"
   },
   "4059387791040010947": {
      "message": "Meta"
   },
   "4067915791853673774": {
      "message": "{VIEWER_GENDER,select, female{Κλείσιμο}male{Κλείσιμο}other{Κλείσιμο}}"
   },
   "4078179869358383373": {
      "message": "Δεν βρέθηκαν αποτελέσματα."
   },
   "4087667435414545203": {
      "message": "Δεν είστε πλέον συνδεδεμένοι. Για να κάνετε αλλαγές, επαναλάβετε τη φόρτωση."
   },
   "4093134637041332383": {
      "message": "ΜΑΘΕΤΕ ΠΕΡΙΣΣΟΤΕΡΑ"
   },
   "4097007735221462946": {
      "message": "Σχέδια"
   },
   "4097921967754832323": {
      "message": "παύλα"
   },
   "4100504115801514799": {
      "message": "Έγινε επαναφορά της σημείωσης"
   },
   "4119294114251628099": {
      "message": "Δεν ήταν δυνατή η ανάκτηση της διεύθυνσης URL εικόνας που καθορίσατε. Ενδέχεται να είναι ιδιωτική διεύθυνση URL στην οποία δεν μπορούν να αποκτήσουν πρόσβαση οι διακομιστές μας. Δοκιμάστε κάποια άλλη διεύθυνση URL."
   },
   "4134385041569168669": {
      "message": "Φόρτωση…"
   },
   "4148564423510181521": {
      "message": "Διαγραφή αναζητήσεων"
   },
   "4152315289461886": {
      "message": "Στοιχεία ελέγχου εγγράφου"
   },
   "4168280976997555951": {
      "message": "Δεν βρέθηκαν έγγραφα."
   },
   "4174786386751618325": {
      "message": "Σημείωση φωτογραφίας"
   },
   "4182427157920112948": {
      "message": "περισπωμένη"
   },
   "4200426647595470259": {
      "message": "Ξεκινήστε την αναπαραγωγή του αρχείου ήχου"
   },
   "4200911267543705377": {
      "message": "Πληκτρολογήστε την αναζήτησή σας στο παραπάνω πλαίσιο για να εμφανιστούν αποτελέσματα ιστολογίου χρησιμοποιώντας την Αναζήτηση ιστολογίου Google."
   },
   "4205329094859140439": {
      "message": "π.μ."
   },
   "4211182812451835307": {
      "message": "Επιτρέπεται η επεξεργασία"
   },
   "4211806608204126222": {
      "message": "$2​Όροι Παροχής Υπηρεσιών$1​"
   },
   "4214190403999219403": {
      "message": "Εστίαση"
   },
   "4230101516585408149": {
      "message": "Δημιουργία νέας σημείωσης"
   },
   "4253741616909644861": {
      "message": "Αναζήτηση όρων"
   },
   "4280747719095153198": {
      "message": "Το σχόλιο επιλύθηκε"
   },
   "4286663890332754386": {
      "message": "Η μεταφόρτωση απέτυχε."
   },
   "4299690446455033653": {
      "message": "Works"
   },
   "4314643310615423802": {
      "message": "Έχετε αποσυνδεθεί."
   },
   "4318861667254318892": {
      "message": "Google Video"
   },
   "4319229296464464147": {
      "message": "Η ημερομηνία προστέθηκε"
   },
   "4320831042030778": {
      "message": "Άκυρο"
   },
   "4332252081504252077": {
      "message": "Ωχ!"
   },
   "4338991104991831337": {
      "message": "Εικόνες"
   },
   "4339705658383891586": {
      "message": "Έγχρωμες"
   },
   "4343825450663233452": {
      "message": "Δυνατότητα προβολής"
   },
   "4343836986248234462": {
      "message": "Στοιχείο λίστας"
   },
   "435214284915110062": {
      "message": "Άνοιγμα της γραμμής αναζήτησης"
   },
   "4372755508519489521": {
      "message": "Προβολή πλέγματος"
   },
   "4391715930031906467": {
      "message": "Εύρεση επόμενου"
   },
   "4395845663892873002": {
      "message": "home"
   },
   "4422985761498356257": {
      "message": "Άνοιγμα με"
   },
   "4430062722430863019": {
      "message": "Οριστική διαγραφή σημείωσης;"
   },
   "4439812492856303238": {
      "message": "Δυστυχώς, προέκυψε ένα μη αναμενόμενο σφάλμα κατά την επεξεργασία της επιλογής σας. Δοκιμάστε ξανά αργότερα."
   },
   "4444571967705751871": {
      "message": "Κάδος"
   },
   "4466605492523079635": {
      "message": "Αποθήκευση"
   },
   "4468872996560163913": {
      "message": "Άδειασμα Κάδου απορριμάτων τώρα"
   },
   "4473912481270012588": {
      "message": "Αποθηκεύτηκε στο Drive - Μετακίνηση σε:"
   },
   "45228242181482134": {
      "message": "Αναπαραγωγή"
   },
   "4536519876526589338": {
      "message": "Avatar $1​."
   },
   "4552045407215325033": {
      "message": "Δεν είναι δυνατή η φόρτωση της διεύθυνσης URL του βίντεο που έχετε εισαγάγει παραπάνω. Βεβαιωθείτε ότι είναι σωστή και ότι προέρχεται από ιστότοπο που υποστηρίζεται."
   },
   "4564682305303579317": {
      "message": "Συνέχιση"
   },
   "456498742882714639": {
      "message": "Μετακίνηση σε:"
   },
   "4588500131398315347": {
      "message": "Δημιουργία κύκλου"
   },
   "4604402426271704651": {
      "message": "Καμία φωτογραφία"
   },
   "4620034373159179678": {
      "message": "Σελίδα $1​ από $2​"
   },
   "4630690108252818511": {
      "message": "Δεν βρέθηκαν εικόνες."
   },
   "468283184702431827": {
      "message": "Η πρόοδος ξεκίνησε"
   },
   "4695897771458936174": {
      "message": "Κοινή χρήση φωτογραφιών από το Google Drive στο Google+"
   },
   "4740100782728373253": {
      "message": "Αποθήκευση στο Drive"
   },
   "4748046231232264180": {
      "message": "Φόρμες Google"
   },
   "4767722428137216885": {
      "message": "Άκυρο"
   },
   "477328789314249432": {
      "message": "Αναζήτηση στις σημειώσεις"
   },
   "4775368111547931093": {
      "message": "Δεν υπάρχει περιγραφή"
   },
   "4781742940361705258": {
      "message": "Παράβλεψη"
   },
   "4783695823456312682": {
      "message": "Μετακίνηση στο κάτω μέρος"
   },
   "47844150329705564": {
      "message": "Αποτελέσματα αναζήτησης για \"$1​\""
   },
   "4798897505978458661": {
      "message": "Δεν βρέθηκαν βίντεο."
   },
   "4805047680716507619": {
      "message": " - Μετακίνηση σε:"
   },
   "4806763987633034948": {
      "message": "PKCS7 Signature"
   },
   "4833214200453019325": {
      "message": "$1​ από $2​"
   },
   "4846720038197420778": {
      "message": "Σύνδεση περισσότερων εφαρμογών"
   },
   "4853788427396558692": {
      "message": "$1​ MB"
   },
   "4858389278403807208": {
      "message": "Σημείωση στον Κάδο απορριμάτων"
   },
   "4888104357342241891": {
      "message": "Υπενθυμίσεις"
   },
   "4889853674709731963": {
      "message": "Όλες οι σημειώσεις αποθηκεύονται εκτός σύνδεσης"
   },
   "4901386320110714275": {
      "message": "Ο κωδικός πρόσβασης είναι λανθασμένος. Δοκιμάστε ξανά."
   },
   "490372259452655427": {
      "message": "Δυστυχώς το έγγραφο δεν είναι ακόμα διαθέσιμο για προβολή."
   },
   "4906669330059413958": {
      "message": "Υποβολή κωδικού πρόσβασης"
   },
   "4908614808966678155": {
      "message": "Δεν υπάρχουν αποτελέσματα αναζήτησης για \"$1​\""
   },
   "4926020998477695737": {
      "message": "Εναλλαγή στο φάκελο $1​"
   },
   "4943176738805484221": {
      "message": "επεξεργασία"
   },
   "4956678140555659175": {
      "message": "backspace"
   },
   "4957674814179289955": {
      "message": "Πλοήγηση στο επόμενο/προηγούμενο στοιχείο της λίστας"
   },
   "4963784280521435720": {
      "message": "Αποθήκευση…"
   },
   "4969219890884320840": {
      "message": "Ενημέρωση"
   },
   "4983125135476400111": {
      "message": "Διαγραφή σημείωσης/λίστας"
   },
   "4988132901627446385": {
      "message": "Έγινε επέκταση του πλαισίου λεπτομερειών."
   },
   "4998757387516632837": {
      "message": "Τα αποτελέσματα που εμφανίζονται φέρουν ετικέτα που επιτρέπει την εκ νέου χρήση τους με τροποποίηση."
   },
   "5006225450559627366": {
      "message": "+$1​ ακόμη"
   },
   "501475221876543407": {
      "message": "Οι σημειώσεις που προσθέτετε εμφανίζονται εδώ"
   },
   "5023525794410110078": {
      "message": "Προσθήκη κειμένου σε φωτογραφία"
   },
   "5026241297254150381": {
      "message": "Προσθήκη σημείωσης"
   },
   "5046371569383796818": {
      "message": "Διατήρηση"
   },
   "5055418092354683641": {
      "message": "Serif"
   },
   "5095987896933771566": {
      "message": "Εκτύπωση εγγράφου"
   },
   "5096751700090310607": {
      "message": "Δεν βρέθηκαν φωτογραφίες."
   },
   "509815948423424872": {
      "message": "Πλοήγηση"
   },
   "5099245668405591445": {
      "message": "Αναζήτηση"
   },
   "512429649443191386": {
      "message": "$2​Βοήθεια$1​"
   },
   "5124522868502261563": {
      "message": "Υπολογιστικά φύλλα"
   },
   "5130903421326358933": {
      "message": "Υπήρξε πρόβλημα κατά την αποθήκευση του συνημμένου στο Google Drive."
   },
   "5149937870346466591": {
      "message": "Προβολή λίστας"
   },
   "5169187962228219813": {
      "message": "Εικόνες Life"
   },
   "5180454621500142444": {
      "message": "Επαναφορά"
   },
   "5180989337128758117": {
      "message": "αριστερή αγκύλη"
   },
   "5184692850089055965": {
      "message": "Λήψη του κειμένου της εικόνας"
   },
   "5197718200713913936": {
      "message": "C++"
   },
   "5201670213497642487": {
      "message": "Γραμμή καρτέλας πίνακα πληροφοριών. Πατήστε το αριστερό και το δεξί βέλος για εναλλαγή μεταξύ των καρτελών."
   },
   "5204391636475413312": {
      "message": "Αποθήκευση"
   },
   "5213411023807957844": {
      "message": "Αναζήτηση Google Keep"
   },
   "5213974294317036409": {
      "message": "{numPages,plural, =0{}=1{ 1 σελίδα}other{# σελίδες}}"
   },
   "5226470917948786938": {
      "message": "Αλφαβητική"
   },
   "5238003680997310998": {
      "message": "Περισσότεροι"
   },
   "5238371081785912565": {
      "message": "Άνοιγμα με $1​"
   },
   "5275493935807628890": {
      "message": "Η εικόνα σε αυτή τη διεύθυνση URL δεν βρέθηκε."
   },
   "5281121179861637423": {
      "message": "Απαιτείται κωδικός πρόσβασης για να έχετε πρόσβαση στο $1​. Καταχωρίστε τον κωδικό πρόσβασης"
   },
   "5288037028604092288": {
      "message": "XPS"
   },
   "5291153964865714504": {
      "message": "Δεν υπάρχουν σημειώσεις που να ταιριάζουν"
   },
   "5299648222246616124": {
      "message": "βαρεία"
   },
   "5304869088141363028": {
      "message": "Επιλεγμένες φωτογραφίες"
   },
   "5316658541831864803": {
      "message": "Δυστυχώς η προβολή αυτού του τύπου εγγράφου δεν υποστηρίζεται."
   },
   "5319313176242717957": {
      "message": "Επεξεργασία εικόνων…"
   },
   "5336801339221383042": {
      "message": "Javascript"
   },
   "534228323125524312": {
      "message": "Σμίκρυνση"
   },
   "5353129315502554762": {
      "message": "Φύλλο στυλ"
   },
   "5372143986724491245": {
      "message": "πριν από $1​ ημέρα"
   },
   "5372160981898991853": {
      "message": "Publisher"
   },
   "5399553230649155346": {
      "message": "σε $1​ ώρα"
   },
   "5403830377590414208": {
      "message": "Λευκές"
   },
   "5408091115193390231": {
      "message": "AutoCAD"
   },
   "5438481737351808090": {
      "message": "Μεσημέρι ($1​)"
   },
   "544377415081282702": {
      "message": "Ζητούμε συγγνώμη."
   },
   "5447119197363232006": {
      "message": "Εμφάνιση στο Drive"
   },
   "5465323999933375616": {
      "message": "Έχετε φτάσει το μέγιστο επιτρεπτό όριο εύρους ζώνης για την προβολή ή λήψη αρχείων τα οποία δεν έχουν τη μορφή των Εγγράφων Google."
   },
   "5472312735475866917": {
      "message": "Σχόλιο από $1​."
   },
   "547865385964196102": {
      "message": "πριν από $1​ λεπτά"
   },
   "5482872484546230111": {
      "message": "Αναζήτηση βιβλίων"
   },
   "5494181290179470995": {
      "message": "Διαγραφή"
   },
   "5500117709595533163": {
      "message": "Πληκτρολογήστε τον όρο αναζήτησης στο παραπάνω πλαίσιο για να βρείτε αποτελέσματα e-book με τη χρήση των Βιβλίων Google."
   },
   "5514516347328112388": {
      "message": "Μπορείτε επίσης να δοκιμάσετε να κατεβάσετε το αρχικό έγγραφο κάνοντας κλικ $2​εδώ$1​."
   },
   "5529532831767466284": {
      "message": "{VIEWER_GENDER,select, female{{DEGREES}° {MINUTES}' {SECONDS}\"}male{{DEGREES}° {MINUTES}' {SECONDS}\"}other{{DEGREES}° {MINUTES}' {SECONDS}\"}}"
   },
   "5555182241047709329": {
      "message": "Επιλέξτε τοποθεσία"
   },
   "5555599189512365009": {
      "message": "OK"
   },
   "5571842632470308750": {
      "message": "Όλοι οι τύποι"
   },
   "5588597116382648727": {
      "message": "Έναρξη εργασίας εξαγωγής."
   },
   "5598649706113950710": {
      "message": "Επεξεργασία"
   },
   "5609727719971819773": {
      "message": "{VIEWER_GENDER,select, female{Πίσω}male{Πίσω}other{Πίσω}}"
   },
   "5627470193961862490": {
      "message": "Οι σημειώσεις με επερχόμενες υπενθυμίσεις εμφανίζονται εδώ"
   },
   "5631086126416409232": {
      "message": "Μπλε"
   },
   "564165666160590723": {
      "message": "Windows Media Player"
   },
   "5660422479531064559": {
      "message": "Δεν βρέθηκαν φόρμες."
   },
   "5675154446465700699": {
      "message": "Αρχεία PDF"
   },
   "568072913338360182": {
      "message": "HTML"
   },
   "5707549724380589079": {
      "message": "Διαγραφή των επιλεγμένων στοιχείων;"
   },
   "5714240424645614611": {
      "message": "Πακέτο Android"
   },
   "5728640851616538925": {
      "message": "Πράσινο"
   },
   "5744491383087191878": {
      "message": "Η διεύθυνση URL της εικόνας που έχετε εισαγάγει παραπάνω είναι λανθασμένη ή δεν είναι δυνατή η φόρτωσή της."
   },
   "5747728324987383020": {
      "message": "Πρόσωπα"
   },
   "5783875011049188612": {
      "message": "Έγινε λήψη του κειμένου της εικόνας"
   },
   "5785010887521443923": {
      "message": "Κατάργηση"
   },
   "5834678297024555032": {
      "message": "Να επιτρέπεται"
   },
   "5840330517914556080": {
      "message": "Σμίκρυνση"
   },
   "5842536098490298653": {
      "message": "Δεν βρέθηκαν γραμματοσειρές"
   },
   "5865680764501413616": {
      "message": "Δεν είναι δυνατή η αναγνώριση του κειμένου."
   },
   "5871966496153339793": {
      "message": "Εμφανίζεται μικρογραφία του βίντεο $1​"
   },
   "5875004331736681428": {
      "message": "Γίνεται εξαγωγή στο λογαριασμό ηλεκτρονικού ταχυδρομείου σας."
   },
   "587666071025645113": {
      "message": "Αναζήτηση"
   },
   "5877526626743756786": {
      "message": "Σχόλια"
   },
   "5889725440363483648": {
      "message": "Όλοι οι χρήστες στην ομάδα"
   },
   "5911012384539794869": {
      "message": "Αποτυχία έναρξης εργασίας εξαγωγής."
   },
   "5916010927050975496": {
      "message": "$1​ KB"
   },
   "5949528478488617689": {
      "message": "Λήψη δικαιώματος"
   },
   "5950887255133612666": {
      "message": "Δεν ξεκίνησε."
   },
   "5969696744752069015": {
      "message": "Δεν υπάρχει διαθέσιμη προεπισκόπηση."
   },
   "5971400924847413790": {
      "message": "Εναλλακτικά, μπορείτε να δείτε το $2​βασικό HTML$1​ (αυτόματη ανακατεύθυνση)."
   },
   "5972111804366033138": {
      "message": "Λήψη"
   },
   "5975031149676029214": {
      "message": "Όλοι"
   },
   "5976369213680241300": {
      "message": "Αναζήτηση εικόνων"
   },
   "5980081664136280513": {
      "message": "Πράσινες"
   },
   "5984398071085567332": {
      "message": "Google Fusion Tables"
   },
   "6009962986062136164": {
      "message": "Φόρτωση $1​."
   },
   "60305871484579258": {
      "message": "Alt"
   },
   "6043068172993241858": {
      "message": "Δεν υπάρχουν άτομα σε αυτόν τον κύκλο."
   },
   "604883455412617728": {
      "message": "Δεν βρέθηκαν επαφές που να συμφωνούν με τα κριτήρια αναζήτησής σας."
   },
   "6051386830221821025": {
      "message": "Σύνδεση…"
   },
   "6064654062949366878": {
      "message": "Αναπαραγωγή"
   },
   "6070475007374165567": {
      "message": "Αποθήκευση…"
   },
   "6083586461434260179": {
      "message": "Νέα εμπειρία προβολής"
   },
   "6087078248621415351": {
      "message": "Τροποποίηση $1​"
   },
   "6091926883608250483": {
      "message": "Περισσότερα"
   },
   "6105571474005679446": {
      "message": "Προέκυψε πρόβλημα με την προεπισκόπηση."
   },
   "6113237889871930608": {
      "message": "Κενή σημείωση"
   },
   "6118623991445349480": {
      "message": "Σελίδα $1​"
   },
   "6122643025527543706": {
      "message": "Ctrl"
   },
   "6131822680770571276": {
      "message": "PowerPoint"
   },
   "6140634664402328750": {
      "message": "Λίστα εφαρμογών"
   },
   "6149175749937815029": {
      "message": "Προβολή όλων των στοιχείων"
   },
   "6160805346274626656": {
      "message": "Οριστική διαγραφή"
   },
   "616807262818311711": {
      "message": "Τύπος"
   },
   "6175043905327075444": {
      "message": "Προηγούμενο επιλεγμένο"
   },
   "6177107655089301674": {
      "message": "Κατεβάστε την εφαρμογή Google Keep για Android"
   },
   "6185886893933834031": {
      "message": "Διατήρηση επιλογής"
   },
   "6186290899408627510": {
      "message": "enter"
   },
   "6189891414154673003": {
      "message": "Οι Χάρτες μου"
   },
   "6203260615455347677": {
      "message": "Αριθμοί"
   },
   "6223207695466118454": {
      "message": "YouTube"
   },
   "6224687211096863620": {
      "message": "Οποιοσδήποτε"
   },
   "623118860067088424": {
      "message": "Βίντεο"
   },
   "6231401379881217113": {
      "message": "insert"
   },
   "6252259197986158120": {
      "message": "Χθες"
   },
   "6253076263700695984": {
      "message": "Σφάλμα ελέγχου ταυτότητας. Επαναλάβετε τη φόρτωση."
   },
   "6255475144867830247": {
      "message": "Επιλέγξτε από τις άλλες καρτέλες πλοήγησης."
   },
   "6267063643272327592": {
      "message": "Δοκιμάστε ξανά αργότερα."
   },
   "6290270819062517523": {
      "message": "Έχουν επιλεγεί πάρα πολλά στοιχεία. Αφαιρέστε ένα ή περισσότερα."
   },
   "6305748545202493254": {
      "message": "Εμφάνιση/απόκρυψη πλαισίου λεπτομερειών"
   },
   "6324768448533022780": {
      "message": "$1​ $2​"
   },
   "6331677437567501421": {
      "message": "Υπήρξε πρόβλημα κατά την ενημέρωση της άδειας λήψης."
   },
   "6333496730738019575": {
      "message": "Φόρτωση…"
   },
   "634900089121611600": {
      "message": "Δεν βρέθηκαν βίντεο."
   },
   "6362170008350775214": {
      "message": "Υπενθύμιση σε $1​"
   },
   "6375395544374251820": {
      "message": "Προέκυψε πρόβλημα κατά τη φόρτωση περισσότερων σελίδων. Επανάληψη…"
   },
   "6376739025584042564": {
      "message": "Περικοπή ψηφιακής φωτογραφίας"
   },
   "6386587519843563719": {
      "message": "Δυαδικό αρχείο"
   },
   "6416495701611778255": {
      "message": "Προτεινόμενες εφαρμογές τρίτου μέρους"
   },
   "6419411265907669340": {
      "message": "Σήμερα"
   },
   "6436479735235889890": {
      "message": "Υπενθύμιση στις $2​, $1​"
   },
   "6450508807204492448": {
      "message": "Εικονίδιο $1​"
   },
   "6457802200418354862": {
      "message": "Είναι δυνατή η λήψη από τους θεατές"
   },
   "6459405233858728718": {
      "message": "Παρουσιάσεις Google"
   },
   "6464761738227651511": {
      "message": "πριν από $1​ λεπτό"
   },
   "6466736813846482957": {
      "message": "Προηγούμενο"
   },
   "6479216014938929613": {
      "message": "Βράδυ ($1​)"
   },
   "6482358947077977110": {
      "message": "Αναζήτηση εικόνων Google"
   },
   "6487403767449360463": {
      "message": "Επαναφόρτωση του Keep;"
   },
   "6488225756782357866": {
      "message": "Η εικόνα που επισημάνατε εντοπίστηκε από την Αναζήτηση εικόνων Google σε αυτήν τη σελίδα:"
   },
   "6510131849363684615": {
      "message": "Αύριο"
   },
   "6516256764288947999": {
      "message": "Προσθήκη ετικέτας σε άτομα"
   },
   "6522917155620379865": {
      "message": "Λήψη"
   },
   "6524849072392100692": {
      "message": "Φάκελος Google Drive"
   },
   "6551588617715293696": {
      "message": "Επιλογές ταξινόμησης"
   },
   "6570921376519753466": {
      "message": "Τίτλοι"
   },
   "6571686604846453345": {
      "message": "Υπήρξε πρόβλημα κατά την προσθήκη αυτού του στοιχείου στο Drive."
   },
   "6582286158693833652": {
      "message": "Μάθετε περισσότερα"
   },
   "6588176324871799870": {
      "message": "Σενάριο Google Apps"
   },
   "6602430002978098812": {
      "message": "Γραφή"
   },
   "6614046405230762587": {
      "message": "Δεν βρέθηκαν επαφές."
   },
   "6622304228074863427": {
      "message": "Εφαρμογή"
   },
   "6624754161346656119": {
      "message": "Avatar $1​."
   },
   "6644861766016503644": {
      "message": "Απαιτείται κωδικός πρόσβασης"
   },
   "6650600936729710500": {
      "message": "Απαντήσεις."
   },
   "666311703374681171": {
      "message": "Εικόνες και βίντεο"
   },
   "6666820082708870349": {
      "message": "Κατάργηση"
   },
   "6707173584987026005": {
      "message": "Σήμερα"
   },
   "6709984792949009238": {
      "message": "Τελευταίο άνοιγμα από εμένα"
   },
   "6726462693927865256": {
      "message": "Λεπτομέρειες"
   },
   "6726879257388338969": {
      "message": "Εκτύπωση"
   },
   "6726925393892510846": {
      "message": "Παρουσιάστηκε σφάλμα. Δοκιμάστε ξανά."
   },
   "6741759391888465238": {
      "message": "Αποθήκευση στο Drive - Μετακίνηση σε:"
   },
   "6744457949320515234": {
      "message": "Απόρριψη κενής σημείωσης"
   },
   "6757218172402086688": {
      "message": "Αναζήτηση στις σημειώσεις…"
   },
   "6780628488957834429": {
      "message": "Πορτοκαλί"
   },
   "6784073265197389491": {
      "message": "Μάθετε περισσότερα"
   },
   "681598652078493281": {
      "message": "Μάθετε περισσότερα"
   },
   "6818286476757207074": {
      "message": "Επιλέξτε μόνο εικόνες για τις οποίες έχετε επιβεβαιώσει ότι έχετε το δικαίωμα χρήσης τους."
   },
   "682070933835616121": {
      "message": "Δεν βρέθηκαν πίνακες."
   },
   "6822338149422461362": {
      "message": "Google Drive"
   },
   "6827821461670731013": {
      "message": "Εμφάνιση πλαισίων ελέγχου"
   },
   "6828581947433060251": {
      "message": "Υπήρξε πρόβλημα κατά τη μετονομασία του στοιχείου."
   },
   "6833760103261954639": {
      "message": "Προέκυψε πρόβλημα κατά τη φόρτωση αυτής της σελίδας. Επανάληψη…"
   },
   "6841020391100928352": {
      "message": "Έχετε υπερβεί το μέγιστο μέγεθος αρχείου."
   },
   "6851307437837490686": {
      "message": "Αποτροπή λήψης από τους θεατές"
   },
   "6856672816797218730": {
      "message": "Προσθήκη"
   },
   "6891563484025164308": {
      "message": "Προηγούμενο"
   },
   "6893687445500687349": {
      "message": "Ιστότοποι"
   },
   "6898823203505321799": {
      "message": "Λεπτομέρειες"
   },
   "6904351530369058983": {
      "message": "Κάτοχος"
   },
   "6905021988981026920": {
      "message": "Αναζήτηση βίντεο"
   },
   "6922953828399110511": {
      "message": "Κλείσιμο προγράμματος προβολής"
   },
   "6929958461954697067": {
      "message": "Φωτογραφίες σας"
   },
   "6939782595426687411": {
      "message": "Προσθήκη…"
   },
   "6940998537415516791": {
      "message": "στις"
   },
   "695253297035211081": {
      "message": "Άδειασμα κάδου απορριμάτων"
   },
   "6967244066810487978": {
      "message": "ΚΑΔΟΣ ΑΠΟΡΡΙΜΑΤΩΝ"
   },
   "6970167488058122005": {
      "message": "άγνωστος συγγραφέας"
   },
   "6976414863987386971": {
      "message": "Φόρμες"
   },
   "7001938470263404128": {
      "message": "Μεταφόρτωση"
   },
   "7002768663714031226": {
      "message": "Ενημέρωση"
   },
   "7004919150329996187": {
      "message": "Δεν βρέθηκαν άτομα σε αυτόν τον κύκλο που να συμφωνούν με τα κριτήριά σας"
   },
   "7054631817922169541": {
      "message": "Υπάρχουν μη αποθηκευμένες αλλαγές στο Google Keep. Θέλετε να πραγματοποιήσετε έξοδο από τη σελίδα και να απορρίψετε τις αλλαγές σας;"
   },
   "7059437903473652416": {
      "message": "Αναπαραγωγή βίντεο YouTube $1​"
   },
   "7080196430479494775": {
      "message": "Επανάληψη"
   },
   "7084324152376766809": {
      "message": "πριν από $1​ ημέρες"
   },
   "7084991134824194740": {
      "message": "Υπενθύμιση"
   },
   "7092062731478679314": {
      "message": "Δεν βρέθηκαν κύκλοι."
   },
   "7117183622067702162": {
      "message": "Με το Google Drive, δεν θα χρειαστεί να επισυνάψετε ξανά αρχεία σε μηνύματα ηλεκτρονικού ταχυδρομείου.  Μοιραστείτε απλώς το σύνδεσμο που οδηγεί στα αρχεία που έχετε αποθηκεύσει στο Google Drive.  Με αυτόν τον τρόπο όλοι έχουν πρόσβαση στο ίδιο αρχείο και την ίδια έκδοση - αυτομάτως."
   },
   "713754035716193665": {
      "message": "Νέα λίστα"
   },
   "7146242673022399081": {
      "message": "Κείμενο"
   },
   "7148992630785407972": {
      "message": "Αυτό το αρχείο προστατεύεται από κωδικό πρόσβασης και δεν είναι δυνατή η προεπισκόπησή του."
   },
   "7151987668860086450": {
      "message": "Αναζήτηση στον Ιστό"
   },
   "7153847618034547771": {
      "message": "Ενεργοποίηση"
   },
   "7161134329606048317": {
      "message": "Κλείσιμο"
   },
   "7164532930742017984": {
      "message": "Οποιοσδήποτε διαθέτει τον σύνδεσμο"
   },
   "7174189954350964804": {
      "message": "Επανάληψη"
   },
   "7177591028189992523": {
      "message": "Μετακίνηση"
   },
   "7188754206068648188": {
      "message": "Δεδομένα διαχωρισμένα με κόμμα"
   },
   "7225837680381806920": {
      "message": "Απόγευμα ($1​)"
   },
   "722702934847795304": {
      "message": "Project"
   },
   "7236199858216720905": {
      "message": "Χάρτες"
   },
   "7247530225058410142": {
      "message": "$2​ $1​"
   },
   "7259352906118493156": {
      "message": "Δεν βρέθηκαν ιστότοποι."
   },
   "7282548567245878869": {
      "message": "Το στοιχείο διαγράφηκε"
   },
   "7295712436136900176": {
      "message": "Επανάληψη φόρτωσης"
   },
   "7310311230493556740": {
      "message": "Διεύθυνση URL"
   },
   "7339696241980105410": {
      "message": "Το βίντεο που έχετε επιλέξει δεν υπάρχει πια. Ενδέχεται ο ιδιοκτήτης του να το έχει αποσύρει."
   },
   "7342923890755029722": {
      "message": "Κλείσιμο"
   },
   "734478884582426793": {
      "message": "Συμπιεσμένο αρχείο"
   },
   "7357017164339332230": {
      "message": "Αυτές οι εικόνες είναι διαθέσιμες για προβολή και κοινή χρήση και στα $2​Λευκώματα ιστού Picasa$1​, τη δωρεάν υπηρεσία της Google για φιλοξενία φωτογραφιών."
   },
   "736105042796745909": {
      "message": "{VIEWER_GENDER,select, female{Δημιουργία φακέλου}male{Δημιουργία φακέλου}other{Δημιουργία φακέλου}}"
   },
   "7362061801920948830": {
      "message": "Μεταφόρτωση περισσότερων"
   },
   "7364571366369083618": {
      "message": "Βίντεο"
   },
   "7377239345926788722": {
      "message": "Ενέργειες"
   },
   "7380785991026002613": {
      "message": "Τα αποτελέσματα που εμφανίζονται φέρουν ετικέτα που επιτρέπει την εκ νέου χρήση τους."
   },
   "7382688299146249119": {
      "message": "Λήψη στοιχείου"
   },
   "7383706174467122149": {
      "message": "Η σημείωση διαγράφηκε"
   },
   "7388342865555961406": {
      "message": "σε $1​ ημέρα"
   },
   "7393771571081973549": {
      "message": "C"
   },
   "740507516967994591": {
      "message": "Άνοιγμα"
   },
   "7422452809590461532": {
      "message": "Κόκκινο"
   },
   "7426603384368095928": {
      "message": "Επαναλάβετε τη φόρτωση της σελίδας για να συνδεθείτε ξανά και να συνεχίσετε την εργασία σας."
   },
   "7429084719905985261": {
      "message": "Objective C"
   },
   "7432956605646331928": {
      "message": "SQL"
   },
   "7440735091552109962": {
      "message": "$2​ (έγινε επεξεργασία $1​)"
   },
   "7441891675459021164": {
      "message": "Αποθήκευση στο Drive"
   },
   "7451573821837395189": {
      "message": "Το στοιχείο προστέθηκε στο $2​Drive σας$1​."
   },
   "7468322419516352788": {
      "message": "Υπήρξε πρόβλημα κατά την ενημέρωση της περιγραφής."
   },
   "7488945223835574498": {
      "message": "Postscript"
   },
   "7492710087472140422": {
      "message": "Μάθετε περισσότερα"
   },
   "7493919863870655172": {
      "message": "Κάμερα ιστού"
   },
   "7500786109708143683": {
      "message": "Ο ήχος διαγράφηκε"
   },
   "7501027876827009022": {
      "message": "Τα αποτελέσματα που εμφανίζονται φέρουν ετικέτα που επιτρέπει την εκ νέου χρήση τους για εμπορικούς σκοπούς."
   },
   "7521272923988336579": {
      "message": "Παραμείνετε ενημερωμένοι επαναφορτώνοντας το Keep τώρα."
   },
   "7532552995569296274": {
      "message": "Διαγραφή αναζήτησης"
   },
   "7546994163355383999": {
      "message": "Όλες οι σημειώσεις αποθηκεύτηκαν"
   },
   "7559208209275370228": {
      "message": "Τελευταία επεξεργασία από μένα"
   },
   "7565383798249439151": {
      "message": "σε $1​ ημέρες"
   },
   "7565870443143407759": {
      "message": "Εύρεση στο έγγραφο"
   },
   "7586291841734385643": {
      "message": "Σε άλλο παράθυρο"
   },
   "7598582624136632660": {
      "message": "Άνοιγμα της γραμμής αναζήτησης/εύρεση επόμενου"
   },
   "7602870977118971161": {
      "message": "Επανάληψη φόρτωσης"
   },
   "7610654194202731772": {
      "message": "Διαγραφή"
   },
   "761925792744044896": {
      "message": "Ορισμός ως φωτογραφίας προφίλ"
   },
   "7630723924002267143": {
      "message": "Οι συντομεύσεις πληκτρολογίου είναι ενεργοποιημένες."
   },
   "7640546114686970497": {
      "message": "Δεν είναι δυνατή η προσθήκη περισσότερων στοιχείων"
   },
   "7669846901402551021": {
      "message": "Σήμερα"
   },
   "7691521283331762131": {
      "message": "Οι αρχειοθετημένες σημειώσεις σας εμφανίζονται εδώ"
   },
   "772000107335590599": {
      "message": "σε $1​ λεπτά"
   },
   "7734578122414851725": {
      "message": "PHP"
   },
   "7745005220197261896": {
      "message": "Αναζήτηση βιβλίων"
   },
   "7759846028901235026": {
      "message": "Η αρχειοθέτηση της σημείωσης αναιρέθηκε"
   },
   "776065748745885880": {
      "message": "space"
   },
   "7770982082843341533": {
      "message": "Δεν βρέθηκαν στοιχεία σε αυτόν το φάκελο."
   },
   "779472474101127362": {
      "message": "Λήψη στιγμιότυπου"
   },
   "7800318069267901681": {
      "message": "Τροποποιήθηκε"
   },
   "7805487598105530487": {
      "message": "Ενσωματωμένο"
   },
   "7814778057875152792": {
      "message": "Υπήρξε  πρόβλημα κατά τη μετακίνηση του συνημμένου στον επιλεγμένο φάκελο του Google Drive."
   },
   "7820417126206702946": {
      "message": "Τα αποτελέσματα που εμφανίζονται είναι διαθέσιμα για προσωπική ή εμπορική χρήση μόνο στο Google Drive και δεν είναι δυνατή η ανεξάρτητη αναδιανομή ή πώλησή τους."
   },
   "7822364282298323175": {
      "message": "Η λίστα διαγράφηκε"
   },
   "7830513726270865588": {
      "message": "Ημερολόγιο"
   },
   "7845751753397906805": {
      "message": "Βρέθηκαν αλλαγές σε διένεξη"
   },
   "7852396628465259068": {
      "message": "Φωτογραφία προφίλ"
   },
   "7859526172011446452": {
      "message": "Διακοπή μετάδοσης"
   },
   "78870906674150830": {
      "message": "$3​$1​$2​"
   },
   "7895643887742936844": {
      "message": "ελληνικό ερωτηματικό"
   },
   "7899833760457194273": {
      "message": "Αναζήτηση εικόνων"
   },
   "7899913952063063825": {
      "message": "Η εικόνα διαγράφηκε"
   },
   "7906726367011430855": {
      "message": "Σύνδεση"
   },
   "7910518224461588465": {
      "message": "Κίτρινες"
   },
   "7953603850004320936": {
      "message": "Η προεπισκόπηση δεν είναι διαθέσιμη."
   },
   "7957306528733096600": {
      "message": "Η πρόοδος ολοκληρώθηκε"
   },
   "7960528690514646841": {
      "message": "{moreCount,plural, =0{unused plural form}=1{+ 1 ακόμη}other{+ {moreCount} ακόμη}}"
   },
   "7973635145070803181": {
      "message": "Μεταφόρτωση φωτογραφιών"
   },
   "7987180255015869513": {
      "message": "Εναλλακτικά, επικολλήστε μια διεύθυνση ιστού εδώ:"
   },
   "8011497727123874703": {
      "message": "Κουμπί φακέλου $1​"
   },
   "8016231262233952856": {
      "message": "Γαλαζοπράσινες"
   },
   "8019402848412685977": {
      "message": "Το \"$2​\" μετονομάστηκε σε \"$1​\"."
   },
   "8023466614826324314": {
      "message": "Θα γίνεται κοινή χρήση των φωτογραφιών με ένα ευρύ κοινό."
   },
   "8043514121228710092": {
      "message": "Προσθήκη εικόνας"
   },
   "8044700199531805239": {
      "message": "Συνδέθηκε η εφαρμογή $3​$1​$2​."
   },
   "8069384932934428393": {
      "message": "σε $1​ λεπτό"
   },
   "8081927474846706026": {
      "message": "Δεν βρέθηκαν σχέδια."
   },
   "8090743714060857028": {
      "message": "Δεν είναι δυνατή η λήψη από τους θεατές"
   },
   "8095838445486198080": {
      "message": "{FILE_SIZE,plural, =0{0 byte}=1{1 byte}other{# byte}}"
   },
   "8099047958506869131": {
      "message": "{VIEWER_GENDER,select, female{Νέος φάκελος}male{Νέος φάκελος}other{Νέος φάκελος}}"
   },
   "8100558294600077150": {
      "message": "Αναζήτηση ιστολογίου"
   },
   "8105635255693472607": {
      "message": "Προσθήκη νέων στοιχείων λίστας"
   },
   "8106780183458743723": {
      "message": "Λευκώματα φωτογραφιών"
   },
   "8112699352770418817": {
      "message": "Δεν βρέθηκαν βιβλία."
   },
   "8132410616064087953": {
      "message": "Πάρα πολύ μεγάλο βίντεο (η μέγιστη διάρκεια είναι $1​ δευτερόλεπτα)."
   },
   "8135145577663029437": {
      "message": "Διατήρηση και των δύο"
   },
   "8146560259680897627": {
      "message": "Ακύρωση"
   },
   "8158191101452862916": {
      "message": "Εισαγωγή εικόνων"
   },
   "8159493406018222636": {
      "message": "Αποστολή σχολίων"
   },
   "8172945196588870035": {
      "message": "Εκδηλώσεις"
   },
   "8174654098152723289": {
      "message": "Επεξεργασία περιγραφής"
   },
   "8178754379486173416": {
      "message": "{VIEWER_GENDER,select, female{Έχουν επιλεγεί πολύ λίγα στοιχεία. Επιλέξτε περισσότερα.}male{Έχουν επιλεγεί πολύ λίγα στοιχεία. Επιλέξτε περισσότερα.}other{Έχουν επιλεγεί πολύ λίγα στοιχεία. Επιλέξτε περισσότερα.}}"
   },
   "8192378456655629049": {
      "message": "Επεξεργασία βίντεο…"
   },
   "8193991135666622583": {
      "message": "Keep"
   },
   "821942580510564685": {
      "message": "Εισαγάγετε τον κωδικό πρόσβασης αυτού του εγγράφου για να το προβάλετε"
   },
   "8239237134193392595": {
      "message": "Οι ειδοποιήσεις υπενθυμίσεων τοποθεσίας εμφανίζονται μόνο σε κινητές συσκευές."
   },
   "8267458240960831780": {
      "message": "Έλεγχος ταυτότητας…"
   },
   "8281141013543828574": {
      "message": "Μη επεξεργασμένη εικόνα"
   },
   "8281678863271800533": {
      "message": "Φίλτρο εικόνας"
   },
   "8283103456188558313": {
      "message": "Παρουσιάσεις"
   },
   "8290434443655418968": {
      "message": "{filesCount,plural, =0{πληθυντικός που δεν χρησιμοποιείται}=1{Δεν υποστηρίζεται η μεταφόρτωση του επιλεγμένου αρχείου [{file}].}other{Δεν υποστηρίζεται η μεταφόρτωση των επιλεγμένων αρχείων [{files}].}}"
   },
   "8304474373444239435": {
      "message": "Απάντηση από $1​."
   },
   "8322416564157128458": {
      "message": "Κοινοποίηση"
   },
   "8324195080917648153": {
      "message": "Το βίντεο δεν χωράει εδώ. Μεγαλώστε λίγο το παράθυρο του προγράμματος περιήγησης."
   },
   "8337582740675387693": {
      "message": "Java"
   },
   "8342684858400436871": {
      "message": "tab"
   },
   "8379952094517631162": {
      "message": "Όχι"
   },
   "8409393124758970712": {
      "message": "$2​ x $1​"
   },
   "8412684147928483084": {
      "message": "Μαύρες"
   },
   "8435544675017330861": {
      "message": "Κανένα στοιχείο δεν συμφωνεί με την αναζήτησή σας."
   },
   "8436817383042650304": {
      "message": "caps-lock"
   },
   "8451184312655705174": {
      "message": "Εάν η διεύθυνση URL είναι σωστή, θα δείτε μια προεπισκόπηση εδώ. Για τις μεγάλες εικόνες, ίσως να χρειαστεί να περιμένετε μερικά λεπτά μέχρι να εμφανιστούν."
   },
   "8467894483369467251": {
      "message": "Φλας"
   },
   "8506198918368329269": {
      "message": "Τα αποτελέσματα που εμφανίζονται φέρουν ετικέτα που επιτρέπει τη χρήση τους για εμπορικούς σκοπούς με τροποποίηση."
   },
   "8571315158566081191": {
      "message": "Δεν βρέθηκαν υπολογιστικά φύλλα."
   },
   "8580600056399054303": {
      "message": "Ορίστε τοποθεσία για τα νέα ή τα επιλεγμένα στοιχεία"
   },
   "8595175575778060149": {
      "message": "Περισσότερα"
   },
   "8596257056433048992": {
      "message": "Καλώς ήρθατε στο"
   },
   "8616342546716995946": {
      "message": "Το κατάλαβα!"
   },
   "8621067185485606452": {
      "message": "ECMAScript"
   },
   "8638281560898810401": {
      "message": "{MINUTES,plural, =0{0 λεπτά }=1{1 λεπτό }other{# λεπτά }}{SECONDS,plural, =0{0 δευτερόλεπτα.}=1{1 δευτερόλεπτo.}other{# δευτερόλεπτα.}}"
   },
   "863955692838281739": {
      "message": "Κλείσιμο"
   },
   "8643398764569428530": {
      "message": "Να επιτρέπεται η εμφάνιση ειδοποιήσεων από το Google Keep;"
   },
   "8652566647088230560": {
      "message": "Εμπιστευτικές εσωτερικές δοκιμές"
   },
   "8660016472468563221": {
      "message": "άνω κάτω τελεία"
   },
   "8663507590720636709": {
      "message": "$1​ +$2​ ακόμη"
   },
   "8666643061920113075": {
      "message": "{VIEWER_GENDER,select, female{Επικολλήστε εδώ μια διεύθυνση URL εικόνας:}male{Επικολλήστε εδώ μια διεύθυνση URL εικόνας:}other{Επικολλήστε εδώ μια διεύθυνση URL εικόνας:}}"
   },
   "8674222789100049233": {
      "message": "Κλείσιμο"
   },
   "86815590954366945": {
      "message": "Λίστα αρχειοθετημένου περιεχομένου"
   },
   "8709611758728645225": {
      "message": "pg-down"
   },
   "8711002053494037632": {
      "message": "Καταργήθηκε η επιλογή όλων των στοιχείων"
   },
   "8748281640412284111": {
      "message": "Απόθεμα εικόνων"
   },
   "8759520888087120926": {
      "message": "Δεν βρέθηκαν σενάρια."
   },
   "8775097441636640256": {
      "message": "$2​ - $1​"
   },
   "8780212274435014958": {
      "message": "Κύκλοι"
   },
   "8781837301864053001": {
      "message": "Εμπλουτισμένο κείμενο"
   },
   "8792038552136453044": {
      "message": "Ωχ! Παρουσιάστηκε κάποιο πρόβλημα"
   },
   "8793166064242077041": {
      "message": "Προέκυψε πρόβλημα κατά την εμφάνιση αυτής της εικόνας."
   },
   "8813101408630252335": {
      "message": "$1​ δευτ."
   },
   "8820281478062782578": {
      "message": "Αναζήτηση"
   },
   "8822326207328431952": {
      "message": "Δεν είναι διαθέσιμες οι μεταφορτώσεις εικόνων"
   },
   "8840223453482998505": {
      "message": "Επιλεγμένος φάκελος $1​"
   },
   "8845176264121061589": {
      "message": "Κατάργηση επιλογής όλων των στοιχείων"
   },
   "8850238112725591771": {
      "message": "συντόμευση $1​"
   },
   "8852550049823214385": {
      "message": "και στη συνέχεια"
   },
   "8883744193208363722": {
      "message": "Μια ενημέρωση εφαρμογής είναι διαθέσιμη"
   },
   "8884900765322249670": {
      "message": "Προβολή λίστας"
   },
   "8889019648958415451": {
      "message": "Άγνωστο αρχείο"
   },
   "8911996820409711834": {
      "message": "Μετακίνηση κειμένου σε νέο στοιχεί λίστας &raquo;"
   },
   "8916237870980173557": {
      "message": "Σύνδεση…"
   },
   "8917554093651202032": {
      "message": "Αναπαραγωγή $1​"
   },
   "8919660666733306860": {
      "message": "Εικόνα"
   },
   "8930959387403789939": {
      "message": "Υπενθύμιση"
   },
   "8943760679396635042": {
      "message": "Εμφάνιση $1​."
   },
   "8953555255469284376": {
      "message": "Σύρετε τις εικόνες εδώ"
   },
   "8979615310931291676": {
      "message": "Τελευταία επεξεργασία: $1​"
   },
   "8986044948621891903": {
      "message": "Πληκτρολογήστε την αναζήτησή σας στο παραπάνω πλαίσιο για να εμφανιστούν αποτελέσματα ιστού χρησιμοποιώντας την Αναζήτηση ιστού Google."
   },
   "901615442107785480": {
      "message": "Αρχειοθέτηση σημείωσης/λίστας"
   },
   "9024023699330078373": {
      "message": "Το άνοιγμα αυτού του στοιχείου θα έχει ως αποτέλεσμα την προσθήκη του στο Drive"
   },
   "9028041601596584772": {
      "message": "Τοποθεσία"
   },
   "9058308423774656474": {
      "message": "Hangul Word Processor"
   },
   "9083935734710258396": {
      "message": "Απόρριψη"
   },
   "9094248058931620597": {
      "message": "Έγινε σύμπτυξη του πλαισίου λεπτομερειών."
   },
   "9114674068220302553": {
      "message": "Ως συνημμένο"
   },
   "911586799466052745": {
      "message": "Σχέδιο OpenOffice"
   },
   "9130962320402467249": {
      "message": "Απόθεμα φωτογραφιών"
   },
   "9146716987301178362": {
      "message": "Προέκυψε σφάλμα. Επαναλάβετε τη φόρτωση."
   },
   "9165877886714239857": {
      "message": "Δεν είναι δυνατή η λήψη του κειμένου της εικόνας. Δοκιμάστε ξανά αργότερα."
   },
   "916773043895242978": {
      "message": "Η διεύθυνση URL της εικόνας που έχετε εισαγάγει παραπάνω είναι λάθος ή δεν είναι δυνατή η φόρτωσή της. Καταχωρίστε μια σωστή διεύθυνση URL εικόνας."
   },
   "9173629944963872598": {
      "message": "Δεν βρέθηκαν εκδηλώσεις."
   },
   "9182500445937900938": {
      "message": "Κλείσιμο"
   },
   "9195941533351099011": {
      "message": "Μεταφόρτωση $1​ από $2​"
   },
   "9197837492705576727": {
      "message": "Μετάβαση στο επόμενο στοιχείο"
   },
   "919969969251998566": {
      "message": "Εξαγωγή αυτού του αρχείου στο λογαριασμό ηλεκτρονικού ταχυδρομείου σας."
   },
   "9203542510134660095": {
      "message": "Η εργασία εξαγωγής ξεκίνησε. Το περιεχόμενο αρχείου θα εμφανίζεται στο Drive στο φάκελο \"$1​\"."
   },
   "940276535015195877": {
      "message": "Δεν βρέθηκαν φάκελοι."
   },
   "943493480163896757": {
      "message": "{resultCount,plural, =1{# αντίστοιχη σημείωση}other{# αντίστοιχες σημειώσεις}}"
   },
   "951963820437151566": {
      "message": "Ιστότοποι Google"
   },
   "95809842507987016": {
      "message": "Διαγραφή"
   },
   "963611681085757795": {
      "message": "Δυστυχώς αυτήν τη στιγμή δεν είναι δυνατή η δημιουργία προβολής ενός εγγράφου."
   },
   "96556988207614774": {
      "message": "Ημερολόγια"
   },
   "974042541427403929": {
      "message": "Μπλε"
   },
   "980395722421409371": {
      "message": "Δεν βρέθηκαν χάρτες."
   },
   "982187142411651629": {
      "message": "Παράβλεψη"
   },
   "985197728509875956": {
      "message": "Chemical Model"
   },
   "996381410993745580": {
      "message": "Photoshop"
   },
   "998727788921602971": {
      "message": "Βίντεο"
   },
   "appDesc": {
      "description": "App description",
      "message": "Καταγράψτε γρήγορα τις σκέψεις σας και λάβετε σχετικές υπενθυμίσεις στο κατάλληλο μέρος, την κατάλληλη στιγμή"
   },
   "appName": {
      "description": "App name.",
      "message": "Google Keep - σημειώσεις και λίστες"
   }
}
