{
   "1006787209796778126": {
      "message": "Mi unidad"
   },
   "1017907757187630742": {
      "message": "Mis fuentes"
   },
   "1029072043275376320": {
      "message": "No se ha encontrado ningún calendario."
   },
   "1030781695901615026": {
      "message": "Parte inferior"
   },
   "103870949919613488": {
      "message": "Nota archivada"
   },
   "1039394921418415681": {
      "message": "Iniciar sesión"
   },
   "1083918249169198626": {
      "message": "Las combinaciones de teclas están inhabilitadas."
   },
   "1090919586152138659": {
      "message": "Archivo"
   },
   "1101371910696766077": {
      "message": "Crear una copia"
   },
   "1107413433574576014": {
      "message": "El título es demasiado largo. El texto resaltado no se guardará."
   },
   "1127320433256851404": {
      "message": "Reproductor de vídeo"
   },
   "1162642135048988280": {
      "message": "Cambiar nombre de documento"
   },
   "1166244120191806795": {
      "message": "Enviar opinión"
   },
   "1179891706526242218": {
      "message": "Siguente"
   },
   "1185164838496022543": {
      "message": "Haz clic aquí para volver a cargar la página."
   },
   "1185644932132585290": {
      "message": "Quedan $1​ caracteres"
   },
   "1213005208968286932": {
      "message": "Marcado como resuelto"
   },
   "1263557413037343589": {
      "message": "Organizar fotos"
   },
   "1263685395252160366": {
      "message": "LaTeX"
   },
   "1311350045083871503": {
      "message": "Cancelar"
   },
   "1311729747516144362": {
      "message": "Rojo"
   },
   "1315844696796851207": {
      "message": "Sans Serif"
   },
   "1319037146426591038": {
      "message": "o"
   },
   "132822872080714863": {
      "message": "Aceptar"
   },
   "133192954417440569": {
      "message": "No se ha encontrado ningún resultado."
   },
   "1349697396109290623": {
      "message": "Mostrando mayor resolución de $1​"
   },
   "1376126796144976437": {
      "message": "Todas las fuentes"
   },
   "139942704574044780": {
      "message": "Aceptar"
   },
   "141491180325662484": {
      "message": "Puedes guardar todos tus archivos en Google Drive y acceder a ellos estés donde estés y desde cualquier dispositivo. Una vez que tengas fotos en Google Drive, podrás compartirlas al instante con tus círculos."
   },
   "1418114637490664392": {
      "message": "Archivo de fotos de LIFE"
   },
   "1419896259743862406": {
      "message": "Abrir con"
   },
   "1440171352837969028": {
      "message": "Vídeo/Audio"
   },
   "1441487391064925653": {
      "message": "Ver todos los accesos directos en el Centro de ayuda"
   },
   "1446829548948002072": {
      "message": "coma"
   },
   "1454684154234137497": {
      "message": "pausa"
   },
   "1459765068821943106": {
      "message": "{VIEWER_GENDER,select, female{Pega una URL de YouTube aquí:}male{Pega una URL de YouTube aquí:}other{Pega una URL de YouTube aquí:}}"
   },
   "1463079206290378085": {
      "message": "Fotos de orkut"
   },
   "1463389029497634261": {
      "message": "Bajar el volumen"
   },
   "1475179211173444554": {
      "message": "Cualquier usuario del dominio con el enlace"
   },
   "1492360016907725281": {
      "message": "{VIEWER_GENDER,select, female{Pega una URL de vídeo aquí:}male{Pega una URL de vídeo aquí:}other{Pega una URL de vídeo aquí:}}"
   },
   "1493251742569121894": {
      "message": "La nota es demasiado larga. El texto resaltado no se guardará."
   },
   "1493384967280942491": {
      "message": "Rosa"
   },
   "1499433769420882987": {
      "message": "Mostrando $1​"
   },
   "1505876360160857231": {
      "message": "$1​ TB"
   },
   "1521707405717823409": {
      "message": "Violeta"
   },
   "153439508598626384": {
      "message": "Tus fotos"
   },
   "1536051766421561160": {
      "message": "igual a"
   },
   "156992719062713230": {
      "message": "Gris"
   },
   "1586968957182554447": {
      "message": "Inhabilitar"
   },
   "1588268697057804046": {
      "message": "hace $1​ horas"
   },
   "1603139897109307706": {
      "message": "Error. Inténtalo de nuevo"
   },
   "1604359562654146902": {
      "message": "Foto"
   },
   "1633370388224271051": {
      "message": "No se ha encontrado a nadie."
   },
   "1633798963327779260": {
      "message": "Mañana"
   },
   "1654222450095043962": {
      "message": "Audio"
   },
   "1656911987308166143": {
      "message": "Eliminar"
   },
   "1665821947855814052": {
      "message": "Dimensiones"
   },
   "1692901784886701962": {
      "message": "Nota demasiado larga"
   },
   "1697160643589236962": {
      "message": "$1​ PB"
   },
   "1700522311470719738": {
      "message": "Añadir recordatorio"
   },
   "1701312243672511585": {
      "message": "Mover texto a nueva nota &raquo;"
   },
   "1709410429018687341": {
      "message": "Mañana ($1​)"
   },
   "1715552550526864429": {
      "message": "Buscar en blogs"
   },
   "171683163267149669": {
      "message": "$1​ GB"
   },
   "1739900012825270238": {
      "message": "Ir al elemento anterior"
   },
   "1756171223417807431": {
      "message": "Comprueba que la imagen sea pública. Si la imagen está protegida por contraseña o se encuentra en una red interna, no podremos acceder a ella."
   },
   "1759957963056319953": {
      "message": "Volver de $1​"
   },
   "1783719421893050637": {
      "message": "Dimensiones"
   },
   "178927681797742562": {
      "message": "Iniciar sesión"
   },
   "1791115075948268631": {
      "message": "Abrir la ayuda sobre las combinaciones de teclas"
   },
   "1808245543551507519": {
      "message": "Audio"
   },
   "1816851800848432562": {
      "message": "Eliminar"
   },
   "1818306025747564729": {
      "message": "Ir al enlace"
   },
   "1823222042913714987": {
      "message": "Enviar contraseña"
   },
   "1823854753950594157": {
      "message": "Mantener"
   },
   "1830157062072535681": {
      "message": "Mostrando $1​"
   },
   "185012928288875755": {
      "message": "Ningún elemento coincide con tus criterios de búsqueda."
   },
   "1856444915090632305": {
      "message": "El documento está encriptado. Introduce la contraseña."
   },
   "1866863108233180413": {
      "message": "Carpetas"
   },
   "187077078156858455": {
      "message": "Nota de audio"
   },
   "189303170370862360": {
      "message": "$1​ de $2​ elementos"
   },
   "1900571668686750716": {
      "message": "vCard"
   },
   "1901351411358749070": {
      "message": "Compartido conmigo"
   },
   "1913425963149828429": {
      "message": "Extraer este archivo a Drive."
   },
   "1918176455405610789": {
      "message": "Listo"
   },
   "1920189655549476211": {
      "message": "duración desconocida"
   },
   "1929603188252533075": {
      "message": "No se ha podido eliminar el vídeo. Inténtalo de nuevo."
   },
   "1951810091681076784": {
      "message": "{COUNT_1,plural, =1{1 nota que coincide}other{{COUNT_2} notas que coinciden}}"
   },
   "1956794332842050061": {
      "message": "Página siguiente"
   },
   "1965626377712226216": {
      "message": "Keynote"
   },
   "1968405748623909021": {
      "message": "Prueba una de las aplicaciones que se indican a continuación para abrir o editar este elemento"
   },
   "1974063091619095703": {
      "message": "Personas"
   },
   "1988244842147989817": {
      "message": "Las notas de la papelera se eliminan después de 7 días."
   },
   "1993674829873313178": {
      "message": "¿Tienes problemas para subir archivos? Estamos realizando tareas de mantenimiento, pero todo volverá pronto a la normalidad."
   },
   "2003845117979929469": {
      "message": "Detalles"
   },
   "2048322072989992494": {
      "message": "Por ahora nadie ha compartido archivos contigo."
   },
   "2055836117545582610": {
      "message": "Ajustes de lista"
   },
   "2059084517358086391": {
      "message": "Cerrar barra de búsqueda"
   },
   "2061440050632248160": {
      "message": "Archivar"
   },
   "2068023589621557589": {
      "message": "Fuente TrueType"
   },
   "2073035325657060696": {
      "message": "La vista previa no está disponible."
   },
   "2073322475696388995": {
      "message": "Avanzar"
   },
   "207810168108507460": {
      "message": "hace $1​ hora"
   },
   "2109272338124379867": {
      "message": "Última modificación"
   },
   "2116013171202209313": {
      "message": "Seleccionar"
   },
   "2122256657192674586": {
      "message": "Buscar vídeos"
   },
   "2125135092719715773": {
      "message": "Subir"
   },
   "212796670323571824": {
      "message": "Aceptar"
   },
   "213665695896111861": {
      "message": "Notas"
   },
   "2138593281154109183": {
      "message": "Archivadas"
   },
   "2147952938331523160": {
      "message": "Cambiar nombre..."
   },
   "2154372123324862271": {
      "message": "barra diagonal"
   },
   "2154940358270068005": {
      "message": "Conserva las notas eliminadas durante más tiempo"
   },
   "2184278444368405837": {
      "message": "$1​ elementos"
   },
   "2187239650627580457": {
      "message": "Enviar"
   },
   "2198096971937872560": {
      "message": "Recordatorio:"
   },
   "220168959069469607": {
      "message": "Más acciones"
   },
   "221715292685577880": {
      "message": "Sí"
   },
   "2220005860896049129": {
      "message": "Lo sentimos, pero ha llevado demasiado tiempo encontrar el documento en la fuente original."
   },
   "2228413078211839077": {
      "message": "Lo sentimos, tenemos un problema temporal que impide generar una vista del documento."
   },
   "2235097878790803849": {
      "message": "Hasta nunca, archivos adjuntos. Hola, Google Drive."
   },
   "2257303402199718039": {
      "message": "Lo sentimos, pero no hemos podido encontrar el documento en la fuente original. Comprueba que el documento aún existe."
   },
   "2274436793504233543": {
      "message": "Cancelar"
   },
   "2278224983638451454": {
      "message": "Descargar ahora"
   },
   "2280650195464600721": {
      "message": "Navegación"
   },
   "2285069188138705005": {
      "message": "Aplicaciones conectadas"
   },
   "2289534534793293486": {
      "message": "No archivar"
   },
   "2289812403593835836": {
      "message": "Pages"
   },
   "229177484946387188": {
      "message": "Google Earth"
   },
   "2292696732672795285": {
      "message": "Subir el volumen"
   },
   "230180475614658119": {
      "message": "Listo"
   },
   "2304293593067358316": {
      "message": "Imágenes prediseñadas"
   },
   "2310145944356900158": {
      "message": "Seleccionados"
   },
   "2311880726221661199": {
      "message": "Cargando resoluciones superiores"
   },
   "2329167963662998826": {
      "message": "Google Keep quiere usar tu ubicación para mejorar las sugerencias de sitios de los recordatorios de ubicación."
   },
   "234046557601727809": {
      "message": "No hay imágenes ni vídeos."
   },
   "2349912757088764940": {
      "message": "Visible para:"
   },
   "2359614137862708172": {
      "message": "Mayús"
   },
   "2370463380397641604": {
      "message": "Combinaciones de teclas populares"
   },
   "2370656573843123707": {
      "message": "corchete de cierre"
   },
   "2393487423640708285": {
      "message": "La URL no es válida. Asegúrate de que empieza por http:// o https://."
   },
   "2405795704816921421": {
      "message": "Archivo $1​"
   },
   "2412314804333167252": {
      "message": "Esta hoja de cálculo es demasiado grande. Haz clic $3​aquí para descargártela$1​ o $4​aquí para modificarla en Hojas de cálculo de Google$1​."
   },
   "2418104318933043113": {
      "message": "Búsqueda de imágenes de Google"
   },
   "2433429041384246549": {
      "message": "Silenciar"
   },
   "2449254824382583885": {
      "message": "Ventana emergente"
   },
   "2452522051596946166": {
      "message": "¡Vaya! Se ha producido un problema con la vista previa de $1​. Intentando de nuevo."
   },
   "2454642351139428112": {
      "message": "Deshacer"
   },
   "2466251465475184755": {
      "message": "¿Vaciar la papelera? Todas las notas de la Papelera se eliminarán de forma permanente."
   },
   "2475181823688399272": {
      "message": "Siguiente"
   },
   "2484568559152875936": {
      "message": "No hay álbumes de fotos."
   },
   "2504232652631703202": {
      "message": "Conectada"
   },
   "251025074207413762": {
      "message": "Añadir descripción"
   },
   "2510929871271209216": {
      "message": "Esta hoja de cálculo es demasiado grande. Haz clic $2​aquí$1​ para descargártela."
   },
   "2513437337377210144": {
      "message": "fin"
   },
   "2524021436052870191": {
      "message": "No se puede subir este archivo. Solo funcionan los archivos $1​ inferiores a $2​ MB."
   },
   "2532280782491328445": {
      "message": "Buscar anterior"
   },
   "2538080331309772448": {
      "message": "Ordenar: $1​"
   },
   "2538462904124380434": {
      "message": "Nota movida a la papelera"
   },
   "2546225293834487484": {
      "message": "Nota"
   },
   "2555961950726197809": {
      "message": "Mostrando el visor."
   },
   "2558480112329900136": {
      "message": "Gris"
   },
   "257317112834806705": {
      "message": "Alternar entre vista de lista y cuadrícula"
   },
   "2579679351920691492": {
      "message": "Rebobinar"
   },
   "2587566920590457715": {
      "message": "Maps Engine Lite"
   },
   "2609409316752026806": {
      "message": "PDF"
   },
   "2609750184896485102": {
      "message": "Vídeos del teléfono"
   },
   "2615188670181508661": {
      "message": "No has seleccionado ningún documento recientemente."
   },
   "2623861453769098676": {
      "message": "No se puede obtener una vista previa de este documento."
   },
   "2628268670001557269": {
      "message": "Cuota"
   },
   "2643241712502664984": {
      "message": "Tus vídeos de YouTube"
   },
   "2661850177130037208": {
      "message": "Abrir elemento"
   },
   "2681830832355823748": {
      "message": "Buscar todos los accesos directos"
   },
   "2687303256387847763": {
      "message": "Popularidad"
   },
   "2702485557996900362": {
      "message": "Corregir cambios en conflicto"
   },
   "2705842902318123127": {
      "message": "Ir a la nota/lista anterior/siguiente"
   },
   "272948685355798518": {
      "message": "El tipo de archivo seleccionado no es válido."
   },
   "2731144323070245943": {
      "message": "Ajustes de lista"
   },
   "2742719907061406418": {
      "message": "XML"
   },
   "2750830436677712001": {
      "message": "{VIEWER_GENDER,select, female{Se ha producido un error al crear {FOLDER_NAME}.}male{Se ha producido un error al crear {FOLDER_NAME}.}other{Se ha producido un error al crear {FOLDER_NAME}.}}"
   },
   "2752123004911547510": {
      "message": "Tendencias"
   },
   "2758125083752925237": {
      "message": "(Propietario)"
   },
   "277430914014962533": {
      "message": "¡Vaya! Se ha producido un problema con la vista previa de $1​."
   },
   "2774713922589657910": {
      "message": "Cualquier usuario del dominio"
   },
   "2786560864906393383": {
      "message": "Fotos del teléfono"
   },
   "2789687492331041935": {
      "message": "Elegir hora"
   },
   "2790446494460492805": {
      "message": "Se ha iniciado la tarea de extracción. Los mensajes de archivo aparecerán en tu cuenta de correo con la etiqueta \"Importación: $1​\"."
   },
   "2793841261389879255": {
      "message": "Página anterior"
   },
   "2801153442808430222": {
      "message": "Mi unidad"
   },
   "2817277146396981386": {
      "message": "p.m."
   },
   "2818020101821669029": {
      "message": "Creado"
   },
   "2818135503416309545": {
      "message": "Grabar un vídeo"
   },
   "2827039933590757722": {
      "message": "Acceso directo de Windows"
   },
   "2829226075651806940": {
      "message": "Ampliar"
   },
   "2860188519781080944": {
      "message": "Naranja"
   },
   "2861568351294148466": {
      "message": "Secuencias de comandos"
   },
   "2864281852037732729": {
      "message": "Menos"
   },
   "2873089307546162154": {
      "message": "Aceptar"
   },
   "2877285560485318801": {
      "message": "Pausar"
   },
   "2878874627361086801": {
      "message": "vista previa"
   },
   "2879276552944958066": {
      "message": "Volver a la carpeta $1​."
   },
   "289798573180023043": {
      "message": "Aceptar"
   },
   "2902747751281161248": {
      "message": "Aplicar a listas nuevas"
   },
   "2905147317995482841": {
      "message": "Hemos actualizado la experiencia de visualización de todos los archivos de Google Drive. Ahora es más fácil de utilizar y mucho más atractivo. Esperamos que disfrutes de su nuevo aspecto."
   },
   "2917498437550635075": {
      "message": "Icono"
   },
   "2964778642459027786": {
      "message": "No hay notas en la papelera"
   },
   "2974598228601710262": {
      "message": "Añadir"
   },
   "2979466412944870220": {
      "message": "Cargando vista previa..."
   },
   "2982511431742033448": {
      "message": "No hay presentaciones."
   },
   "298817883481775869": {
      "message": "Cargando..."
   },
   "3000689173481666334": {
      "message": "Editar tu círculo"
   },
   "3029395493413607486": {
      "message": "No se ha podido cargar el reproductor de vídeo. Intenta volver a cargar la página. $1​Si continúa el problema, $3​consulta el Centro de ayuda$2​."
   },
   "3043961722025425136": {
      "message": "Descripción"
   },
   "306516303501625305": {
      "message": "Error de autenticación"
   },
   "3073005748126521632": {
      "message": "Recordado en $1​"
   },
   "3074184819310272351": {
      "message": "Fotos subidas"
   },
   "3084372889071691504": {
      "message": "{VIEWER_GENDER,select, female{Pega una URL aquí:}male{Pega una URL aquí:}other{Pega una URL aquí:}}"
   },
   "3095645856215493958": {
      "message": "Busca texto escrito en fotos"
   },
   "31018542656161389": {
      "message": "Ajustar el zoom"
   },
   "3109321241584918345": {
      "message": "Conectar más aplicaciones..."
   },
   "3121560585545725724": {
      "message": "$1​, $2​"
   },
   "3140236589681731084": {
      "message": "en $1​ horas"
   },
   "3189854932778515441": {
      "message": "Nota archivada"
   },
   "3207670492626476064": {
      "message": "Tablas"
   },
   "3211163842850942567": {
      "message": "Ampliar"
   },
   "3222929029344613957": {
      "message": "Lo sentimos, se ha producido un error al abrir el archivo. Inténtalo de nuevo."
   },
   "3233388241926683100": {
      "message": "Buscar notas"
   },
   "3243829462528324248": {
      "message": "Marrón"
   },
   "3250489229749307913": {
      "message": "Publicación electrónica"
   },
   "3256928852560591255": {
      "message": "No se puede editar en la papelera"
   },
   "3261131345401321392": {
      "message": "Puede comentar"
   },
   "3265524298292280681": {
      "message": "esc"
   },
   "3267563602179728277": {
      "message": "supr"
   },
   "3272496516667407797": {
      "message": "Se ha producido un problema al cargar los detalles."
   },
   "3275029321588462173": {
      "message": "Ninguno"
   },
   "3278237562147211998": {
      "message": "Fotos de archivo"
   },
   "330603631583186798": {
      "message": "Word"
   },
   "3306487262690341751": {
      "message": "Fecha y hora"
   },
   "3312545971976531405": {
      "message": "Mensaje"
   },
   "3319087486907616296": {
      "message": "Enviar este elemento"
   },
   "3328129883064940351": {
      "message": "Fuentes"
   },
   "3335409796971631780": {
      "message": "Extrayendo a Drive."
   },
   "3343451103608774400": {
      "message": "Presentamos la $3​nueva versión de Mis mapas.$2​$1​Mejores herramientas para crear mapas."
   },
   "3354260708176476985": {
      "message": "Cargando&hellip;"
   },
   "3357778055650785985": {
      "message": "El elemento es demasiado largo. El texto resaltado no se guardará."
   },
   "3364679383274077479": {
      "message": "Actualización disponible"
   },
   "3368639944474272225": {
      "message": "No hemos podido recuperar el documento para su visualización o no tienes permiso para ver este documento."
   },
   "3381619429606029445": {
      "message": "Visio"
   },
   "3382236845597426718": {
      "message": "Abrir"
   },
   "3408219901032480508": {
      "message": "$2​; $1​"
   },
   "3409257542937182842": {
      "message": "Reintentando..."
   },
   "3409483962000136213": {
      "message": "Reproducir/Pausar"
   },
   "3418767079436101103": {
      "message": "Se ha producido un problema al cargar esta página."
   },
   "3421685394169412932": {
      "message": "Todos los cambios que haces se guardan automáticamente"
   },
   "3422389100099960864": {
      "message": "No hay imágenes."
   },
   "3428726060007577698": {
      "message": "La lista es demasiado larga."
   },
   "3430885603500576146": {
      "message": "Selecciona solo imágenes para las que hayas confirmado que tienes licencia de uso."
   },
   "3440534675925634227": {
      "message": "En una ventana del navegador Chrome, accede a chrome://settings y comprueba que has iniciado sesión. A continuación, vuelve a hacer clic en Iniciar sesión."
   },
   "3446158485617778228": {
      "message": "Deshacer"
   },
   "3448234415275521882": {
      "message": "Información general"
   },
   "3448684788258660606": {
      "message": "Tus fotos"
   },
   "3450585781337676327": {
      "message": "Cargando..."
   },
   "3457279184692206825": {
      "message": "Las fotos serán visibles para todo el mundo (público en la Web)."
   },
   "3468441711253011521": {
      "message": "Hojas de cálculo de Google"
   },
   "3473620774713000513": {
      "message": "Resuelto"
   },
   "3483438888494819423": {
      "message": "Novedades de Google Keep"
   },
   "3511274344439521198": {
      "message": "Acciones"
   },
   "3518073392823563581": {
      "message": "Métodos abreviados de teclado"
   },
   "3531603810713611778": {
      "message": "Se ha superado el tamaño máximo del archivo. Anula la selección de uno o varios archivos."
   },
   "3543475399174940144": {
      "message": "+ $1​"
   },
   "3547194749488601916": {
      "message": "Actualizando..."
   },
   "354828103903104581": {
      "message": "Elementos marcados"
   },
   "3561658662634401836": {
      "message": "Título"
   },
   "357172711168973843": {
      "message": "No se ha guardado ningún cambio ni ninguna nota que se haya añadido recientemente. Haz una copia del contenido y vuelve a cargar la página."
   },
   "3586705906700410505": {
      "message": "Dibujo lineal"
   },
   "3587798318180902863": {
      "message": "{NUM_SELECTED,plural, =1{ seleccionado »}other{ seleccionados »}}"
   },
   "3595000514985906359": {
      "message": "Excel"
   },
   "3602920441714068008": {
      "message": "Recordado el $1​ a las $2​"
   },
   "3608606849109645545": {
      "message": "Escribe un nombre para el nuevo documento:"
   },
   "361202495024972887": {
      "message": "Subir vídeos"
   },
   "361630518611593946": {
      "message": "Ocultar casillas de verificación"
   },
   "3625886392901506764": {
      "message": "o"
   },
   "3643146117250542609": {
      "message": "No hay archivos PDF."
   },
   "3645728163953189422": {
      "message": "No podemos recuperar el documento para su lectura porque es demasiado grande."
   },
   "3651893685901703652": {
      "message": "..."
   },
   "3657386785336906042": {
      "message": "barra diagonal inversa"
   },
   "3659554681396757189": {
      "message": "Abierto por mí"
   },
   "3663571259791438207": {
      "message": "Notificar uso inadecuado"
   },
   "3664842788764635265": {
      "message": "Ninguno"
   },
   "3666123569747918021": {
      "message": "Este documento contiene cambios sin guardar. ¿Quieres abandonar la página y descartar los cambios?"
   },
   "3673346558112798837": {
      "message": "Sin fondo"
   },
   "3674811252904549204": {
      "message": "Fotos de portada"
   },
   "3678477908297567934": {
      "message": "guión bajo"
   },
   "3681747688524363195": {
      "message": "Parte superior"
   },
   "3690515530505404607": {
      "message": "Se ha producido un problema con la reproducción de este vídeo."
   },
   "369764661829607970": {
      "message": "{NUM_ITEMS,plural, =0{No tiene elementos}=1{1 elemento}other{# elementos}}"
   },
   "3712215972250917265": {
      "message": "Comentarios"
   },
   "3717138719704492547": {
      "message": "Comprueba que has escrito la dirección correctamente."
   },
   "374088101949877889": {
      "message": "Cerrar"
   },
   "3745308627628779133": {
      "message": "Nueva carpeta"
   },
   "3748461364828242354": {
      "message": "Seleccionar color"
   },
   "3770795578481676514": {
      "message": "Amarillo"
   },
   "3771958676925493302": {
      "message": "Eliminar filtro: $1​"
   },
   "3779945546806941187": {
      "message": "Monocromo"
   },
   "3793086499925031123": {
      "message": "Abrir la barra de búsqueda / encontrar anterior"
   },
   "37992665410817181": {
      "message": "Reabierto"
   },
   "3801617971018550169": {
      "message": "Ayer"
   },
   "3808213429720572062": {
      "message": "Restaurar"
   },
   "381100310424863459": {
      "message": "Illustrator"
   },
   "3842411126100113634": {
      "message": "re pág"
   },
   "3844047145949375230": {
      "message": "Documentos"
   },
   "3858324058837632381": {
      "message": "Se ha producido un problema con la reproducción de este archivo de audio."
   },
   "3864575916269080329": {
      "message": "Imágenes con texto encontrable"
   },
   "3866373087987934712": {
      "message": "Error al subir: $1​"
   },
   "3869166581651870488": {
      "message": "Finalizar edición"
   },
   "3873215756962047275": {
      "message": "ARCHIVADAS"
   },
   "3873467440437675460": {
      "message": "Lo sentimos, pero no hemos podido encontrar las fuentes que has seleccionado anteriormente."
   },
   "3897281533382850749": {
      "message": "Activar sonido"
   },
   "3936153839186254186": {
      "message": "Mostrar: $1​"
   },
   "3955760658925284765": {
      "message": "Volver a intentar"
   },
   "3974064131130689245": {
      "message": "Vista de cuadrícula"
   },
   "3977699855735576796": {
      "message": "Se ha producido un problema al cargar más páginas."
   },
   "3988418762222300024": {
      "message": "punto"
   },
   "3989552504822984034": {
      "message": "Dibujos de Google"
   },
   "4005725939358875643": {
      "message": "Acción deshecha."
   },
   "4014287326684608407": {
      "message": "Turquesa"
   },
   "4048275292053012394": {
      "message": "Contactos"
   },
   "4059387791040010947": {
      "message": "Meta"
   },
   "4067915791853673774": {
      "message": "{VIEWER_GENDER,select, female{Cerrar}male{Cerrar}other{Cerrar}}"
   },
   "4078179869358383373": {
      "message": "No se ha encontrado ningún resultado."
   },
   "4087667435414545203": {
      "message": "Se ha cerrado la sesión. Para hacer cambios, vuelve a cargar la página."
   },
   "4093134637041332383": {
      "message": "MÁS INFORMACIÓN"
   },
   "4097007735221462946": {
      "message": "Dibujos"
   },
   "4097921967754832323": {
      "message": "guión"
   },
   "4100504115801514799": {
      "message": "Nota restaurada"
   },
   "4119294114251628099": {
      "message": "No es posible obtener la URL de la imagen que has especificado. Quizá sea una URL privada a la que no pueden acceder nuestros servidores. Inténtalo con otra URL."
   },
   "4134385041569168669": {
      "message": "Cargando..."
   },
   "4148564423510181521": {
      "message": "Borrar búsqueda"
   },
   "4152315289461886": {
      "message": "Controles del documento"
   },
   "4168280976997555951": {
      "message": "No hay documentos."
   },
   "4174786386751618325": {
      "message": "Nota con foto"
   },
   "4182427157920112948": {
      "message": "tilde"
   },
   "4200426647595470259": {
      "message": "Empezar a reproducir el archivo de audio"
   },
   "4200911267543705377": {
      "message": "Escribe la consulta de búsqueda en el cuadro de arriba para obtener resultados de blogs mediante la Búsqueda de blogs de Google."
   },
   "4205329094859140439": {
      "message": "a.m."
   },
   "4211182812451835307": {
      "message": "Puede editar"
   },
   "4211806608204126222": {
      "message": "$2​Condiciones de servicio$1​"
   },
   "4214190403999219403": {
      "message": "Zoom"
   },
   "4230101516585408149": {
      "message": "Redactar una nueva nota"
   },
   "4253741616909644861": {
      "message": "Buscar términos"
   },
   "4280747719095153198": {
      "message": "Comentario resuelto"
   },
   "4286663890332754386": {
      "message": "Error de subida."
   },
   "4299690446455033653": {
      "message": "Works"
   },
   "4314643310615423802": {
      "message": "Se ha cerrado la sesión."
   },
   "4318861667254318892": {
      "message": "Google Vídeos"
   },
   "4319229296464464147": {
      "message": "Fecha en la que se añadieron"
   },
   "4320831042030778": {
      "message": "Cancelar"
   },
   "4332252081504252077": {
      "message": "¡Vaya!"
   },
   "4338991104991831337": {
      "message": "Imágenes"
   },
   "4339705658383891586": {
      "message": "A todo color"
   },
   "4343825450663233452": {
      "message": "Puede ver"
   },
   "4343836986248234462": {
      "message": "Elemento de lista"
   },
   "435214284915110062": {
      "message": "Abrir la barra de búsqueda"
   },
   "4372755508519489521": {
      "message": "Vista de cuadrícula"
   },
   "4391715930031906467": {
      "message": "Buscar siguiente"
   },
   "4395845663892873002": {
      "message": "inicio"
   },
   "4422985761498356257": {
      "message": "Abrir con"
   },
   "4430062722430863019": {
      "message": "¿Eliminar nota de forma permanente?"
   },
   "4439812492856303238": {
      "message": "Lo sentimos, pero se ha producido un error inesperado al procesar la selección. Inténtalo de nuevo más tarde."
   },
   "4444571967705751871": {
      "message": "Papelera"
   },
   "4466605492523079635": {
      "message": "Guardar"
   },
   "4468872996560163913": {
      "message": "Vaciar la papelera ahora"
   },
   "4473912481270012588": {
      "message": "Guardado en Drive - Mover a:"
   },
   "45228242181482134": {
      "message": "Reproducir"
   },
   "4536519876526589338": {
      "message": "Avatar de $1​."
   },
   "4552045407215325033": {
      "message": "La URL de vídeo que has introducido no se puede cargar. Comprueba que sea correcta y que pertenezca a un sitio compatible."
   },
   "4564682305303579317": {
      "message": "Continuar"
   },
   "456498742882714639": {
      "message": "Mover a:"
   },
   "4588500131398315347": {
      "message": "Crear un círculo"
   },
   "4604402426271704651": {
      "message": "Sin foto"
   },
   "4620034373159179678": {
      "message": "Página $1​ de $2​"
   },
   "4630690108252818511": {
      "message": "No se ha encontrado ninguna imagen."
   },
   "468283184702431827": {
      "message": "Acción iniciada"
   },
   "4695897771458936174": {
      "message": "Comparte fotos en Google+ desde Google Drive"
   },
   "4740100782728373253": {
      "message": "Guardar en Drive"
   },
   "4748046231232264180": {
      "message": "Formularios de Google"
   },
   "4767722428137216885": {
      "message": "Cancelar"
   },
   "477328789314249432": {
      "message": "Buscar notas"
   },
   "4775368111547931093": {
      "message": "Sin descripción"
   },
   "4781742940361705258": {
      "message": "Ignorar"
   },
   "4783695823456312682": {
      "message": "Ir al final"
   },
   "47844150329705564": {
      "message": "Resultados de búsqueda de \"$1​\""
   },
   "4798897505978458661": {
      "message": "No se ha encontrado ningún vídeo."
   },
   "4805047680716507619": {
      "message": " - Mover a:"
   },
   "4806763987633034948": {
      "message": "Firma PKCS7"
   },
   "4833214200453019325": {
      "message": "$1​ de $2​"
   },
   "4846720038197420778": {
      "message": "Conectar más aplicaciones"
   },
   "4853788427396558692": {
      "message": "$1​ MB"
   },
   "4858389278403807208": {
      "message": "Nota en la papelera"
   },
   "4888104357342241891": {
      "message": "Recordatorios"
   },
   "4889853674709731963": {
      "message": "Se han guardado todas las notas sin conexión."
   },
   "4901386320110714275": {
      "message": "Contraseña incorrecta. Vuelve a intentarlo."
   },
   "490372259452655427": {
      "message": "El documento todavía no se puede visualizar."
   },
   "4906669330059413958": {
      "message": "Enviar contraseña"
   },
   "4908614808966678155": {
      "message": "No hay resultados de búsqueda de \"$1​\""
   },
   "4926020998477695737": {
      "message": "Cambiar a la carpeta $1​"
   },
   "4943176738805484221": {
      "message": "editar"
   },
   "4956678140555659175": {
      "message": "retroceso"
   },
   "4957674814179289955": {
      "message": "Ir al elemento anterior o siguiente de la lista"
   },
   "4963784280521435720": {
      "message": "Guardando..."
   },
   "4969219890884320840": {
      "message": "Actualizar"
   },
   "4983125135476400111": {
      "message": "Eliminar nota o lista"
   },
   "4988132901627446385": {
      "message": "Panel de detalles ampliado."
   },
   "4998757387516632837": {
      "message": "Los resultados mostrados están etiquetados para volver a utilizarlos con modificaciones."
   },
   "5006225450559627366": {
      "message": "Más de $1​"
   },
   "501475221876543407": {
      "message": "Las notas que añadas aparecerán aquí"
   },
   "5023525794410110078": {
      "message": "Añadir texto a foto"
   },
   "5026241297254150381": {
      "message": "Añadir nota"
   },
   "5046371569383796818": {
      "message": "Mantener"
   },
   "5055418092354683641": {
      "message": "Serif"
   },
   "5095987896933771566": {
      "message": "Imprimir el documento"
   },
   "5096751700090310607": {
      "message": "No hay fotos."
   },
   "509815948423424872": {
      "message": "Navegación"
   },
   "5099245668405591445": {
      "message": "Buscar"
   },
   "512429649443191386": {
      "message": "$2​Ayuda$1​"
   },
   "5124522868502261563": {
      "message": "Hojas de cálculo"
   },
   "5130903421326358933": {
      "message": "Se ha producido un error al guardar el archivo adjunto en Google Drive."
   },
   "5149937870346466591": {
      "message": "Vista de lista"
   },
   "5169187962228219813": {
      "message": "Imágenes de Life"
   },
   "5180454621500142444": {
      "message": "Restaurar"
   },
   "5180989337128758117": {
      "message": "corchete de apertura"
   },
   "5184692850089055965": {
      "message": "Texto de imagen guardado"
   },
   "5197718200713913936": {
      "message": "C++"
   },
   "5201670213497642487": {
      "message": "Barra de pestañas del panel de detalles. Para cambiar de una pestaña a otra, pulsa las flechas hacia la derecha y hacia la izquierda."
   },
   "5204391636475413312": {
      "message": "Guardar"
   },
   "5213411023807957844": {
      "message": "Buscar en Google Keep"
   },
   "5213974294317036409": {
      "message": "{numPages,plural, =0{}=1{1 página}other{# páginas}}"
   },
   "5226470917948786938": {
      "message": "Orden alfabético"
   },
   "5238003680997310998": {
      "message": "Más"
   },
   "5238371081785912565": {
      "message": "Abrir con $1​"
   },
   "5275493935807628890": {
      "message": "La imagen no se encuentra en la URL especificada."
   },
   "5281121179861637423": {
      "message": "Debes introducir una contraseña para acceder a $1​."
   },
   "5288037028604092288": {
      "message": "XPS"
   },
   "5291153964865714504": {
      "message": "No hay notas que coincidan con la búsqueda"
   },
   "5299648222246616124": {
      "message": "acento grave"
   },
   "5304869088141363028": {
      "message": "Fotos destacadas"
   },
   "5316658541831864803": {
      "message": "No se admite la visualización de este tipo de documento."
   },
   "5319313176242717957": {
      "message": "Procesando imágenes..."
   },
   "5336801339221383042": {
      "message": "JavaScript"
   },
   "534228323125524312": {
      "message": "Reducir"
   },
   "5353129315502554762": {
      "message": "Hoja de estilo"
   },
   "5372143986724491245": {
      "message": "hace $1​ día"
   },
   "5372160981898991853": {
      "message": "Publisher"
   },
   "5399553230649155346": {
      "message": "en $1​ hora"
   },
   "5403830377590414208": {
      "message": "Blanco"
   },
   "5408091115193390231": {
      "message": "AutoCAD"
   },
   "5438481737351808090": {
      "message": "Mediodía ($1​)"
   },
   "544377415081282702": {
      "message": "Lo sentimos."
   },
   "5447119197363232006": {
      "message": "Mostrar en Drive"
   },
   "5465323999933375616": {
      "message": "Has alcanzado el límite de ancho de banda permitido para visualizar o descargar archivos con formato distinto a los archivos de Google Docs."
   },
   "5472312735475866917": {
      "message": "Comentario de $1​."
   },
   "547865385964196102": {
      "message": "hace $1​ minutos"
   },
   "5482872484546230111": {
      "message": "Buscar en libros"
   },
   "5494181290179470995": {
      "message": "Eliminar"
   },
   "5500117709595533163": {
      "message": "Escribe la consulta de búsqueda en el cuadro de arriba para obtener resultados de libros electrónicos mediante Google Libros."
   },
   "5514516347328112388": {
      "message": "También puedes descargarte el documento original haciendo clic $2​aquí$1​."
   },
   "5529532831767466284": {
      "message": "{VIEWER_GENDER,select, female{{DEGREES}° {MINUTES}' {SECONDS}\"}male{{DEGREES}° {MINUTES}' {SECONDS}\"}other{{DEGREES}° {MINUTES}' {SECONDS}\"}}"
   },
   "5555182241047709329": {
      "message": "Selecciona una ubicación"
   },
   "5555599189512365009": {
      "message": "ENTENDIDO"
   },
   "5571842632470308750": {
      "message": "Cualquier tipo"
   },
   "5588597116382648727": {
      "message": "Iniciando tarea de extracción."
   },
   "5598649706113950710": {
      "message": "Editor"
   },
   "5609727719971819773": {
      "message": "{VIEWER_GENDER,select, female{Atrás}male{Atrás}other{Atrás}}"
   },
   "5627470193961862490": {
      "message": "Las notas con próximos recordatorios aparecerán aquí"
   },
   "5631086126416409232": {
      "message": "Azul"
   },
   "564165666160590723": {
      "message": "Reproductor de Windows Media"
   },
   "5660422479531064559": {
      "message": "No hay formularios."
   },
   "5675154446465700699": {
      "message": "Archivos PDF"
   },
   "568072913338360182": {
      "message": "HTML"
   },
   "5707549724380589079": {
      "message": "¿Eliminar elementos seleccionados?"
   },
   "5714240424645614611": {
      "message": "Paquete Android"
   },
   "5728640851616538925": {
      "message": "Verde"
   },
   "5744491383087191878": {
      "message": "La URL de imagen que has introducido no es correcta o no se puede cargar."
   },
   "5747728324987383020": {
      "message": "Cara"
   },
   "5783875011049188612": {
      "message": "Texto de imagen guardado"
   },
   "5785010887521443923": {
      "message": "Eliminar"
   },
   "5834678297024555032": {
      "message": "Habilitar"
   },
   "5840330517914556080": {
      "message": "Reducir"
   },
   "5842536098490298653": {
      "message": "No se ha encontrado ninguna fuente."
   },
   "5865680764501413616": {
      "message": "No se puede reconocer el texto."
   },
   "5871966496153339793": {
      "message": "Mostrando la miniatura del vídeo $1​"
   },
   "5875004331736681428": {
      "message": "Extrayendo en tu cuenta de correo."
   },
   "587666071025645113": {
      "message": "Buscar"
   },
   "5877526626743756786": {
      "message": "Sugerencias"
   },
   "5889725440363483648": {
      "message": "Cualquier usuario del grupo"
   },
   "5911012384539794869": {
      "message": "Error al iniciar la tarea de extracción."
   },
   "5916010927050975496": {
      "message": "$1​ KB"
   },
   "5949528478488617689": {
      "message": "Permiso de descarga"
   },
   "5950887255133612666": {
      "message": "No se ha iniciado."
   },
   "5969696744752069015": {
      "message": "No hay ninguna vista previa disponible."
   },
   "5971400924847413790": {
      "message": "Otra alternativa es verlo en $2​HTML básico$1​ (redirección automática)."
   },
   "5972111804366033138": {
      "message": "Descargar"
   },
   "5975031149676029214": {
      "message": "Todos"
   },
   "5976369213680241300": {
      "message": "Buscar imágenes"
   },
   "5980081664136280513": {
      "message": "Verde"
   },
   "5984398071085567332": {
      "message": "Tablas dinámicas de Google"
   },
   "6009962986062136164": {
      "message": "Cargando $1​."
   },
   "60305871484579258": {
      "message": "Alt"
   },
   "6043068172993241858": {
      "message": "No hay nadie en este círculo."
   },
   "604883455412617728": {
      "message": "No hay contactos que coincidan con la búsqueda."
   },
   "6051386830221821025": {
      "message": "Iniciando sesión..."
   },
   "6064654062949366878": {
      "message": "Reproducir"
   },
   "6070475007374165567": {
      "message": "Guardando..."
   },
   "6083586461434260179": {
      "message": "Nueva experiencia de visualización"
   },
   "6087078248621415351": {
      "message": "Modificada: $1​"
   },
   "6091926883608250483": {
      "message": "Más"
   },
   "6105571474005679446": {
      "message": "Se ha producido un problema con la vista previa."
   },
   "6113237889871930608": {
      "message": "Nota en blanco"
   },
   "6118623991445349480": {
      "message": "Página $1​"
   },
   "6122643025527543706": {
      "message": "Ctrl"
   },
   "6131822680770571276": {
      "message": "PowerPoint"
   },
   "6140634664402328750": {
      "message": "Lista de aplicaciones"
   },
   "6149175749937815029": {
      "message": "Ver todos los elementos"
   },
   "6160805346274626656": {
      "message": "Eliminar de forma permanente"
   },
   "616807262818311711": {
      "message": "Tipo"
   },
   "6175043905327075444": {
      "message": "Seleccionados anteriormente"
   },
   "6177107655089301674": {
      "message": "Descarga la aplicación Google Keep para Android"
   },
   "6185886893933834031": {
      "message": "Guardar seleccionada"
   },
   "6186290899408627510": {
      "message": "intro"
   },
   "6189891414154673003": {
      "message": "Mis mapas"
   },
   "6203260615455347677": {
      "message": "Numbers"
   },
   "6223207695466118454": {
      "message": "YouTube"
   },
   "6224687211096863620": {
      "message": "Cualquier usuario"
   },
   "623118860067088424": {
      "message": "Vídeos"
   },
   "6231401379881217113": {
      "message": "insert"
   },
   "6252259197986158120": {
      "message": "Ayer"
   },
   "6253076263700695984": {
      "message": "Error de autenticación. Vuelve a cargar la página."
   },
   "6255475144867830247": {
      "message": "Selecciona de otras pestañas de navegación."
   },
   "6267063643272327592": {
      "message": "Inténtalo de nuevo más tarde."
   },
   "6290270819062517523": {
      "message": "Se han seleccionado demasiados elementos. Deselecciona uno o varios."
   },
   "6305748545202493254": {
      "message": "Mostrar/Ocultar el panel de detalles"
   },
   "6324768448533022780": {
      "message": "$1​ $2​"
   },
   "6331677437567501421": {
      "message": "Se ha producido un error al actualizar el permiso de descarga."
   },
   "6333496730738019575": {
      "message": "Cargando..."
   },
   "634900089121611600": {
      "message": "No hay vídeos."
   },
   "6362170008350775214": {
      "message": "Recordatorio en $1​"
   },
   "6375395544374251820": {
      "message": "Se ha producido un problema al cargar más páginas. Intentando de nuevo..."
   },
   "6376739025584042564": {
      "message": "Recortar foto"
   },
   "6386587519843563719": {
      "message": "Archivo binario"
   },
   "6416495701611778255": {
      "message": "Aplicaciones externas sugeridas"
   },
   "6419411265907669340": {
      "message": "Hoy"
   },
   "6436479735235889890": {
      "message": "Recordatorio a las $2​, $1​"
   },
   "6450508807204492448": {
      "message": "Icono $1​"
   },
   "6457802200418354862": {
      "message": "Los lectores pueden descargar"
   },
   "6459405233858728718": {
      "message": "Presentaciones de Google"
   },
   "6464761738227651511": {
      "message": "hace $1​ minuto"
   },
   "6466736813846482957": {
      "message": "Anterior"
   },
   "6479216014938929613": {
      "message": "Noche ($1​)"
   },
   "6482358947077977110": {
      "message": "Imágenes de búsquedas en Google"
   },
   "6487403767449360463": {
      "message": "¿Volver a cargar Keep?"
   },
   "6488225756782357866": {
      "message": "La imagen que has destacado se ha encontrado mediante la Búsqueda de imágenes de Google en esta página:"
   },
   "6510131849363684615": {
      "message": "Mañana"
   },
   "6516256764288947999": {
      "message": "Etiquetar a personas"
   },
   "6522917155620379865": {
      "message": "Descargar"
   },
   "6524849072392100692": {
      "message": "Carpeta de Google Drive"
   },
   "6551588617715293696": {
      "message": "Opciones de ordenación"
   },
   "6570921376519753466": {
      "message": "Para títulos"
   },
   "6571686604846453345": {
      "message": "Se ha producido un error al añadir este elemento a Drive."
   },
   "6582286158693833652": {
      "message": "Más información"
   },
   "6588176324871799870": {
      "message": "Google Apps Script"
   },
   "6602430002978098812": {
      "message": "Manuscritas"
   },
   "6614046405230762587": {
      "message": "No se ha encontrado ningún contacto."
   },
   "6622304228074863427": {
      "message": "Aplicación"
   },
   "6624754161346656119": {
      "message": "Avatar de $1​."
   },
   "6644861766016503644": {
      "message": "La contraseña es obligatoria."
   },
   "6650600936729710500": {
      "message": "Respuestas."
   },
   "666311703374681171": {
      "message": "Imágenes y vídeos"
   },
   "6666820082708870349": {
      "message": "Eliminar"
   },
   "6707173584987026005": {
      "message": "Hoy"
   },
   "6709984792949009238": {
      "message": "Últimos abiertos por mí"
   },
   "6726462693927865256": {
      "message": "Detalles"
   },
   "6726879257388338969": {
      "message": "Imprimir"
   },
   "6726925393892510846": {
      "message": "Se ha producido un error. Vuelve a intentarlo."
   },
   "6741759391888465238": {
      "message": "Guardando en Drive - Mover a:"
   },
   "6744457949320515234": {
      "message": "Nota vacía descartada"
   },
   "6757218172402086688": {
      "message": "Buscar notas..."
   },
   "6780628488957834429": {
      "message": "Naranja"
   },
   "6784073265197389491": {
      "message": "Más información"
   },
   "681598652078493281": {
      "message": "Más información"
   },
   "6818286476757207074": {
      "message": "Selecciona solo imágenes para las que hayas confirmado que tienes licencia de uso."
   },
   "682070933835616121": {
      "message": "No hay tablas."
   },
   "6822338149422461362": {
      "message": "Google Drive"
   },
   "6827821461670731013": {
      "message": "Mostrar casillas de verificación"
   },
   "6828581947433060251": {
      "message": "Se ha producido un error al cambiar el nombre del elemento."
   },
   "6833760103261954639": {
      "message": "Se ha producido un problema al cargar esta página. Intentando de nuevo..."
   },
   "6841020391100928352": {
      "message": "Se ha superado el tamaño máximo del archivo."
   },
   "6851307437837490686": {
      "message": "Evitar la descarga por parte de usuarios con permiso de solo lectura"
   },
   "6856672816797218730": {
      "message": "Adjuntar"
   },
   "6891563484025164308": {
      "message": "Anterior"
   },
   "6893687445500687349": {
      "message": "Sitios"
   },
   "6898823203505321799": {
      "message": "Información detallada"
   },
   "6904351530369058983": {
      "message": "Propietario"
   },
   "6905021988981026920": {
      "message": "Búsqueda de vídeos"
   },
   "6922953828399110511": {
      "message": "Cerrar el visor"
   },
   "6929958461954697067": {
      "message": "Fotos donde apareces"
   },
   "6939782595426687411": {
      "message": "Añadiendo..."
   },
   "6940998537415516791": {
      "message": "hora:"
   },
   "695253297035211081": {
      "message": "Vaciar papelera"
   },
   "6967244066810487978": {
      "message": "PAPELERA"
   },
   "6970167488058122005": {
      "message": "autor desconocido"
   },
   "6976414863987386971": {
      "message": "Formularios"
   },
   "7001938470263404128": {
      "message": "Subir"
   },
   "7002768663714031226": {
      "message": "Actualizar"
   },
   "7004919150329996187": {
      "message": "No se ha encontrado ninguna persona que coincida en este círculo."
   },
   "7054631817922169541": {
      "message": "Google Keep tiene cambios sin guardar. ¿Quieres abandonar la página y descartar los cambios?"
   },
   "7059437903473652416": {
      "message": "Reproducir el vídeo $1​ de YouTube"
   },
   "7080196430479494775": {
      "message": "Volver a intentar"
   },
   "7084324152376766809": {
      "message": "hace $1​ días"
   },
   "7084991134824194740": {
      "message": "Añadir recordatorio"
   },
   "7092062731478679314": {
      "message": "No se ha encontrado ningún círculo."
   },
   "7117183622067702162": {
      "message": "Con Google Drive, ya no tendrás que enviar ningún otro documento adjunto por correo electrónico. Solo tienes que compartir un enlace a un archivo almacenado en Google Drive y todo el mundo tendrá acceso automáticamente al mismo archivo y a la misma versión."
   },
   "713754035716193665": {
      "message": "Lista nueva"
   },
   "7146242673022399081": {
      "message": "Texto"
   },
   "7148992630785407972": {
      "message": "Este archivo está protegido por contraseña y no se puede obtener una vista previa."
   },
   "7151987668860086450": {
      "message": "Búsqueda web"
   },
   "7153847618034547771": {
      "message": "Habilitar"
   },
   "7161134329606048317": {
      "message": "Cerrar"
   },
   "7164532930742017984": {
      "message": "Cualquier usuario con el enlace"
   },
   "7174189954350964804": {
      "message": "Volver a intentar"
   },
   "7177591028189992523": {
      "message": "Mover"
   },
   "7188754206068648188": {
      "message": "Datos separados por comas"
   },
   "7225837680381806920": {
      "message": "Tarde ($1​)"
   },
   "722702934847795304": {
      "message": "Project"
   },
   "7236199858216720905": {
      "message": "Mapas"
   },
   "7247530225058410142": {
      "message": "$2​ $1​"
   },
   "7259352906118493156": {
      "message": "No hay sitios."
   },
   "7282548567245878869": {
      "message": "Elemento eliminado"
   },
   "7295712436136900176": {
      "message": "Volver a cargar"
   },
   "7310311230493556740": {
      "message": "URL"
   },
   "7339696241980105410": {
      "message": "El vídeo que has seleccionado ya no existe. Es posible que el propietario lo haya eliminado."
   },
   "7342923890755029722": {
      "message": "Cerrar"
   },
   "734478884582426793": {
      "message": "Archivo comprimido"
   },
   "7357017164339332230": {
      "message": "Estas imágenes también se pueden ver y compartir en los $2​Álbumes web de Picasa$1​, el servicio de alojamiento de fotos gratuito de Google."
   },
   "736105042796745909": {
      "message": "{VIEWER_GENDER,select, female{Crear carpeta}male{Crear carpeta}other{Crear carpeta}}"
   },
   "7362061801920948830": {
      "message": "Subir más"
   },
   "7364571366369083618": {
      "message": "Vídeo"
   },
   "7377239345926788722": {
      "message": "Acciones"
   },
   "7380785991026002613": {
      "message": "Los resultados mostrados están etiquetados para volver a utilizarlos."
   },
   "7382688299146249119": {
      "message": "Descargar elemento"
   },
   "7383706174467122149": {
      "message": "Nota eliminada"
   },
   "7388342865555961406": {
      "message": "en $1​ día"
   },
   "7393771571081973549": {
      "message": "C"
   },
   "740507516967994591": {
      "message": "Abrir"
   },
   "7422452809590461532": {
      "message": "Rojo"
   },
   "7426603384368095928": {
      "message": "Vuelve a cargar la página para iniciar sesión de nuevo y seguir trabajando."
   },
   "7429084719905985261": {
      "message": "Objective C"
   },
   "7432956605646331928": {
      "message": "SQL"
   },
   "7440735091552109962": {
      "message": "$2​ (modificada a las $1​)"
   },
   "7441891675459021164": {
      "message": "Guardando en Drive"
   },
   "7451573821837395189": {
      "message": "Se ha añadido el elemento a $2​tu Drive$1​."
   },
   "7468322419516352788": {
      "message": "Se ha producido un error al actualizar la descripción."
   },
   "7488945223835574498": {
      "message": "Postscript"
   },
   "7492710087472140422": {
      "message": "Más información"
   },
   "7493919863870655172": {
      "message": "Cámara web"
   },
   "7500786109708143683": {
      "message": "Audio eliminado"
   },
   "7501027876827009022": {
      "message": "Los resultados mostrados están etiquetados para volver a utilizarlos de forma comercial."
   },
   "7521272923988336579": {
      "message": "Vuelve a cargar Keep para estar al día de los últimos cambios."
   },
   "7532552995569296274": {
      "message": "Borrar la búsqueda"
   },
   "7546994163355383999": {
      "message": "Se han guardado todas las notas."
   },
   "7559208209275370228": {
      "message": "Última modificación mía"
   },
   "7565383798249439151": {
      "message": "en $1​ días"
   },
   "7565870443143407759": {
      "message": "Encontrar en documento"
   },
   "7586291841734385643": {
      "message": "Ventana externa"
   },
   "7598582624136632660": {
      "message": "Abrir la barra de búsqueda / encontrar siguiente"
   },
   "7602870977118971161": {
      "message": "Volver a cargar"
   },
   "7610654194202731772": {
      "message": "Eliminar"
   },
   "761925792744044896": {
      "message": "Establecer como foto de perfil"
   },
   "7630723924002267143": {
      "message": "Las combinaciones de teclas están habilitadas."
   },
   "7640546114686970497": {
      "message": "No se pueden añadir más elementos"
   },
   "7669846901402551021": {
      "message": "Hoy"
   },
   "7691521283331762131": {
      "message": "Tus notas archivadas se mostrarán aquí"
   },
   "772000107335590599": {
      "message": "en $1​ minutos"
   },
   "7734578122414851725": {
      "message": "PHP"
   },
   "7745005220197261896": {
      "message": "Google Libros"
   },
   "7759846028901235026": {
      "message": "La nota ya no está archivada"
   },
   "776065748745885880": {
      "message": "espacio"
   },
   "7770982082843341533": {
      "message": "No hay ningún elemento en esta carpeta."
   },
   "779472474101127362": {
      "message": "Tomar una instantánea"
   },
   "7800318069267901681": {
      "message": "Modificado"
   },
   "7805487598105530487": {
      "message": "Intercalar"
   },
   "7814778057875152792": {
      "message": "Se ha producido un error al mover el archivo adjunto a la carpeta seleccionada de Google Drive."
   },
   "7820417126206702946": {
      "message": "Los resultados mostrados están disponibles para uso personal o comercial únicamente en Google Drive. No está permitida su difusión o venta de forma independiente."
   },
   "7822364282298323175": {
      "message": "Lista eliminada"
   },
   "7830513726270865588": {
      "message": "Calendar"
   },
   "7845751753397906805": {
      "message": "Se han encontrado cambios en conflicto"
   },
   "7852396628465259068": {
      "message": "Foto de perfil"
   },
   "7859526172011446452": {
      "message": "Dejar de enviar contenido"
   },
   "78870906674150830": {
      "message": "$3​$1​$2​"
   },
   "7895643887742936844": {
      "message": "punto y coma"
   },
   "7899833760457194273": {
      "message": "Búsqueda de imágenes"
   },
   "7899913952063063825": {
      "message": "Imagen eliminada"
   },
   "7906726367011430855": {
      "message": "Conectar"
   },
   "7910518224461588465": {
      "message": "Amarillo"
   },
   "7953603850004320936": {
      "message": "Vista previa no disponible."
   },
   "7957306528733096600": {
      "message": "Acción completada"
   },
   "7960528690514646841": {
      "message": "{moreCount,plural, =0{unused plural form}=1{+ 1 persona más}other{+ {moreCount} personas más}}"
   },
   "7973635145070803181": {
      "message": "Subir fotos"
   },
   "7987180255015869513": {
      "message": "O bien, pega una dirección web aquí:"
   },
   "8011497727123874703": {
      "message": "Botón de carpeta $1​"
   },
   "8016231262233952856": {
      "message": "Turquesa"
   },
   "8019402848412685977": {
      "message": "Se ha cambiado el nombre de \"$2​\" a \"$1​\"."
   },
   "8023466614826324314": {
      "message": "Las fotos se compartirán con un público amplio."
   },
   "8043514121228710092": {
      "message": "Añadir imagen"
   },
   "8044700199531805239": {
      "message": "$3​$1​$2​ se ha conectado."
   },
   "8069384932934428393": {
      "message": "en $1​ minuto"
   },
   "8081927474846706026": {
      "message": "No hay dibujos."
   },
   "8090743714060857028": {
      "message": "Los lectores no pueden descargar"
   },
   "8095838445486198080": {
      "message": "{FILE_SIZE,plural, =0{0 bytes}=1{1 byte}other{# bytes}}"
   },
   "8099047958506869131": {
      "message": "{VIEWER_GENDER,select, female{Nueva carpeta}male{Nueva carpeta}other{Nueva carpeta}}"
   },
   "8100558294600077150": {
      "message": "Búsqueda de blogs"
   },
   "8105635255693472607": {
      "message": "Añadir nuevos elementos"
   },
   "8106780183458743723": {
      "message": "Álbumes de fotos"
   },
   "8112699352770418817": {
      "message": "No se ha encontrado ningún libro."
   },
   "8132410616064087953": {
      "message": "El vídeo es demasiado largo (la duración máxima es $1​ segundos)."
   },
   "8135145577663029437": {
      "message": "Guardar ambas"
   },
   "8146560259680897627": {
      "message": "Cancelar"
   },
   "8158191101452862916": {
      "message": "Insertar imágenes"
   },
   "8159493406018222636": {
      "message": "Enviar opinión"
   },
   "8172945196588870035": {
      "message": "Eventos"
   },
   "8174654098152723289": {
      "message": "Editar descripción"
   },
   "8178754379486173416": {
      "message": "{VIEWER_GENDER,select, female{Has seleccionado muy pocos elementos, debes seleccionar alguno más.}male{Has seleccionado muy pocos elementos, debes seleccionar alguno más.}other{Has seleccionado muy pocos elementos, debes seleccionar alguno más.}}"
   },
   "8192378456655629049": {
      "message": "Procesando vídeo..."
   },
   "8193991135666622583": {
      "message": "Keep"
   },
   "821942580510564685": {
      "message": "Introduce la contraseña de este documento para verlo"
   },
   "8239237134193392595": {
      "message": "Las notificaciones de recordatorio de ubicación solo aparecen en los dispositivos móviles."
   },
   "8267458240960831780": {
      "message": "Autenticando..."
   },
   "8281141013543828574": {
      "message": "Imagen RAW"
   },
   "8281678863271800533": {
      "message": "Filtro de imagen"
   },
   "8283103456188558313": {
      "message": "Presentaciones"
   },
   "8290434443655418968": {
      "message": "{filesCount,plural, =0{unused plural form}=1{No se puede subir el archivo seleccionado ([{file}]).}other{No se pueden subir los archivos seleccionados ([{files}]).}}"
   },
   "8304474373444239435": {
      "message": "Respuesta de $1​."
   },
   "8322416564157128458": {
      "message": "Compartir"
   },
   "8324195080917648153": {
      "message": "El vídeo no cabe aquí. Amplía un poco más la ventana de tu navegador."
   },
   "8337582740675387693": {
      "message": "Java"
   },
   "8342684858400436871": {
      "message": "tab"
   },
   "8379952094517631162": {
      "message": "No"
   },
   "8409393124758970712": {
      "message": "$2​ x $1​"
   },
   "8412684147928483084": {
      "message": "Negro"
   },
   "8435544675017330861": {
      "message": "No hay elementos que coincidan con la búsqueda."
   },
   "8436817383042650304": {
      "message": "bloq mayús"
   },
   "8451184312655705174": {
      "message": "Si la URL es correcta, aparecerá una vista previa aquí. Las imágenes de gran tamaño pueden tardar unos minutos en mostrarse."
   },
   "8467894483369467251": {
      "message": "Flash"
   },
   "8506198918368329269": {
      "message": "Los resultados mostrados están etiquetados para volver a utilizarlos de forma comercial con modificaciones."
   },
   "8571315158566081191": {
      "message": "No hay hojas de cálculo."
   },
   "8580600056399054303": {
      "message": "Elige la ubicación de los elementos nuevos o marcados"
   },
   "8595175575778060149": {
      "message": "Más"
   },
   "8596257056433048992": {
      "message": "Te damos la bienvenida a"
   },
   "8616342546716995946": {
      "message": "Entendido"
   },
   "8621067185485606452": {
      "message": "ECMAScript"
   },
   "8638281560898810401": {
      "message": "{MINUTES,plural, =0{0 minutos }=1{1 minuto }other{# minutos }}{SECONDS,plural, =0{0 segundos.}=1{1 segundo.}other{# segundos.}}"
   },
   "863955692838281739": {
      "message": "Cerrar"
   },
   "8643398764569428530": {
      "message": "¿Permitir que Google Keep muestre notificaciones?"
   },
   "8652566647088230560": {
      "message": "Confidencial en pruebas internas"
   },
   "8660016472468563221": {
      "message": "dos puntos"
   },
   "8663507590720636709": {
      "message": "$1​ y otros $2​"
   },
   "8666643061920113075": {
      "message": "{VIEWER_GENDER,select, female{Pega una URL de imagen aquí:}male{Pega una URL de imagen aquí:}other{Pega una URL de imagen aquí:}}"
   },
   "8674222789100049233": {
      "message": "Cerrar"
   },
   "86815590954366945": {
      "message": "Lista de contenido archivado"
   },
   "8709611758728645225": {
      "message": "av pág"
   },
   "8711002053494037632": {
      "message": "Todos los elementos desmarcados"
   },
   "8748281640412284111": {
      "message": "Imágenes de archivo"
   },
   "8759520888087120926": {
      "message": "No hay secuencias de comandos."
   },
   "8775097441636640256": {
      "message": "$2​ - $1​"
   },
   "8780212274435014958": {
      "message": "Círculos"
   },
   "8781837301864053001": {
      "message": "Texto con formato"
   },
   "8792038552136453044": {
      "message": "¡Vaya! Se ha producido un error"
   },
   "8793166064242077041": {
      "message": "Se ha producido un problema con la visualización de esta imagen."
   },
   "8813101408630252335": {
      "message": "$1​ s"
   },
   "8820281478062782578": {
      "message": "Buscar"
   },
   "8822326207328431952": {
      "message": "La subida de imágenes no está disponible"
   },
   "8840223453482998505": {
      "message": "Carpeta $1​ seleccionada"
   },
   "8845176264121061589": {
      "message": "Desmarcar todos los elementos"
   },
   "8850238112725591771": {
      "message": "acceso directo $1​"
   },
   "8852550049823214385": {
      "message": "y, a continuación,"
   },
   "8883744193208363722": {
      "message": "Hay una actualización disponible para la aplicación."
   },
   "8884900765322249670": {
      "message": "Vista de lista"
   },
   "8889019648958415451": {
      "message": "Archivo desconocido"
   },
   "8911996820409711834": {
      "message": "Mover texto a nuevo elemento de lista &raquo;"
   },
   "8916237870980173557": {
      "message": "Conectando..."
   },
   "8917554093651202032": {
      "message": "Reproducir $1​"
   },
   "8919660666733306860": {
      "message": "Imagen"
   },
   "8930959387403789939": {
      "message": "Recordatorio"
   },
   "8943760679396635042": {
      "message": "Mostrando $1​."
   },
   "8953555255469284376": {
      "message": "Arrastra las imágenes aquí"
   },
   "8979615310931291676": {
      "message": "Modificada: $1​"
   },
   "8986044948621891903": {
      "message": "Escribe la consulta de búsqueda en el cuadro de arriba para obtener resultados mediante la Búsqueda web de Google."
   },
   "901615442107785480": {
      "message": "Archivar nota/lista"
   },
   "9024023699330078373": {
      "message": "Al abrir este elemento se añadirá a tu cuenta de Drive"
   },
   "9028041601596584772": {
      "message": "Ubicación"
   },
   "9058308423774656474": {
      "message": "Procesador de texto Hangul"
   },
   "9083935734710258396": {
      "message": "Rechazar"
   },
   "9094248058931620597": {
      "message": "Panel de detalles contraído."
   },
   "9114674068220302553": {
      "message": "Como archivo adjunto"
   },
   "911586799466052745": {
      "message": "OpenOffice Draw"
   },
   "9130962320402467249": {
      "message": "Fotos de archivo"
   },
   "9146716987301178362": {
      "message": "Se ha detectado un error. Vuelve a cargar la página."
   },
   "9165877886714239857": {
      "message": "No se puede guardar el texto de la imagen. Vuelve a intentarlo más tarde."
   },
   "916773043895242978": {
      "message": "La URL de imagen que has introducido arriba no es correcta o no se puede cargar. Introduce una URL correcta."
   },
   "9173629944963872598": {
      "message": "No se ha encontrado ningún evento."
   },
   "9182500445937900938": {
      "message": "Cerrar"
   },
   "9195941533351099011": {
      "message": "Subiendo $1​ de $2​"
   },
   "9197837492705576727": {
      "message": "Ir al siguiente elemento"
   },
   "919969969251998566": {
      "message": "Extrae este archivo en tu cuenta de correo."
   },
   "9203542510134660095": {
      "message": "Se ha iniciado la tarea de extracción. El contenido del archivo aparecerá en la carpeta \"$1​\" de Drive."
   },
   "940276535015195877": {
      "message": "No hay carpetas."
   },
   "943493480163896757": {
      "message": "{resultCount,plural, =1{# nota que coincide}other{# notas que coinciden}}"
   },
   "951963820437151566": {
      "message": "Google Sites"
   },
   "95809842507987016": {
      "message": "Eliminar"
   },
   "963611681085757795": {
      "message": "No se puede generar una vista del documento en este momento."
   },
   "96556988207614774": {
      "message": "Calendarios"
   },
   "974042541427403929": {
      "message": "Azul"
   },
   "980395722421409371": {
      "message": "No se ha encontrado ningún mapa."
   },
   "982187142411651629": {
      "message": "Aceptar"
   },
   "985197728509875956": {
      "message": "Chemical Model"
   },
   "996381410993745580": {
      "message": "Photoshop"
   },
   "998727788921602971": {
      "message": "Vídeos"
   },
   "appDesc": {
      "description": "App description",
      "message": "Apunta rápidamente todo lo que te pase por la cabeza y consúltalo donde y cuando quieras."
   },
   "appName": {
      "description": "App name.",
      "message": "Google Keep: notas y listas"
   }
}
