{
   "1006787209796778126": {
      "message": "‏Drive من"
   },
   "1017907757187630742": {
      "message": "قلم‌های من"
   },
   "1029072043275376320": {
      "message": "تقویمی یافت نشد."
   },
   "1030781695901615026": {
      "message": "پایین"
   },
   "103870949919613488": {
      "message": "یادداشت بایگانی شد"
   },
   "1039394921418415681": {
      "message": "ورود به سیستم"
   },
   "1083918249169198626": {
      "message": "کلیدهای میانبر صفحه‌کلید غیرفعال هستند."
   },
   "1090919586152138659": {
      "message": "عکس آرشیوی"
   },
   "1101371910696766077": {
      "message": "ایجاد کپی"
   },
   "1107413433574576014": {
      "message": "عنوان خیلی بزرگ است. نوشتار برجسته شده ذخیره نخواهد شد."
   },
   "1127320433256851404": {
      "message": "پخش‌کننده ویدیو"
   },
   "1162642135048988280": {
      "message": "تغییر نام سند"
   },
   "1166244120191806795": {
      "message": "ارائه بازخورد"
   },
   "1179891706526242218": {
      "message": "بعدی"
   },
   "1185164838496022543": {
      "message": "لطفاً برای تازه‌سازی صفحه اینجا را کلیک کنید."
   },
   "1185644932132585290": {
      "message": "$1​ نویسه باقی‌مانده است"
   },
   "1213005208968286932": {
      "message": "دارای علامت به عنوان حل و فصل شده"
   },
   "1263557413037343589": {
      "message": "سازماندهی عکس‌ها"
   },
   "1263685395252160366": {
      "message": "LaTeX"
   },
   "1311350045083871503": {
      "message": "لغو"
   },
   "1311729747516144362": {
      "message": "قرمز"
   },
   "1315844696796851207": {
      "message": "Sans Serif"
   },
   "1319037146426591038": {
      "message": "یا"
   },
   "132822872080714863": {
      "message": "تأیید"
   },
   "133192954417440569": {
      "message": "نتیجه‌ای یافت نشد."
   },
   "1349697396109290623": {
      "message": "نمایش تفکیک‌پذیری بالاتر برای $1​"
   },
   "1376126796144976437": {
      "message": "همه قلم‌ها"
   },
   "139942704574044780": {
      "message": "پذیرفتن"
   },
   "141491180325662484": {
      "message": "‏Google Drive مکانی واحد برای نگهداری همه فایل‌های شماست تا بتوانید از هر جا و هر دستگاهی به آن‌ها دسترسی داشته باشید. وقتی عکس‌هایی در Google Drive قرار دادید، می‎توانید بلافاصله آن‌ها را با حلقه‎هایتان در اینجا به اشتراک بگذارید."
   },
   "1418114637490664392": {
      "message": "‏بایگانی عکس LIFE"
   },
   "1419896259743862406": {
      "message": "باز کردن با"
   },
   "1440171352837969028": {
      "message": "صوتی/تصویری"
   },
   "1441487391064925653": {
      "message": "مشاهده تمام میانبرها در مرکز راهنمایی"
   },
   "1446829548948002072": {
      "message": "کاما"
   },
   "1454684154234137497": {
      "message": "pause"
   },
   "1459765068821943106": {
      "message": "{VIEWER_GENDER,select, female{‏نشانی اینترنتی YouTube را اینجا جای‌گذاری کنید:}male{‏نشانی اینترنتی YouTube را اینجا جای‌گذاری کنید:}other{‏نشانی اینترنتی YouTube را اینجا جای‌گذاری کنید:}}"
   },
   "1463079206290378085": {
      "message": "‏عکس‌های Orkut"
   },
   "1463389029497634261": {
      "message": "کم کردن صدا"
   },
   "1475179211173444554": {
      "message": "همه افراد دارای پیوند در این دامنه"
   },
   "1492360016907725281": {
      "message": "{VIEWER_GENDER,select, female{نشانی اینترنتی ویدیو را اینجا جای‌گذاری کنید:}male{نشانی اینترنتی ویدیو را اینجا جای‌گذاری کنید:}other{نشانی اینترنتی ویدیو را اینجا جای‌گذاری کنید:}}"
   },
   "1493251742569121894": {
      "message": "یادداشت خیلی بزرگ است. نوشتار برجسته شده ذخیره نخواهد شد."
   },
   "1493384967280942491": {
      "message": "صورتی"
   },
   "1499433769420882987": {
      "message": "در حال نمایش $1​"
   },
   "1505876360160857231": {
      "message": "$1​ ترابایت"
   },
   "1521707405717823409": {
      "message": "بنفش"
   },
   "153439508598626384": {
      "message": "عکس‌های شما"
   },
   "1536051766421561160": {
      "message": "مساوی"
   },
   "156992719062713230": {
      "message": "خاکستری"
   },
   "1586968957182554447": {
      "message": "غیرفعال کردن"
   },
   "1588268697057804046": {
      "message": "$1​ ساعت پیش"
   },
   "1603139897109307706": {
      "message": "خطا، لطفاً دوباره امتحان کنید"
   },
   "1604359562654146902": {
      "message": "عکس"
   },
   "1633370388224271051": {
      "message": "فردی یافت نشد."
   },
   "1633798963327779260": {
      "message": "فردا"
   },
   "1654222450095043962": {
      "message": "صوتی"
   },
   "1656911987308166143": {
      "message": "حذف"
   },
   "1665821947855814052": {
      "message": "اندازه"
   },
   "1692901784886701962": {
      "message": "یادداشت خیلی بزرگ است."
   },
   "1697160643589236962": {
      "message": "$1​ پتابایت"
   },
   "1700522311470719738": {
      "message": "به من یادآوری شود"
   },
   "1701312243672511585": {
      "message": "‏انتقال نوشتار به یادداشت جدید &raquo;"
   },
   "1709410429018687341": {
      "message": "صبح ($1​)"
   },
   "1715552550526864429": {
      "message": "جستجوی وبلاگ‌ها"
   },
   "171683163267149669": {
      "message": "$1​ گیگابایت"
   },
   "1739900012825270238": {
      "message": "رفتن به مورد قبلی"
   },
   "1756171223417807431": {
      "message": "مطمئن شوید تصویر عمومی است. اگر تصویر شما با گذرواژه‌ای حفاظت شده است  یا در یک شبکه داخلی قرار دارد، نمی‌توانیم آن را بخوانیم."
   },
   "1759957963056319953": {
      "message": "بازگشت از $1​"
   },
   "1783719421893050637": {
      "message": "ابعاد"
   },
   "178927681797742562": {
      "message": "ورود به سیستم"
   },
   "1791115075948268631": {
      "message": "باز کردن راهنمای میانبر صفحه‌کلید"
   },
   "1808245543551507519": {
      "message": "صوتی"
   },
   "1816851800848432562": {
      "message": "حذف"
   },
   "1818306025747564729": {
      "message": "رفتن به پیوند"
   },
   "1823222042913714987": {
      "message": "ارسال گذرواژه"
   },
   "1823854753950594157": {
      "message": "باقی ماندن"
   },
   "1830157062072535681": {
      "message": "در حال نمایش $1​"
   },
   "185012928288875755": {
      "message": "هیچ موردی با معیار شما مطابقت نداشت."
   },
   "1856444915090632305": {
      "message": "سند رمزگذاری شده است. لطفاً گذرواژه را وارد کنید."
   },
   "1866863108233180413": {
      "message": "پوشه‌ها"
   },
   "187077078156858455": {
      "message": "یادداشت‌ صوتی"
   },
   "189303170370862360": {
      "message": "$1​ از $2​ مورد"
   },
   "1900571668686750716": {
      "message": "vCard"
   },
   "1901351411358749070": {
      "message": "اشتراک‌گذاری شده با من"
   },
   "1913425963149828429": {
      "message": "‏استخراج این بایگانی در Drive."
   },
   "1918176455405610789": {
      "message": "انجام شد"
   },
   "1920189655549476211": {
      "message": "مدت نامعلوم"
   },
   "1929603188252533075": {
      "message": "ویدیوی شما حذف نشد. لطفاً دوباره امتحان کنید."
   },
   "1951810091681076784": {
      "message": "{COUNT_1,plural, =1{۱ یادداشت منطبق}one{{COUNT_2} matching notes}other{{COUNT_2} یادداشت منطبق}}"
   },
   "1956794332842050061": {
      "message": "صفحه بعد"
   },
   "1965626377712226216": {
      "message": "Keynote"
   },
   "1968405748623909021": {
      "message": "یکی از برنامه‌های زیر را برای بازکردن یا ویرایش این مورد امتحان کنید"
   },
   "1974063091619095703": {
      "message": "افراد"
   },
   "1988244842147989817": {
      "message": "یادداشت‌های موجود در پوشه حذف‌شده‌ها پس از ۷ روز حذف می‌شوند."
   },
   "1993674829873313178": {
      "message": "برای آپلود کردن مشکل دارید؟ ما در حال انجام تعمیر و نگهداری هستیم، ولی به زودی همه چیز به حالت عادی بازمی‌گردد."
   },
   "2003845117979929469": {
      "message": "جزئیات"
   },
   "2048322072989992494": {
      "message": "هنوز کسی فایلی را با شما به اشتراک نگذاشته است!"
   },
   "2055836117545582610": {
      "message": "تنظیمات فهرست"
   },
   "2059084517358086391": {
      "message": "بستن نوار جستجو"
   },
   "2061440050632248160": {
      "message": "بایگانی"
   },
   "2068023589621557589": {
      "message": "‏قلم TrueType"
   },
   "2073035325657060696": {
      "message": "هیچ پیش‌نمایشی در دسترس نیست."
   },
   "2073322475696388995": {
      "message": "پرش به جلو"
   },
   "207810168108507460": {
      "message": "$1​ ساعت پیش"
   },
   "2109272338124379867": {
      "message": "آخرین اصلاح"
   },
   "2116013171202209313": {
      "message": "انتخاب"
   },
   "2122256657192674586": {
      "message": "جستجوی ویدیوها"
   },
   "2125135092719715773": {
      "message": "آپلود"
   },
   "212796670323571824": {
      "message": "تأیید"
   },
   "213665695896111861": {
      "message": "یادداشت‌ها"
   },
   "2138593281154109183": {
      "message": "بایگانی"
   },
   "2147952938331523160": {
      "message": "تغییر نام..."
   },
   "2154372123324862271": {
      "message": "ممیز"
   },
   "2154940358270068005": {
      "message": "حفظ یادداشت‌های حذف شده به مدتی طولانی‌تر"
   },
   "2184278444368405837": {
      "message": "$1​ مورد"
   },
   "2187239650627580457": {
      "message": "ارسال"
   },
   "2198096971937872560": {
      "message": "یادآوری:"
   },
   "220168959069469607": {
      "message": "عملکردهای بیشتر"
   },
   "221715292685577880": {
      "message": "بله"
   },
   "2220005860896049129": {
      "message": "با عرض پوزش، پیدا کردن سند در منبع اصلی مدت زمان زیادی طول کشیده است."
   },
   "2228413078211839077": {
      "message": "با عرض پوزش، برای تولید نما از این سند موقتاً مشکل داریم."
   },
   "2235097878790803849": {
      "message": "‏پیوست کردن را فراموش کنید. به Google Drive سلام کنید."
   },
   "2257303402199718039": {
      "message": "با عرض پوزش، نتوانستیم سند را در منبع اصلی پیدا کنیم. بررسی کنید که سند هنوز وجود داشته باشد."
   },
   "2274436793504233543": {
      "message": "لغو"
   },
   "2278224983638451454": {
      "message": "همین حالا آن را دریافت کنید"
   },
   "2280650195464600721": {
      "message": "پیمایش"
   },
   "2285069188138705005": {
      "message": "برنامه‌های مرتبط"
   },
   "2289534534793293486": {
      "message": "خارج کردن از بایگانی"
   },
   "2289812403593835836": {
      "message": "Pages"
   },
   "229177484946387188": {
      "message": "Google Earth"
   },
   "2292696732672795285": {
      "message": "زیاد کردن صدا"
   },
   "230180475614658119": {
      "message": "انجام شد"
   },
   "2304293593067358316": {
      "message": "قطعه هنری"
   },
   "2310145944356900158": {
      "message": "دارای علامت"
   },
   "2311880726221661199": {
      "message": "در حال بارگیری تفکیک‌پذیری بالاتر"
   },
   "2329167963662998826": {
      "message": "‏Google Keep می‌خواهد از موقعیت مکانی شما برای بهبود پیشنهادهای مکان برای یادآوری‌های مبتنی بر مکان استفاده کند."
   },
   "234046557601727809": {
      "message": "هیچ تصویر یا ویدیویی موجود نیست."
   },
   "2349912757088764940": {
      "message": "قابل مشاهده برای:"
   },
   "2359614137862708172": {
      "message": "تبدیل"
   },
   "2370463380397641604": {
      "message": "میانبرهای پرطرفدار صفحه‌کلید"
   },
   "2370656573843123707": {
      "message": "قلاب راست"
   },
   "2393487423640708285": {
      "message": "‏این نشانی اینترنتی معتبر نیست. مطمئن شوید آدرس با http://‎ یا https://‎ شروع می‌شود."
   },
   "2405795704816921421": {
      "message": "فایل $1​"
   },
   "2412314804333167252": {
      "message": "‏این صفحه گسترده بیش از حد بزرگ است. برای $3​دانلود$1​ یا $4​ویرایش در ویرایشگر صفحات گسترده Google‏$1​ کلیک کنید."
   },
   "2418104318933043113": {
      "message": "Google Image Search"
   },
   "2433429041384246549": {
      "message": "بی‌صدا"
   },
   "2449254824382583885": {
      "message": "بازشو"
   },
   "2452522051596946166": {
      "message": "اوه! پیش‌نمایش $1​ با مشکل مواجه شد. در حال تلاش مجدد."
   },
   "2454642351139428112": {
      "message": "واگرد"
   },
   "2466251465475184755": {
      "message": "پوشه حذف‌شده‌ها خالی شود؟ کلیه یادداشت‌های موجود در پوشه حذف‌شده‌ها به صورت دائم حذف می‌شوند."
   },
   "2475181823688399272": {
      "message": "بعدی"
   },
   "2484568559152875936": {
      "message": "آلبوم عکسی موجود نیست."
   },
   "2504232652631703202": {
      "message": "مرتبط"
   },
   "251025074207413762": {
      "message": "افزودن یک توضیح"
   },
   "2510929871271209216": {
      "message": "این صفحه گسترده بیش از حد بزرگ است. برای دانلود آن $2​اینجا$1​ را کلیک کنید."
   },
   "2513437337377210144": {
      "message": "end"
   },
   "2524021436052870191": {
      "message": "این فایل آپلود نمی‌شود. فقط فایل‌های $1​ کمتر از $2​ مگابایت آپلود می‌شوند."
   },
   "2532280782491328445": {
      "message": "یافتن مورد قبلی"
   },
   "2538080331309772448": {
      "message": "مرتب‌سازی: $1​"
   },
   "2538462904124380434": {
      "message": "یادداشت به حذف شده‌ها منتقل شد"
   },
   "2546225293834487484": {
      "message": "یادداشت"
   },
   "2558480112329900136": {
      "message": "خاکستری"
   },
   "257317112834806705": {
      "message": "جابه‌جایی بین نماهای فهرست‌وار و جدولی"
   },
   "2579679351920691492": {
      "message": "پرش به عقب"
   },
   "2587566920590457715": {
      "message": "Maps Engine Lite"
   },
   "2609409316752026806": {
      "message": "PDF"
   },
   "2609750184896485102": {
      "message": "ویدیوهای تلفن"
   },
   "2615188670181508661": {
      "message": "شما اخیراً چیزی انتخاب نکرده‌اید!"
   },
   "2623861453769098676": {
      "message": "پیش‌نمایش این سند با مشکل مواجه شد."
   },
   "2628268670001557269": {
      "message": "سهمیه"
   },
   "2643241712502664984": {
      "message": "‏ویدیوهای YouTube شما"
   },
   "2661850177130037208": {
      "message": "باز کردن مورد"
   },
   "2681830832355823748": {
      "message": "جستجوی همه میانبرها"
   },
   "2687303256387847763": {
      "message": "محبوبیت"
   },
   "2702485557996900362": {
      "message": "ویرایش‌های متناقض را رفع کنید"
   },
   "2705842902318123127": {
      "message": "پیمایش به یادداشت/فهرست بعدی/قبلی"
   },
   "272948685355798518": {
      "message": "نوع فایل نامعتبری انتخاب شده است."
   },
   "2731144323070245943": {
      "message": "تنظیمات فهرست"
   },
   "2742719907061406418": {
      "message": "XML"
   },
   "2750830436677712001": {
      "message": "{VIEWER_GENDER,select, female{‏{FOLDER_NAME} ایجاد نشد.}male{‏{FOLDER_NAME} ایجاد نشد.}other{‏{FOLDER_NAME} ایجاد نشد.}}"
   },
   "2752123004911547510": {
      "message": "پرطرفدار"
   },
   "2758125083752925237": {
      "message": "(مالک)"
   },
   "277430914014962533": {
      "message": "اوه! پیش‌نمایش $1​ با مشکل مواجه شد."
   },
   "2774713922589657910": {
      "message": "همه افراد در این دامنه"
   },
   "2786560864906393383": {
      "message": "عکس‌های تلفن"
   },
   "2789687492331041935": {
      "message": "انتخاب زمان"
   },
   "2790446494460492805": {
      "message": "کار استخراج شروع شد. پیام‌های بایگانی درحساب ایمیلتان زیر عنوان «وارد کردن: $1​» نشان داده می‌شوند."
   },
   "2793841261389879255": {
      "message": "صفحه قبل"
   },
   "2801153442808430222": {
      "message": "‏Drive من"
   },
   "2817277146396981386": {
      "message": "ب.ظ"
   },
   "2818020101821669029": {
      "message": "تاریخ ایجاد"
   },
   "2818135503416309545": {
      "message": "ضبط ویدیو"
   },
   "2827039933590757722": {
      "message": "Windows Shortcut"
   },
   "2829226075651806940": {
      "message": "بزرگ کردن"
   },
   "2860188519781080944": {
      "message": "نارنجی"
   },
   "2861568351294148466": {
      "message": "اسکریپت‌ها"
   },
   "2864281852037732729": {
      "message": "کمتر"
   },
   "2873089307546162154": {
      "message": "تأیید"
   },
   "2877285560485318801": {
      "message": "توقف موقت"
   },
   "2878874627361086801": {
      "message": "پیش‌نمایش"
   },
   "2879276552944958066": {
      "message": "به پوشه $1​ برگردید."
   },
   "289798573180023043": {
      "message": "تأیید"
   },
   "2902747751281161248": {
      "message": "اعمال در لیست‌های جدید"
   },
   "2905147317995482841": {
      "message": "‏تجربه مشاهده را برای همه فایل‌ها در Google Drive به‌روزرسانی کرده‌ایم. اکنون نمای زیباتری دارد و آسان می‌توان آن را استفاده کرد! امیدواریم از این نما لذت ببرید."
   },
   "2917498437550635075": {
      "message": "نماد"
   },
   "2964778642459027786": {
      "message": "یادداشتی در حذف شده‌ها موجود نیست"
   },
   "2974598228601710262": {
      "message": "افزودن"
   },
   "2979466412944870220": {
      "message": "در حال بارگیری پیش‌نمایش..."
   },
   "2982511431742033448": {
      "message": "ارائه‌ای موجود نیست."
   },
   "298817883481775869": {
      "message": "در حال بارگیری…"
   },
   "3000689173481666334": {
      "message": "ویرایش حلقه‌‌تان"
   },
   "3029395493413607486": {
      "message": "پخش‌کننده ویدیو بارگیری نشد. صفحه را بارگیری مجدد کنید.$1​در صورت برطرف نشدن مشکل، $3​با مرکز راهنمایی تماس بگیرید$2​."
   },
   "3043961722025425136": {
      "message": "توضیح"
   },
   "306516303501625305": {
      "message": "تأیید اعتبار انجام نشد."
   },
   "3073005748126521632": {
      "message": "در $1​ یادآوری شد"
   },
   "3074184819310272351": {
      "message": "عکس‌های آپلود شده"
   },
   "3084372889071691504": {
      "message": "{VIEWER_GENDER,select, female{نشانی اینترنتی را اینجا جای‌گذاری کنید:}male{نشانی اینترنتی را اینجا جای‌گذاری کنید:}other{نشانی اینترنتی را اینجا جای‌گذاری کنید:}}"
   },
   "3095645856215493958": {
      "message": "یافتن نوشتار چاپ شده در عکس‌ها"
   },
   "31018542656161389": {
      "message": "بزرگ‌نمایی برای تناسب با صفحه"
   },
   "3109321241584918345": {
      "message": "اتصال برنامه‌های بیشتر..."
   },
   "3121560585545725724": {
      "message": "$1​،‏ $2​"
   },
   "3140236589681731084": {
      "message": "تا $1​ ساعت دیگر"
   },
   "3189854932778515441": {
      "message": "یادداشت در پوشه بایگانی است"
   },
   "3207670492626476064": {
      "message": "جدول‌ها"
   },
   "3211163842850942567": {
      "message": "بزرگ کردن"
   },
   "3222929029344613957": {
      "message": "با عرض پوزش، در هنگام باز کردن این فایل خطایی رخ داد. لطفاً دوباره امتحان کنید."
   },
   "3233388241926683100": {
      "message": "جستجوی یادداشت‌ها"
   },
   "3243829462528324248": {
      "message": "قهوه‌ای"
   },
   "3250489229749307913": {
      "message": "نشر الکترونیکی"
   },
   "3256928852560591255": {
      "message": "در حذف شده‌ها قابل ویرایش نیست"
   },
   "3261131345401321392": {
      "message": "می‌توانید نظر بدهید"
   },
   "3265524298292280681": {
      "message": "گریز"
   },
   "3267563602179728277": {
      "message": "حذف"
   },
   "3272496516667407797": {
      "message": "بارگیری جزئیات با مشکل مواجه شد."
   },
   "3275029321588462173": {
      "message": "هیچ‌کدام"
   },
   "3278237562147211998": {
      "message": "عکس‌های موجود"
   },
   "330603631583186798": {
      "message": "Word"
   },
   "3306487262690341751": {
      "message": "تاریخ و زمان"
   },
   "3312545971976531405": {
      "message": "پیام"
   },
   "3319087486907616296": {
      "message": "فرستادن این مورد"
   },
   "3328129883064940351": {
      "message": "قلم‌ها"
   },
   "3335409796971631780": {
      "message": "‏در حال استخراج در Drive."
   },
   "3343451103608774400": {
      "message": "معرفی $3​نقشه‌های من جدید.$2​$1​جعبه‌ابزاری بهتر برای مسیردهی روی نقشه."
   },
   "3354260708176476985": {
      "message": "‏در حال بارگیری‎&hellip;‎"
   },
   "3357778055650785985": {
      "message": "مورد خیلی بزرگ است. نوشتار برجسته شده ذخیره نخواهد شد."
   },
   "3364679383274077479": {
      "message": "به‌روزرسانی برنامه در دسترس است"
   },
   "3368639944474272225": {
      "message": "با عرض پوزش، نمی‌توانیم سند را برای مشاهده بازیابی کنیم یا شما مجوز لازم را برای مشاهده سند ندارید."
   },
   "3381619429606029445": {
      "message": "Visio"
   },
   "3382236845597426718": {
      "message": "باز کردن"
   },
   "3408219901032480508": {
      "message": "$2​؛ $1​"
   },
   "3409257542937182842": {
      "message": "در حال تلاش مجدد..."
   },
   "3409483962000136213": {
      "message": "پخش/توقف موقت"
   },
   "3418767079436101103": {
      "message": "بارگیری این صفحه با مشکل مواجه شد."
   },
   "3421685394169412932": {
      "message": "هر تغییری که انجام می‌دهید به صورت خودکار ذخیره می‌شود"
   },
   "3422389100099960864": {
      "message": "تصویری موجود نیست."
   },
   "3428726060007577698": {
      "message": "فهرست بیش از حد بزرگ است."
   },
   "3430885603500576146": {
      "message": "فقط تصاویری را انتخاب کنید که تأیید کرده‌اید که مجوز استفاده از آن‌ها را دارید."
   },
   "3440534675925634227": {
      "message": "‏در پنجره مرورگر Chrome، به chrome://settings بروید و مطمئن شوید وارد سیستم شده‌اید. سپس دوباره روی ورود به سیستم کلیک کنید."
   },
   "3446158485617778228": {
      "message": "واگرد"
   },
   "3448234415275521882": {
      "message": "اطلاعات کلی"
   },
   "3448684788258660606": {
      "message": "عکس‌های شما"
   },
   "3450585781337676327": {
      "message": "در حال بارگیری…"
   },
   "3457279184692206825": {
      "message": "عکس‌ها برای همه قابل مشاهده خواهد بود (عمومی در وب)."
   },
   "3468441711253011521": {
      "message": "‏ویرایشگر صفحات گسترده Google"
   },
   "3473620774713000513": {
      "message": "حل و فصل شده"
   },
   "3483438888494819423": {
      "message": "‏ویژگی‌های جدید در Google Keep"
   },
   "3511274344439521198": {
      "message": "عملکردها"
   },
   "3518073392823563581": {
      "message": "میانبرهای صفحه‌کلید"
   },
   "3531603810713611778": {
      "message": "از حداکثر حجم فایل بیشتر شد. لطفاً یک یا چند مورد را لغو انتخاب کنید."
   },
   "3543475399174940144": {
      "message": "$1​+"
   },
   "3547194749488601916": {
      "message": "در حال به‌روزرسانی..."
   },
   "354828103903104581": {
      "message": "موارد علامت‌گذاری شده"
   },
   "3561658662634401836": {
      "message": "عنوان"
   },
   "357172711168973843": {
      "message": "تغییرات یا یادداشت‌هایی که به تازگی اضافه شده، ذخیره نشد. کپی خود را از محتواها ایجاد کنید، سپس تازه‌سازی کنید."
   },
   "3586705906700410505": {
      "message": "طراحی خطی"
   },
   "3587798318180902863": {
      "message": "{NUM_SELECTED,plural, =1{ مورد انتخاب شده »}one{ selected »}other{ مورد انتخاب شده »}}"
   },
   "3595000514985906359": {
      "message": "Excel"
   },
   "3602920441714068008": {
      "message": "روز $1​ ساعت $2​ یادآوری شد"
   },
   "3608606849109645545": {
      "message": "نام جدیدی برای سند وارد کنید:"
   },
   "361202495024972887": {
      "message": "آپلود ویدیوها"
   },
   "361630518611593946": {
      "message": "پنهان کردن کادر تأیید"
   },
   "3625886392901506764": {
      "message": "یا"
   },
   "3643146117250542609": {
      "message": "‏فایل PDF موجود نیست."
   },
   "3645728163953189422": {
      "message": "با عرض پوزش، نمی‌توانیم سند را برای مشاهده بازیابی کنیم زیرا بیش از حد بزرگ است."
   },
   "3651893685901703652": {
      "message": "..."
   },
   "3657386785336906042": {
      "message": "ممیز وارونه"
   },
   "3659554681396757189": {
      "message": "بازشده توسط من"
   },
   "3663571259791438207": {
      "message": "گزارش سوءاستفاده"
   },
   "3664842788764635265": {
      "message": "هیچ‌کدام"
   },
   "3666123569747918021": {
      "message": "این سند دارای تغییرات ذخیره نشده‌ای است. آیا می‌خواهید از صفحه خارج شوید و تغییراتتان را نادیده بگیرید؟"
   },
   "3673346558112798837": {
      "message": "بدون پس‌زمینه"
   },
   "3674811252904549204": {
      "message": "عکس‌های زمینه"
   },
   "3678477908297567934": {
      "message": "زیرخط"
   },
   "3681747688524363195": {
      "message": "بالا"
   },
   "3690515530505404607": {
      "message": "پخش این ویدیو با مشکل مواجه شد."
   },
   "369764661829607970": {
      "message": "{NUM_ITEMS,plural, =0{هیچ موردی وجود ندارد}=1{۱ مورد}one{# مورد}other{# مورد}}"
   },
   "3712215972250917265": {
      "message": "نظرات"
   },
   "3717138719704492547": {
      "message": "لطفاً آدرس را از نظر اشتباه تایپی بررسی کنید."
   },
   "374088101949877889": {
      "message": "بستن"
   },
   "3745308627628779133": {
      "message": "پوشه جدید"
   },
   "3748461364828242354": {
      "message": "انتخاب رنگ"
   },
   "3770795578481676514": {
      "message": "زرد"
   },
   "3771958676925493302": {
      "message": "حذف فیلتر: $1​"
   },
   "3779945546806941187": {
      "message": "تک‌رنگ"
   },
   "3793086499925031123": {
      "message": "باز کردن نوار جستجو / یافتن مورد قبلی"
   },
   "37992665410817181": {
      "message": "دوباره باز شده"
   },
   "3801617971018550169": {
      "message": "دیروز"
   },
   "3808213429720572062": {
      "message": "بازیابی"
   },
   "381100310424863459": {
      "message": "Illustrator"
   },
   "3842411126100113634": {
      "message": "pg-up"
   },
   "3844047145949375230": {
      "message": "اسناد"
   },
   "3858324058837632381": {
      "message": "پخش این فایل صوتی با مشکل مواجه شد."
   },
   "3864575916269080329": {
      "message": "تصاویر قابل جستجو"
   },
   "3866373087987934712": {
      "message": "آپلود ناموفق بود: $1​"
   },
   "3869166581651870488": {
      "message": "پایان ویرایش"
   },
   "3873215756962047275": {
      "message": "بایگانی"
   },
   "3873467440437675460": {
      "message": "متأسفیم! ما نتوانستیم قلم‌هایی را که قبلاً انتخاب کرده بودید پیدا کنیم."
   },
   "3897281533382850749": {
      "message": "لغو بی‌صدا"
   },
   "3936153839186254186": {
      "message": "نمایش: $1​"
   },
   "3955760658925284765": {
      "message": "سعی مجدد"
   },
   "3974064131130689245": {
      "message": "نمای جدولی"
   },
   "3977699855735576796": {
      "message": "بارگیری صفحات بیشتر با مشکل مواجه شد."
   },
   "3988418762222300024": {
      "message": "نقطه"
   },
   "3989552504822984034": {
      "message": "‏طرح‌های Google"
   },
   "4005725939358875643": {
      "message": "عملکرد واگرد شد."
   },
   "4014287326684608407": {
      "message": "فیروزه‌ای"
   },
   "4048275292053012394": {
      "message": "مخاطبین"
   },
   "4059387791040010947": {
      "message": "Meta"
   },
   "4067915791853673774": {
      "message": "{VIEWER_GENDER,select, female{بستن}male{بستن}other{بستن}}"
   },
   "4078179869358383373": {
      "message": "نتیجه‌ای یافت نشد."
   },
   "4087667435414545203": {
      "message": "دیگر در سیستم حضور ندارید. برای انجام تغییرات تازه‌سازی کنید."
   },
   "4093134637041332383": {
      "message": "بیشتر بدانید"
   },
   "4097007735221462946": {
      "message": "طراحی‌ها"
   },
   "4097921967754832323": {
      "message": "خط تیره"
   },
   "4100504115801514799": {
      "message": "یادداشت بازیابی شد"
   },
   "4119294114251628099": {
      "message": "نشانی اینترنتی تصویری که مشخص کردید قابل بازیابی نیست. ممکن است این نشانی اینترنتی خصوصی باشد که سرورهای ما نمی‌توانند به آن دسترسی پیدا کنند. لطفاً نشانی اینترنتی دیگری امتحان کنید."
   },
   "4134385041569168669": {
      "message": "در حال بارگیری..."
   },
   "4148564423510181521": {
      "message": "پاک کردن جستجو"
   },
   "4152315289461886": {
      "message": "کنترل‌های سند"
   },
   "4168280976997555951": {
      "message": "سندی موجود نیست."
   },
   "4174786386751618325": {
      "message": "یادداشت تصویری"
   },
   "4182427157920112948": {
      "message": "مَد"
   },
   "4200426647595470259": {
      "message": "شروع پخش فایل صوتی"
   },
   "4200911267543705377": {
      "message": "‏برای پیدا کردن نتایج وبلاگ با استفاده از Google Blog Search، جستجوی خود را در کادر بالا تایپ کنید."
   },
   "4205329094859140439": {
      "message": "ق.ظ"
   },
   "4211182812451835307": {
      "message": "می‌تواند ویرایش کند"
   },
   "4211806608204126222": {
      "message": "$2​شرایط سرویس$1​"
   },
   "4214190403999219403": {
      "message": "بزرگ‌نمایی"
   },
   "4230101516585408149": {
      "message": "نوشتن یادداشت جدید"
   },
   "4253741616909644861": {
      "message": "عبارت‌‏‌‌های جستجو"
   },
   "4280747719095153198": {
      "message": "نظر حل‌وفصل شده"
   },
   "4286663890332754386": {
      "message": "آپلود انجام نشد."
   },
   "4299690446455033653": {
      "message": "Works"
   },
   "4314643310615423802": {
      "message": "شما از سیستم خارج شده‌اید."
   },
   "4318861667254318892": {
      "message": "Google Video"
   },
   "4319229296464464147": {
      "message": "تاریخ افزودن"
   },
   "4320831042030778": {
      "message": "لغو"
   },
   "4332252081504252077": {
      "message": "اوه!"
   },
   "4338991104991831337": {
      "message": "تصاویر"
   },
   "4339705658383891586": {
      "message": "تمام رنگی"
   },
   "4343825450663233452": {
      "message": "می‌تواند مشاهده کند"
   },
   "4343836986248234462": {
      "message": "مورد فهرست"
   },
   "435214284915110062": {
      "message": "باز کردن نوار جستجو"
   },
   "4372755508519489521": {
      "message": "نمایش جدولی"
   },
   "4391715930031906467": {
      "message": "یافتن مورد بعدی"
   },
   "4395845663892873002": {
      "message": "home"
   },
   "4422985761498356257": {
      "message": "باز کردن با"
   },
   "4430062722430863019": {
      "message": "یادداشت برای همیشه حذف شود؟"
   },
   "4439812492856303238": {
      "message": "متأسفیم! هنگام پردازش مورد انتخابی‌تان خطای غیرمنتظره‌ای روی داد. لطفاً بعداً دوباره امتحان کنید."
   },
   "4444571967705751871": {
      "message": "حذف شده‌ها"
   },
   "4466605492523079635": {
      "message": "ذخیره‌"
   },
   "4468872996560163913": {
      "message": "پوشه حذف‌شده‌ها اکنون خالی شود"
   },
   "4473912481270012588": {
      "message": "‏در Drive ذخیره شد - انتقال به:"
   },
   "45228242181482134": {
      "message": "پخش"
   },
   "4536519876526589338": {
      "message": "چهره‌نمای $1​."
   },
   "4552045407215325033": {
      "message": "نشانی اینترنتی ویدیویی که در بالا وارد کرده‌اید بارگیری نمی‌شود. لطفاً مطمئن شوید آدرس صحیح است و مربوط به یک سایت پشتیبانی‌شده است."
   },
   "4564682305303579317": {
      "message": "ادامه"
   },
   "456498742882714639": {
      "message": "انتقال به:"
   },
   "4588500131398315347": {
      "message": "ایجاد حلقه"
   },
   "4604402426271704651": {
      "message": "بدون عکس"
   },
   "4620034373159179678": {
      "message": "صفحه $1​ از $2​"
   },
   "4630690108252818511": {
      "message": "تصویری یافت نشد."
   },
   "468283184702431827": {
      "message": "عملکرد شروع شد"
   },
   "4695897771458936174": {
      "message": "‏اشتراک‌گذاری عکس‌ها از Google Drive در Google+‎"
   },
   "4740100782728373253": {
      "message": "‏ذخیره در Drive"
   },
   "4748046231232264180": {
      "message": "‏فرم‌های Google"
   },
   "4767722428137216885": {
      "message": "لغو"
   },
   "477328789314249432": {
      "message": "جستجو در یادداشت‌ها"
   },
   "4775368111547931093": {
      "message": "توضیحی وجود ندارد"
   },
   "4781742940361705258": {
      "message": "رد کردن"
   },
   "4783695823456312682": {
      "message": "انتقال به پایین"
   },
   "47844150329705564": {
      "message": "نتایج جستجو برای «$1​»"
   },
   "4798897505978458661": {
      "message": "ویدیویی یافت نشد."
   },
   "4805047680716507619": {
      "message": " - انتقال به:"
   },
   "4806763987633034948": {
      "message": "PKCS7 Signature"
   },
   "4833214200453019325": {
      "message": "$1​ از $2​"
   },
   "4846720038197420778": {
      "message": "مرتبط کردن برنامه‌های بیشتر"
   },
   "4853788427396558692": {
      "message": "$1​ مگابایت"
   },
   "4858389278403807208": {
      "message": "یادداشت در پوشه حذف‌شده‌هاست"
   },
   "4888104357342241891": {
      "message": "یادآوری‌ها"
   },
   "4889853674709731963": {
      "message": "همه یادداشت‌ها به طور آفلاین ذخیره شدند"
   },
   "4901386320110714275": {
      "message": "گذرواژه اشتباه است. لطفاً دوباره امتحان کنید."
   },
   "490372259452655427": {
      "message": "متأسفیم، سند هنوز برای مشاهده موجود نیست."
   },
   "4906669330059413958": {
      "message": "ارسال گذرواژه"
   },
   "4908614808966678155": {
      "message": "هیچ نتیجه جستجویی برای «$1​» وجود ندارد"
   },
   "4926020998477695737": {
      "message": "تعویض به پوشه $1​"
   },
   "4943176738805484221": {
      "message": "ویرایش"
   },
   "4956678140555659175": {
      "message": "پس‌بر"
   },
   "4957674814179289955": {
      "message": "رفتن به مورد بعدی/قبلی در فهرست"
   },
   "4963784280521435720": {
      "message": "در حال ذخیره..."
   },
   "4969219890884320840": {
      "message": "به‌روزرسانی"
   },
   "4983125135476400111": {
      "message": "حذف یادداشت/لیست"
   },
   "4988132901627446385": {
      "message": "پانل جزئیات باز شد."
   },
   "4998757387516632837": {
      "message": "نتایج نشان داده شده برای استفاده مجدد با تغییر برچسب زده شد."
   },
   "5006225450559627366": {
      "message": "‫+$1​ مورد بیشتر"
   },
   "501475221876543407": {
      "message": "یادداشت‌هایی که اضافه کرده‌اید در اینجا ظاهر می‌شوند"
   },
   "5023525794410110078": {
      "message": "اضافه کردن نوشتار به عکس"
   },
   "5026241297254150381": {
      "message": "افزودن یادداشت"
   },
   "5046371569383796818": {
      "message": "حفظ شوند"
   },
   "5055418092354683641": {
      "message": "Serif"
   },
   "5095987896933771566": {
      "message": "چاپ سند"
   },
   "5096751700090310607": {
      "message": "عکسی موجود نیست."
   },
   "509815948423424872": {
      "message": "پیمایش"
   },
   "5099245668405591445": {
      "message": "جستجو"
   },
   "512429649443191386": {
      "message": "$2​راهنما$1​"
   },
   "5124522868502261563": {
      "message": "صفحات گسترده"
   },
   "5130903421326358933": {
      "message": "‏هنگام ذخیره این پیوست در Google Drive مشکلی پیش آمد."
   },
   "5149937870346466591": {
      "message": "نمای فهرست‌وار"
   },
   "5169187962228219813": {
      "message": "‏تصاویر Life"
   },
   "5180454621500142444": {
      "message": "بازیابی"
   },
   "5180989337128758117": {
      "message": "قلاب چپ"
   },
   "5184692850089055965": {
      "message": "دریافت نوشتار تصویر"
   },
   "5197718200713913936": {
      "message": "C++‎"
   },
   "5201670213497642487": {
      "message": "نوار برگه پانل جزئیات. برای جابه‌جایی بین برگه‌ها، کلیدهای پیکان چپ و راست را فشار دهید."
   },
   "5204391636475413312": {
      "message": "ذخیره"
   },
   "5213411023807957844": {
      "message": "‏جستجوی Google Keep"
   },
   "5213974294317036409": {
      "message": "{numPages,plural, =0{}=1{۱ صفحه}one{# pages}other{# صفحه}}"
   },
   "5226470917948786938": {
      "message": "الفبایی"
   },
   "5238003680997310998": {
      "message": "بیشتر"
   },
   "5238371081785912565": {
      "message": "باز کردن با $1​"
   },
   "5275493935807628890": {
      "message": "ما نمی‌توانیم تصویر را در آن نشانی اینترنتی بیابیم."
   },
   "5281121179861637423": {
      "message": "برای دسترسی به $1​ باید گذرواژه داشته باشید. لطفاً گذرواژه را وارد کنید"
   },
   "5288037028604092288": {
      "message": "XPS"
   },
   "5291153964865714504": {
      "message": "یادداشت منطبقی موجود نیست"
   },
   "5299648222246616124": {
      "message": "علامت نقل قول وارونه"
   },
   "5304869088141363028": {
      "message": "عکس‌های ویژه"
   },
   "5316658541831864803": {
      "message": "متأسفیم، این نوع از سند برای مشاهده پشتیبانی نمی‌شود."
   },
   "5319313176242717957": {
      "message": "در حال پردازش تصاویر..."
   },
   "5336801339221383042": {
      "message": "جاوااسکریپت"
   },
   "534228323125524312": {
      "message": "کوچک‌ کردن"
   },
   "5353129315502554762": {
      "message": "Style Sheet"
   },
   "5372143986724491245": {
      "message": "$1​ روز پیش"
   },
   "5372160981898991853": {
      "message": "Publisher"
   },
   "5399553230649155346": {
      "message": "تا $1​ ساعت دیگر"
   },
   "5403830377590414208": {
      "message": "سفید"
   },
   "5408091115193390231": {
      "message": "AutoCAD"
   },
   "5438481737351808090": {
      "message": "بعدازظهر ($1​)"
   },
   "544377415081282702": {
      "message": "با پوزش."
   },
   "5447119197363232006": {
      "message": "‏نمایش در Drive"
   },
   "5465323999933375616": {
      "message": "‏به سقف پهنای باند مجاز برای مشاهده یا دانلود فایل‌هایی که در قالب سندنگار Google نیستند، رسیده‌اید."
   },
   "5472312735475866917": {
      "message": "نظر از $1​."
   },
   "547865385964196102": {
      "message": "$1​ دقیقه پیش"
   },
   "5482872484546230111": {
      "message": "جستجوی کتاب‌ها"
   },
   "5494181290179470995": {
      "message": "حذف شوند"
   },
   "5500117709595533163": {
      "message": "‏برای پیدا کردن نتایج کتاب الکترونیکی با استفاده از Google Books، جستجوی خود را در کادر بالا تایپ کنید."
   },
   "5514516347328112388": {
      "message": "همچنین می‌توانید با کلیک در $2​اینجا$1​، سند اصلی را دانلود کنید."
   },
   "5529532831767466284": {
      "message": "{VIEWER_GENDER,select, female{‏{DEGREES} درجه {MINUTES} دقیقه {SECONDS} ثانیه}male{‏{DEGREES} درجه {MINUTES} دقیقه {SECONDS} ثانیه}other{‏{DEGREES} درجه {MINUTES} دقیقه {SECONDS} ثانیه}}"
   },
   "5555182241047709329": {
      "message": "انتخاب مکان"
   },
   "5555599189512365009": {
      "message": "متوجه شدم"
   },
   "5571842632470308750": {
      "message": "هر نوع"
   },
   "5588597116382648727": {
      "message": "در حال شروع کار استخراج."
   },
   "5598649706113950710": {
      "message": "ویرایشگر"
   },
   "5609727719971819773": {
      "message": "{VIEWER_GENDER,select, female{برگشت}male{برگشت}other{برگشت}}"
   },
   "5627470193961862490": {
      "message": "یادداشت‌های دارای یادآورهای آینده در اینجا ظاهر می‌شوند"
   },
   "5631086126416409232": {
      "message": "آبی"
   },
   "564165666160590723": {
      "message": "Windows Media Player"
   },
   "5660422479531064559": {
      "message": "فرمی موجود نیست."
   },
   "5675154446465700699": {
      "message": "‏فایل‌های PDF‌"
   },
   "568072913338360182": {
      "message": "HTML"
   },
   "5707549724380589079": {
      "message": "موارد علامت‌دار حذف شوند؟"
   },
   "5714240424645614611": {
      "message": "‏بسته Android"
   },
   "5728640851616538925": {
      "message": "سبز"
   },
   "5744491383087191878": {
      "message": "نشانی اینترنتی تصویری که در بالا وارد کرده‌اید نادرست است یا بارگیری نمی‌شود."
   },
   "5747728324987383020": {
      "message": "چهره"
   },
   "5783875011049188612": {
      "message": "نوشتار تصویر دریافت شد"
   },
   "5785010887521443923": {
      "message": "حذف"
   },
   "5834678297024555032": {
      "message": "مجاز"
   },
   "5840330517914556080": {
      "message": "کوچک‌ کردن"
   },
   "5842536098490298653": {
      "message": "قلمی یافت نشد."
   },
   "5865680764501413616": {
      "message": "تشخیص نوشتار ممکن نیست."
   },
   "5871966496153339793": {
      "message": "نمایش تصاویر کوچک ویدیوی $1​"
   },
   "5875004331736681428": {
      "message": "در حال استخراج به حساب ایمیلتان."
   },
   "587666071025645113": {
      "message": "جستجو"
   },
   "5877526626743756786": {
      "message": "بازخورد"
   },
   "5889725440363483648": {
      "message": "همه افراد در این گروه"
   },
   "5911012384539794869": {
      "message": "کار استخراج شروع نشد."
   },
   "5916010927050975496": {
      "message": "$1​ کیلوبایت"
   },
   "5949528478488617689": {
      "message": "مجوز دانلود"
   },
   "5950887255133612666": {
      "message": "شروع نشده است."
   },
   "5969696744752069015": {
      "message": "هیچ پیش‌نمایشی در دسترس نیست."
   },
   "5971400924847413790": {
      "message": "‏یا می‌توانید $2​HTML ساده$1​ (هدایت خودکار) را مشاهده کنید."
   },
   "5972111804366033138": {
      "message": "دانلود"
   },
   "5975031149676029214": {
      "message": "همه"
   },
   "5976369213680241300": {
      "message": "جستجوی تصاویر"
   },
   "5980081664136280513": {
      "message": "سبز"
   },
   "5984398071085567332": {
      "message": "Google Fusion Tables"
   },
   "6009962986062136164": {
      "message": "در حال بارگیری $1​."
   },
   "60305871484579258": {
      "message": "دگرساز"
   },
   "6043068172993241858": {
      "message": "هیچ‌کس در این حلقه نیست."
   },
   "604883455412617728": {
      "message": "مخاطبی مطابق با جستجوی شما یافت نشد."
   },
   "6051386830221821025": {
      "message": "در حال ورود به سیستم ..."
   },
   "6064654062949366878": {
      "message": "پخش"
   },
   "6070475007374165567": {
      "message": "در حال ذخیره‌سازی..."
   },
   "6083586461434260179": {
      "message": "تجربه مشاهده جدید"
   },
   "6087078248621415351": {
      "message": "تاریخ تغییر $1​"
   },
   "6091926883608250483": {
      "message": "بیشتر"
   },
   "6105571474005679446": {
      "message": "پیش‌نمایش با مشکل مواجه شد."
   },
   "6113237889871930608": {
      "message": "یادداشت خالی"
   },
   "6118623991445349480": {
      "message": "صفحه $1​"
   },
   "6122643025527543706": {
      "message": "مهار"
   },
   "6131822680770571276": {
      "message": "PowerPoint"
   },
   "6140634664402328750": {
      "message": "لیست برنامه‌ها"
   },
   "6149175749937815029": {
      "message": "نمایش همه موارد"
   },
   "6160805346274626656": {
      "message": "حذف برای همیشه"
   },
   "616807262818311711": {
      "message": "نوع"
   },
   "6175043905327075444": {
      "message": "قبلاً انتخاب شده"
   },
   "6177107655089301674": {
      "message": "‏دانلود برنامه Google Keep برای Android"
   },
   "6185886893933834031": {
      "message": "مورد انتخابی حفظ شود"
   },
   "6186290899408627510": {
      "message": "ورود"
   },
   "6189891414154673003": {
      "message": "نقشه‌های من"
   },
   "6203260615455347677": {
      "message": "Numbers"
   },
   "6223207695466118454": {
      "message": "YouTube"
   },
   "6224687211096863620": {
      "message": "همه"
   },
   "623118860067088424": {
      "message": "ویدیوها"
   },
   "6231401379881217113": {
      "message": "درج"
   },
   "6252259197986158120": {
      "message": "دیروز"
   },
   "6253076263700695984": {
      "message": "خطای تأیید اعتبار. لطفاً صفحه را تازه‌سازی کنید."
   },
   "6255475144867830247": {
      "message": "از سایر برگه‌های پیمایش انتخاب کنید."
   },
   "6267063643272327592": {
      "message": "لطفاً بعداً دوباره امتحان کنید."
   },
   "6290270819062517523": {
      "message": "موارد بسیار زیادی انتخاب شده‌اند. لطفاً یک یا چند مورد را لغو انتخاب کنید."
   },
   "6305748545202493254": {
      "message": "نمایش/عدم نمایش پنجره جزئیات"
   },
   "6324768448533022780": {
      "message": "$1​ $2​"
   },
   "6331677437567501421": {
      "message": "هنگام به‌روزرسانی مجوز دانلود مشکلی پیش آمد."
   },
   "6333496730738019575": {
      "message": "در حال بارگیری..."
   },
   "634900089121611600": {
      "message": "ویدیویی موجود نیست."
   },
   "6362170008350775214": {
      "message": "یادآوری در $1​"
   },
   "6375395544374251820": {
      "message": "بارگیری صفحات بیشتر با مشکل مواجه شد. در حال تلاش مجدد..."
   },
   "6376739025584042564": {
      "message": "برش عکس"
   },
   "6386587519843563719": {
      "message": "فایل باینری"
   },
   "6416495701611778255": {
      "message": "برنامه‌های پیشنهادشده شخص ثالث"
   },
   "6419411265907669340": {
      "message": "امروز"
   },
   "6436479735235889890": {
      "message": "یادآوری در ساعت $2​،‏ $1​"
   },
   "6450508807204492448": {
      "message": "نماد $1​"
   },
   "6457802200418354862": {
      "message": "بازدیدکنندگان می‌توانند دانلود کنند"
   },
   "6459405233858728718": {
      "message": "‏اسلایدهای Google"
   },
   "6464761738227651511": {
      "message": "$1​ دقیقه پیش"
   },
   "6466736813846482957": {
      "message": "قبلی"
   },
   "6479216014938929613": {
      "message": "شب ($1​)"
   },
   "6482358947077977110": {
      "message": "‏تصاویر جستجوی Google"
   },
   "6487403767449360463": {
      "message": "‏Keep تازه‌سازی شود؟"
   },
   "6488225756782357866": {
      "message": "‏تصویری که برجسته کرده‌اید توسط جستجوی تصویر Google در این صفحه یافت شد:"
   },
   "6510131849363684615": {
      "message": "فردا"
   },
   "6516256764288947999": {
      "message": "نشان کردن افراد"
   },
   "6522917155620379865": {
      "message": "دانلود"
   },
   "6524849072392100692": {
      "message": "‏پوشه Google Drive"
   },
   "6551588617715293696": {
      "message": "گزینه‌های مرتب‌سازی"
   },
   "6570921376519753466": {
      "message": "نمایشگر"
   },
   "6571686604846453345": {
      "message": "‏هنگام افزودن این مورد به Drive مشکلی پیش آمد."
   },
   "6582286158693833652": {
      "message": "بیشتر بدانید"
   },
   "6588176324871799870": {
      "message": "‏اسکریپت Google Apps"
   },
   "6602430002978098812": {
      "message": "دست‌‌نویسی"
   },
   "6614046405230762587": {
      "message": "مخاطبی یافت نشد."
   },
   "6622304228074863427": {
      "message": "برنامه"
   },
   "6624754161346656119": {
      "message": "چهره‌نمای $1​."
   },
   "6644861766016503644": {
      "message": "گذرواژه نیاز است"
   },
   "6650600936729710500": {
      "message": "پاسخ‌ها."
   },
   "666311703374681171": {
      "message": "تصاویر و ویدیوها"
   },
   "6666820082708870349": {
      "message": "حذف"
   },
   "6707173584987026005": {
      "message": "امروز"
   },
   "6709984792949009238": {
      "message": "آخرین بار من باز کرده‌ام"
   },
   "6726462693927865256": {
      "message": "جزئیات"
   },
   "6726879257388338969": {
      "message": "چاپ"
   },
   "6726925393892510846": {
      "message": "خطایی روی داد. لطفاً دوباره امتحان کنید."
   },
   "6741759391888465238": {
      "message": "‏در حال ذخیره در Drive - انتقال به:"
   },
   "6744457949320515234": {
      "message": "از یادداشت خالی صرف نظر شد"
   },
   "6757218172402086688": {
      "message": "جستجوی یادداشت‌ها..."
   },
   "6780628488957834429": {
      "message": "نارنجی"
   },
   "6784073265197389491": {
      "message": "بیشتر بدانید"
   },
   "681598652078493281": {
      "message": "بیشتر بدانید"
   },
   "6818286476757207074": {
      "message": "فقط تصاویری را انتخاب کنید که تأیید کرده‌اید که مجوز استفاده از آن‌ها را دارید."
   },
   "682070933835616121": {
      "message": "جدولی موجود نیست."
   },
   "6822338149422461362": {
      "message": "Google Drive"
   },
   "6827821461670731013": {
      "message": "نمایش کادرهای تأیید"
   },
   "6828581947433060251": {
      "message": "هنگام تغییر نام این مورد مشکلی پیش آمد."
   },
   "6833760103261954639": {
      "message": "بارگیری این صفحه با مشکل مواجه شد. در حال تلاش مجدد..."
   },
   "6841020391100928352": {
      "message": "از حداکثر حجم فایل بیشتر شد."
   },
   "6851307437837490686": {
      "message": "از دانلود کردن توسط بازدیدکنندگان جلوگیری شود"
   },
   "6856672816797218730": {
      "message": "پیوست"
   },
   "6891563484025164308": {
      "message": "قبلی"
   },
   "6893687445500687349": {
      "message": "سایت‌ها"
   },
   "6898823203505321799": {
      "message": "جزئیات"
   },
   "6904351530369058983": {
      "message": "مالک"
   },
   "6905021988981026920": {
      "message": "جستجوی ویدیو"
   },
   "6922953828399110511": {
      "message": "بستن نمایشگر"
   },
   "6929958461954697067": {
      "message": "عکس‌هایی از شما"
   },
   "6939782595426687411": {
      "message": "در حال افزودن..."
   },
   "6940998537415516791": {
      "message": "ساعت"
   },
   "695253297035211081": {
      "message": "خالی کردن پوشه حذف‌شده‌ها"
   },
   "6967244066810487978": {
      "message": "حذف شده‌ها"
   },
   "6970167488058122005": {
      "message": "نویسنده ناشناس"
   },
   "6976414863987386971": {
      "message": "فرم‌ها"
   },
   "7001938470263404128": {
      "message": "آپلود"
   },
   "7002768663714031226": {
      "message": "به‌روزرسانی"
   },
   "7004919150329996187": {
      "message": "فرد منطبقی در این حلقه یافت نشد."
   },
   "7054631817922169541": {
      "message": "‏تغییرات Google Keep ذخیره نشده است. می‌خواهید از صفحه خارج شوید و از تغییرات خود صرف نظر کنید؟"
   },
   "7059437903473652416": {
      "message": "‏پخش ویدیوی YouTube $1​"
   },
   "7080196430479494775": {
      "message": "امتحان دوباره"
   },
   "7084324152376766809": {
      "message": "$1​ روز پیش"
   },
   "7084991134824194740": {
      "message": "به من یادآوری شود"
   },
   "7092062731478679314": {
      "message": "حلقه‌ای یافت نشد."
   },
   "7117183622067702162": {
      "message": "‏با Google Drive دیگر هرگز نیازی به ارسال پیوست‌های ایمیل نیست. کافیست پیوندی را برای هر فایلی که در Google Drive ذخیره می‌کنید به‌ اشتراک بگذارید. از این طریق تمام افراد - به طور خودکار - به همان فایل و همان نسخه دسترسی دارند."
   },
   "713754035716193665": {
      "message": "فهرست جدید"
   },
   "7146242673022399081": {
      "message": "متن"
   },
   "7148992630785407972": {
      "message": "این فایل گذرواژه می‌خواهد و پیش‌نمایش آن قابل مشاهده نیست."
   },
   "7151987668860086450": {
      "message": "جستجوی وب"
   },
   "7153847618034547771": {
      "message": "فعال کردن"
   },
   "7161134329606048317": {
      "message": "بستن"
   },
   "7164532930742017984": {
      "message": "هر کسی که پیوند را دارد"
   },
   "7174189954350964804": {
      "message": "امتحان مجدد"
   },
   "7177591028189992523": {
      "message": "انتقال"
   },
   "7188754206068648188": {
      "message": "داده‌های جدا شده با کاما"
   },
   "7225837680381806920": {
      "message": "عصر ($1​)"
   },
   "722702934847795304": {
      "message": "Project"
   },
   "7236199858216720905": {
      "message": "Maps"
   },
   "7247530225058410142": {
      "message": "$2​ $1​"
   },
   "7259352906118493156": {
      "message": "سایتی موجود نیست."
   },
   "7282548567245878869": {
      "message": "مورد حذف شد"
   },
   "7295712436136900176": {
      "message": "تازه‌سازی"
   },
   "7310311230493556740": {
      "message": "نشانی اینترنتی"
   },
   "7339696241980105410": {
      "message": "ویدیویی که انتخاب کرده‌اید دیگر وجود ندارد. مالک آن ممکن است ویدیو را حذف کرده باشد."
   },
   "7342923890755029722": {
      "message": "بستن"
   },
   "734478884582426793": {
      "message": "بایگانی فشرده"
   },
   "7357017164339332230": {
      "message": "‏این تصاویر برای مشاهده و اشتراک‌گذاری در $2​Picasa Web Albums‏$1​، سرویس رایگان میزبانی عکس Google، نیز در دسترس هستند."
   },
   "736105042796745909": {
      "message": "{VIEWER_GENDER,select, female{ایجاد پوشه}male{ایجاد پوشه}other{ایجاد پوشه}}"
   },
   "7362061801920948830": {
      "message": "آپلود فایل‌های بیشتر"
   },
   "7364571366369083618": {
      "message": "Video"
   },
   "7377239345926788722": {
      "message": "عملکردها"
   },
   "7380785991026002613": {
      "message": "نتایج نشان داده شده برای استفاده مجدد برچسب زده شد."
   },
   "7382688299146249119": {
      "message": "دانلود مورد"
   },
   "7383706174467122149": {
      "message": "یادداشت حذف شد"
   },
   "7388342865555961406": {
      "message": "تا $1​ روز دیگر"
   },
   "7393771571081973549": {
      "message": "C"
   },
   "740507516967994591": {
      "message": "باز کردن"
   },
   "7422452809590461532": {
      "message": "قرمز"
   },
   "7426603384368095928": {
      "message": "لطفاً برای ورود دوباره به سیستم و ادامه کار، صفحه را تازه‌سازی کنید."
   },
   "7429084719905985261": {
      "message": "Objective C"
   },
   "7432956605646331928": {
      "message": "SQL"
   },
   "7440735091552109962": {
      "message": "$2​ (تاریخ ویرایش $1​)"
   },
   "7441891675459021164": {
      "message": "‏در حال ذخیره در Drive"
   },
   "7451573821837395189": {
      "message": "‏مورد به $2​Drive شما$1​ افزوده شد."
   },
   "7468322419516352788": {
      "message": "هنگام به‌روزرسانی این شرح مشکلی پیش آمد."
   },
   "7488945223835574498": {
      "message": "Postscript"
   },
   "7492710087472140422": {
      "message": "بیشتر بدانید"
   },
   "7493919863870655172": {
      "message": "وب‌کم"
   },
   "7500786109708143683": {
      "message": "صوت حذف شد"
   },
   "7501027876827009022": {
      "message": "نتایج نشان داده شده برای استفاده مجدد به‌ صورت تجاری برچسب زده شد."
   },
   "7521272923988336579": {
      "message": "‏اکنون Keep را تازه‌سازی کنید تا به‌روز بمانید."
   },
   "7532552995569296274": {
      "message": "پاک کردن جستجو"
   },
   "7546994163355383999": {
      "message": "همه یادداشت‌ها ذخیره شدند"
   },
   "7559208209275370228": {
      "message": "آخرین ویرایش توسط من"
   },
   "7565383798249439151": {
      "message": "تا $1​ روز دیگر"
   },
   "7565870443143407759": {
      "message": "جستجو در سند"
   },
   "7586291841734385643": {
      "message": "برگه بازشو"
   },
   "7598582624136632660": {
      "message": "باز کردن نوار جستجو / یافتن مورد بعدی"
   },
   "7602870977118971161": {
      "message": "تازه‌سازی"
   },
   "7610654194202731772": {
      "message": "حذف"
   },
   "761925792744044896": {
      "message": "تنظیم به‌عنوان عکس نمایه"
   },
   "7630723924002267143": {
      "message": "کلیدهای میانبر صفحه‌کلید فعال هستند."
   },
   "7640546114686970497": {
      "message": "نمی‌توان موارد بیشتری اضافه کرد"
   },
   "7669846901402551021": {
      "message": "امروز"
   },
   "7691521283331762131": {
      "message": "یادداشت‌های بایگانی شده شما در اینجا نمایان می‌شوند"
   },
   "772000107335590599": {
      "message": "تا $1​ دقیقه دیگر"
   },
   "7734578122414851725": {
      "message": "PHP"
   },
   "7745005220197261896": {
      "message": "جستجوی کتاب"
   },
   "7759846028901235026": {
      "message": "یادداشت از حالت بایگانی خارج شد"
   },
   "776065748745885880": {
      "message": "فاصله"
   },
   "7770982082843341533": {
      "message": "هیچ موردی در این پوشه موجود نیست."
   },
   "779472474101127362": {
      "message": "گرفتن عکس فوری"
   },
   "7800318069267901681": {
      "message": "تاریخ تغییر"
   },
   "7805487598105530487": {
      "message": "درون خطی"
   },
   "7814778057875152792": {
      "message": "‏هنگام انتقال این پیوست به پوشه انتخابی در Google Drive مشکلی پیش آمد."
   },
   "7820417126206702946": {
      "message": "‏نتایج نشان داده شده فقط برای استفاده شخصی یا تجاری در Google Drive در دسترس هستند و نمی‌توان آن‌ها را به طور مستقل بازتوزیع کرد یا فروخت."
   },
   "7822364282298323175": {
      "message": "فهرست حذف شد"
   },
   "7830513726270865588": {
      "message": "تقویم"
   },
   "7845751753397906805": {
      "message": "ویرایش‌های مغایر یافت شد"
   },
   "7852396628465259068": {
      "message": "عکس نمایه"
   },
   "7859526172011446452": {
      "message": "توقف فرستادن"
   },
   "78870906674150830": {
      "message": "$3​$1​$2​"
   },
   "7895643887742936844": {
      "message": "نقطه‌ویرگول"
   },
   "7899833760457194273": {
      "message": "جستجوی تصویر"
   },
   "7899913952063063825": {
      "message": "تصویر حذف شد"
   },
   "7906726367011430855": {
      "message": "مرتبط کردن"
   },
   "7910518224461588465": {
      "message": "زرد"
   },
   "7953603850004320936": {
      "message": "پیش‌نمایش در دسترس نیست."
   },
   "7957306528733096600": {
      "message": "عملکرد به پایان رسید"
   },
   "7960528690514646841": {
      "message": "{moreCount,plural, =0{unused plural form}=1{+ ١ نفر دیگر}one{+ {moreCount} more}other{+ {moreCount} نفر دیگر}}"
   },
   "7973635145070803181": {
      "message": "آپلود عکس‌ها"
   },
   "7987180255015869513": {
      "message": "یا آدرس وبی را اینجا جای‌گذاری کنید:"
   },
   "8011497727123874703": {
      "message": "دکمه پوشه $1​"
   },
   "8016231262233952856": {
      "message": "فیروزه‌ای"
   },
   "8019402848412685977": {
      "message": "«$2​» به «$1​» تغییرنام داد."
   },
   "8023466614826324314": {
      "message": "عکس‌ها با طیف گسترده‌ای از مخاطبان به اشتراک گذاشته خواهد شد."
   },
   "8043514121228710092": {
      "message": "افزودن تصویر"
   },
   "8044700199531805239": {
      "message": "$3​$1​$2​ مرتبط شده است."
   },
   "8069384932934428393": {
      "message": "تا $1​ دقیقه دیگر"
   },
   "8081927474846706026": {
      "message": "طرحی موجود نیست."
   },
   "8090743714060857028": {
      "message": "بازدیدکنندگان نمی‌توانند دانلود کنند"
   },
   "8095838445486198080": {
      "message": "{FILE_SIZE,plural, =0{‏۰ بایت}=1{‏۱ بایت}one{‏# بایت}other{‏# بایت}}"
   },
   "8099047958506869131": {
      "message": "{VIEWER_GENDER,select, female{پوشه جدید}male{پوشه جدید}other{پوشه جدید}}"
   },
   "8100558294600077150": {
      "message": "جستجوی وبلاگ"
   },
   "8105635255693472607": {
      "message": "افزودن موارد فهرست جدید"
   },
   "8106780183458743723": {
      "message": "آلبوم‌های عکس"
   },
   "8112699352770418817": {
      "message": "کتابی یافت نشد."
   },
   "8132410616064087953": {
      "message": "ویدیو بیش از حد طولانی است (حداکثر مدت زمان $1​ ثانیه است)."
   },
   "8135145577663029437": {
      "message": "هر دو حفظ شوند"
   },
   "8146560259680897627": {
      "message": "لغو"
   },
   "8158191101452862916": {
      "message": "درج تصاویر"
   },
   "8159493406018222636": {
      "message": "ارسال بازخورد"
   },
   "8172945196588870035": {
      "message": "رویدادها"
   },
   "8174654098152723289": {
      "message": "ویرایش شرح"
   },
   "8178754379486173416": {
      "message": "{VIEWER_GENDER,select, female{موارد بسیار کمی انتخاب شده‌اند. لطفاً موارد بیشتری انتخاب کنید.}male{موارد بسیار کمی انتخاب شده‌اند. لطفاً موارد بیشتری انتخاب کنید.}other{موارد بسیار کمی انتخاب شده‌اند. لطفاً موارد بیشتری انتخاب کنید.}}"
   },
   "8192378456655629049": {
      "message": "در حال پردازش ویدیو…"
   },
   "8193991135666622583": {
      "message": "Keep"
   },
   "821942580510564685": {
      "message": "برای مشاهده این سند لطفاً گذرواژه آن را وارد کنید"
   },
   "8239237134193392595": {
      "message": "اعلان‌های یادآوری مکان فقط در دستگاه‌های همراه نمایان می‌شوند."
   },
   "8267458240960831780": {
      "message": "در حال تأیید اعتبار..."
   },
   "8281141013543828574": {
      "message": "Raw Image"
   },
   "8281678863271800533": {
      "message": "فیلتر تصویر"
   },
   "8283103456188558313": {
      "message": "ارائه‌ها"
   },
   "8290434443655418968": {
      "message": "{filesCount,plural, =0{unused plural form}=1{فایل انتخابی [{file}] برای آپلود پشتیبانی نمی‌شود.}one{فایل‌های انتخابی [{files}] برای آپلود پشتیبانی نمی‌شود.}other{فایل‌های انتخابی [{files}] برای آپلود پشتیبانی نمی‌شوند.}}"
   },
   "8304474373444239435": {
      "message": "پاسخ از $1​."
   },
   "8322416564157128458": {
      "message": "اشتراک‌گذاری"
   },
   "8324195080917648153": {
      "message": "ویدیو در اینجا جا نمی‌گیرد. لطفاً پنجره مرورگر خود را قدری بزرگ‌تر کنید."
   },
   "8337582740675387693": {
      "message": "جاوا"
   },
   "8342684858400436871": {
      "message": "جهش"
   },
   "8379952094517631162": {
      "message": "خیر"
   },
   "8409393124758970712": {
      "message": "$2​ × $1​"
   },
   "8412684147928483084": {
      "message": "سياه"
   },
   "8435544675017330861": {
      "message": "موردی با جستجوی شما مطابقت نداشت."
   },
   "8436817383042650304": {
      "message": "قفل تبدیل"
   },
   "8451184312655705174": {
      "message": "اگر نشانی اینترنتی شما درست باشد، پیش‌نمایشی را در اینجا می‌بینید. تصاویر بزرگ ممکن است چند دقیقه طول بکشد تا ظاهر شوند."
   },
   "8467894483369467251": {
      "message": "Flash"
   },
   "8506198918368329269": {
      "message": "نتایج نشان داده شده برای استفاده مجدد تجاری با تغییر برچسب زده شد."
   },
   "8571315158566081191": {
      "message": "صفحه‌گسترده‌ای موجود نیست."
   },
   "8580600056399054303": {
      "message": "تنظیم اینکه موارد جدید یا بررسی شده در کجا قرار بگیرند"
   },
   "8595175575778060149": {
      "message": "اقدامات بیشتر"
   },
   "8596257056433048992": {
      "message": "خوش آمدید به"
   },
   "8616342546716995946": {
      "message": "متوجه شدم"
   },
   "8621067185485606452": {
      "message": "ECMAScript"
   },
   "8638281560898810401": {
      "message": "{MINUTES,plural, =0{۰ دقیقه }=1{۱ دقیقه }one{# دقیقه }other{# دقیقه }}{SECONDS,plural, =0{۰ ثانیه.}=1{۱ ثانیه.}one{# ثانیه.}other{# ثانیه.}}"
   },
   "863955692838281739": {
      "message": "بستن"
   },
   "8643398764569428530": {
      "message": "‏اجازه می‌دهید Google Keep اعلان‌ها را نمایش دهد؟"
   },
   "8652566647088230560": {
      "message": "آزمایشی و محرمانه"
   },
   "8660016472468563221": {
      "message": "دونقطه"
   },
   "8663507590720636709": {
      "message": "$1​ +$2​ مورد دیگر"
   },
   "8666643061920113075": {
      "message": "{VIEWER_GENDER,select, female{نشانی اینترنتی تصویر را اینجا جای‌گذاری کنید:}male{نشانی اینترنتی تصویر را اینجا جای‌گذاری کنید:}other{نشانی اینترنتی تصویر را اینجا جای‌گذاری کنید:}}"
   },
   "8674222789100049233": {
      "message": "بستن"
   },
   "86815590954366945": {
      "message": "لیست محتوای بایگانی‌شده"
   },
   "8709611758728645225": {
      "message": "pg-down"
   },
   "8711002053494037632": {
      "message": "علامت همه موارد برداشته شد"
   },
   "8748281640412284111": {
      "message": "عکس‌های آرشیوی"
   },
   "8759520888087120926": {
      "message": "اسکریپتی موجود نیست."
   },
   "8775097441636640256": {
      "message": "$2​ - $1​"
   },
   "8780212274435014958": {
      "message": "حلقه‌ها"
   },
   "8781837301864053001": {
      "message": "Rich Text"
   },
   "8792038552136453044": {
      "message": "متأسفم! مشکلی وجود داشت"
   },
   "8793166064242077041": {
      "message": "نمایش این تصویر با مشکل مواجه شد."
   },
   "8813101408630252335": {
      "message": "$1​ ثانیه"
   },
   "8820281478062782578": {
      "message": "جستجو"
   },
   "8822326207328431952": {
      "message": "آپلود تصاویر در دسترس نیست"
   },
   "8840223453482998505": {
      "message": "پوشه انتخابی $1​"
   },
   "8845176264121061589": {
      "message": "برداشتن علامت همه موارد"
   },
   "8850238112725591771": {
      "message": "میان‌بر $1​"
   },
   "8852550049823214385": {
      "message": "سپس"
   },
   "8883744193208363722": {
      "message": "یک نسخه به‌روز برنامه در دسترس است."
   },
   "8884900765322249670": {
      "message": "نمایش فهرست‌وار"
   },
   "8889019648958415451": {
      "message": "فایل ناشناخته"
   },
   "8911996820409711834": {
      "message": "‏انتقال نوشتار به مورد لیست جدید &raquo;"
   },
   "8916237870980173557": {
      "message": "در حال اتصال..."
   },
   "8917554093651202032": {
      "message": "پخش $1​"
   },
   "8919660666733306860": {
      "message": "تصویر"
   },
   "8930959387403789939": {
      "message": "یادآوری"
   },
   "8943760679396635042": {
      "message": "در حال نمایش $1​."
   },
   "8953555255469284376": {
      "message": "تصاویر را اینجا رها کنید"
   },
   "8979615310931291676": {
      "message": "تاریخ ویرایش $1​"
   },
   "8986044948621891903": {
      "message": "‏برای پیدا کردن نتایج وب با استفاده از Google Web Search جستجوی خود را در کادر بالا تایپ کنید."
   },
   "901615442107785480": {
      "message": "بایگانی یادداشت/فهرست"
   },
   "9024023699330078373": {
      "message": "‏باز کردن این مورد آن را به Drive شما اضافه خواهد کرد"
   },
   "9028041601596584772": {
      "message": "موقعیت مکانی"
   },
   "9058308423774656474": {
      "message": "واژه‌پرداز هانگول"
   },
   "9083935734710258396": {
      "message": "رد کردن"
   },
   "9094248058931620597": {
      "message": "پانل جزئیات جمع شد."
   },
   "9114674068220302553": {
      "message": "به عنوان پیوست"
   },
   "911586799466052745": {
      "message": "OpenOffice Draw"
   },
   "9130962320402467249": {
      "message": "عکس‌های موجود"
   },
   "9146716987301178362": {
      "message": "خطایی رخ داد. لطفاً صفحه را تازه‌سازی کنید."
   },
   "9165877886714239857": {
      "message": "دریافت نوشتار تصویر ممکن نیست. بعداً دوباره امتحان کنید."
   },
   "916773043895242978": {
      "message": "نشانی اینترنتی تصویری که در بالا وارد کرده‌اید نادرست است یا بارگیری نمی‌شود. لطفاً نشانی اینترنتی درست تصویر را وارد کنید."
   },
   "9173629944963872598": {
      "message": "رویدادی یافت نشد."
   },
   "9182500445937900938": {
      "message": "بستن"
   },
   "9195941533351099011": {
      "message": "در حال آپلود $1​ از $2​ فایل"
   },
   "9197837492705576727": {
      "message": "رفتن به مورد بعدی"
   },
   "919969969251998566": {
      "message": "این بایگانی را به حساب ایمیل‌تان استخراج کنید."
   },
   "9203542510134660095": {
      "message": "‏کار استخراج شروع شد. محتوای بایگانی در Drive در پوشه «$1​» نمایش داده می‌شود."
   },
   "940276535015195877": {
      "message": "پوشه‌ای موجود نیست."
   },
   "943493480163896757": {
      "message": "{resultCount,plural, =1{# یادداشت منطبق‏}one{# یادداشت منطبق‏}other{# یادداشت منطبق‏}}"
   },
   "951963820437151566": {
      "message": "Google Sites"
   },
   "95809842507987016": {
      "message": "حذف"
   },
   "963611681085757795": {
      "message": "با عرض پوزش، نمی‌توانیم در این زمان نمایی از سند ایجاد کنیم."
   },
   "96556988207614774": {
      "message": "تقویم‌ها"
   },
   "974042541427403929": {
      "message": "آبی"
   },
   "980395722421409371": {
      "message": "نقشه‌ای یافت نشد."
   },
   "982187142411651629": {
      "message": "رد کردن"
   },
   "985197728509875956": {
      "message": "مدل شیمیایی"
   },
   "996381410993745580": {
      "message": "Photoshop"
   },
   "998727788921602971": {
      "message": "ویدیوها"
   },
   "appDesc": {
      "description": "App description",
      "message": "هر چه در ذهن دارید را فورا ثبت کنید و در مکان و زمان درست یادآوری شوید."
   },
   "appName": {
      "description": "App name.",
      "message": "Google Keep - یادداشت‌ها و فهرست‌ها"
   }
}
