{
   "1006787209796778126": {
      "message": "Aking Drive"
   },
   "1017907757187630742": {
      "message": "Aking mga font"
   },
   "1029072043275376320": {
      "message": "Walang nahanap na mga kalendaryo."
   },
   "1030781695901615026": {
      "message": "Ibaba"
   },
   "103870949919613488": {
      "message": "Na-archive ang tala"
   },
   "1039394921418415681": {
      "message": "Mag-sign in"
   },
   "1083918249169198626": {
      "message": "Naka-disable ang mga keyboard shortcut."
   },
   "1090919586152138659": {
      "message": "Stock"
   },
   "1101371910696766077": {
      "message": "Gumawa ng kopya"
   },
   "1107413433574576014": {
      "message": "Masyadong malaki ang pamagat. Hindi mase-save ang naka-highlight na text."
   },
   "1127320433256851404": {
      "message": "Player ng video"
   },
   "1162642135048988280": {
      "message": "Palitan ang pangalan ng dokumento"
   },
   "1166244120191806795": {
      "message": "Magbigay ng Feedback"
   },
   "1179891706526242218": {
      "message": "Susunod"
   },
   "1185164838496022543": {
      "message": "Mangyaring mag-click dito upang i-reload ang pahina."
   },
   "1185644932132585290": {
      "message": "$1​ (na) character ang natitira"
   },
   "1213005208968286932": {
      "message": "Minarkahan bilang naresolba"
   },
   "1263557413037343589": {
      "message": "Ayusin ang mga larawan"
   },
   "1263685395252160366": {
      "message": "LaTeX"
   },
   "1311350045083871503": {
      "message": "Kanselahin"
   },
   "1311729747516144362": {
      "message": "Pula"
   },
   "1315844696796851207": {
      "message": "Sans Serif"
   },
   "1319037146426591038": {
      "message": "o"
   },
   "132822872080714863": {
      "message": "OK"
   },
   "133192954417440569": {
      "message": "Walang nahanap na mga resulta."
   },
   "1349697396109290623": {
      "message": "Ipinapakita ang mas mataas na resolution ng $1​"
   },
   "1376126796144976437": {
      "message": "Lahat ng font"
   },
   "139942704574044780": {
      "message": "Tanggapin"
   },
   "141491180325662484": {
      "message": "Ang Google Drive ay ang isang lugar na paglalagyan ng lahat ng iyong file upang ma-access mo ang mga ito mula kahit saan, sa anumang device. Sa sandaling mayroon ka nang mga larawan sa Google Drive, maaari mong ibahagi kaagad ang mga ito sa iyong mga lupon dito."
   },
   "1418114637490664392": {
      "message": "Archive ng Larawan ng LIFE"
   },
   "1419896259743862406": {
      "message": "Buksan gamit ang"
   },
   "1440171352837969028": {
      "message": "Video/Audio"
   },
   "1441487391064925653": {
      "message": "Tingnan ang lahat ng shortcut sa Help Center"
   },
   "1446829548948002072": {
      "message": "kuwit"
   },
   "1454684154234137497": {
      "message": "pause"
   },
   "1459765068821943106": {
      "message": "{VIEWER_GENDER,select, female{Mag-paste ng URL ng YouTube dito:}male{Mag-paste ng URL ng YouTube dito:}other{Mag-paste ng URL ng YouTube dito:}}"
   },
   "1463079206290378085": {
      "message": "Mga larawan sa Orkut"
   },
   "1463389029497634261": {
      "message": "Hinaan ang volume"
   },
   "1475179211173444554": {
      "message": "Sinumang may link sa loob ng domain"
   },
   "1492360016907725281": {
      "message": "{VIEWER_GENDER,select, female{Mag-paste ng URL ng video dito:}male{Mag-paste ng URL ng video dito:}other{Mag-paste ng URL ng video dito:}}"
   },
   "1493251742569121894": {
      "message": "Masyadong malaki ang tala. Hindi mase-save ang naka-highlight na text."
   },
   "1493384967280942491": {
      "message": "Pink"
   },
   "1499433769420882987": {
      "message": "Ipinapakita ang $1​"
   },
   "1505876360160857231": {
      "message": "$1​ (na) TB"
   },
   "1521707405717823409": {
      "message": "Purple"
   },
   "153439508598626384": {
      "message": "Iyong mga larawan"
   },
   "1536051766421561160": {
      "message": "equals"
   },
   "156992719062713230": {
      "message": "Gray"
   },
   "1586968957182554447": {
      "message": "I-disable"
   },
   "1588268697057804046": {
      "message": "$1​ (na) oras ang nakalipas"
   },
   "1603139897109307706": {
      "message": "Error, pakisubukang muli"
   },
   "1604359562654146902": {
      "message": "Larawan"
   },
   "1633370388224271051": {
      "message": "Walang nahanap na mga tao."
   },
   "1633798963327779260": {
      "message": "Bukas"
   },
   "1654222450095043962": {
      "message": "Audio"
   },
   "1656911987308166143": {
      "message": "Tanggalin"
   },
   "1665821947855814052": {
      "message": "Sukat"
   },
   "1692901784886701962": {
      "message": "Masyadong malaki ang tala."
   },
   "1697160643589236962": {
      "message": "$1​ (na) PB"
   },
   "1700522311470719738": {
      "message": "Ipaalala sa akin"
   },
   "1701312243672511585": {
      "message": "Ilipat ang text sa bagong tala &raquo;"
   },
   "1709410429018687341": {
      "message": "Umaga ($1​)"
   },
   "1715552550526864429": {
      "message": "Maghanap ng mga blog"
   },
   "171683163267149669": {
      "message": "$1​ (na) GB"
   },
   "1739900012825270238": {
      "message": "Pumunta sa nakaraang item"
   },
   "1756171223417807431": {
      "message": "Siguraduhin na pampubliko ang larawan. Kung pinoprotektahan ng password o nasa isang internal network ang iyong larawan, hindi namin ito mababasa."
   },
   "1759957963056319953": {
      "message": "Bumalik mula sa $1​"
   },
   "1783719421893050637": {
      "message": "Mga Dimensyon"
   },
   "178927681797742562": {
      "message": "Mag-sign in"
   },
   "1791115075948268631": {
      "message": "Buksan ang tulong sa keyboard shortcut"
   },
   "1808245543551507519": {
      "message": "Audio"
   },
   "1816851800848432562": {
      "message": "Alisin"
   },
   "1818306025747564729": {
      "message": "Pumunta sa link"
   },
   "1823222042913714987": {
      "message": "Isumite ang password"
   },
   "1823854753950594157": {
      "message": "Panatilihin sa lugar"
   },
   "1830157062072535681": {
      "message": "Ipinapakita ang $1​"
   },
   "185012928288875755": {
      "message": "Walang mga item na tumugma sa iyong pamantayan."
   },
   "1856444915090632305": {
      "message": "Na-encrypt ang dokumento. Mangyaring maglagay ng password."
   },
   "1866863108233180413": {
      "message": "Mga Folder"
   },
   "187077078156858455": {
      "message": "Audio note"
   },
   "189303170370862360": {
      "message": "$1​ ng $2​ (na) item"
   },
   "1900571668686750716": {
      "message": "vCard"
   },
   "1901351411358749070": {
      "message": "Ibinahagi sa akin"
   },
   "1913425963149828429": {
      "message": "I-extract ang archive na ito sa Drive."
   },
   "1918176455405610789": {
      "message": "Tapos na"
   },
   "1920189655549476211": {
      "message": "hindi alam na haba"
   },
   "1929603188252533075": {
      "message": "Hindi natanggal ang iyong video. Pakisubukang muli."
   },
   "1951810091681076784": {
      "message": "{COUNT_1,plural, =1{ 1 tumutugmang tala}one{ {COUNT_2} tumutugmang tala}other{ {COUNT_2} (na) tumutugmang tala}}"
   },
   "1956794332842050061": {
      "message": "Susunod na pahina"
   },
   "1965626377712226216": {
      "message": "Keynote"
   },
   "1968405748623909021": {
      "message": "Subukan ang isa sa mga app sa ibaba upang buksan o i-edit ang item na ito"
   },
   "1974063091619095703": {
      "message": "Mga Tao"
   },
   "1988244842147989817": {
      "message": "Tinatanggal ang mga tala sa Basurahan pagkalipas ng 7 araw."
   },
   "1993674829873313178": {
      "message": "May mga problema sa pag-upload? Nagsasagawa kami ng maintenance, ngunit malapit nang bumalik sa normal ang mga bagay-bagay."
   },
   "2003845117979929469": {
      "message": "Mga Detalye"
   },
   "2048322072989992494": {
      "message": "Wala pang nagbahagi sa iyo ng anumang mga file!"
   },
   "2055836117545582610": {
      "message": "Mga setting ng listahan"
   },
   "2059084517358086391": {
      "message": "Isara ang bar sa paghahanap"
   },
   "2061440050632248160": {
      "message": "I-archive"
   },
   "2068023589621557589": {
      "message": "TrueType Font"
   },
   "2073035325657060696": {
      "message": "Walang available na preview."
   },
   "2073322475696388995": {
      "message": "Lumaktaw pasulong"
   },
   "207810168108507460": {
      "message": "$1​ oras ang nakalipas"
   },
   "2109272338124379867": {
      "message": "Huling binago"
   },
   "2116013171202209313": {
      "message": "Piliin"
   },
   "2122256657192674586": {
      "message": "Maghanap ng mga video"
   },
   "2125135092719715773": {
      "message": "Mag-upload"
   },
   "212796670323571824": {
      "message": "OK"
   },
   "213665695896111861": {
      "message": "Mga Tala"
   },
   "2138593281154109183": {
      "message": "Archive"
   },
   "2147952938331523160": {
      "message": "Palitan ang pangalan..."
   },
   "2154372123324862271": {
      "message": "slash"
   },
   "2154940358270068005": {
      "message": "Panatilihin nang bahagyang mas matagal pa ang mga tinanggal na tala"
   },
   "2184278444368405837": {
      "message": "$1​ (na) item"
   },
   "2187239650627580457": {
      "message": "Isumite"
   },
   "2198096971937872560": {
      "message": "Paalala:"
   },
   "220168959069469607": {
      "message": "Higit pang mga pagkilos"
   },
   "221715292685577880": {
      "message": "Oo"
   },
   "2220005860896049129": {
      "message": "Paumanhin, masyadong natagalan ang paghanap ng dokumento sa orihinal na pinagmulan."
   },
   "2228413078211839077": {
      "message": "Paumanhin, nagkakaroon kami ng pansamantalang problema sa pagbuo ng view ng dokumento."
   },
   "2235097878790803849": {
      "message": "Paalam, mga attachment. Kamusta, Google Drive."
   },
   "2257303402199718039": {
      "message": "Paumanhin, hindi namin nahanap ang dokumento sa orihinal na pinagmulan. Paki-verify na umiiral pa rin ang dokumento."
   },
   "2274436793504233543": {
      "message": "Kanselahin"
   },
   "2278224983638451454": {
      "message": "Kunin ito ngayon"
   },
   "2280650195464600721": {
      "message": "Pag-navigate"
   },
   "2285069188138705005": {
      "message": "Mga nakakonektang app"
   },
   "2289534534793293486": {
      "message": "Tanggalin sa archive"
   },
   "2289812403593835836": {
      "message": "Pages"
   },
   "229177484946387188": {
      "message": "Google Earth"
   },
   "2292696732672795285": {
      "message": "Lakasan ang volume"
   },
   "230180475614658119": {
      "message": "Tapos na"
   },
   "2304293593067358316": {
      "message": "Clip art"
   },
   "2310145944356900158": {
      "message": "May check"
   },
   "2311880726221661199": {
      "message": "Nilo-load ang mas matataas na resolution"
   },
   "2329167963662998826": {
      "message": "Gustong gamitin ng Google Keep ang iyong lokasyon upang mapahusay ang mga suhestiyon sa mga lugar para sa mga paalala sa lokasyon."
   },
   "234046557601727809": {
      "message": "Walang mga larawan o video."
   },
   "2349912757088764940": {
      "message": "Makikita ng/ni:"
   },
   "2359614137862708172": {
      "message": "Shift"
   },
   "2370463380397641604": {
      "message": "Mga sikat na shortcut sa keyboard"
   },
   "2370656573843123707": {
      "message": "kanang bracket"
   },
   "2393487423640708285": {
      "message": "Hindi wasto ang URL. Siguraduhin na nagsisimula ito sa http:// o https://."
   },
   "2405795704816921421": {
      "message": "File ng $1​"
   },
   "2412314804333167252": {
      "message": "Masyadong malaki ang spreadsheet na ito. I-click upang $3​i-download$1​ o $4​i-edit sa Google Sheets$1​."
   },
   "2418104318933043113": {
      "message": "Google Image Search"
   },
   "2433429041384246549": {
      "message": "I-mute"
   },
   "2449254824382583885": {
      "message": "Pop out"
   },
   "2452522051596946166": {
      "message": "Whoops! Nagkaproblema sa pagpe-preview sa $1​. Sinusubukang muli."
   },
   "2454642351139428112": {
      "message": "I-undo"
   },
   "2466251465475184755": {
      "message": "Alisin lahat ang laman ng basurahan?  Permanenteng tatanggalin ang lahat ng tala sa Basurahan."
   },
   "2475181823688399272": {
      "message": "Susunod"
   },
   "2484568559152875936": {
      "message": "Walang mga album ng larawan."
   },
   "2504232652631703202": {
      "message": "Nakakonekta"
   },
   "251025074207413762": {
      "message": "Magdagdag ng paglalarawan"
   },
   "2510929871271209216": {
      "message": "Masyadong malaki ang spreadsheet na ito. Mag-click $2​dito$1​ upang i-download."
   },
   "2513437337377210144": {
      "message": "end"
   },
   "2524021436052870191": {
      "message": "Hindi ma-upload ang file na ito. Tanging mga $1​ file na mas maliit sa $2​MB lang ang gagana."
   },
   "2532280782491328445": {
      "message": "Hanapin ang nakaraan"
   },
   "2538080331309772448": {
      "message": "Pag-uri-uriin: $1​"
   },
   "2538462904124380434": {
      "message": "Inilipat sa Basurahan ang tala"
   },
   "2546225293834487484": {
      "message": "Tala"
   },
   "2558480112329900136": {
      "message": "Gray"
   },
   "257317112834806705": {
      "message": "I-toggle sa pagitan ng view ng listahan at grid"
   },
   "2579679351920691492": {
      "message": "Lumaktaw pabalik"
   },
   "2587566920590457715": {
      "message": "Maps Engine Lite"
   },
   "2609409316752026806": {
      "message": "PDF"
   },
   "2609750184896485102": {
      "message": "Mga video mula sa telepono"
   },
   "2615188670181508661": {
      "message": "Wala kang napiling kahit ano kamakailan!"
   },
   "2623861453769098676": {
      "message": "Nagkaproblema sa pagpe-preview sa dokumentong ito."
   },
   "2628268670001557269": {
      "message": "Quota"
   },
   "2643241712502664984": {
      "message": "Iyong mga video sa YouTube"
   },
   "2661850177130037208": {
      "message": "Buksan ang item"
   },
   "2681830832355823748": {
      "message": "Maghanap sa lahat ng shortcut"
   },
   "2687303256387847763": {
      "message": "Kasikatan"
   },
   "2702485557996900362": {
      "message": "Ayusin ang hindi magkakatugmang pag-edit"
   },
   "2705842902318123127": {
      "message": "Mag-navigate sa susunod/nakaraan na tala/listahan"
   },
   "272948685355798518": {
      "message": "Maling uri ng file ang napili."
   },
   "2731144323070245943": {
      "message": "Mga setting ng listahan"
   },
   "2742719907061406418": {
      "message": "XML"
   },
   "2750830436677712001": {
      "message": "{VIEWER_GENDER,select, female{Hindi nagawa ang {FOLDER_NAME}.}male{Hindi nagawa ang {FOLDER_NAME}.}other{Hindi nagawa ang {FOLDER_NAME}.}}"
   },
   "2752123004911547510": {
      "message": "Nagte-trend"
   },
   "2758125083752925237": {
      "message": "(May-ari)"
   },
   "277430914014962533": {
      "message": "Whoops! Nagkaproblema sa pagpe-preview sa $1​."
   },
   "2774713922589657910": {
      "message": "Sinumang nasa domain"
   },
   "2786560864906393383": {
      "message": "Mga larawan mula sa telepono"
   },
   "2789687492331041935": {
      "message": "Pumili ng oras"
   },
   "2790446494460492805": {
      "message": "Nagsimula na ang pag-extract. Lalabas ang mga mensahe ng pag-archive sa iyong mail account sa ilalim ng label na \"Import: $1​.\""
   },
   "2793841261389879255": {
      "message": "Nakaraang pahina"
   },
   "2801153442808430222": {
      "message": "Aking Drive"
   },
   "2817277146396981386": {
      "message": "pm"
   },
   "2818020101821669029": {
      "message": "Ginawa"
   },
   "2818135503416309545": {
      "message": "Mag-record ng video"
   },
   "2827039933590757722": {
      "message": "Windows Shortcut"
   },
   "2829226075651806940": {
      "message": "Mag-zoom in"
   },
   "2860188519781080944": {
      "message": "Orange"
   },
   "2861568351294148466": {
      "message": "Mga script"
   },
   "2864281852037732729": {
      "message": "Mas kaunti"
   },
   "2873089307546162154": {
      "message": "OK"
   },
   "2877285560485318801": {
      "message": "I-pause"
   },
   "2878874627361086801": {
      "message": "preview"
   },
   "2879276552944958066": {
      "message": "Bumalik sa Folder ng $1​."
   },
   "289798573180023043": {
      "message": "OK"
   },
   "2902747751281161248": {
      "message": "Ilapat sa mga bagong listahan"
   },
   "2905147317995482841": {
      "message": "Na-update namin ang karanasan sa pagtingin para sa lahat ng file sa Google Drive. Mas maganda at madali na itong gamitin ngayon! Umaasa kami na mae-enjoy mo ang bagong hitsurang ito."
   },
   "2917498437550635075": {
      "message": "Icon"
   },
   "2964778642459027786": {
      "message": "Walang mga tala sa Basurahan"
   },
   "2974598228601710262": {
      "message": "Idagdag"
   },
   "2979466412944870220": {
      "message": "Nilo-load ang preview..."
   },
   "2982511431742033448": {
      "message": "Walang mga presentation."
   },
   "298817883481775869": {
      "message": "Naglo-load..."
   },
   "3000689173481666334": {
      "message": "I-edit ang iyong lupon"
   },
   "3029395493413607486": {
      "message": "Hindi ma-load ang video player. Subukang muling i-load ang pahina.$1​Kung magpapatuloy ang problema, $3​konsultahin ang help center$2​."
   },
   "3043961722025425136": {
      "message": "Paglalarawan"
   },
   "306516303501625305": {
      "message": "Hindi napatotohanan."
   },
   "3073005748126521632": {
      "message": "Pinaalalahanan sa $1​"
   },
   "3074184819310272351": {
      "message": "Mga na-upload na larawan"
   },
   "3084372889071691504": {
      "message": "{VIEWER_GENDER,select, female{Mag-paste ng URL dito:}male{Mag-paste ng URL dito:}other{Mag-paste ng URL dito:}}"
   },
   "3095645856215493958": {
      "message": "Maghanap ng naka-print na text sa mga larawan"
   },
   "31018542656161389": {
      "message": "Mag-zoom upang magkasya"
   },
   "3109321241584918345": {
      "message": "Magkonekta ng higit pang apps..."
   },
   "3121560585545725724": {
      "message": "$1​, $2​"
   },
   "3140236589681731084": {
      "message": "sa loob ng $1​ (na) oras"
   },
   "3189854932778515441": {
      "message": "Tala sa Archive"
   },
   "3207670492626476064": {
      "message": "Mga Table"
   },
   "3211163842850942567": {
      "message": "Mag-zoom in"
   },
   "3222929029344613957": {
      "message": "Paumanhin, may naging error habang binubuksan ang file na ito. Pakisubukang muli."
   },
   "3233388241926683100": {
      "message": "Mga tala sa paghahanap"
   },
   "3243829462528324248": {
      "message": "Brown"
   },
   "3250489229749307913": {
      "message": "Electronic Publication"
   },
   "3256928852560591255": {
      "message": "Hindi ma-edit sa Basurahan"
   },
   "3261131345401321392": {
      "message": "Maaaring Magkomento"
   },
   "3265524298292280681": {
      "message": "esc"
   },
   "3267563602179728277": {
      "message": "delete"
   },
   "3272496516667407797": {
      "message": "Nagkaproblema sa paglo-load ng mga detalye."
   },
   "3275029321588462173": {
      "message": "Wala"
   },
   "3278237562147211998": {
      "message": "Mga stock na larawan"
   },
   "330603631583186798": {
      "message": "Word"
   },
   "3306487262690341751": {
      "message": "Petsa at oras"
   },
   "3312545971976531405": {
      "message": "Message"
   },
   "3319087486907616296": {
      "message": "I-cast ang item na ito"
   },
   "3328129883064940351": {
      "message": "Mga Font"
   },
   "3335409796971631780": {
      "message": "Ine-extract sa Drive."
   },
   "3343451103608774400": {
      "message": "Ipinakikilala ang $3​bagong My Maps.$2​$1​Mas mahuhusay na tool para sa pagmamapa."
   },
   "3354260708176476985": {
      "message": "Naglo-load&hellip;"
   },
   "3357778055650785985": {
      "message": "Masyadong malaki ang item. Hindi mase-save ang naka-highlight na text."
   },
   "3364679383274077479": {
      "message": "Available ang update sa app"
   },
   "3368639944474272225": {
      "message": "Paumanhin, hindi namin makuha ang dokumento para matingnan o wala kang pahintulot na tingnan ang dokumento."
   },
   "3381619429606029445": {
      "message": "Visio"
   },
   "3382236845597426718": {
      "message": "Buksan"
   },
   "3408219901032480508": {
      "message": "$2​; $1​"
   },
   "3409257542937182842": {
      "message": "Sinusubukang muli..."
   },
   "3409483962000136213": {
      "message": "I-play/I-pause"
   },
   "3418767079436101103": {
      "message": "Nagkaproblema sa pag-load sa page na ito."
   },
   "3421685394169412932": {
      "message": "Awtomatikong nase-save ang bawat pagbabagong ginagawa mo"
   },
   "3422389100099960864": {
      "message": "Walang mga larawan."
   },
   "3428726060007577698": {
      "message": "Masyadong malaki ang listahan."
   },
   "3430885603500576146": {
      "message": "Piliin lang ang mga larawang nakumpirma mong may lisensya kang gamitin."
   },
   "3440534675925634227": {
      "message": "Sa isang window ng Chrome browser, pumunta sa chrome://settings at tiyaking naka-sign in ka. Pagkatapos ay i-click ang Mag-sign in muli."
   },
   "3446158485617778228": {
      "message": "I-undo"
   },
   "3448234415275521882": {
      "message": "Pangkalahatang Impormasyon"
   },
   "3448684788258660606": {
      "message": "Iyong mga larawan"
   },
   "3450585781337676327": {
      "message": "Naglo-load..."
   },
   "3457279184692206825": {
      "message": "Makikita ng kahit sino ang mga larawan (pampubliko sa web)."
   },
   "3468441711253011521": {
      "message": "Google Sheets"
   },
   "3473620774713000513": {
      "message": "Naresolba"
   },
   "3483438888494819423": {
      "message": "Ano'ng bago sa Google Keep"
   },
   "3511274344439521198": {
      "message": "Mga Pagkilos"
   },
   "3518073392823563581": {
      "message": "Mga keyboard shortcut"
   },
   "3531603810713611778": {
      "message": "Lumampas sa maximum na laki ng file. Pakitanggal ang pagkakapili sa isa o higit pa."
   },
   "3543475399174940144": {
      "message": "+$1​"
   },
   "3547194749488601916": {
      "message": "Nag-a-update..."
   },
   "354828103903104581": {
      "message": "Mga item na may check"
   },
   "3561658662634401836": {
      "message": "Pamagat"
   },
   "357172711168973843": {
      "message": "Hindi na-save ang anumang mga tala o pagbabago na kadaragdag lang. Gumawa ng sarili mong kopya ng mga nilalaman, at pagkatapos ay i-load itong muli."
   },
   "3586705906700410505": {
      "message": "Line drawing"
   },
   "3587798318180902863": {
      "message": "{NUM_SELECTED,plural, =1{ ang napili »}one{ ang napili »}other{ ang napili »}}"
   },
   "3595000514985906359": {
      "message": "Excel"
   },
   "3602920441714068008": {
      "message": "Pinaalalahanan noong $1​ nang $2​"
   },
   "3608606849109645545": {
      "message": "Maglagay ng bagong pangalan ng dokumento:"
   },
   "361202495024972887": {
      "message": "Mag-upload ng mga video"
   },
   "361630518611593946": {
      "message": "Itago ang mga checkbox"
   },
   "3625886392901506764": {
      "message": "o"
   },
   "3643146117250542609": {
      "message": "Walang mga PDF."
   },
   "3645728163953189422": {
      "message": "Paumanhin, hindi namin makuha ang dokumento para matingnan dahil masyado itong malaki."
   },
   "3651893685901703652": {
      "message": "..."
   },
   "3657386785336906042": {
      "message": "backslash"
   },
   "3659554681396757189": {
      "message": "Binuksan ko"
   },
   "3663571259791438207": {
      "message": "Mag-ulat ng pang-aabuso"
   },
   "3664842788764635265": {
      "message": "Wala"
   },
   "3666123569747918021": {
      "message": "May mga hindi na-save na pagbabago ang dokumentong ito. Gusto mo bang iwan ang pahina at i-discard ang iyong mga binago?"
   },
   "3673346558112798837": {
      "message": "Walang background"
   },
   "3674811252904549204": {
      "message": "Mga larawan sa cover"
   },
   "3678477908297567934": {
      "message": "underscore"
   },
   "3681747688524363195": {
      "message": "Itaas"
   },
   "3690515530505404607": {
      "message": "Nagkaproblema sa pagpe-play sa video na ito."
   },
   "369764661829607970": {
      "message": "{NUM_ITEMS,plural, =0{Walang mga item}=1{1 item}one{# items}other{# (na) item}}"
   },
   "3712215972250917265": {
      "message": "Mga Komento"
   },
   "3717138719704492547": {
      "message": "Pakitingnan kung may mga error sa pag-type ang address."
   },
   "374088101949877889": {
      "message": "Isara"
   },
   "3745308627628779133": {
      "message": "Bagong Folder"
   },
   "3748461364828242354": {
      "message": "Pumili ng kulay"
   },
   "3770795578481676514": {
      "message": "Dilaw"
   },
   "3771958676925493302": {
      "message": "Alisin ang filter: $1​"
   },
   "3779945546806941187": {
      "message": "Monochrome"
   },
   "3793086499925031123": {
      "message": "Buksan ang bar sa paghahanap / hanapin ang nakaraan"
   },
   "37992665410817181": {
      "message": "Nabuksang muli"
   },
   "3801617971018550169": {
      "message": "Kahapon"
   },
   "3808213429720572062": {
      "message": "Ipanumbalik"
   },
   "381100310424863459": {
      "message": "Illustrator"
   },
   "3842411126100113634": {
      "message": "pg-up"
   },
   "3844047145949375230": {
      "message": "Mga Dokumento"
   },
   "3858324058837632381": {
      "message": "Nagkaproblema sa pagpe-play sa audio file na ito."
   },
   "3864575916269080329": {
      "message": "Mga nahahanap na larawan"
   },
   "3866373087987934712": {
      "message": "Hindi na-upload: $1​"
   },
   "3869166581651870488": {
      "message": "Tapusin ang pag-e-edit"
   },
   "3873215756962047275": {
      "message": "ARCHIVE"
   },
   "3873467440437675460": {
      "message": "Paumanhin! Hindi namin mahanap ang mga font na dati mong pinili."
   },
   "3897281533382850749": {
      "message": "Alisin sa pagkaka-mute"
   },
   "3936153839186254186": {
      "message": "Ipakita: $1​"
   },
   "3955760658925284765": {
      "message": "Subukang muli"
   },
   "3974064131130689245": {
      "message": "View ng grid"
   },
   "3977699855735576796": {
      "message": "Nagkaproblema sa paglo-load ng higit pang mga page."
   },
   "3988418762222300024": {
      "message": "tuldok"
   },
   "3989552504822984034": {
      "message": "Google Drawing"
   },
   "4005725939358875643": {
      "message": "Na-undo ang pagkilos."
   },
   "4014287326684608407": {
      "message": "Teal"
   },
   "4048275292053012394": {
      "message": "Mga Contact"
   },
   "4059387791040010947": {
      "message": "Meta"
   },
   "4067915791853673774": {
      "message": "{VIEWER_GENDER,select, female{Isara}male{Isara}other{Isara}}"
   },
   "4078179869358383373": {
      "message": "Walang nahanap na mga resulta."
   },
   "4087667435414545203": {
      "message": "Hindi na naka-sign in. Upang magsagawa ng mga pagbabago, i-reload."
   },
   "4093134637041332383": {
      "message": "MATUTO NANG HIGIT PA"
   },
   "4097007735221462946": {
      "message": "Mga Drawing"
   },
   "4097921967754832323": {
      "message": "hyphen"
   },
   "4100504115801514799": {
      "message": "Naipanumbalik ang tala"
   },
   "4119294114251628099": {
      "message": "Hindi makuha ang URL ng larawan na iyong tinukoy. Maaaring isa itong pribadong URL na hindi ma-access ng aming mga server. Mangyaring sumubok ng ibang URL."
   },
   "4134385041569168669": {
      "message": "Nilo-load..."
   },
   "4148564423510181521": {
      "message": "I-clear ang paghahanap"
   },
   "4152315289461886": {
      "message": "Mga kontrol sa dokumento"
   },
   "4168280976997555951": {
      "message": "Walang mga dokumento."
   },
   "4174786386751618325": {
      "message": "Photo note"
   },
   "4182427157920112948": {
      "message": "tilde"
   },
   "4200426647595470259": {
      "message": "Simulang i-play ang audio file"
   },
   "4200911267543705377": {
      "message": "I-type ang iyong paghahanap sa kahon sa itaas upang maghanap ng mga resulta ng blog gamit ang Google Blog Search."
   },
   "4205329094859140439": {
      "message": "am"
   },
   "4211182812451835307": {
      "message": "Maaaring Mag-edit"
   },
   "4211806608204126222": {
      "message": "$2​Mga Tuntunin ng Serbisyo$1​"
   },
   "4214190403999219403": {
      "message": "Mag-zoom"
   },
   "4230101516585408149": {
      "message": "Gumawa ng bagong tala"
   },
   "4253741616909644861": {
      "message": "Mga termino para sa paghahanap"
   },
   "4280747719095153198": {
      "message": "Naresolbang Komento"
   },
   "4286663890332754386": {
      "message": "Nabigo ang pag-upload."
   },
   "4299690446455033653": {
      "message": "Works"
   },
   "4314643310615423802": {
      "message": "Na-sign out ka."
   },
   "4318861667254318892": {
      "message": "Google Video"
   },
   "4319229296464464147": {
      "message": "Petsa ng pagdaragdag"
   },
   "4320831042030778": {
      "message": "Kanselahin"
   },
   "4332252081504252077": {
      "message": "Whoops!"
   },
   "4338991104991831337": {
      "message": "Mga Larawan"
   },
   "4339705658383891586": {
      "message": "Kumpletong kulay"
   },
   "4343825450663233452": {
      "message": "Maaaring Tumingin"
   },
   "4343836986248234462": {
      "message": "Item sa listahan"
   },
   "435214284915110062": {
      "message": "Buksan ang bar sa paghahanap"
   },
   "4372755508519489521": {
      "message": "View ng Grid"
   },
   "4391715930031906467": {
      "message": "Hanapin ang susunod"
   },
   "4395845663892873002": {
      "message": "home"
   },
   "4422985761498356257": {
      "message": "Buksan gamit ang"
   },
   "4430062722430863019": {
      "message": "Tanggalin ang tala nang tuluyan?"
   },
   "4439812492856303238": {
      "message": "Paumanhin! May naganap na hindi inaasahang error habang pinoproseso ang iyong pagpili. Pakisubukang muli sa ibang pagkakataon."
   },
   "4444571967705751871": {
      "message": "Basurahan"
   },
   "4466605492523079635": {
      "message": "I-save"
   },
   "4468872996560163913": {
      "message": "Alisin lahat ang laman ng Basurahan ngayon"
   },
   "4473912481270012588": {
      "message": "Naka-save sa Drive - Ilipat sa:"
   },
   "45228242181482134": {
      "message": "I-play"
   },
   "4536519876526589338": {
      "message": "Avatar ni $1​."
   },
   "4552045407215325033": {
      "message": "Hindi ma-load ang URL ng video na inilagay mo sa itaas. Pakitiyak na tama ito at mula ito sa isang sinusuportahang site."
   },
   "4564682305303579317": {
      "message": "Magpatuloy"
   },
   "456498742882714639": {
      "message": "Ilipat sa:"
   },
   "4588500131398315347": {
      "message": "Gumawa ng lupon"
   },
   "4604402426271704651": {
      "message": "Walang larawan"
   },
   "4620034373159179678": {
      "message": "Pahina $1​ ng $2​"
   },
   "4630690108252818511": {
      "message": "Walang nahanap na mga larawan."
   },
   "468283184702431827": {
      "message": "Nagsimula Na"
   },
   "4695897771458936174": {
      "message": "Magbahagi ng mga larawan mula sa Google Drive sa Google+"
   },
   "4740100782728373253": {
      "message": "I-save sa Drive"
   },
   "4748046231232264180": {
      "message": "Google Forms"
   },
   "4767722428137216885": {
      "message": "Kanselahin"
   },
   "477328789314249432": {
      "message": "Hanapin sa mga tala"
   },
   "4775368111547931093": {
      "message": "Walang paglalarawan"
   },
   "4781742940361705258": {
      "message": "I-dismiss"
   },
   "4783695823456312682": {
      "message": "Ilipat sa ibaba"
   },
   "47844150329705564": {
      "message": "Mga resulta ng paghahanap para sa \"$1​\""
   },
   "4798897505978458661": {
      "message": "Walang nahanap na mga video."
   },
   "4805047680716507619": {
      "message": " - Ilipat sa:"
   },
   "4806763987633034948": {
      "message": "PKCS7 Signature"
   },
   "4833214200453019325": {
      "message": "$1​ ng $2​"
   },
   "4846720038197420778": {
      "message": "Magkonekta ng higit pang mga app"
   },
   "4853788427396558692": {
      "message": "$1​ (na) MB"
   },
   "4858389278403807208": {
      "message": "Tala sa Trash"
   },
   "4888104357342241891": {
      "message": "Mga Paalala"
   },
   "4889853674709731963": {
      "message": "Na-save ang lahat ng tala nang offline"
   },
   "4901386320110714275": {
      "message": "Mali ang password. Pakisubukang muli."
   },
   "490372259452655427": {
      "message": "Paumanhin, hindi pa available para matingnan ang dokumento."
   },
   "4906669330059413958": {
      "message": "Isumite ang password"
   },
   "4908614808966678155": {
      "message": "Walang mga resulta ng paghahanap para sa \"$1​\""
   },
   "4926020998477695737": {
      "message": "Lumipat sa folder na $1​"
   },
   "4943176738805484221": {
      "message": "i-edit"
   },
   "4956678140555659175": {
      "message": "backspace"
   },
   "4957674814179289955": {
      "message": "Mag-navigate sa susunod/nakaraan na item sa listahan"
   },
   "4963784280521435720": {
      "message": "Nagse-save..."
   },
   "4969219890884320840": {
      "message": "I-update"
   },
   "4983125135476400111": {
      "message": "Ibasura ang tala/listahan"
   },
   "4988132901627446385": {
      "message": "Pinalawak ang panel ng mga detalye."
   },
   "4998757387516632837": {
      "message": "Ang mga ipinapakitang resulta ay may label na para sa muling paggamit na may pagbabago."
   },
   "5006225450559627366": {
      "message": "+$1​ pa"
   },
   "501475221876543407": {
      "message": "Lumalabas dito ang mga idinaragdag mong tala"
   },
   "5023525794410110078": {
      "message": "Magdagdag ng text sa larawan"
   },
   "5026241297254150381": {
      "message": "Magdagdag ng tala"
   },
   "5046371569383796818": {
      "message": "Panatilihin"
   },
   "5055418092354683641": {
      "message": "Serif"
   },
   "5095987896933771566": {
      "message": "I-print ang dokumento"
   },
   "5096751700090310607": {
      "message": "Walang mga larawan."
   },
   "509815948423424872": {
      "message": "Nabigasyon"
   },
   "5099245668405591445": {
      "message": "Maghanap"
   },
   "512429649443191386": {
      "message": "$2​Tulong$1​"
   },
   "5124522868502261563": {
      "message": "Mga Spreadsheet"
   },
   "5130903421326358933": {
      "message": "Nagkaroon ng problema sa pag-save sa attachment sa Google Drive."
   },
   "5149937870346466591": {
      "message": "View ng listahan"
   },
   "5169187962228219813": {
      "message": "Mga larawan ng Life"
   },
   "5180454621500142444": {
      "message": "Ipanumbalik"
   },
   "5180989337128758117": {
      "message": "kaliwang bracket"
   },
   "5184692850089055965": {
      "message": "Kunin ang text sa larawan"
   },
   "5197718200713913936": {
      "message": "C++"
   },
   "5201670213497642487": {
      "message": "Bar ng tab na panel ng mga detalye. Pindutin ang mga kaliwa at kanang arrow key upang magpalipat-lipat sa mga tab."
   },
   "5204391636475413312": {
      "message": "I-save"
   },
   "5213411023807957844": {
      "message": "Maghanap sa Google Keep"
   },
   "5213974294317036409": {
      "message": "{numPages,plural, =0{}=1{1 pahina}one{# pages}other{# (na) pahina}}"
   },
   "5226470917948786938": {
      "message": "Ayon sa Alpabeto"
   },
   "5238003680997310998": {
      "message": "Higit pa"
   },
   "5238371081785912565": {
      "message": "Buksan gamit ang $1​"
   },
   "5275493935807628890": {
      "message": "Hindi namin mahanap ang larawan sa URL na iyon."
   },
   "5281121179861637423": {
      "message": "Kinakailangan ang isang password upang ma-access ang $1​. Pakilagay ang password"
   },
   "5288037028604092288": {
      "message": "XPS"
   },
   "5291153964865714504": {
      "message": "Walang mga tumutugmang tala"
   },
   "5299648222246616124": {
      "message": "backtick"
   },
   "5304869088141363028": {
      "message": "Mga tinatampok na larawan"
   },
   "5316658541831864803": {
      "message": "Paumanhin, hindi sinusuportahan para matingnan ang ganitong uri ng dokumento."
   },
   "5319313176242717957": {
      "message": "Pinoproseso ang mga larawan..."
   },
   "5336801339221383042": {
      "message": "Javascript"
   },
   "534228323125524312": {
      "message": "Mag-zoom out"
   },
   "5353129315502554762": {
      "message": "Style Sheet"
   },
   "5372143986724491245": {
      "message": "$1​ araw ang nakalipas"
   },
   "5372160981898991853": {
      "message": "Publisher"
   },
   "5399553230649155346": {
      "message": "sa loob ng $1​ oras"
   },
   "5403830377590414208": {
      "message": "Puti"
   },
   "5408091115193390231": {
      "message": "AutoCAD"
   },
   "5438481737351808090": {
      "message": "Hapon ($1​)"
   },
   "544377415081282702": {
      "message": "Paumanhin."
   },
   "5447119197363232006": {
      "message": "Ipakita sa Drive"
   },
   "5465323999933375616": {
      "message": "Naabot mo na ang limitasyon sa bandwidth para sa pagtingin o pag-download ng mga file na wala sa Google Docs na format."
   },
   "5472312735475866917": {
      "message": "Komento ni $1​."
   },
   "547865385964196102": {
      "message": "$1​ (na) minuto ang nakalipas"
   },
   "5482872484546230111": {
      "message": "Maghanap ng mga aklat"
   },
   "5494181290179470995": {
      "message": "Tanggalin"
   },
   "5500117709595533163": {
      "message": "I-type ang iyong paghahanap sa kahon sa itaas upang maghanap ng mga resulta ng eBook gamit ang Google Books."
   },
   "5514516347328112388": {
      "message": "Maaari mo ring subukang i-download ang orihinal na dokumento sa pamamagitan ng pag-click $2​dito$1​."
   },
   "5529532831767466284": {
      "message": "{VIEWER_GENDER,select, female{{DEGREES}° {MINUTES}' {SECONDS}\"}male{{DEGREES}° {MINUTES}' {SECONDS}\"}other{{DEGREES}° {MINUTES}' {SECONDS}\"}}"
   },
   "5555182241047709329": {
      "message": "Pumili ng lokasyon"
   },
   "5555599189512365009": {
      "message": "NAKUHA KO"
   },
   "5571842632470308750": {
      "message": "Anumang uri"
   },
   "5588597116382648727": {
      "message": "Sinisimulan ang pag-extract."
   },
   "5598649706113950710": {
      "message": "Editor"
   },
   "5609727719971819773": {
      "message": "{VIEWER_GENDER,select, female{Bumalik}male{Bumalik}other{Bumalik}}"
   },
   "5627470193961862490": {
      "message": "Lumalabas dito ang mga talang may mga paparating na paalala"
   },
   "5631086126416409232": {
      "message": "Asul"
   },
   "564165666160590723": {
      "message": "Windows Media Player"
   },
   "5660422479531064559": {
      "message": "Walang mga form."
   },
   "5675154446465700699": {
      "message": "Mga PDF"
   },
   "568072913338360182": {
      "message": "HTML"
   },
   "5707549724380589079": {
      "message": "Tanggalin ang mga may check na item?"
   },
   "5714240424645614611": {
      "message": "Android Package"
   },
   "5728640851616538925": {
      "message": "Berde"
   },
   "5744491383087191878": {
      "message": "Mali o hindi ma-load ang URL ng larawan na inilagay mo sa itaas."
   },
   "5747728324987383020": {
      "message": "Mukha"
   },
   "5783875011049188612": {
      "message": "Nakuha ang text sa larawan"
   },
   "5785010887521443923": {
      "message": "Alisin"
   },
   "5834678297024555032": {
      "message": "Payagan"
   },
   "5840330517914556080": {
      "message": "Mag-zoom out"
   },
   "5842536098490298653": {
      "message": "Walang nahanap na mga font."
   },
   "5865680764501413616": {
      "message": "Hindi makilala ang text."
   },
   "5871966496153339793": {
      "message": "Ipinapakita ang thumbnail ng video ng $1​"
   },
   "5875004331736681428": {
      "message": "Ine-extract sa iyong mail account."
   },
   "587666071025645113": {
      "message": "Maghanap"
   },
   "5877526626743756786": {
      "message": "Feedback"
   },
   "5889725440363483648": {
      "message": "Sinumang nasa grupo"
   },
   "5911012384539794869": {
      "message": "Hindi nasimulan ang pag-extract."
   },
   "5916010927050975496": {
      "message": "$1​ (na) KB"
   },
   "5949528478488617689": {
      "message": "Pahintulot sa Pag-download"
   },
   "5950887255133612666": {
      "message": "Hindi pa nagsisimula."
   },
   "5969696744752069015": {
      "message": "Walang available na preview."
   },
   "5971400924847413790": {
      "message": "Maaari mo ring tingnan ang $2​plain na HTML$1​ (awtomatikong nagre-redirect)."
   },
   "5972111804366033138": {
      "message": "I-download"
   },
   "5975031149676029214": {
      "message": "Lahat"
   },
   "5976369213680241300": {
      "message": "Maghanap ng mga larawan"
   },
   "5980081664136280513": {
      "message": "Berde"
   },
   "5984398071085567332": {
      "message": "Google Fusion Tables"
   },
   "6009962986062136164": {
      "message": "Nilo-load ang $1​."
   },
   "60305871484579258": {
      "message": "Alt"
   },
   "6043068172993241858": {
      "message": "Walang tao sa lupong ito."
   },
   "604883455412617728": {
      "message": "Walang mga contact na tumugma sa iyong paghahanap."
   },
   "6051386830221821025": {
      "message": "Nagsa-sign in ..."
   },
   "6064654062949366878": {
      "message": "I-play"
   },
   "6070475007374165567": {
      "message": "Sine-save..."
   },
   "6083586461434260179": {
      "message": "Bagong karanasan sa pagtingin"
   },
   "6087078248621415351": {
      "message": "Binago noong $1​"
   },
   "6091926883608250483": {
      "message": "Higit pa"
   },
   "6105571474005679446": {
      "message": "Nagkaproblema sa preview."
   },
   "6113237889871930608": {
      "message": "Blangkong note"
   },
   "6118623991445349480": {
      "message": "Pahina $1​"
   },
   "6122643025527543706": {
      "message": "Ctrl"
   },
   "6131822680770571276": {
      "message": "PowerPoint"
   },
   "6140634664402328750": {
      "message": "Listahan ng mga app"
   },
   "6149175749937815029": {
      "message": "Tingnan ang lahat ng item"
   },
   "6160805346274626656": {
      "message": "Tanggalin nang tuluyan"
   },
   "616807262818311711": {
      "message": "Uri"
   },
   "6175043905327075444": {
      "message": "Dating pinili"
   },
   "6177107655089301674": {
      "message": "I-download ang Google Keep app for Android"
   },
   "6185886893933834031": {
      "message": "Panatilihin ang pinili"
   },
   "6186290899408627510": {
      "message": "enter"
   },
   "6189891414154673003": {
      "message": "Aking Mga Mapa"
   },
   "6203260615455347677": {
      "message": "Numbers"
   },
   "6223207695466118454": {
      "message": "YouTube"
   },
   "6224687211096863620": {
      "message": "Sinuman"
   },
   "623118860067088424": {
      "message": "Mga Video"
   },
   "6231401379881217113": {
      "message": "insert"
   },
   "6252259197986158120": {
      "message": "Kahapon"
   },
   "6253076263700695984": {
      "message": "Error sa pagpapatotoo. Paki-reload."
   },
   "6255475144867830247": {
      "message": "Pumili mula sa iba pang mga tab ng navigation."
   },
   "6267063643272327592": {
      "message": "Pakisubukang muli sa ibang pagkakataon."
   },
   "6290270819062517523": {
      "message": "Masyadong maraming item ang napili. Mangyaring alisin sa pagkakapili ang isa o higit pa."
   },
   "6305748545202493254": {
      "message": "Ipakita/Itago ang pane ng mga detalye"
   },
   "6324768448533022780": {
      "message": "$1​ $2​"
   },
   "6331677437567501421": {
      "message": "Nagkaroon ng problema sa pag-update sa pahintulot sa pag-download."
   },
   "6333496730738019575": {
      "message": "Nilo-load..."
   },
   "634900089121611600": {
      "message": "Walang mga video."
   },
   "6362170008350775214": {
      "message": "Paalala sa $1​"
   },
   "6375395544374251820": {
      "message": "Nagkaproblema sa paglo-load ng higit pang mga page. Sinusubukang muli..."
   },
   "6376739025584042564": {
      "message": "Pag-crop ng larawan"
   },
   "6386587519843563719": {
      "message": "Binary File"
   },
   "6416495701611778255": {
      "message": "Mga iminumungkahing third-party app"
   },
   "6419411265907669340": {
      "message": "Ngayon"
   },
   "6436479735235889890": {
      "message": "Paalala sa $2​, $1​"
   },
   "6450508807204492448": {
      "message": "Icon ng $1​"
   },
   "6457802200418354862": {
      "message": "Maaaring ma-download ng mga tumitingin"
   },
   "6459405233858728718": {
      "message": "Google Slides"
   },
   "6464761738227651511": {
      "message": "$1​ minuto ang nakalipas"
   },
   "6466736813846482957": {
      "message": "Nakaraan"
   },
   "6479216014938929613": {
      "message": "Gabi ($1​)"
   },
   "6482358947077977110": {
      "message": "Mga larawan sa paghahanap sa Google"
   },
   "6487403767449360463": {
      "message": "Muling i-load ang Keep?"
   },
   "6488225756782357866": {
      "message": "Ang na-highlight mong larawan ay nakita ng Google Image Search sa pahinang ito:"
   },
   "6510131849363684615": {
      "message": "Bukas"
   },
   "6516256764288947999": {
      "message": "Mag-tag ng mga tao"
   },
   "6522917155620379865": {
      "message": "I-download"
   },
   "6524849072392100692": {
      "message": "Folder sa Google Drive"
   },
   "6551588617715293696": {
      "message": "Mga opsyon sa pagbubukud-bukod"
   },
   "6570921376519753466": {
      "message": "Display"
   },
   "6571686604846453345": {
      "message": "Nagkaroon ng problema sa pagdagdag sa item na ito sa Drive."
   },
   "6582286158693833652": {
      "message": "Matuto nang higit pa"
   },
   "6588176324871799870": {
      "message": "Google Apps Script"
   },
   "6602430002978098812": {
      "message": "Sulat-kamay"
   },
   "6614046405230762587": {
      "message": "Walang nahanap na mga contact."
   },
   "6622304228074863427": {
      "message": "Application"
   },
   "6624754161346656119": {
      "message": "Avatar ni $1​."
   },
   "6644861766016503644": {
      "message": "Kinakailangan ang Password"
   },
   "6650600936729710500": {
      "message": "Mga Tugon."
   },
   "666311703374681171": {
      "message": "Mga larawan at video"
   },
   "6666820082708870349": {
      "message": "Alisin"
   },
   "6707173584987026005": {
      "message": "Ngayon"
   },
   "6709984792949009238": {
      "message": "Ako ang huling nagbukas"
   },
   "6726462693927865256": {
      "message": "Mga Detalye"
   },
   "6726879257388338969": {
      "message": "I-print"
   },
   "6726925393892510846": {
      "message": "Nagkaroon ng error. Pakisubukang muli."
   },
   "6741759391888465238": {
      "message": "Sine-save sa Drive - Ilipat sa:"
   },
   "6744457949320515234": {
      "message": "Na-discard ang walang lamang tala"
   },
   "6757218172402086688": {
      "message": "Hanapin sa Mga Tala..."
   },
   "6780628488957834429": {
      "message": "Orange"
   },
   "6784073265197389491": {
      "message": "Matuto nang higit pa"
   },
   "681598652078493281": {
      "message": "Matuto nang higit pa"
   },
   "6818286476757207074": {
      "message": "Piliin lang ang mga larawang nakumpirma mong may lisensya kang gamitin."
   },
   "682070933835616121": {
      "message": "Walang mga table."
   },
   "6822338149422461362": {
      "message": "Google Drive"
   },
   "6827821461670731013": {
      "message": "Ipakita ang mga checkbox"
   },
   "6828581947433060251": {
      "message": "Nagkaroon ng problema sa pagpalit sa pangalan ng item."
   },
   "6833760103261954639": {
      "message": "Nagkaproblema sa paglo-load sa page na ito. Sinusubukang muli..."
   },
   "6841020391100928352": {
      "message": "Lumampas sa maximum na laki ng file."
   },
   "6851307437837490686": {
      "message": "Pigilan ang mga tumitingin na mag-download"
   },
   "6856672816797218730": {
      "message": "I-attach"
   },
   "6891563484025164308": {
      "message": "Nakaraan"
   },
   "6893687445500687349": {
      "message": "Mga Site"
   },
   "6898823203505321799": {
      "message": "Mga Detalye"
   },
   "6904351530369058983": {
      "message": "May-ari"
   },
   "6905021988981026920": {
      "message": "Paghahanap ng video"
   },
   "6922953828399110511": {
      "message": "Isara ang viewer"
   },
   "6929958461954697067": {
      "message": "Mga larawan mo"
   },
   "6939782595426687411": {
      "message": "Idinaragdag..."
   },
   "6940998537415516791": {
      "message": "nang"
   },
   "695253297035211081": {
      "message": "Alisin Lahat ang Laman ng Basurahan"
   },
   "6967244066810487978": {
      "message": "TRASH"
   },
   "6970167488058122005": {
      "message": "hindi kilala ang may-akda"
   },
   "6976414863987386971": {
      "message": "Mga Form"
   },
   "7001938470263404128": {
      "message": "I-upload"
   },
   "7002768663714031226": {
      "message": "I-update"
   },
   "7004919150329996187": {
      "message": "Walang nahanap na mga katugmang tao sa lupon na ito."
   },
   "7054631817922169541": {
      "message": "May mga hindi na-save na pagbabago sa Google Keep. Gusto mo bang umalis mula sa pahina at i-discard ang mga binago mo?"
   },
   "7059437903473652416": {
      "message": "I-play ang YouTube video na $1​"
   },
   "7080196430479494775": {
      "message": "Subukan ulit"
   },
   "7084324152376766809": {
      "message": "$1​ (na) araw ang nakalipas"
   },
   "7084991134824194740": {
      "message": "Ipaalala sa akin"
   },
   "7092062731478679314": {
      "message": "Walang nahanap na mga lupon."
   },
   "7117183622067702162": {
      "message": "Gamit ang Google Drive, hindi mo na kakailanganin pang magpadalang muli ng email attachment kahit kailan. Magbahagi lang ng link sa anumang file na iniimbak mo sa Google Drive. Sa ganoong paraan, ang lahat ay may access sa parehong file at parehong bersyon - nang awtomatiko."
   },
   "713754035716193665": {
      "message": "Bagong listahan"
   },
   "7146242673022399081": {
      "message": "Text"
   },
   "7148992630785407972": {
      "message": "Pinoprotektahan ng password ang file na ito at hindi maaaring ma-preview."
   },
   "7151987668860086450": {
      "message": "Paghahanap sa web"
   },
   "7153847618034547771": {
      "message": "I-enable"
   },
   "7161134329606048317": {
      "message": "Isara"
   },
   "7164532930742017984": {
      "message": "Sinumang may link"
   },
   "7174189954350964804": {
      "message": "Subukang muli"
   },
   "7177591028189992523": {
      "message": "Ilipat"
   },
   "7188754206068648188": {
      "message": "Comma Separated Data"
   },
   "7225837680381806920": {
      "message": "Gabi ($1​)"
   },
   "722702934847795304": {
      "message": "Project"
   },
   "7236199858216720905": {
      "message": "Mga Mapa"
   },
   "7247530225058410142": {
      "message": "$2​ $1​"
   },
   "7259352906118493156": {
      "message": "Walang mga site."
   },
   "7282548567245878869": {
      "message": "Tinanggal ang item"
   },
   "7295712436136900176": {
      "message": "I-reload"
   },
   "7310311230493556740": {
      "message": "URL"
   },
   "7339696241980105410": {
      "message": "Hindi na umiiral ang pinili mong video. Maaaring naalis na ito ng may-ari."
   },
   "7342923890755029722": {
      "message": "Isara"
   },
   "734478884582426793": {
      "message": "Compressed Archive"
   },
   "7357017164339332230": {
      "message": "Maaaring makita at ibahagi ang mga larawang ito sa $2​Picasa Web Albums$1​, ang libreng serbisyo sa pagho-host ng larawan ng Google."
   },
   "736105042796745909": {
      "message": "{VIEWER_GENDER,select, female{Gumawa ng folder}male{Gumawa ng folder}other{Gumawa ng folder}}"
   },
   "7362061801920948830": {
      "message": "Mag-upload ng Higit pa"
   },
   "7364571366369083618": {
      "message": "Video"
   },
   "7377239345926788722": {
      "message": "Mga Pagkilos"
   },
   "7380785991026002613": {
      "message": "Ang mga ipinapakitang resulta ay may label na para sa muling paggamit."
   },
   "7382688299146249119": {
      "message": "I-download ang item"
   },
   "7383706174467122149": {
      "message": "Tinanggal ang tala"
   },
   "7388342865555961406": {
      "message": "sa loob ng $1​ araw"
   },
   "7393771571081973549": {
      "message": "C"
   },
   "740507516967994591": {
      "message": "Buksan"
   },
   "7422452809590461532": {
      "message": "Pula"
   },
   "7426603384368095928": {
      "message": "Paki-reload ang pahina upang muling mag-sign in at magpatuloy sa pagtatrabaho."
   },
   "7429084719905985261": {
      "message": "Objective C"
   },
   "7432956605646331928": {
      "message": "SQL"
   },
   "7440735091552109962": {
      "message": "$2​ (na-edit noong $1​)"
   },
   "7441891675459021164": {
      "message": "Sine-save sa Drive"
   },
   "7451573821837395189": {
      "message": "Idinagdag ang item sa $2​iyong Drive$1​."
   },
   "7468322419516352788": {
      "message": "Nagkaroon ng problema sa pag-update sa paglalarawan."
   },
   "7488945223835574498": {
      "message": "Postscript"
   },
   "7492710087472140422": {
      "message": "Matuto nang higit pa"
   },
   "7493919863870655172": {
      "message": "Web camera"
   },
   "7500786109708143683": {
      "message": "Tinanggal ang audio"
   },
   "7501027876827009022": {
      "message": "Ang mga ipinapakitang resulta ay may label na komersyal para sa muling paggamit."
   },
   "7521272923988336579": {
      "message": "Manatiling napapanahon sa pamamagitan ng pag-reload sa Keep ngayon."
   },
   "7532552995569296274": {
      "message": "I-clear ang Paghahanap"
   },
   "7546994163355383999": {
      "message": "Na-save ang lahat ng tala"
   },
   "7559208209275370228": {
      "message": "Ako ang huling nag-edit"
   },
   "7565383798249439151": {
      "message": "sa loob ng $1​ (na) araw"
   },
   "7565870443143407759": {
      "message": "Hanapin sa dokumento"
   },
   "7586291841734385643": {
      "message": "I-pop out"
   },
   "7598582624136632660": {
      "message": "Buksan ang bar sa paghahanap / hanapin ang susunod"
   },
   "7602870977118971161": {
      "message": "I-reload"
   },
   "7610654194202731772": {
      "message": "Tanggalin"
   },
   "761925792744044896": {
      "message": "Itakda bilang larawan sa profile"
   },
   "7630723924002267143": {
      "message": "Naka-enable ang mga keyboard shortcut."
   },
   "7640546114686970497": {
      "message": "Hindi na makakapagdagdag ng higit pang mga item"
   },
   "7669846901402551021": {
      "message": "Ngayon"
   },
   "7691521283331762131": {
      "message": "Lalabas dito ang iyong mga nai-archive na tala"
   },
   "772000107335590599": {
      "message": "sa loob ng $1​ (na) minuto"
   },
   "7734578122414851725": {
      "message": "PHP"
   },
   "7745005220197261896": {
      "message": "Paghahanap ng aklat"
   },
   "7759846028901235026": {
      "message": "Tinanggal sa archive ang tala"
   },
   "776065748745885880": {
      "message": "space"
   },
   "7770982082843341533": {
      "message": "Walang mga item sa folder na ito."
   },
   "779472474101127362": {
      "message": "Kumuha ng snapshot"
   },
   "7800318069267901681": {
      "message": "Binago"
   },
   "7805487598105530487": {
      "message": "Inline"
   },
   "7814778057875152792": {
      "message": "Nagkaroon ng problema sa paglipat sa attachment sa piniling folder sa Google Drive."
   },
   "7820417126206702946": {
      "message": "Ang mga ipinapakitang resulta ay available lang para sa personal o komersyal na paggamit sa Google Drive, at hindi maaaring muling ipamahagi o ibenta nang hiwalay."
   },
   "7822364282298323175": {
      "message": "Tinanggal ang listahan"
   },
   "7830513726270865588": {
      "message": "Calendar"
   },
   "7845751753397906805": {
      "message": "May mga nakitang magkasalungat na pag-edit"
   },
   "7852396628465259068": {
      "message": "Larawan sa profile"
   },
   "7859526172011446452": {
      "message": "Itigil ang pagka-cast"
   },
   "78870906674150830": {
      "message": "$3​$1​$2​"
   },
   "7895643887742936844": {
      "message": "semicolon"
   },
   "7899833760457194273": {
      "message": "Paghahanap ng larawan"
   },
   "7899913952063063825": {
      "message": "Tinanggal ang larawan"
   },
   "7906726367011430855": {
      "message": "Kumonekta"
   },
   "7910518224461588465": {
      "message": "Dilaw"
   },
   "7953603850004320936": {
      "message": "Hindi available ang preview."
   },
   "7957306528733096600": {
      "message": "Kumpleto Na"
   },
   "7960528690514646841": {
      "message": "{moreCount,plural, =0{unused plural form}=1{+ 1 pa}one{+ {moreCount} more}other{+ {moreCount} pa}}"
   },
   "7973635145070803181": {
      "message": "Mag-upload ng mga larawan"
   },
   "7987180255015869513": {
      "message": "O mag-paste ng address sa web dito:"
   },
   "8011497727123874703": {
      "message": "Button ng Folder ng $1​"
   },
   "8016231262233952856": {
      "message": "Teal"
   },
   "8019402848412685977": {
      "message": "Pinalitan ang pangalang \"$2​\" ng \"$1​\"."
   },
   "8023466614826324314": {
      "message": "Ibabahagi ang mga larawan sa malawak na audience."
   },
   "8043514121228710092": {
      "message": "Magdagdag ng larawan"
   },
   "8044700199531805239": {
      "message": "Naikonekta ang $3​$1​$2​."
   },
   "8069384932934428393": {
      "message": "sa loob ng $1​ minuto"
   },
   "8081927474846706026": {
      "message": "Walang mga drawing."
   },
   "8090743714060857028": {
      "message": "Hindi maaaring ma-download ng mga tumitingin"
   },
   "8095838445486198080": {
      "message": "{FILE_SIZE,plural, =0{0 na byte}=1{1 byte}one{# byte}other{# na byte}}"
   },
   "8099047958506869131": {
      "message": "{VIEWER_GENDER,select, female{Bagong Folder}male{Bagong Folder}other{Bagong Folder}}"
   },
   "8100558294600077150": {
      "message": "Paghahanap ng blog"
   },
   "8105635255693472607": {
      "message": "Magdagdag ng mga bagong item sa listahan"
   },
   "8106780183458743723": {
      "message": "Mga album ng larawan"
   },
   "8112699352770418817": {
      "message": "Walang nahanap na mga aklat."
   },
   "8132410616064087953": {
      "message": "Masyadong mahaba ang video (ang maximum na tagal ay $1​ segundo)."
   },
   "8135145577663029437": {
      "message": "Parehong panatilihin"
   },
   "8146560259680897627": {
      "message": "Kanselahin"
   },
   "8158191101452862916": {
      "message": "Magpasok ng mga larawan"
   },
   "8159493406018222636": {
      "message": "Magpadala ng feedback"
   },
   "8172945196588870035": {
      "message": "Mga Kaganapan"
   },
   "8174654098152723289": {
      "message": "I-edit ang Paglalarawan"
   },
   "8178754379486173416": {
      "message": "{VIEWER_GENDER,select, female{Sobrang kaunting item ang pinili. Mangyaring pumili pa.}male{Sobrang kaunting item ang pinili. Mangyaring pumili pa.}other{Sobrang kaunting item ang pinili. Mangyaring pumili pa.}}"
   },
   "8192378456655629049": {
      "message": "Pinoproseso ang video..."
   },
   "8193991135666622583": {
      "message": "keep"
   },
   "821942580510564685": {
      "message": "Pakilagay ang password ng dokumentong ito upang matingnan ito"
   },
   "8239237134193392595": {
      "message": "Lumalabas lang ang mga notification ng paalala sa lokasyon sa mga mobile device."
   },
   "8267458240960831780": {
      "message": "Pinapatotohanan..."
   },
   "8281141013543828574": {
      "message": "Raw Image"
   },
   "8281678863271800533": {
      "message": "Filter ng larawan"
   },
   "8283103456188558313": {
      "message": "Mga Presentation"
   },
   "8290434443655418968": {
      "message": "{filesCount,plural, =0{unused plural form}=1{Ang piniling file [{file}] ay hindi sinusuportahan para mai-upload.}one{Selected files [{files}] are not supported for upload.}other{Ang mga piniling file [{files}] ay hindi sinusuportahan para mai-upload.}}"
   },
   "8304474373444239435": {
      "message": "Tugon ni $1​."
   },
   "8322416564157128458": {
      "message": "Pagbabahagi"
   },
   "8324195080917648153": {
      "message": "Hindi kasya ang video dito. Pakilakihan nang kaunti ang iyong browser window."
   },
   "8337582740675387693": {
      "message": "Java"
   },
   "8342684858400436871": {
      "message": "tab"
   },
   "8379952094517631162": {
      "message": "Hindi"
   },
   "8409393124758970712": {
      "message": "$2​ x $1​"
   },
   "8412684147928483084": {
      "message": "Itim"
   },
   "8435544675017330861": {
      "message": "Walang mga item na tumugma sa iyong paghahanap."
   },
   "8436817383042650304": {
      "message": "caps-lock"
   },
   "8451184312655705174": {
      "message": "Kung tama ang iyong URL, makakakita ka ng preview dito. Maaaring umabot ng ilang minuto bago lumabas ang malalaking larawan."
   },
   "8467894483369467251": {
      "message": "Flash"
   },
   "8506198918368329269": {
      "message": "Ang mga ipinapakitang resulta ay may label na para sa komersyal na muling paggamit na may pagbabago."
   },
   "8571315158566081191": {
      "message": "Walang mga spreadsheet."
   },
   "8580600056399054303": {
      "message": "Itakda kung saan mapupunta ang mga bago o naka-check na item"
   },
   "8595175575778060149": {
      "message": "Higit pa"
   },
   "8596257056433048992": {
      "message": "Maligayang pagdating sa"
   },
   "8616342546716995946": {
      "message": "Nakuha ko"
   },
   "8621067185485606452": {
      "message": "ECMAScript"
   },
   "8638281560898810401": {
      "message": "{MINUTES,plural, =0{0 na minuto }=1{1 minuto }one{# minutes }other{# (na) minuto }}{SECONDS,plural, =0{0 na segundo.}=1{1 segundo.}one{# seconds.}other{# (na) segundo.}}"
   },
   "863955692838281739": {
      "message": "Isara"
   },
   "8643398764569428530": {
      "message": "Payagan ang Google Keep na magpakita ng mga notification?"
   },
   "8652566647088230560": {
      "message": "Dogfood Confidential"
   },
   "8660016472468563221": {
      "message": "colon"
   },
   "8663507590720636709": {
      "message": "$1​ +$2​ pa"
   },
   "8666643061920113075": {
      "message": "{VIEWER_GENDER,select, female{Mag-paste ng URL ng larawan dito:}male{Mag-paste ng URL ng larawan dito:}other{Mag-paste ng URL ng larawan dito:}}"
   },
   "8674222789100049233": {
      "message": "Isara"
   },
   "86815590954366945": {
      "message": "Listahan ng naka-archive na nilalaman"
   },
   "8709611758728645225": {
      "message": "pg-down"
   },
   "8711002053494037632": {
      "message": "Inalisan ng check ang lahat ng item"
   },
   "8748281640412284111": {
      "message": "Mga stock na larawan"
   },
   "8759520888087120926": {
      "message": "Walang mga script."
   },
   "8775097441636640256": {
      "message": "$2​ - $1​"
   },
   "8780212274435014958": {
      "message": "Mga Lupon"
   },
   "8781837301864053001": {
      "message": "Rich Text"
   },
   "8792038552136453044": {
      "message": "Oops! Nagkaroon ng problema"
   },
   "8793166064242077041": {
      "message": "Nagkaproblema sa pagpapakita sa larawang ito."
   },
   "8813101408630252335": {
      "message": "$1​ (na) segundo"
   },
   "8820281478062782578": {
      "message": "Maghanap"
   },
   "8822326207328431952": {
      "message": "Hindi available ang mga pag-upload ng larawan"
   },
   "8840223453482998505": {
      "message": "Napili ang folder na $1​"
   },
   "8845176264121061589": {
      "message": "Alisan ng check ang lahat ng item"
   },
   "8850238112725591771": {
      "message": "shortcut $1​"
   },
   "8852550049823214385": {
      "message": "pagkatapos"
   },
   "8883744193208363722": {
      "message": "May available na update sa app."
   },
   "8884900765322249670": {
      "message": "View ng Listahan"
   },
   "8889019648958415451": {
      "message": "Unknown File"
   },
   "8911996820409711834": {
      "message": "Ilipat ang text sa bagong item sa listahan &raquo;"
   },
   "8916237870980173557": {
      "message": "Kumokonekta..."
   },
   "8917554093651202032": {
      "message": "I-play ang $1​"
   },
   "8919660666733306860": {
      "message": "Larawan"
   },
   "8930959387403789939": {
      "message": "Paalala"
   },
   "8943760679396635042": {
      "message": "Ipinapakita ang $1​."
   },
   "8953555255469284376": {
      "message": "I-drop ang mga larawan dito"
   },
   "8979615310931291676": {
      "message": "Na-edit noong $1​"
   },
   "8986044948621891903": {
      "message": "I-type ang iyong paghahanap sa kahon sa itaas upang maghanap ng mga resulta sa web gamit ang Google Web Search."
   },
   "901615442107785480": {
      "message": "I-archive ang tala/listahan"
   },
   "9024023699330078373": {
      "message": "Ang pagbukas sa item na ito ay magdaragdag rito sa iyong Drive"
   },
   "9028041601596584772": {
      "message": "Lokasyon"
   },
   "9058308423774656474": {
      "message": "Hangul Word Processor"
   },
   "9083935734710258396": {
      "message": "Tanggihan"
   },
   "9094248058931620597": {
      "message": "Na-collapse ang panel ng mga detalye."
   },
   "9114674068220302553": {
      "message": "Bilang attachment"
   },
   "911586799466052745": {
      "message": "OpenOffice Draw"
   },
   "9130962320402467249": {
      "message": "Mga stock na larawan"
   },
   "9146716987301178362": {
      "message": "Nakaranas ng error. Paki-reload."
   },
   "9165877886714239857": {
      "message": "Hindi makuha ang text sa larawan. Subukang muli sa ibang pagkakataon."
   },
   "916773043895242978": {
      "message": "Mali o hindi ma-load ang URL ng larawan na inilagay mo sa itaas. Mangyaring maglagay ng tamang URL ng larawan."
   },
   "9173629944963872598": {
      "message": "Walang nahanap na mga kaganapan."
   },
   "9182500445937900938": {
      "message": "Isara"
   },
   "9195941533351099011": {
      "message": "Ina-upload ang $1​ sa $2​"
   },
   "9197837492705576727": {
      "message": "Pumunta sa susunod na item"
   },
   "919969969251998566": {
      "message": "I-extract ang archive na ito sa iyong mail account."
   },
   "9203542510134660095": {
      "message": "Sinimulan ang pag-extract. Ang naka-archive na content ay makikita sa Drive sa ilalim ng folder na \"$1​.\""
   },
   "940276535015195877": {
      "message": "Walang mga folder."
   },
   "943493480163896757": {
      "message": "{resultCount,plural, =1{# tumutugmang tala}one{# tumutugmang tala}other{# na tumutugmang tala}}"
   },
   "951963820437151566": {
      "message": "Google Sites"
   },
   "95809842507987016": {
      "message": "Tanggalin"
   },
   "963611681085757795": {
      "message": "Paumanhin, hindi kami makagawa ng view ng dokumento sa ngayon."
   },
   "96556988207614774": {
      "message": "Mga Kalendaryo"
   },
   "974042541427403929": {
      "message": "Asul"
   },
   "980395722421409371": {
      "message": "Walang nahanap na mga mapa."
   },
   "982187142411651629": {
      "message": "I-dismiss"
   },
   "985197728509875956": {
      "message": "Chemical Model"
   },
   "996381410993745580": {
      "message": "Photoshop"
   },
   "998727788921602971": {
      "message": "Mga Video"
   },
   "appDesc": {
      "description": "App description",
      "message": "Mabilis na itala ang iyong mga naiisip at mapaalalahanan sa tamang lugar o oras. "
   },
   "appName": {
      "description": "App name.",
      "message": "Google Keep - mga tala at listahan"
   }
}
