{
   "1006787209796778126": {
      "message": "मेरी डिस्‍क"
   },
   "1017907757187630742": {
      "message": "मेरे फ़ॉन्ट"
   },
   "1029072043275376320": {
      "message": "कोई कैलेंडर नहीं मिला."
   },
   "1030781695901615026": {
      "message": "नीचे"
   },
   "103870949919613488": {
      "message": "नोट संगृहीत किया गया"
   },
   "1039394921418415681": {
      "message": "प्रवेश करें"
   },
   "1083918249169198626": {
      "message": "कीबोर्ड शॉर्टकट अक्षम हैं."
   },
   "1090919586152138659": {
      "message": "Stock"
   },
   "1101371910696766077": {
      "message": "प्रतिलिपि बनाएं"
   },
   "1107413433574576014": {
      "message": "शीर्षक बहुत बड़ा है. हाइलाइट किया गया पाठ सहेजा नहीं जाएगा."
   },
   "1127320433256851404": {
      "message": "वीडियो प्‍लेयर"
   },
   "1162642135048988280": {
      "message": "दस्‍तावेज़ का नाम बदलें"
   },
   "1166244120191806795": {
      "message": "सुझाव दें"
   },
   "1179891706526242218": {
      "message": "अगला"
   },
   "1185164838496022543": {
      "message": "कृपया पृष्ठ पुन: लोड करने के लिए यहां क्लिक करें."
   },
   "1185644932132585290": {
      "message": "$1​ वर्ण शेष"
   },
   "1213005208968286932": {
      "message": "समाधान की गई के रूप में चिह्नित"
   },
   "1263557413037343589": {
      "message": "फ़ोटो व्यवस्थित करें"
   },
   "1263685395252160366": {
      "message": "LaTeX"
   },
   "1311350045083871503": {
      "message": "रद्द करें"
   },
   "1311729747516144362": {
      "message": "लाल"
   },
   "1315844696796851207": {
      "message": "Sans Serif"
   },
   "1319037146426591038": {
      "message": "या"
   },
   "132822872080714863": {
      "message": "ठीक"
   },
   "133192954417440569": {
      "message": "कोई परिणाम नहीं मिला."
   },
   "1349697396109290623": {
      "message": "$1​ का उच्च रिज़ॉल्यूशन दिखाया जा रहा है"
   },
   "1376126796144976437": {
      "message": "सभी फ़ॉन्ट"
   },
   "139942704574044780": {
      "message": "स्वीकार करें"
   },
   "141491180325662484": {
      "message": "Google डिस्‍क आपकी सभी फ़ाइलें रखने का एकमात्र स्‍थान है, ताकि आप कहीं से भी, किसी भी उपकरण से उन्हें एक्सेस कर सकें.  जब आपके पास Google डिस्‍क में फ़ोटो हों, तो आप उन्‍हें यहां तत्काल अपनी मंडलियों के साथ साझा कर सकते हैं."
   },
   "1418114637490664392": {
      "message": "LIFE फ़ोटो संग्रह"
   },
   "1419896259743862406": {
      "message": "इसमें खोलें:"
   },
   "1440171352837969028": {
      "message": "वीडियो/ऑडियो"
   },
   "1441487391064925653": {
      "message": "सहायता केंद्र में सभी शॉर्टकट देखें"
   },
   "1446829548948002072": {
      "message": "अल्पविराम"
   },
   "1454684154234137497": {
      "message": "pause"
   },
   "1459765068821943106": {
      "message": "{VIEWER_GENDER,select, female{YouTube URL यहां चिपकाएं:}male{YouTube URL यहां चिपकाएं:}other{YouTube URL यहां चिपकाएं:}}"
   },
   "1463079206290378085": {
      "message": "Orkut फ़ोटो"
   },
   "1463389029497634261": {
      "message": "वॉल्यूम घटाएं"
   },
   "1475179211173444554": {
      "message": "डोमेन में शामिल कोई भी व्यक्ति जिसके पास लिंक हो"
   },
   "1492360016907725281": {
      "message": "{VIEWER_GENDER,select, female{वीडियो URL यहां चिपकाएं:}male{वीडियो URL यहां चिपकाएं:}other{वीडियो URL यहां चिपकाएं:}}"
   },
   "1493251742569121894": {
      "message": "नोट बहुत बड़ा है. हाइलाइट किया गया पाठ सहेजा नहीं जाएगा."
   },
   "1493384967280942491": {
      "message": "गुलाबी"
   },
   "1499433769420882987": {
      "message": "$1​ दिखाया जा रहा है"
   },
   "1505876360160857231": {
      "message": "$1​ TB"
   },
   "1521707405717823409": {
      "message": "बैंगनी"
   },
   "153439508598626384": {
      "message": "आपकी फ़ोटो"
   },
   "1536051766421561160": {
      "message": "बराबर"
   },
   "156992719062713230": {
      "message": "धूसर"
   },
   "1586968957182554447": {
      "message": "अक्षम करें"
   },
   "1588268697057804046": {
      "message": "$1​ घंटे पहले"
   },
   "1603139897109307706": {
      "message": "त्रुटि, कृपया पुन: प्रयास करें"
   },
   "1604359562654146902": {
      "message": "फ़ोटो"
   },
   "1633370388224271051": {
      "message": "कोई लोग नहीं मिले."
   },
   "1633798963327779260": {
      "message": "कल"
   },
   "1654222450095043962": {
      "message": "ऑडियो"
   },
   "1656911987308166143": {
      "message": "हटाएं"
   },
   "1665821947855814052": {
      "message": "आकार"
   },
   "1692901784886701962": {
      "message": "नोट बहुत बड़ा है."
   },
   "1697160643589236962": {
      "message": "$1​ PB"
   },
   "1700522311470719738": {
      "message": "मुझे याद दिलाएं"
   },
   "1701312243672511585": {
      "message": "पाठ को नए नोट पर ले जाएं &raquo;"
   },
   "1709410429018687341": {
      "message": "सुबह ($1​)"
   },
   "1715552550526864429": {
      "message": "ब्लॉग खोजें"
   },
   "171683163267149669": {
      "message": "$1​ GB"
   },
   "1739900012825270238": {
      "message": "पिछले आइटम पर जाएं"
   },
   "1756171223417807431": {
      "message": "सुनिश्चित करें कि चित्र सार्वजनिक है. यदि आपका चित्र पासवर्ड द्वारा सुरक्षित है, या किसी आंतरिक नेटवर्क पर है, तो हम उसे पढ़ नहीं पाएंगे."
   },
   "1759957963056319953": {
      "message": "$1​ से वापस लौटें"
   },
   "1783719421893050637": {
      "message": "आयाम"
   },
   "178927681797742562": {
      "message": "प्रवेश करें"
   },
   "1791115075948268631": {
      "message": "कीबोर्ड शॉर्टकट सहायता खोलें"
   },
   "1808245543551507519": {
      "message": "ऑडियो"
   },
   "1816851800848432562": {
      "message": "निकालें"
   },
   "1818306025747564729": {
      "message": "लिंक पर जाएं"
   },
   "1823222042913714987": {
      "message": "पासवर्ड सबमिट करें"
   },
   "1823854753950594157": {
      "message": "स्थान पर रखें"
   },
   "1830157062072535681": {
      "message": "$1​ दिखाया जा रहा है"
   },
   "185012928288875755": {
      "message": "किसी भी आइटम का आपके मापदंड से मिलान नहीं हुआ."
   },
   "1856444915090632305": {
      "message": "दस्तावेज़ एन्क्रिप्ट किया गया है. कृपया पासवर्ड लिखें."
   },
   "1866863108233180413": {
      "message": "फ़ोल्डर"
   },
   "187077078156858455": {
      "message": "ऑडियो नोट"
   },
   "189303170370862360": {
      "message": "$2​ में से $1​ आइटम"
   },
   "1900571668686750716": {
      "message": "vCard"
   },
   "1901351411358749070": {
      "message": "मुझसे साझा किए गए"
   },
   "1913425963149828429": {
      "message": "इस संग्रह को डिस्क में एक्स्ट्रैक्ट करें."
   },
   "1918176455405610789": {
      "message": "पूर्ण"
   },
   "1920189655549476211": {
      "message": "अज्ञात लंबाई"
   },
   "1929603188252533075": {
      "message": "आपका वीडियो हटाया नहीं जा सका. कृपया पुनः प्रयास करें."
   },
   "1951810091681076784": {
      "message": "{COUNT_1,plural, =1{1 मिलान करने वाला नोट}one{{COUNT_2} मिलान करने वाले नोट}other{{COUNT_2} मिलान करने वाले नोट}}"
   },
   "1956794332842050061": {
      "message": "अगला पृष्ठ"
   },
   "1965626377712226216": {
      "message": "Keynote"
   },
   "1968405748623909021": {
      "message": "इस आइटम को खोलने या संपादित करने के लिए नीचे दिए गए किसी एक ऐप्स का उपयोग करें"
   },
   "1974063091619095703": {
      "message": "लोग"
   },
   "1988244842147989817": {
      "message": "ट्रैश में मौजूद नोट 7 दिन बाद हटा दिए जाते हैं."
   },
   "1993674829873313178": {
      "message": "अपलोड समस्याएं? हम अभी रखरखाव कर रहे हैं, लेकिन जल्दी ही सबकुछ फिर से सामान्य हो जाएगा."
   },
   "2003845117979929469": {
      "message": "विवरण"
   },
   "2048322072989992494": {
      "message": "किसी ने आपके साथ अभी तक कोई फ़ाइल साझा नहीं की है!"
   },
   "2055836117545582610": {
      "message": "सूची सेटिंग"
   },
   "2059084517358086391": {
      "message": "ढूंढें बार बंद करें"
   },
   "2061440050632248160": {
      "message": "संग्रह"
   },
   "2068023589621557589": {
      "message": "TrueType फ़ॉन्ट"
   },
   "2073035325657060696": {
      "message": "कोई पूर्वावलोकन उपलब्ध नहीं है."
   },
   "2073322475696388995": {
      "message": "आगे करें"
   },
   "207810168108507460": {
      "message": "$1​ घंटे पहले"
   },
   "2109272338124379867": {
      "message": "अंतिम संशोधन"
   },
   "2116013171202209313": {
      "message": "चुनें"
   },
   "2122256657192674586": {
      "message": "वीडियो खोजें"
   },
   "2125135092719715773": {
      "message": "अपलोड करें"
   },
   "212796670323571824": {
      "message": "ठीक"
   },
   "213665695896111861": {
      "message": "नोट"
   },
   "2138593281154109183": {
      "message": "संग्रह"
   },
   "2147952938331523160": {
      "message": "नाम बदलें..."
   },
   "2154372123324862271": {
      "message": "स्लैश"
   },
   "2154940358270068005": {
      "message": "हटाए गए नोट कुछ अधिक देर तक रखें"
   },
   "2184278444368405837": {
      "message": "$1​ आइटम"
   },
   "2187239650627580457": {
      "message": "सबमिट करें"
   },
   "2198096971937872560": {
      "message": "अनुस्मारक:"
   },
   "220168959069469607": {
      "message": "और क्रियाएं"
   },
   "221715292685577880": {
      "message": "हां"
   },
   "2220005860896049129": {
      "message": "क्षमा करें, मूल स्रोत पर दस्‍तावेज़ को ढूंढने में बहुत अधिक समय लगा."
   },
   "2228413078211839077": {
      "message": "क्षमा करें, दस्तावेज़ का दृश्य निर्मित करने में हमें अस्थायी समस्या आ रही है."
   },
   "2235097878790803849": {
      "message": "अनुलग्नकों को अलविदा. नमस्ते Google डिस्क."
   },
   "2257303402199718039": {
      "message": "क्षमा करें, हम मूल स्रोत पर दस्तावेज़ नहीं ढूंढ सके. सत्यापित करें कि दस्तावेज़ अभी भी मौजूद है."
   },
   "2274436793504233543": {
      "message": "रद्द करें"
   },
   "2278224983638451454": {
      "message": "इसे अभी प्राप्त करें"
   },
   "2280650195464600721": {
      "message": "मार्गदर्शक"
   },
   "2285069188138705005": {
      "message": "कनेक्‍ट किए गए ऐप्स"
   },
   "2289534534793293486": {
      "message": "संग्रह से हटाएं"
   },
   "2289812403593835836": {
      "message": "Pages"
   },
   "229177484946387188": {
      "message": "Google Earth"
   },
   "2292696732672795285": {
      "message": "वॉल्यूम बढ़ाएं"
   },
   "230180475614658119": {
      "message": "पूर्ण"
   },
   "2304293593067358316": {
      "message": "क्लिप आर्ट"
   },
   "2310145944356900158": {
      "message": "चेक किए गए"
   },
   "2311880726221661199": {
      "message": "उच्च रिज़ाॅल्यूशन लोड हो रहे हैं"
   },
   "2329167963662998826": {
      "message": "स्थान अनुस्मारकों के लिए स्थल सुझावों को बेहतर बनाने के लिए Google Keep आपके स्थान का उपयोग करना चाहता है."
   },
   "234046557601727809": {
      "message": "कोई चित्र या वीडियो नहीं."
   },
   "2349912757088764940": {
      "message": "इन्हें दिखाई देंगी:"
   },
   "2359614137862708172": {
      "message": "Shift"
   },
   "2370463380397641604": {
      "message": "प्रचलित कीबोर्ड शॉर्टकट"
   },
   "2370656573843123707": {
      "message": "दायां कोष्ठक"
   },
   "2393487423640708285": {
      "message": "URL मान्य नहीं है.  सुनिश्चित करें कि यह http:// या https:// से प्रारंभ होता है."
   },
   "2405795704816921421": {
      "message": "$1​ फ़ाइल"
   },
   "2412314804333167252": {
      "message": "यह स्‍प्रैडशीट बहुत बड़ी है. $3​डाउनलोड करने$1​ या $4​Google पत्रक में संपादित करने$1​ के लिए क्‍लिक करें."
   },
   "2418104318933043113": {
      "message": "Google चित्र खोज"
   },
   "2433429041384246549": {
      "message": "म्यूट करें"
   },
   "2449254824382583885": {
      "message": "पॉप आउट"
   },
   "2452522051596946166": {
      "message": "ओह! $1​ का पूर्वावलोकन करते समय कोई समस्या थी. पुन: प्रयास किया जा रहा है."
   },
   "2454642351139428112": {
      "message": "पूर्ववत करें"
   },
   "2466251465475184755": {
      "message": "ट्रैश खाली करें?  ट्रैश में मौजूद सभी नोट स्थायी रूप से हटा दिए जाएंगे."
   },
   "2475181823688399272": {
      "message": "अगली"
   },
   "2484568559152875936": {
      "message": "कोई फ़ोटो एल्बम नहीं."
   },
   "2504232652631703202": {
      "message": "कनेक्ट है"
   },
   "251025074207413762": {
      "message": "वर्णन जोड़ें"
   },
   "2510929871271209216": {
      "message": "यह स्‍प्रैडशीट बहुत बड़ी है. डाउनलोड करने के लिए $2​यहां$1​ क्‍लिक करें."
   },
   "2513437337377210144": {
      "message": "end"
   },
   "2524021436052870191": {
      "message": "यह फ़ाइल अपलोड नहीं की जा सकती. केवल $2​MB से कम आकार वाली $1​ फ़ाइलें ही काम करेंगी."
   },
   "2532280782491328445": {
      "message": "पिछला ढूंढें"
   },
   "2538080331309772448": {
      "message": "क्रमित करें: $1​"
   },
   "2538462904124380434": {
      "message": "नोट को ट्रैश में ले जाया गया"
   },
   "2546225293834487484": {
      "message": "नोट"
   },
   "2558480112329900136": {
      "message": "धूसर"
   },
   "257317112834806705": {
      "message": "सूची और ग्रिड दृश्य के बीच टॉगल करें"
   },
   "2579679351920691492": {
      "message": "पीछे करें"
   },
   "2587566920590457715": {
      "message": "Maps Engine Lite"
   },
   "2609409316752026806": {
      "message": "PDF"
   },
   "2609750184896485102": {
      "message": "फ़ोन से वीडियो"
   },
   "2615188670181508661": {
      "message": "आपने हाल ही में कुछ भी नहीं चुना है!"
   },
   "2623861453769098676": {
      "message": "इस दस्तावेज़ का पूर्वावलोकन करते समय कोई समस्या थी."
   },
   "2628268670001557269": {
      "message": "कोटा"
   },
   "2643241712502664984": {
      "message": "आपके YouTube वीडियो"
   },
   "2661850177130037208": {
      "message": "आइटम खोलें"
   },
   "2681830832355823748": {
      "message": "सभी शॉर्टकट खोजें"
   },
   "2687303256387847763": {
      "message": "लोकप्रियता"
   },
   "2702485557996900362": {
      "message": "विरोध संपादन ठीक करें"
   },
   "2705842902318123127": {
      "message": "अगले/पिछले नोट/सूची पर नेविगेट करें"
   },
   "272948685355798518": {
      "message": "अमान्य फ़ाइल प्रकार चयनित."
   },
   "2731144323070245943": {
      "message": "सूची सेटिंग"
   },
   "2742719907061406418": {
      "message": "XML"
   },
   "2750830436677712001": {
      "message": "{VIEWER_GENDER,select, female{{FOLDER_NAME} बनाना विफल रहा.}male{{FOLDER_NAME} बनाना विफल रहा.}other{{FOLDER_NAME} बनाना विफल रहा.}}"
   },
   "2752123004911547510": {
      "message": "रुझान"
   },
   "2758125083752925237": {
      "message": "(स्वामी)"
   },
   "277430914014962533": {
      "message": "ओह! $1​ का पूर्वावलोकन करते समय कोई समस्या थी."
   },
   "2774713922589657910": {
      "message": "डोमेन में शामिल कोई भी व्यक्ति"
   },
   "2786560864906393383": {
      "message": "फ़ोन से फ़ोटो"
   },
   "2789687492331041935": {
      "message": "समय चुनें"
   },
   "2790446494460492805": {
      "message": "निकालने का कार्य प्रारंभ हुआ. संग्रहीत संदेश आपके मेल खाते में \"आयात: $1​\" लेबल के तहत दिखाई देंगे."
   },
   "2793841261389879255": {
      "message": "पिछला पृष्ठ"
   },
   "2801153442808430222": {
      "message": "मेरी डिस्क"
   },
   "2817277146396981386": {
      "message": "अपराह्न"
   },
   "2818020101821669029": {
      "message": "निर्मित"
   },
   "2818135503416309545": {
      "message": "वीडियो रिकॉर्ड करें"
   },
   "2827039933590757722": {
      "message": "Windows Shortcut"
   },
   "2829226075651806940": {
      "message": "ज़ूम इन करें"
   },
   "2860188519781080944": {
      "message": "नारंगी"
   },
   "2861568351294148466": {
      "message": "स्क्रिप्ट"
   },
   "2864281852037732729": {
      "message": "कम"
   },
   "2873089307546162154": {
      "message": "ठीक"
   },
   "2877285560485318801": {
      "message": "रोकें"
   },
   "2878874627361086801": {
      "message": "पूर्वावलोकन"
   },
   "2879276552944958066": {
      "message": "$1​ फ़ोल्डर पर वापस जाएं."
   },
   "289798573180023043": {
      "message": "ठीक"
   },
   "2902747751281161248": {
      "message": "नई सूचियों पर लागू करें"
   },
   "2905147317995482841": {
      "message": "हमने Google डिस्क में सभी फ़ाइलों को देखने के अनुभव को अपडेट कर दिया है. अब यह अधिक सुंदर और उपयोग करने में आसान है! हमें आशा है कि आप इस नए स्वरूप को पसंद करेंगे."
   },
   "2917498437550635075": {
      "message": "आइकन"
   },
   "2964778642459027786": {
      "message": "ट्रैश में कोई नोट नहीं है"
   },
   "2974598228601710262": {
      "message": "जोड़ें"
   },
   "2979466412944870220": {
      "message": "पूर्वावलोकन लोड हो रहा है..."
   },
   "2982511431742033448": {
      "message": "कोई प्रस्तुतिकरण नहीं."
   },
   "298817883481775869": {
      "message": "लोड हो रहा है..."
   },
   "3000689173481666334": {
      "message": "अपनी मंडली संपादित करें"
   },
   "3029395493413607486": {
      "message": "video player लोड नहीं किया जा सका. पृष्ठ को पुन: लोड करके देखें.$1​यदि समस्या बनी रहती है, तो $3​सहायता केंद्र से परामर्श करें$2​."
   },
   "3043961722025425136": {
      "message": "वर्णन"
   },
   "306516303501625305": {
      "message": "प्रमाणीकरण विफल हो गया है."
   },
   "3073005748126521632": {
      "message": "$1​ पर याद दिलाया गया"
   },
   "3074184819310272351": {
      "message": "अपलोड की गईं फ़ोटो"
   },
   "3084372889071691504": {
      "message": "{VIEWER_GENDER,select, female{URL यहां चिपकाएं:}male{URL यहां चिपकाएं:}other{URL यहां चिपकाएं:}}"
   },
   "3095645856215493958": {
      "message": "फ़ोटो में प्रिंट किया गया पाठ ढूंढें"
   },
   "31018542656161389": {
      "message": "फ़िट करने के लिए ज़ूम करें"
   },
   "3109321241584918345": {
      "message": "और ऐप्स  कनेक्ट करें..."
   },
   "3121560585545725724": {
      "message": "$1​, $2​"
   },
   "3140236589681731084": {
      "message": "$1​ घंटे में"
   },
   "3189854932778515441": {
      "message": "नोट संग्रह में है"
   },
   "3207670492626476064": {
      "message": "तालिकाएं"
   },
   "3211163842850942567": {
      "message": "ज़ूम इन करें"
   },
   "3222929029344613957": {
      "message": "क्षमा करें, इस फ़ाइल को खोलते समय त्रुटि हुई. कृपया पुन: प्रयास करें."
   },
   "3233388241926683100": {
      "message": "नोट खोजें"
   },
   "3243829462528324248": {
      "message": "भूरा"
   },
   "3250489229749307913": {
      "message": "इलेक्ट्रॉनिक प्रकाशन"
   },
   "3256928852560591255": {
      "message": "ट्रैश में संपादित नहीं किया जा सकता"
   },
   "3261131345401321392": {
      "message": "टिप्पणी कर सकता है"
   },
   "3265524298292280681": {
      "message": "esc"
   },
   "3267563602179728277": {
      "message": "delete"
   },
   "3272496516667407797": {
      "message": "विवरण लोड करते समय कोई समस्या थी."
   },
   "3275029321588462173": {
      "message": "कोई नहीं"
   },
   "3278237562147211998": {
      "message": "स्टॉक फ़ोटो"
   },
   "330603631583186798": {
      "message": "Word"
   },
   "3306487262690341751": {
      "message": "दिनांक और समय"
   },
   "3312545971976531405": {
      "message": "Message"
   },
   "3319087486907616296": {
      "message": "यह आइटम कास्ट करें"
   },
   "3328129883064940351": {
      "message": "फ़ॉन्ट"
   },
   "3335409796971631780": {
      "message": "डिस्क में एक्स्ट्रैक्ट किया जा रहा है."
   },
   "3343451103608774400": {
      "message": "पेश है $3​नया मेरे नक्शे.$2​$1​मैपिंग के बेहतर टूल."
   },
   "3354260708176476985": {
      "message": "लोड हो रहा है&hellip;"
   },
   "3357778055650785985": {
      "message": "आइटम बहुत बड़ा है. हाइलाइट किया गया पाठ सहेजा नहीं जाएगा."
   },
   "3364679383274077479": {
      "message": "ऐप्स की नई जानकारी उपलब्ध"
   },
   "3368639944474272225": {
      "message": "क्षमा करें, हम दस्तावेज़ को देखे जाने के लिए पुनर्प्राप्त नहीं कर सकते या आपके पास दस्तावेज़ को देखने की अनुमति नहीं है."
   },
   "3381619429606029445": {
      "message": "Visio"
   },
   "3382236845597426718": {
      "message": "खोलें"
   },
   "3408219901032480508": {
      "message": "$2​; $1​"
   },
   "3409257542937182842": {
      "message": "पुन: प्रयास कर रहा है..."
   },
   "3409483962000136213": {
      "message": "चलाएं/रोकें"
   },
   "3418767079436101103": {
      "message": "यह पृष्ठ लोड करते समय कोई समस्या थी."
   },
   "3421685394169412932": {
      "message": "आपके द्वारा किया गया प्रत्येक बदलाव अपने आप सहेजा जाता है."
   },
   "3422389100099960864": {
      "message": "कोई चित्र नहीं."
   },
   "3428726060007577698": {
      "message": "सूची बहुत ही बड़ी हैै."
   },
   "3430885603500576146": {
      "message": "केवल वे चित्र चुनें जिनके लिए आप निश्चित हैं कि आपके पास उनके उपयोग का लाइसेंस है."
   },
   "3440534675925634227": {
      "message": "Chrome ब्राउज़र विंडो में, chrome://settings पर जाएं और सुनिश्चित करें कि आपने प्रवेश किया हुआ है. फिर प्रवेश करें को पुनः क्लिक करें."
   },
   "3446158485617778228": {
      "message": "पूर्ववत करें"
   },
   "3448234415275521882": {
      "message": "सामान्‍य जानकारी"
   },
   "3448684788258660606": {
      "message": "आपकी फ़ोटो"
   },
   "3450585781337676327": {
      "message": "लोड हो रहा है..."
   },
   "3457279184692206825": {
      "message": "फ़ोटो सभी को दिखाई (वेब ​​पर सार्वजनिक) देंगी."
   },
   "3468441711253011521": {
      "message": "Google पत्रक"
   },
   "3473620774713000513": {
      "message": "समाधान किया गया"
   },
   "3483438888494819423": {
      "message": "Google Keep में नया क्या है"
   },
   "3511274344439521198": {
      "message": "कार्रवाई"
   },
   "3518073392823563581": {
      "message": "कीबोर्ड शॉर्टकट"
   },
   "3531603810713611778": {
      "message": "फ़ाइल के आकार की अधिकतम सीमा पार हो गई है. कृपया एक या अधिक का चयन रद्द करें."
   },
   "3543475399174940144": {
      "message": "+$1​"
   },
   "3547194749488601916": {
      "message": "अपडेट हो रहे हैं..."
   },
   "354828103903104581": {
      "message": "चेक किए गए आइटम"
   },
   "3561658662634401836": {
      "message": "शीर्षक"
   },
   "357172711168973843": {
      "message": "हाल ही में जोड़े गए नोट या बदलाव नहीं सहेजे गए. सामग्रियों की अपनी स्वयं की प्रतिलिपि बनाएं, फिर पुन: लोड करें."
   },
   "3586705906700410505": {
      "message": "रेखा ड्रॉइंग"
   },
   "3587798318180902863": {
      "message": "{NUM_SELECTED,plural, =1{ चयनित »}one{ चयनित »}other{ चयनित »}}"
   },
   "3595000514985906359": {
      "message": "Excel"
   },
   "3602920441714068008": {
      "message": "$1​ को $2​ बजे याद दिलाया गया"
   },
   "3608606849109645545": {
      "message": "नया दस्तावेज़ नाम लिखें:"
   },
   "361202495024972887": {
      "message": "वीडियो अपलोड करें"
   },
   "361630518611593946": {
      "message": "चेकबॉक्स छिपाएं"
   },
   "3625886392901506764": {
      "message": "या"
   },
   "3643146117250542609": {
      "message": "कोई PDF नहीं."
   },
   "3645728163953189422": {
      "message": "क्षमा करें, हम दस्‍तावेज़ को देखे जाने के लिए पुनर्प्राप्त नहीं कर सके क्‍योंकि वह बहुत बड़ा है."
   },
   "3651893685901703652": {
      "message": "..."
   },
   "3657386785336906042": {
      "message": "बैकस्लैश"
   },
   "3659554681396757189": {
      "message": "मेरे द्वारा खोली गई"
   },
   "3663571259791438207": {
      "message": "दुरुपयोग की रिपोर्ट करें"
   },
   "3664842788764635265": {
      "message": "कोई नहीं"
   },
   "3666123569747918021": {
      "message": "इस दस्‍तावेज़ में नहीं सहेजे गए बदलाव हैं. क्‍या आप पृष्ठ को छोड़ना और अपने बदलावों को छोड़ना चाहते हैं?"
   },
   "3673346558112798837": {
      "message": "कोई पृष्ठभूमि नहीं"
   },
   "3674811252904549204": {
      "message": "कवर फ़ोटो"
   },
   "3678477908297567934": {
      "message": "अंडरस्कोर"
   },
   "3681747688524363195": {
      "message": "ऊपर"
   },
   "3690515530505404607": {
      "message": "इस वीडियो को चलाते समय कोई समस्या थी."
   },
   "369764661829607970": {
      "message": "{NUM_ITEMS,plural, =0{कोई आइटम नहीं}=1{1 आइटम}one{# आइटम}other{# आइटम}}"
   },
   "3712215972250917265": {
      "message": "टिप्पणियां"
   },
   "3717138719704492547": {
      "message": "कृपया लेखन त्रुटियों के लिए पते की जांच करें."
   },
   "374088101949877889": {
      "message": "बंद करें"
   },
   "3745308627628779133": {
      "message": "नया फ़ोल्डर"
   },
   "3748461364828242354": {
      "message": "रंग चुनें"
   },
   "3770795578481676514": {
      "message": "पीला"
   },
   "3771958676925493302": {
      "message": "फ़िल्‍टर निकालें: $1​"
   },
   "3779945546806941187": {
      "message": "मोनोक्रोम"
   },
   "3793086499925031123": {
      "message": "खोज बार खोलें / पिछला ढूंढें"
   },
   "37992665410817181": {
      "message": "पुन: खोली गई"
   },
   "3801617971018550169": {
      "message": "कल"
   },
   "3808213429720572062": {
      "message": "पुनर्स्थापित करें"
   },
   "381100310424863459": {
      "message": "Illustrator"
   },
   "3842411126100113634": {
      "message": "pg-up"
   },
   "3844047145949375230": {
      "message": "दस्तावेज़"
   },
   "3858324058837632381": {
      "message": "इस ऑडियो फ़ाइल को चलाते समय कोई समस्या थी."
   },
   "3864575916269080329": {
      "message": "खोजे जाने योग्य चित्र"
   },
   "3866373087987934712": {
      "message": "अपलोड विफल: $1​"
   },
   "3869166581651870488": {
      "message": "संपादन समाप्त करें"
   },
   "3873215756962047275": {
      "message": "संग्रह"
   },
   "3873467440437675460": {
      "message": "क्षमा करें!  हम आपके द्वारा पूर्व में चयनित फ़ॉन्ट नहीं ढूंढ सके."
   },
   "3897281533382850749": {
      "message": "अनम्यूट करें"
   },
   "3936153839186254186": {
      "message": "दिखाएं: $1​"
   },
   "3955760658925284765": {
      "message": "पुनः प्रयास करें"
   },
   "3974064131130689245": {
      "message": "ग्रिड दृश्य"
   },
   "3977699855735576796": {
      "message": "और पृष्ठ लोड करते समय कोई समस्या थी."
   },
   "3988418762222300024": {
      "message": "पीरियड"
   },
   "3989552504822984034": {
      "message": "Google ड्रॉइंग"
   },
   "4005725939358875643": {
      "message": "कार्रवाई पूर्ववत की गई."
   },
   "4014287326684608407": {
      "message": "हरा-नीला"
   },
   "4048275292053012394": {
      "message": "संपर्क"
   },
   "4059387791040010947": {
      "message": "मेटा"
   },
   "4067915791853673774": {
      "message": "{VIEWER_GENDER,select, female{बंद करें}male{बंद करें}other{बंद करें}}"
   },
   "4078179869358383373": {
      "message": "कोई परिणाम नहीं मिला."
   },
   "4087667435414545203": {
      "message": "अब प्रवेश किए हुए नहीं हैं. बदलाव करने के लिए, पुन: लोड करें."
   },
   "4093134637041332383": {
      "message": "और जानें"
   },
   "4097007735221462946": {
      "message": "ड्रॉइंग"
   },
   "4097921967754832323": {
      "message": "हायफ़न"
   },
   "4100504115801514799": {
      "message": "नोट को पुनर्स्थापित किया गया"
   },
   "4119294114251628099": {
      "message": "आपके द्वारा निर्दिष्ट चित्र URL पुनः प्राप्त नहीं किया जा सका. यह कोई निजी URL हो सकता है जिसे हमारे सर्वर एक्सेस नहीं कर सकते.  कृपया कोई भिन्न URL आज़माकर देखें."
   },
   "4134385041569168669": {
      "message": "लोड हो रहे है..."
   },
   "4148564423510181521": {
      "message": "खोज साफ़ करें"
   },
   "4152315289461886": {
      "message": "दस्तावेज़ नियंत्रण"
   },
   "4168280976997555951": {
      "message": "कोई दस्तावेज़ नहीं."
   },
   "4174786386751618325": {
      "message": "फ़ोटो नोट"
   },
   "4182427157920112948": {
      "message": "टिल्ड"
   },
   "4200426647595470259": {
      "message": "ऑडियो फ़ाइल चलाना शुरू करें"
   },
   "4200911267543705377": {
      "message": "Google ब्‍लॉग खोज का उपयोग करके ब्‍लॉग परिणाम ढूंढने के लिए ऊपर दिए गए बॉक्‍स में अपनी खोज लिखें."
   },
   "4205329094859140439": {
      "message": "पूर्वाह्न"
   },
   "4211182812451835307": {
      "message": "संपादित कर सकता है"
   },
   "4211806608204126222": {
      "message": "$2​सेवा की शर्तें$1​"
   },
   "4214190403999219403": {
      "message": "ज़ूम करें"
   },
   "4230101516585408149": {
      "message": "नया नोट लिखें"
   },
   "4253741616909644861": {
      "message": "खोज शब्द"
   },
   "4280747719095153198": {
      "message": "समाधान की गई टिप्पणी"
   },
   "4286663890332754386": {
      "message": "अपलोड विफल रहा."
   },
   "4299690446455033653": {
      "message": "Works"
   },
   "4314643310615423802": {
      "message": "आपको प्रस्थान कर दिया गया है."
   },
   "4318861667254318892": {
      "message": "Google वीडियो"
   },
   "4319229296464464147": {
      "message": "जोड़ने का दिनांक"
   },
   "4320831042030778": {
      "message": "रद्द करें"
   },
   "4332252081504252077": {
      "message": "ओह!"
   },
   "4338991104991831337": {
      "message": "चित्र"
   },
   "4339705658383891586": {
      "message": "पूर्ण रंगीन"
   },
   "4343825450663233452": {
      "message": "देख सकता है"
   },
   "4343836986248234462": {
      "message": "सूची आइटम"
   },
   "435214284915110062": {
      "message": "खोज बार खोलें"
   },
   "4372755508519489521": {
      "message": "ग्रिड दृश्य"
   },
   "4391715930031906467": {
      "message": "अगला ढूंढें"
   },
   "4395845663892873002": {
      "message": "home"
   },
   "4422985761498356257": {
      "message": "इसमें खोलें"
   },
   "4430062722430863019": {
      "message": "नोट हमेशा के लिए हटाएं?"
   },
   "4439812492856303238": {
      "message": "क्षमा करें! आपके चयन को प्रोसेस करते समय एक अनेपक्षित त्रुटि हुई. कृपया बाद में पुनः प्रयास करें."
   },
   "4444571967705751871": {
      "message": "ट्रैश"
   },
   "4466605492523079635": {
      "message": "सहेजें"
   },
   "4468872996560163913": {
      "message": "ट्रैश अभी खाली करें"
   },
   "4473912481270012588": {
      "message": "डिस्क पर सहेजा गया - यहां ले जाएं:"
   },
   "45228242181482134": {
      "message": "चलाएं"
   },
   "4536519876526589338": {
      "message": "$1​ अवतार."
   },
   "4552045407215325033": {
      "message": "ऊपर आपके द्वारा डाला गया वीडियो URL लोड नहीं किया जा सकता. कृपया सुनिश्चित करें कि यह सही है और किसी समर्थित साइट से है."
   },
   "4564682305303579317": {
      "message": "जारी रखें"
   },
   "456498742882714639": {
      "message": "यहां ले जाएं:"
   },
   "4588500131398315347": {
      "message": "मंडली बनाएं"
   },
   "4604402426271704651": {
      "message": "कोई फ़ोटो नहीं"
   },
   "4620034373159179678": {
      "message": "पृष्ठ $2​ में से $1​"
   },
   "4630690108252818511": {
      "message": "कोई चित्र नहीं मिला."
   },
   "468283184702431827": {
      "message": "कार्यवाही प्रारंभ हुई"
   },
   "4695897771458936174": {
      "message": "Google+ पर Google डिस्क से फ़ोटो साझा करें"
   },
   "4740100782728373253": {
      "message": "डिस्‍क पर सहेजें"
   },
   "4748046231232264180": {
      "message": "Google फॉर्म"
   },
   "4767722428137216885": {
      "message": "रद्द करें"
   },
   "477328789314249432": {
      "message": "नोट खोजें"
   },
   "4775368111547931093": {
      "message": "कोई वर्णन नहीं"
   },
   "4781742940361705258": {
      "message": "ख़ारिज करें"
   },
   "4783695823456312682": {
      "message": "नीचे ले जाएं"
   },
   "47844150329705564": {
      "message": "\"$1​\" के लिए खोज परिणाम"
   },
   "4798897505978458661": {
      "message": "कोई वीडियो नहीं मिला."
   },
   "4805047680716507619": {
      "message": " - यहां ले जाएं:"
   },
   "4806763987633034948": {
      "message": "PKCS7 Signature"
   },
   "4833214200453019325": {
      "message": "$2​ का $1​"
   },
   "4846720038197420778": {
      "message": "और ऐप्स कनेक्ट करें"
   },
   "4853788427396558692": {
      "message": "$1​ MB"
   },
   "4858389278403807208": {
      "message": "नोट ट्रैश में है"
   },
   "4888104357342241891": {
      "message": "अनुस्मारक"
   },
   "4889853674709731963": {
      "message": "सभी नोट ऑफ़लाइन सहेजे गए"
   },
   "4901386320110714275": {
      "message": "गलत पासवर्ड. कृपया पुन: प्रयास करें."
   },
   "490372259452655427": {
      "message": "क्षमा करें, दस्तावेज़ अभी तक देखे जाने के लिए उपलब्ध नहीं है."
   },
   "4906669330059413958": {
      "message": "पासवर्ड सबमिट करें"
   },
   "4908614808966678155": {
      "message": "\"$1​\" के लिए कोई खोज परिणाम नहीं"
   },
   "4926020998477695737": {
      "message": "$1​ फ़ोल्डर में स्विच करें"
   },
   "4943176738805484221": {
      "message": "संपादित करें"
   },
   "4956678140555659175": {
      "message": "backspace"
   },
   "4957674814179289955": {
      "message": "अगले/पिछले सूची आइटम पर नेविगेट करें"
   },
   "4963784280521435720": {
      "message": "सहेजा जा रहा है..."
   },
   "4969219890884320840": {
      "message": "अपडेट करें"
   },
   "4983125135476400111": {
      "message": "ट्रैश नोट/सूची"
   },
   "4988132901627446385": {
      "message": "विवरण फलक को विस्तृत किया गया."
   },
   "4998757387516632837": {
      "message": "दिखाए गए परिणामों को संशोधन के साथ पुन: उपयोग करने के लिए लेबल किया गया है."
   },
   "5006225450559627366": {
      "message": "+$1​ और"
   },
   "501475221876543407": {
      "message": "आपके द्वारा जोड़े जाने वाले नोट यहां दिखाई देते हैं"
   },
   "5023525794410110078": {
      "message": "फ़ोटो में पाठ जोड़ें"
   },
   "5026241297254150381": {
      "message": "नोट जोड़ें"
   },
   "5046371569383796818": {
      "message": "रखें"
   },
   "5055418092354683641": {
      "message": "Serif"
   },
   "5095987896933771566": {
      "message": "दस्तावेज़ प्रिंट करें"
   },
   "5096751700090310607": {
      "message": "कोई फ़ोटो नहीं."
   },
   "509815948423424872": {
      "message": "मार्गदर्शक"
   },
   "5099245668405591445": {
      "message": "खोजें"
   },
   "512429649443191386": {
      "message": "$2​सहायता$1​"
   },
   "5124522868502261563": {
      "message": "स्प्रैडशीट"
   },
   "5130903421326358933": {
      "message": "अनुलग्नक को Google डिस्क में सहेजने में समस्या हुई थी."
   },
   "5149937870346466591": {
      "message": "सूची दृश्य"
   },
   "5169187962228219813": {
      "message": "Life चित्र"
   },
   "5180454621500142444": {
      "message": "पुनर्स्थापित करें"
   },
   "5180989337128758117": {
      "message": "बायां कोष्ठक"
   },
   "5184692850089055965": {
      "message": "चित्र पाठ को पहचानें"
   },
   "5197718200713913936": {
      "message": "C++"
   },
   "5201670213497642487": {
      "message": "विवरण फलक टैब बार. टैब के बीच स्विच करने के लिए बाईं और दाईं तीर कुंजियां दबाएं."
   },
   "5204391636475413312": {
      "message": "सहेजें"
   },
   "5213411023807957844": {
      "message": "Google Keep खोजें"
   },
   "5213974294317036409": {
      "message": "{numPages,plural, =0{}=1{1 पृष्ठ}one{# pages}other{# पृष्ठ}}"
   },
   "5226470917948786938": {
      "message": "वर्णक्रमानुसार"
   },
   "5238003680997310998": {
      "message": "और"
   },
   "5238371081785912565": {
      "message": "$1​ से खोलें"
   },
   "5275493935807628890": {
      "message": "हम उस URL पर चित्र नहीं ढूंढ सकते."
   },
   "5281121179861637423": {
      "message": "$1​ को एक्‍सेस करने के लिए पासवर्ड आवश्‍यक है. कृपया पासवर्ड डालें"
   },
   "5288037028604092288": {
      "message": "XPS"
   },
   "5291153964865714504": {
      "message": "कोई मिलान करने वाला नोट नहीं"
   },
   "5299648222246616124": {
      "message": "बैकटिक"
   },
   "5304869088141363028": {
      "message": "विशिष्ट फ़ोटो"
   },
   "5316658541831864803": {
      "message": "क्षमा करें, इस प्रकार का दस्तावेज़ देखे जाने के लिए समर्थित नहीं है."
   },
   "5319313176242717957": {
      "message": "चित्रों को प्रोसेस किया जा रहा है..."
   },
   "5336801339221383042": {
      "message": "Javascript"
   },
   "534228323125524312": {
      "message": "ज़ूम आउट करें"
   },
   "5353129315502554762": {
      "message": "Style Sheet"
   },
   "5372143986724491245": {
      "message": "$1​ दिन पहले"
   },
   "5372160981898991853": {
      "message": "Publisher"
   },
   "5399553230649155346": {
      "message": "$1​ घंटे में"
   },
   "5403830377590414208": {
      "message": "सफ़ेद"
   },
   "5408091115193390231": {
      "message": "AutoCAD"
   },
   "5438481737351808090": {
      "message": "दोपहर ($1​)"
   },
   "544377415081282702": {
      "message": "क्षमा करें."
   },
   "5447119197363232006": {
      "message": "डिस्क में दिखाएं"
   },
   "5465323999933375616": {
      "message": "आप ऐसी फ़ाइलों को देखने या डाउनलोड करने की बैंडविड्थ सीमा पार कर चुके हैं, जो Google  दस्तावेज़ प्रारूप में नहीं हैं."
   },
   "5472312735475866917": {
      "message": "$1​ द्वारा टिप्पणी."
   },
   "547865385964196102": {
      "message": "$1​ मिनट पहले"
   },
   "5482872484546230111": {
      "message": "पुस्तकें खोजें"
   },
   "5494181290179470995": {
      "message": "हटाएं"
   },
   "5500117709595533163": {
      "message": "Google पुस्तकें का उपयोग करके ई-पुस्तक परिणाम ढूंढने के लिए ऊपर दिए गए बॉक्स में अपनी खोज लिखें."
   },
   "5514516347328112388": {
      "message": "आप $2​यहां$1​ क्‍लिक करके मूल दस्‍तावेज़ को डाउनलोड करने का प्रयास भी कर सकते हैं."
   },
   "5529532831767466284": {
      "message": "{VIEWER_GENDER,select, female{{DEGREES}° {MINUTES}' {SECONDS}\"}male{{DEGREES}° {MINUTES}' {SECONDS}\"}other{{DEGREES}° {MINUTES}' {SECONDS}\"}}"
   },
   "5555182241047709329": {
      "message": "स्थान चुनें"
   },
   "5555599189512365009": {
      "message": "समझ लिया"
   },
   "5571842632470308750": {
      "message": "कोई भी प्रकार"
   },
   "5588597116382648727": {
      "message": "एक्स्ट्रैक्ट कार्य प्रारंभ हो रहा है."
   },
   "5598649706113950710": {
      "message": "संपादक"
   },
   "5609727719971819773": {
      "message": "{VIEWER_GENDER,select, female{वापस जाएं}male{वापस जाएं}other{वापस जाएं}}"
   },
   "5627470193961862490": {
      "message": "आगामी अनुस्मारक वाले नोट यहां दिखाई देते हैं"
   },
   "5631086126416409232": {
      "message": "नीला"
   },
   "564165666160590723": {
      "message": "Windows Media Player"
   },
   "5660422479531064559": {
      "message": "कोई फ़ॉर्म नहीं."
   },
   "5675154446465700699": {
      "message": "PDF"
   },
   "568072913338360182": {
      "message": "HTML"
   },
   "5707549724380589079": {
      "message": "चेक किए गए आइटम हटाएं?"
   },
   "5714240424645614611": {
      "message": "Android पैकेज"
   },
   "5728640851616538925": {
      "message": "हरा"
   },
   "5744491383087191878": {
      "message": "आपके द्वारा ऊपर दिया गया चित्र URL गलत है या उसे लोड नहीं किया जा सकता."
   },
   "5747728324987383020": {
      "message": "चेहरा"
   },
   "5783875011049188612": {
      "message": "चित्र पाठ पहचाना गया"
   },
   "5785010887521443923": {
      "message": "निकालें"
   },
   "5834678297024555032": {
      "message": "अनुमति दें"
   },
   "5840330517914556080": {
      "message": "ज़ूम आउट करें"
   },
   "5842536098490298653": {
      "message": "कोई फ़ॉन्ट नहीं मिला."
   },
   "5865680764501413616": {
      "message": "पाठ को पहचाना नहीं जा सकता."
   },
   "5871966496153339793": {
      "message": "$1​ वीडियो का थंबनेल दिखाया जा रहा है"
   },
   "5875004331736681428": {
      "message": "आपके मेल खाते से निकाला जा रहा है."
   },
   "587666071025645113": {
      "message": "खोजें"
   },
   "5877526626743756786": {
      "message": "फ़ीडबैक"
   },
   "5889725440363483648": {
      "message": "समूह में शामिल कोई भी व्यक्ति"
   },
   "5911012384539794869": {
      "message": "एक्स्ट्रैक्ट कार्य प्रारंभ करना विफल रहा."
   },
   "5916010927050975496": {
      "message": "$1​ KB"
   },
   "5949528478488617689": {
      "message": "डाउनलोड की अनुमति"
   },
   "5950887255133612666": {
      "message": "प्रारंभ नहीं हुआ."
   },
   "5969696744752069015": {
      "message": "कोई पूर्वावलोकन उपलब्ध नहीं."
   },
   "5971400924847413790": {
      "message": "वैकल्‍पिक रूप से, आप $2​सादी HTML$1​ (स्‍वत: रीडायरेक्‍ट होने वाली) देख सकते हैं."
   },
   "5972111804366033138": {
      "message": "डाउनलोड करें"
   },
   "5975031149676029214": {
      "message": "सभी"
   },
   "5976369213680241300": {
      "message": "चित्र खोजें"
   },
   "5980081664136280513": {
      "message": "हरा"
   },
   "5984398071085567332": {
      "message": "Google फ़्यूज़न तालिकाएं"
   },
   "6009962986062136164": {
      "message": "$1​ लोड किया जा रहा है."
   },
   "60305871484579258": {
      "message": "Alt"
   },
   "6043068172993241858": {
      "message": "इस मंडली में कोई नहीं है."
   },
   "604883455412617728": {
      "message": "आपकी खोज से किसी संपर्क का मिलान नहीं हुआ."
   },
   "6051386830221821025": {
      "message": "प्रवेश किया जा रहा है ..."
   },
   "6064654062949366878": {
      "message": "चलाएं"
   },
   "6070475007374165567": {
      "message": "सहेजे जा रहे हैं..."
   },
   "6083586461434260179": {
      "message": "देखने का नया अनुभव"
   },
   "6087078248621415351": {
      "message": "बदला गया $1​"
   },
   "6091926883608250483": {
      "message": "अधिक"
   },
   "6105571474005679446": {
      "message": "पूर्वावलोकन में कोई समस्या थी."
   },
   "6113237889871930608": {
      "message": "रिक्त नोट"
   },
   "6118623991445349480": {
      "message": "पृष्ठ $1​"
   },
   "6122643025527543706": {
      "message": "Ctrl"
   },
   "6131822680770571276": {
      "message": "Powerpoint"
   },
   "6140634664402328750": {
      "message": "ऐप्स सूची"
   },
   "6149175749937815029": {
      "message": "सभी आइटम देखें"
   },
   "6160805346274626656": {
      "message": "हमेशा के लिए हटाएं"
   },
   "616807262818311711": {
      "message": "प्रकार"
   },
   "6175043905327075444": {
      "message": "पूर्व में चयनित"
   },
   "6177107655089301674": {
      "message": "Android के लिए Google Keep ऐप्स डाउनलोड करें"
   },
   "6185886893933834031": {
      "message": "चयनित को रखें"
   },
   "6186290899408627510": {
      "message": "enter"
   },
   "6189891414154673003": {
      "message": "मेरे नक्शे"
   },
   "6203260615455347677": {
      "message": "संख्याएं"
   },
   "6223207695466118454": {
      "message": "YouTube"
   },
   "6224687211096863620": {
      "message": "कोई भी व्यक्ति"
   },
   "623118860067088424": {
      "message": "वीडियो"
   },
   "6231401379881217113": {
      "message": "insert"
   },
   "6252259197986158120": {
      "message": "कल"
   },
   "6253076263700695984": {
      "message": "प्रमाणीकरण त्रुटि. कृपया पुन: लोड करें."
   },
   "6255475144867830247": {
      "message": "अन्य मार्गदर्शक टैब में से चुनें."
   },
   "6267063643272327592": {
      "message": "कृपया बाद में पुन: प्रयास करें."
   },
   "6290270819062517523": {
      "message": "बहुत अधिक आइटम चयनित हैं. कृपया एक या अधिक का चयन रद्द करें."
   },
   "6305748545202493254": {
      "message": "विवरण फलक दिखाएं/छिपाएं"
   },
   "6324768448533022780": {
      "message": "$1​ $2​"
   },
   "6331677437567501421": {
      "message": "डाउनलोड की अनुमति को अपडेट करने में समस्या हुई थी."
   },
   "6333496730738019575": {
      "message": "लोड हो रहा है..."
   },
   "634900089121611600": {
      "message": "कोई वीडियो नहीं."
   },
   "6362170008350775214": {
      "message": "$1​ पर अनुस्मारक"
   },
   "6375395544374251820": {
      "message": "और पृष्ठ लोड करते समय कोई समस्या थी. पुन: प्रयास किया जा रहा है..."
   },
   "6376739025584042564": {
      "message": "फ़ोटो काटी जा रही है"
   },
   "6386587519843563719": {
      "message": "बाइनरी फ़ाइल"
   },
   "6416495701611778255": {
      "message": "सुझाए गए तृतीय-पक्ष ऐप्स"
   },
   "6419411265907669340": {
      "message": "आज"
   },
   "6436479735235889890": {
      "message": "$1​ को $2​ बजे अनुस्मारक"
   },
   "6450508807204492448": {
      "message": "$1​ आइकन"
   },
   "6457802200418354862": {
      "message": "दर्शक डाउनलोड कर सकते हैं"
   },
   "6459405233858728718": {
      "message": "Google स्लाइड"
   },
   "6464761738227651511": {
      "message": "$1​ मिनट पहले"
   },
   "6466736813846482957": {
      "message": "पिछली"
   },
   "6479216014938929613": {
      "message": "रात ($1​)"
   },
   "6482358947077977110": {
      "message": "Google खोज चित्र"
   },
   "6487403767449360463": {
      "message": "Keep को पुन: लोड करें?"
   },
   "6488225756782357866": {
      "message": "आपके द्वारा हाइलाइट किया गया चित्र, Google चित्र खोज को इस पृष्ठ पर मिला:"
   },
   "6510131849363684615": {
      "message": "कल"
   },
   "6516256764288947999": {
      "message": "लोगों को टैग करें"
   },
   "6522917155620379865": {
      "message": "डाउनलोड करें"
   },
   "6524849072392100692": {
      "message": "Google डिस्क फ़ोल्डर"
   },
   "6551588617715293696": {
      "message": "क्रमित करने के विकल्प"
   },
   "6570921376519753466": {
      "message": "प्रदर्शन"
   },
   "6571686604846453345": {
      "message": "इस आइटम को डिस्क में जोड़ने में समस्या हुई थी."
   },
   "6582286158693833652": {
      "message": "और जानें"
   },
   "6588176324871799870": {
      "message": "Google Apps स्क्रिप्‍ट"
   },
   "6602430002978098812": {
      "message": "हस्तलेखन"
   },
   "6614046405230762587": {
      "message": "कोई संपर्क नहीं मिला."
   },
   "6622304228074863427": {
      "message": "ऐप्स "
   },
   "6624754161346656119": {
      "message": "$1​ अवतार."
   },
   "6644861766016503644": {
      "message": "पासवर्ड आवश्यक"
   },
   "6650600936729710500": {
      "message": "जवाब."
   },
   "666311703374681171": {
      "message": "चित्र और वीडियो"
   },
   "6666820082708870349": {
      "message": "निकालें"
   },
   "6707173584987026005": {
      "message": "आज"
   },
   "6709984792949009238": {
      "message": "अंतिम बार मेरे द्वारा खोले गए"
   },
   "6726462693927865256": {
      "message": "विवरण"
   },
   "6726879257388338969": {
      "message": "प्रिंट करें"
   },
   "6726925393892510846": {
      "message": "कोई त्रुटि हुई. कृपया पुनः प्रयास करें."
   },
   "6741759391888465238": {
      "message": "डिस्क में सहेजा जा रहा है - यहां ले जाएं:"
   },
   "6744457949320515234": {
      "message": "रिक्त नोट छोड़ दिया गया"
   },
   "6757218172402086688": {
      "message": "नोट खोजें..."
   },
   "6780628488957834429": {
      "message": "नारंगी"
   },
   "6784073265197389491": {
      "message": "और जानें"
   },
   "681598652078493281": {
      "message": "और जानें"
   },
   "6818286476757207074": {
      "message": "केवल वे चित्र चुनें जिनके लिए आप निश्चित हैं कि आपके पास उनके उपयोग का लाइसेंस है."
   },
   "682070933835616121": {
      "message": "कोई तालिका नहीं."
   },
   "6822338149422461362": {
      "message": "Google डिस्‍क"
   },
   "6827821461670731013": {
      "message": "चेकबॉक्स दिखाएं"
   },
   "6828581947433060251": {
      "message": "आइटम का नाम बदलने में समस्या हुई थी."
   },
   "6833760103261954639": {
      "message": "इस पृष्ठ को लोड करते समय कोई समस्या थी. पुन: प्रयास किया जा रहा है..."
   },
   "6841020391100928352": {
      "message": "फ़ाइल के आकार की अधिकतम सीमा पार हो गई है."
   },
   "6851307437837490686": {
      "message": "डाउनलोड करने से दर्शकों को रोकें"
   },
   "6856672816797218730": {
      "message": "अनुलग्न करें"
   },
   "6891563484025164308": {
      "message": "पिछला"
   },
   "6893687445500687349": {
      "message": "साइटें"
   },
   "6898823203505321799": {
      "message": "विवरण"
   },
   "6904351530369058983": {
      "message": "स्वामी"
   },
   "6905021988981026920": {
      "message": "वीडियो खोज"
   },
   "6922953828399110511": {
      "message": "दर्शक बंद करें"
   },
   "6929958461954697067": {
      "message": "आपकी स्वयं की फ़ोटो"
   },
   "6939782595426687411": {
      "message": "जोड़ा जा रहा है..."
   },
   "6940998537415516791": {
      "message": "को"
   },
   "695253297035211081": {
      "message": "ट्रैश खाली करें"
   },
   "6967244066810487978": {
      "message": "ट्रैश"
   },
   "6970167488058122005": {
      "message": "लेखक अज्ञात"
   },
   "6976414863987386971": {
      "message": "फ़ॉर्म"
   },
   "7001938470263404128": {
      "message": "अपलोड करें"
   },
   "7002768663714031226": {
      "message": "नई जानकारी पाएं"
   },
   "7004919150329996187": {
      "message": "इस मंडली में मिलान वाला कोई व्यक्ति नहीं मिला."
   },
   "7054631817922169541": {
      "message": "Google Keep में नहीं सहेजे गए बदलाव हैं. क्या आप पृष्ठ से बाहर जाना और अपने बदलावों को छोड़ना चाहते हैं?"
   },
   "7059437903473652416": {
      "message": "$1​ YouTube वीडियो चलाएं"
   },
   "7080196430479494775": {
      "message": "पुनः प्रयास करें"
   },
   "7084324152376766809": {
      "message": "$1​ दिन पहले"
   },
   "7084991134824194740": {
      "message": "मुझे याद दिलाएं"
   },
   "7092062731478679314": {
      "message": "कोई मंडली नहीं मिली."
   },
   "7117183622067702162": {
      "message": "Google डिस्क के साथ, आपको फिर से कोई अन्य ईमेल अटैचमेंट कभी नहीं भेजना होगा. आपके द्वारा Google डिस्क में संग्रहीत की गई किसी भी फ़ाइल का बस लिंक साझा करें. इस प्रकार सभी को अपने आप समान फ़ाइल, समान संस्करण पर एक्सेस मिलती है."
   },
   "713754035716193665": {
      "message": "नई सूची"
   },
   "7146242673022399081": {
      "message": "पाठ"
   },
   "7148992630785407972": {
      "message": "यह फ़ाइल पासवर्ड से सुरक्षित है और इसका पूर्वावलोकन नहीं किया जा सकता."
   },
   "7151987668860086450": {
      "message": "वेब खोज"
   },
   "7153847618034547771": {
      "message": "सक्षम करें"
   },
   "7161134329606048317": {
      "message": "बंद करें"
   },
   "7164532930742017984": {
      "message": "कोई भी व्यक्ति जिसके पास लिंक हो"
   },
   "7174189954350964804": {
      "message": "पुनः प्रयास करें"
   },
   "7177591028189992523": {
      "message": "ले जाएं"
   },
   "7188754206068648188": {
      "message": "अल्पविराम से अलग किया गया डेटा"
   },
   "7225837680381806920": {
      "message": "शाम ($1​)"
   },
   "722702934847795304": {
      "message": "Project"
   },
   "7236199858216720905": {
      "message": "नक्शे"
   },
   "7247530225058410142": {
      "message": "$2​ $1​"
   },
   "7259352906118493156": {
      "message": "कोई साइट नहीं."
   },
   "7282548567245878869": {
      "message": "आइटम हटा दिया गया"
   },
   "7295712436136900176": {
      "message": "पुनः लोड करें"
   },
   "7310311230493556740": {
      "message": "URL"
   },
   "7339696241980105410": {
      "message": "आपके द्वारा चयनित वीडियो अब मौजूद नहीं है.  संभवत: इसके स्वामी ने इसे हटा दिया है."
   },
   "7342923890755029722": {
      "message": "बंद करें"
   },
   "734478884582426793": {
      "message": "संपीड़ित संग्रह"
   },
   "7357017164339332230": {
      "message": "ये चित्र Google की निःशुल्‍क फ़ोटो होस्‍टिंग सेवा, $2​Picasa वेब एल्बम$1​ में देखने और साझा करने के लिए भी उपलब्ध हैं."
   },
   "736105042796745909": {
      "message": "{VIEWER_GENDER,select, female{फ़ोल्डर बनाएं}male{फ़ोल्डर बनाएं}other{फ़ोल्डर बनाएं}}"
   },
   "7362061801920948830": {
      "message": "और अपलोड करें"
   },
   "7364571366369083618": {
      "message": "वीडियो"
   },
   "7377239345926788722": {
      "message": "कार्यवाही"
   },
   "7380785991026002613": {
      "message": "दिखाए गए परिणामों को पुन: उपयोग करने के लिए लेबल किया गया है."
   },
   "7382688299146249119": {
      "message": "आइटम डाउनलोड करें"
   },
   "7383706174467122149": {
      "message": "नोट हटाया गया"
   },
   "7388342865555961406": {
      "message": "$1​ दिन में"
   },
   "7393771571081973549": {
      "message": "C"
   },
   "740507516967994591": {
      "message": "खोलें"
   },
   "7422452809590461532": {
      "message": "लाल"
   },
   "7426603384368095928": {
      "message": "पुन: प्रवेश करने और कार्य जारी रखने के लिए कृपया पृष्ठ को पुन: लोड करें."
   },
   "7429084719905985261": {
      "message": "Objective C"
   },
   "7432956605646331928": {
      "message": "SQL"
   },
   "7440735091552109962": {
      "message": "$2​ (संपादित $1​)"
   },
   "7441891675459021164": {
      "message": "डिस्क पर सहेजा जा रहा है"
   },
   "7451573821837395189": {
      "message": "आइटम को $2​आपकी डिस्‍क$1​ में जोड़ दिया गया था."
   },
   "7468322419516352788": {
      "message": "वर्णन को अपडेट करने में समस्या हुई थी."
   },
   "7488945223835574498": {
      "message": "Postscript"
   },
   "7492710087472140422": {
      "message": "और जानें"
   },
   "7493919863870655172": {
      "message": "वेब कैमरा"
   },
   "7500786109708143683": {
      "message": "ऑडियो हटा दिया गया"
   },
   "7501027876827009022": {
      "message": "दिखाए गए परिणामों को पुन: उपयोग करने के लिए वाणिज्यिक लेबल किया गया है."
   },
   "7521272923988336579": {
      "message": "Keep को अभी पुन: लोड करके अद्यतित रहें."
   },
   "7532552995569296274": {
      "message": "खोज साफ़ करें"
   },
   "7546994163355383999": {
      "message": "सभी नोट सहेजे गए"
   },
   "7559208209275370228": {
      "message": "अंतिम बार मेरे द्वारा संपादित"
   },
   "7565383798249439151": {
      "message": "$1​ दिनों में"
   },
   "7565870443143407759": {
      "message": "दस्तावेज़ में ढूंढें"
   },
   "7586291841734385643": {
      "message": "पॉप-आउट करें"
   },
   "7598582624136632660": {
      "message": "खोज बार खोलें / अगला ढूंढें"
   },
   "7602870977118971161": {
      "message": "पुन: लोड करें"
   },
   "7610654194202731772": {
      "message": "हटाएं"
   },
   "761925792744044896": {
      "message": "प्रोफ़ाइल फ़ोटो के रूप में सेट करें"
   },
   "7630723924002267143": {
      "message": "कीबोर्ड शॉर्टकट सक्षम हैं."
   },
   "7640546114686970497": {
      "message": "और आइटम नहीं जोड़े जा सकते"
   },
   "7669846901402551021": {
      "message": "आज"
   },
   "7691521283331762131": {
      "message": "आपके संग्रहीत नोट यहां दिखाई देते हैं"
   },
   "772000107335590599": {
      "message": "$1​ मिनट में"
   },
   "7734578122414851725": {
      "message": "PHP"
   },
   "7745005220197261896": {
      "message": "पुस्तक खोज"
   },
   "7759846028901235026": {
      "message": "नोट को संग्रह से हटाया गया"
   },
   "776065748745885880": {
      "message": "space"
   },
   "7770982082843341533": {
      "message": "इस फ़ोल्डर में कोई आइटम नहीं है."
   },
   "779472474101127362": {
      "message": "स्‍नैपशॉट लें"
   },
   "7800318069267901681": {
      "message": "संशोधित"
   },
   "7805487598105530487": {
      "message": "इनलाइन"
   },
   "7814778057875152792": {
      "message": "अनुलग्नक को Google डिस्क के चयनित फ़ोल्डर में ले जाने में समस्या हुई थी."
   },
   "7820417126206702946": {
      "message": "दिखाए गए परिणाम केवल Google डिस्क में व्यक्तिगत या वाणिज्यिक उपयोग के लिए उपलब्ध हैं, और उन्हें स्वतंत्र रूप से पुनः वितरित नहीं किया जा सकता या बेचा नहीं जा सकता."
   },
   "7822364282298323175": {
      "message": "सूची हटा दी गई"
   },
   "7830513726270865588": {
      "message": "कैलेंडर"
   },
   "7845751753397906805": {
      "message": "विरोधी संपादन मिले"
   },
   "7852396628465259068": {
      "message": "प्रोफ़ाइल फ़ोटो"
   },
   "7859526172011446452": {
      "message": "कास्ट करना बंद करें"
   },
   "78870906674150830": {
      "message": "$3​$1​$2​"
   },
   "7895643887742936844": {
      "message": "अर्द्धविराम"
   },
   "7899833760457194273": {
      "message": "चित्र खोज"
   },
   "7899913952063063825": {
      "message": "चित्र हटा दिया गया"
   },
   "7906726367011430855": {
      "message": "कनेक्ट करें"
   },
   "7910518224461588465": {
      "message": "पीला"
   },
   "7953603850004320936": {
      "message": "पूर्वावलोकन अनुपलब्ध है."
   },
   "7957306528733096600": {
      "message": "कार्यवाही पूरी हुई"
   },
   "7960528690514646841": {
      "message": "{moreCount,plural, =0{unused plural form}=1{+ 1 और}one{+ {moreCount} more}other{+ {moreCount} और}}"
   },
   "7973635145070803181": {
      "message": "फ़ोटो अपलोड करें"
   },
   "7987180255015869513": {
      "message": "या यहां एक वेब पता चिपकाएं:"
   },
   "8011497727123874703": {
      "message": "$1​ फ़ोल्डर बटन"
   },
   "8016231262233952856": {
      "message": "नीला-हरा"
   },
   "8019402848412685977": {
      "message": "\"$2​\" का नाम बदलकर \"$1​\" कर दिया गया है."
   },
   "8023466614826324314": {
      "message": "फ़ोटो बहुत अधिक दर्शकों के साथ साझा की जाएंगी."
   },
   "8043514121228710092": {
      "message": "चित्र जोड़ें"
   },
   "8044700199531805239": {
      "message": "$3​$1​$2​ कनेक्ट कर दिया गया है."
   },
   "8069384932934428393": {
      "message": "$1​ मिनट में"
   },
   "8081927474846706026": {
      "message": "कोई ड्रॉइंग नहीं."
   },
   "8090743714060857028": {
      "message": "दर्शक डाउनलोड नहीं कर सकते"
   },
   "8095838445486198080": {
      "message": "{FILE_SIZE,plural, =0{0 बाइट}=1{1 बाइट}one{# बाइट}other{# बाइट}}"
   },
   "8099047958506869131": {
      "message": "{VIEWER_GENDER,select, female{नया फ़ोल्डर}male{नया फ़ोल्डर}other{नया फ़ोल्डर}}"
   },
   "8100558294600077150": {
      "message": "ब्लॉग खोज"
   },
   "8105635255693472607": {
      "message": "नए सूची आइटम जोड़ें"
   },
   "8106780183458743723": {
      "message": "फ़ोटो एल्बम"
   },
   "8112699352770418817": {
      "message": "कोई पुस्तक नहीं मिली."
   },
   "8132410616064087953": {
      "message": "वीडियो बहुत लंबा है (अधिकतम अवधि $1​ सेकंड है)."
   },
   "8135145577663029437": {
      "message": "दोनों को रखें"
   },
   "8146560259680897627": {
      "message": "रद्द करें"
   },
   "8158191101452862916": {
      "message": "चित्र सम्मि‍लित करें"
   },
   "8159493406018222636": {
      "message": "फ़ीडबैक भेजें"
   },
   "8172945196588870035": {
      "message": "ईवेंट"
   },
   "8174654098152723289": {
      "message": "वर्णन संपादित करें"
   },
   "8178754379486173416": {
      "message": "{VIEWER_GENDER,select, female{बहुत कम आइटम चुने गए हैं. कृपया और आइटम चुनें.}male{बहुत कम आइटम चुने गए हैं. कृपया और आइटम चुनें.}other{बहुत कम आइटम चुने गए हैं. कृपया और आइटम चुनें.}}"
   },
   "8192378456655629049": {
      "message": "वीडियो प्रोसेस किया जा रहा है..."
   },
   "8193991135666622583": {
      "message": "keep"
   },
   "821942580510564685": {
      "message": "कृपया इस दस्‍तावेज़ को देखने के लिए इसका पासवर्ड डालें"
   },
   "8239237134193392595": {
      "message": "स्थानीय अनुस्मारक सूचनाएं केवल मोबाइल उपकरणों पर दिखाई देती हैं."
   },
   "8267458240960831780": {
      "message": "प्रमाणीकरण किया जा रहा है..."
   },
   "8281141013543828574": {
      "message": "अपरिष्कृत चित्र"
   },
   "8281678863271800533": {
      "message": "चित्र फ़िल्टर"
   },
   "8283103456188558313": {
      "message": "प्रस्तुतिकरण"
   },
   "8290434443655418968": {
      "message": "{filesCount,plural, =0{unused plural form}=1{चयनित फ़ाइल [{file}] अपलोड करने के लिए समर्थित नहीं है.}one{चयनित फ़ाइलें [{files}] अपलोड करने के लिए समर्थित नहीं हैं.}other{चयनित फ़ाइलें [{files}] अपलोड करने के लिए समर्थित नहीं हैं.}}"
   },
   "8304474373444239435": {
      "message": "$1​ द्वारा जवाब."
   },
   "8322416564157128458": {
      "message": "साझाकरण"
   },
   "8324195080917648153": {
      "message": "वीडियो यहां फिट नहीं हो सकता. कृपया अपना ब्राउज़र विंडो थोड़ा बड़ा करें."
   },
   "8337582740675387693": {
      "message": "Java"
   },
   "8342684858400436871": {
      "message": "tab"
   },
   "8379952094517631162": {
      "message": "नहीं"
   },
   "8409393124758970712": {
      "message": "$2​ x $1​"
   },
   "8412684147928483084": {
      "message": "काला"
   },
   "8435544675017330861": {
      "message": "आपकी खोज से किसी आइटम का मिलान नहीं हुआ."
   },
   "8436817383042650304": {
      "message": "caps-lock"
   },
   "8451184312655705174": {
      "message": "यदि आपका URL सही है, तो आपको यहां एक पूर्वावलोकन दिखाई देगा.  बड़े चित्र दिखाई देने में कुछ मिनट ले सकते हैं."
   },
   "8467894483369467251": {
      "message": "फ़्लैश"
   },
   "8506198918368329269": {
      "message": "दिखाए गए परिणामों को संशोधन के साथ पुन: उपयोग करने के लिए वाणिज्यिक लेबल किया गया है."
   },
   "8571315158566081191": {
      "message": "कोई स्प्रैडशीट नहीं."
   },
   "8580600056399054303": {
      "message": "सेट करें कि नए या चेक किए गए आइटम कहां जाएं"
   },
   "8595175575778060149": {
      "message": "अधिक"
   },
   "8596257056433048992": {
      "message": "आपका यहां स्वागत है:"
   },
   "8616342546716995946": {
      "message": "समझ लिया"
   },
   "8621067185485606452": {
      "message": "ECMAScript"
   },
   "8638281560898810401": {
      "message": "{MINUTES,plural, =0{0 मिनट }=1{1 मिनट }one{# मिनट }other{# मिनट }}{SECONDS,plural, =0{0 सेकंड.}=1{1 सेकंड.}one{# सेकंड.}other{# सेकंड.}}"
   },
   "863955692838281739": {
      "message": "बंद करें"
   },
   "8643398764569428530": {
      "message": "Google Keep को सूचनाएं दिखाने दें?"
   },
   "8652566647088230560": {
      "message": "Dogfood गोपनीय"
   },
   "8660016472468563221": {
      "message": "अपूर्ण विराम"
   },
   "8663507590720636709": {
      "message": "$1​ +$2​ और"
   },
   "8666643061920113075": {
      "message": "{VIEWER_GENDER,select, female{चित्र URL यहां चिपकाएं:}male{चित्र URL यहां चिपकाएं:}other{चित्र URL यहां चिपकाएं:}}"
   },
   "8674222789100049233": {
      "message": "बंद करें"
   },
   "86815590954366945": {
      "message": "संग्रहीत सामग्री सूची"
   },
   "8709611758728645225": {
      "message": "pg-down"
   },
   "8711002053494037632": {
      "message": "सभी आइटम अनचेक किए गए"
   },
   "8748281640412284111": {
      "message": "Stock चित्र"
   },
   "8759520888087120926": {
      "message": "कोई स्क्रिप्ट नहीं."
   },
   "8775097441636640256": {
      "message": "$2​ - $1​"
   },
   "8780212274435014958": {
      "message": "मंडलियां"
   },
   "8781837301864053001": {
      "message": "रिच टेक्स्ट"
   },
   "8792038552136453044": {
      "message": "ओह! कुछ गलत हो गया"
   },
   "8793166064242077041": {
      "message": "इस चित्र को प्रदर्शित करते समय कोई समस्या थी."
   },
   "8813101408630252335": {
      "message": "$1​ सेकंड"
   },
   "8820281478062782578": {
      "message": "खोजें"
   },
   "8822326207328431952": {
      "message": "चित्र अपलोड उपलब्ध नहीं हैं"
   },
   "8840223453482998505": {
      "message": "चयनित फ़ोल्डर $1​"
   },
   "8845176264121061589": {
      "message": "सभी आइटम अनचेक करें"
   },
   "8850238112725591771": {
      "message": "शॉर्टकट $1​"
   },
   "8852550049823214385": {
      "message": "फिर"
   },
   "8883744193208363722": {
      "message": "ऐप्स की नई जानकारी उपलब्ध है."
   },
   "8884900765322249670": {
      "message": "सूची दृश्‍य"
   },
   "8889019648958415451": {
      "message": "अज्ञात फ़ाइल"
   },
   "8911996820409711834": {
      "message": "पाठ को नए सूची आइटम पर ले जाएं &raquo;"
   },
   "8916237870980173557": {
      "message": "कनेक्ट किया जा रहा है..."
   },
   "8917554093651202032": {
      "message": "$1​ चलाएं"
   },
   "8919660666733306860": {
      "message": "चित्र"
   },
   "8930959387403789939": {
      "message": "अनुस्मारक"
   },
   "8943760679396635042": {
      "message": "$1​ दिखाया जा रहा है."
   },
   "8953555255469284376": {
      "message": "चित्रों को यहां छोड़ें"
   },
   "8979615310931291676": {
      "message": "$1​ को संपादित"
   },
   "8986044948621891903": {
      "message": "Google वेब खोज के उपयोग से वेब परिणाम ढूंढने के लिए ऊपर दिए बॉक्स में अपनी खोज लिखें."
   },
   "901615442107785480": {
      "message": "नोट/सूची संगृहीत करें"
   },
   "9024023699330078373": {
      "message": "इस आइटम को खोलने से यह आपके डिस्क में शामिल हो जाएगा"
   },
   "9028041601596584772": {
      "message": "स्थान"
   },
   "9058308423774656474": {
      "message": "Hangul Word Processor"
   },
   "9083935734710258396": {
      "message": "अस्वीकार करें"
   },
   "9094248058931620597": {
      "message": "विवरण फलक को संक्षिप्त किया गया."
   },
   "9114674068220302553": {
      "message": "अटैचमेंट के रूप में"
   },
   "911586799466052745": {
      "message": "OpenOffice Draw"
   },
   "9130962320402467249": {
      "message": "स्टॉक फ़ोटो"
   },
   "9146716987301178362": {
      "message": "कोई त्रुटि मिली. कृपया पुन: लोड करें."
   },
   "9165877886714239857": {
      "message": "चित्र पाठ नहीं पहचाना जा सकता. बाद में पुन: प्रयास करें."
   },
   "916773043895242978": {
      "message": "ऊपर आपके द्वारा डाला गया चित्र URL गलत है या लोड नहीं किया जा सकता. कृपया सही चित्र URL डालें."
   },
   "9173629944963872598": {
      "message": "कोई ईवेंट नहीं मिला."
   },
   "9182500445937900938": {
      "message": "बंद करें"
   },
   "9195941533351099011": {
      "message": "$2​ में से $1​ को अपलोड किया जा रहा है"
   },
   "9197837492705576727": {
      "message": "अगले आइटम पर जाएं"
   },
   "919969969251998566": {
      "message": "इस संग्रहण को अपने मेल खाते से निकालें."
   },
   "9203542510134660095": {
      "message": "एक्स्ट्रैक्ट कार्य प्रारंभ हो गया. संग्रह की सामग्री डिस्क में \"$1​\" फ़ोल्डर के अंतर्गत दिखाई देगी."
   },
   "940276535015195877": {
      "message": "कोई फ़ोल्डर नहीं."
   },
   "943493480163896757": {
      "message": "{resultCount,plural, =1{# मिलान करता हुआ नोट}one{# मिलान करते हुए नोट}other{# मिलान करते हुए नोट}}"
   },
   "951963820437151566": {
      "message": "Google साइटें"
   },
   "95809842507987016": {
      "message": "हटाएं"
   },
   "963611681085757795": {
      "message": "क्षमा करें, हम इस समय दस्तावेज़ का दृश्य जनरेट नहीं कर सकते."
   },
   "96556988207614774": {
      "message": "कैलेंडर"
   },
   "974042541427403929": {
      "message": "नीला"
   },
   "980395722421409371": {
      "message": "कोई नक्शा नहीं मिला."
   },
   "982187142411651629": {
      "message": "ख़ारिज करें"
   },
   "985197728509875956": {
      "message": "Chemical Model"
   },
   "996381410993745580": {
      "message": "Photoshop"
   },
   "998727788921602971": {
      "message": "वीडियो"
   },
   "appDesc": {
      "description": "App description",
      "message": "आपके मन में जो कुछ भी है उसे तेज़ी से कैप्चर करें और सही स्थान या समय पर याद करवाएँ. "
   },
   "appName": {
      "description": "App name.",
      "message": "Google Keep - नोट और सूचियां"
   }
}
