{
   "1006787209796778126": {
      "message": "Drive Saya"
   },
   "1017907757187630742": {
      "message": "Font saya"
   },
   "1029072043275376320": {
      "message": "Kalender tidak ditemukan."
   },
   "1030781695901615026": {
      "message": "Bawah"
   },
   "103870949919613488": {
      "message": "Catatan diarsipkan"
   },
   "1039394921418415681": {
      "message": "Masuk"
   },
   "1083918249169198626": {
      "message": "Pintasan keyboard dinonaktifkan."
   },
   "1090919586152138659": {
      "message": "Stok"
   },
   "1101371910696766077": {
      "message": "Buat salinan"
   },
   "1107413433574576014": {
      "message": "Judul terlalu besar. Teks yang disorot tidak akan tersimpan."
   },
   "1127320433256851404": {
      "message": "Pemutar video"
   },
   "1162642135048988280": {
      "message": "Ganti nama dokumen"
   },
   "1166244120191806795": {
      "message": "Berikan Masukan"
   },
   "1179891706526242218": {
      "message": "Selanjutnya"
   },
   "1185164838496022543": {
      "message": "Klik di sini untuk memuat ulang laman."
   },
   "1185644932132585290": {
      "message": "Sisa $1​ karakter"
   },
   "1213005208968286932": {
      "message": "Ditandai sebagai terselesaikan"
   },
   "1263557413037343589": {
      "message": "Atur foto"
   },
   "1263685395252160366": {
      "message": "LaTeX"
   },
   "1311350045083871503": {
      "message": "Batal"
   },
   "1311729747516144362": {
      "message": "Merah"
   },
   "1315844696796851207": {
      "message": "Sans Serif"
   },
   "1319037146426591038": {
      "message": "atau"
   },
   "132822872080714863": {
      "message": "Oke"
   },
   "133192954417440569": {
      "message": "Tidak ada hasil yang ditemukan."
   },
   "1349697396109290623": {
      "message": "Menampilkan resolusi $1​ yang lebih tinggi"
   },
   "1376126796144976437": {
      "message": "Semua font"
   },
   "139942704574044780": {
      "message": "Terima"
   },
   "141491180325662484": {
      "message": "Google Drive adalah satu tempat untuk menyimpan semua file sehingga Anda dapat mengaksesnya dari mana saja, di perangkat apa saja. Setelah Google Drive berisi foto, Anda dapat langsung membagikannya dengan lingkaran Anda di sini."
   },
   "1418114637490664392": {
      "message": "Arsip Foto LIFE"
   },
   "1419896259743862406": {
      "message": "Buka dengan"
   },
   "1440171352837969028": {
      "message": "Video/Audio"
   },
   "1441487391064925653": {
      "message": "Lihat semua pintasan di Pusat Bantuan"
   },
   "1446829548948002072": {
      "message": "koma"
   },
   "1454684154234137497": {
      "message": "pause"
   },
   "1459765068821943106": {
      "message": "{VIEWER_GENDER,select, female{Tempelkan URL YouTube di sini:}male{Tempelkan URL YouTube di sini:}other{Tempelkan URL YouTube di sini:}}"
   },
   "1463079206290378085": {
      "message": "Foto Orkut"
   },
   "1463389029497634261": {
      "message": "Mengecilkan volume"
   },
   "1475179211173444554": {
      "message": "Siapa saja yang memiliki tautan dalam domain"
   },
   "1492360016907725281": {
      "message": "{VIEWER_GENDER,select, female{Tempelkan URL video di sini:}male{Tempelkan URL video di sini:}other{Tempelkan URL video di sini:}}"
   },
   "1493251742569121894": {
      "message": "Catatan terlalu besar. Teks yang disorot tidak akan tersimpan."
   },
   "1493384967280942491": {
      "message": "Merah muda"
   },
   "1499433769420882987": {
      "message": "Menampilkan $1​"
   },
   "1505876360160857231": {
      "message": "$1​ TB"
   },
   "1521707405717823409": {
      "message": "Ungu"
   },
   "153439508598626384": {
      "message": "Foto Anda"
   },
   "1536051766421561160": {
      "message": "sama dengan"
   },
   "156992719062713230": {
      "message": "Abu-abu"
   },
   "1586968957182554447": {
      "message": "Nonaktifkan"
   },
   "1588268697057804046": {
      "message": "$1​ jam yang lalu"
   },
   "1603139897109307706": {
      "message": "Terjadi kesalahan, harap coba lagi"
   },
   "1604359562654146902": {
      "message": "Foto"
   },
   "1633370388224271051": {
      "message": "Tak seorang pun ditemukan."
   },
   "1633798963327779260": {
      "message": "Besok"
   },
   "1654222450095043962": {
      "message": "Audio"
   },
   "1656911987308166143": {
      "message": "Hapus"
   },
   "1665821947855814052": {
      "message": "Ukuran"
   },
   "1692901784886701962": {
      "message": "Catatan terlalu besar."
   },
   "1697160643589236962": {
      "message": "$1​ PB"
   },
   "1700522311470719738": {
      "message": "Ingatkan saya"
   },
   "1701312243672511585": {
      "message": "Pindahkan teks ke catatan baru &raquo;"
   },
   "1709410429018687341": {
      "message": "Pagi ($1​)"
   },
   "1715552550526864429": {
      "message": "Telusuri blog"
   },
   "171683163267149669": {
      "message": "$1​ GB"
   },
   "1739900012825270238": {
      "message": "Membuka item sebelumnya"
   },
   "1756171223417807431": {
      "message": "Pastikan gambar dapat dilihat oleh publik. Jika gambar Anda dilindungi oleh sandi atau berada di jaringan internal, kami tidak dapat membacanya."
   },
   "1759957963056319953": {
      "message": "Kembali dari $1​"
   },
   "1783719421893050637": {
      "message": "Dimensi"
   },
   "178927681797742562": {
      "message": "Masuk"
   },
   "1791115075948268631": {
      "message": "Buka bantuan pintasan keyboard"
   },
   "1808245543551507519": {
      "message": "Audio"
   },
   "1816851800848432562": {
      "message": "Hapus"
   },
   "1818306025747564729": {
      "message": "Buka tautan"
   },
   "1823222042913714987": {
      "message": "Kirim sandi"
   },
   "1823854753950594157": {
      "message": "Tetap di tempat"
   },
   "1830157062072535681": {
      "message": "Menampilkan $1​"
   },
   "185012928288875755": {
      "message": "Tidak ada item yang cocok dengan kriteria Anda."
   },
   "1856444915090632305": {
      "message": "Dokumen ini dienkripsi. Harap masukkan sandi."
   },
   "1866863108233180413": {
      "message": "Folder"
   },
   "187077078156858455": {
      "message": "Catatan audio"
   },
   "189303170370862360": {
      "message": "$1​ dari $2​ item"
   },
   "1900571668686750716": {
      "message": "vCard"
   },
   "1901351411358749070": {
      "message": "Dibagikan dengan saya"
   },
   "1913425963149828429": {
      "message": "Ekstrak arsip ini ke Drive."
   },
   "1918176455405610789": {
      "message": "Selesai"
   },
   "1920189655549476211": {
      "message": "panjangnya tidak diketahui"
   },
   "1929603188252533075": {
      "message": "Video Anda tidak dapat dihapus. Coba lagi."
   },
   "1951810091681076784": {
      "message": "{COUNT_1,plural, =1{1 catatan yang cocok}other{{COUNT_2} catatan yang cocok}}"
   },
   "1956794332842050061": {
      "message": "Laman berikutnya"
   },
   "1965626377712226216": {
      "message": "Keynote"
   },
   "1968405748623909021": {
      "message": "Coba salah satu aplikasi di bawah untuk membuka atau mengedit item ini"
   },
   "1974063091619095703": {
      "message": "Orang"
   },
   "1988244842147989817": {
      "message": "Catatan dalam Sampah akan dihapus setelah 7 hari."
   },
   "1993674829873313178": {
      "message": "Unggahan bermasalah? Kami sedang melakukan pemeliharaan, tapi tak lama lagi semuanya akan kembali normal."
   },
   "2003845117979929469": {
      "message": "Detail"
   },
   "2048322072989992494": {
      "message": "Belum ada yang berbagi file dengan Anda!"
   },
   "2055836117545582610": {
      "message": "Setelan daftar"
   },
   "2059084517358086391": {
      "message": "Tutup bilah cari"
   },
   "2061440050632248160": {
      "message": "Arsipkan"
   },
   "2068023589621557589": {
      "message": "Font TrueType"
   },
   "2073035325657060696": {
      "message": "Tidak ada pratinjau yang tersedia."
   },
   "2073322475696388995": {
      "message": "Melompat maju"
   },
   "207810168108507460": {
      "message": "$1​ jam yang lalu"
   },
   "2109272338124379867": {
      "message": "Terakhir diubah"
   },
   "2116013171202209313": {
      "message": "Pilih"
   },
   "2122256657192674586": {
      "message": "Telusuri video"
   },
   "2125135092719715773": {
      "message": "Unggah"
   },
   "212796670323571824": {
      "message": "Oke"
   },
   "213665695896111861": {
      "message": "Catatan"
   },
   "2138593281154109183": {
      "message": "Arsip"
   },
   "2147952938331523160": {
      "message": "Ganti nama..."
   },
   "2154372123324862271": {
      "message": "garis miring"
   },
   "2154940358270068005": {
      "message": "Simpan catatan yang dihapus sedikit lebih lama"
   },
   "2184278444368405837": {
      "message": "$1​ item"
   },
   "2187239650627580457": {
      "message": "Kirim"
   },
   "2198096971937872560": {
      "message": "Pengingat:"
   },
   "220168959069469607": {
      "message": "Tindakan lainnya"
   },
   "221715292685577880": {
      "message": "Ya"
   },
   "2220005860896049129": {
      "message": "Maaf, sudah terlalu banyak waktu yang dihabiskan untuk menemukan dokumen di sumber aslinya."
   },
   "2228413078211839077": {
      "message": "Maaf, untuk sementara waktu kami mengalami masalah menghasilkan tampilan dokumen."
   },
   "2235097878790803849": {
      "message": "Selamat tinggal lampiran. Selamat datang Google Drive."
   },
   "2257303402199718039": {
      "message": "Maaf, kami tidak dapat menemukan dokumen di sumber aslinya. Verifikasikan bahwa dokumen masih ada."
   },
   "2274436793504233543": {
      "message": "Batal"
   },
   "2278224983638451454": {
      "message": "Dapatkan sekarang"
   },
   "2280650195464600721": {
      "message": "Navigasi"
   },
   "2285069188138705005": {
      "message": "Aplikasi yang tersambung"
   },
   "2289534534793293486": {
      "message": "Batal arsipkan"
   },
   "2289812403593835836": {
      "message": "Pages"
   },
   "229177484946387188": {
      "message": "Google Earth"
   },
   "2292696732672795285": {
      "message": "Mengeraskan volume"
   },
   "230180475614658119": {
      "message": "Selesai"
   },
   "2304293593067358316": {
      "message": "Gambar klip"
   },
   "2310145944356900158": {
      "message": "Dicentang"
   },
   "2311880726221661199": {
      "message": "Memuat resolusi yang lebih tinggi"
   },
   "2329167963662998826": {
      "message": "Google Keep akan menggunakan lokasi Anda guna memperbaiki saran tempat untuk pengingat lokasi."
   },
   "234046557601727809": {
      "message": "Tidak ada gambar atau video."
   },
   "2349912757088764940": {
      "message": "Terlihat oleh:"
   },
   "2359614137862708172": {
      "message": "Shift"
   },
   "2370463380397641604": {
      "message": "Pintasan keyboard populer"
   },
   "2370656573843123707": {
      "message": "kurung siku kanan"
   },
   "2393487423640708285": {
      "message": "URL tidak valid. Pastikan diawali dengan http:// atau https://."
   },
   "2405795704816921421": {
      "message": "File $1​"
   },
   "2412314804333167252": {
      "message": "Spreadsheet ini terlalu besar. Klik untuk $3​mengunduh$1​ atau $4​mengedit di Google Spreadsheet$1​."
   },
   "2418104318933043113": {
      "message": "Penelusuran Gambar Google"
   },
   "2433429041384246549": {
      "message": "Bisukan"
   },
   "2449254824382583885": {
      "message": "Lepas"
   },
   "2452522051596946166": {
      "message": "Ups! Terjadi masalah saat melakukan pratinjau pada $1​. Mencoba lagi."
   },
   "2454642351139428112": {
      "message": "Urungkan"
   },
   "2466251465475184755": {
      "message": "Kosongkan sampah? Semua catatan dalam Sampah akan dihapus secara permanen."
   },
   "2475181823688399272": {
      "message": "Berikutnya"
   },
   "2484568559152875936": {
      "message": "Tidak ada album foto."
   },
   "2504232652631703202": {
      "message": "Tersambung"
   },
   "251025074207413762": {
      "message": "Tambahkan deskripsi"
   },
   "2510929871271209216": {
      "message": "Spreadsheet ini terlalu besar. Klik $2​di sini$1​ untuk mengunduh."
   },
   "2513437337377210144": {
      "message": "end"
   },
   "2524021436052870191": {
      "message": "Tidak dapat mengunggah file ini. Hanya dapat mengunggah file $1​ dengan ukuran kurang dari $2​ MB."
   },
   "2532280782491328445": {
      "message": "Cari sebelumnya"
   },
   "2538080331309772448": {
      "message": "Urutkan: $1​"
   },
   "2538462904124380434": {
      "message": "Catatan dipindah ke Sampah"
   },
   "2546225293834487484": {
      "message": "Catatan"
   },
   "2555961950726197809": {
      "message": "Menampilkan pemirsa."
   },
   "2558480112329900136": {
      "message": "Abu-abu"
   },
   "257317112834806705": {
      "message": "Alihkan antara tampilan kisi dan daftar"
   },
   "2579679351920691492": {
      "message": "Melompat mundur"
   },
   "2587566920590457715": {
      "message": "Maps Engine Lite"
   },
   "2609409316752026806": {
      "message": "PDF"
   },
   "2609750184896485102": {
      "message": "Video dari ponsel"
   },
   "2615188670181508661": {
      "message": "Anda belum memilih apa-apa!"
   },
   "2623861453769098676": {
      "message": "Terjadi masalah saat melakukan pratinjau pada dokumen ini."
   },
   "2628268670001557269": {
      "message": "Kuota"
   },
   "2643241712502664984": {
      "message": "Video YouTube Anda"
   },
   "2661850177130037208": {
      "message": "Membuka item"
   },
   "2681830832355823748": {
      "message": "Telusuri semua pintasan"
   },
   "2687303256387847763": {
      "message": "Popularitas"
   },
   "2702485557996900362": {
      "message": "Perbaiki hasil edit bentrok"
   },
   "2705842902318123127": {
      "message": "Navigasikan ke catatan/daftar selanjutnya/sebelumnya"
   },
   "272948685355798518": {
      "message": "Jenis file yang dipilih tidak valid."
   },
   "2731144323070245943": {
      "message": "Setelan daftar"
   },
   "2742719907061406418": {
      "message": "XML"
   },
   "2750830436677712001": {
      "message": "{VIEWER_GENDER,select, female{Gagal membuat {FOLDER_NAME}.}male{Gagal membuat {FOLDER_NAME}.}other{Gagal membuat {FOLDER_NAME}.}}"
   },
   "2752123004911547510": {
      "message": "Sedang Tren"
   },
   "2758125083752925237": {
      "message": "(Pemilik)"
   },
   "277430914014962533": {
      "message": "Ups! Terjadi masalah saat melakukan pratinjau pada $1​."
   },
   "2774713922589657910": {
      "message": "Siapa saja dalam domain"
   },
   "2786560864906393383": {
      "message": "Foto dari ponsel"
   },
   "2789687492331041935": {
      "message": "Pilih waktu"
   },
   "2790446494460492805": {
      "message": "Tugas pengekstrakan dimulai. Pesan arsip akan muncul di akun email Anda di bawah label \"Impor: $1​\"."
   },
   "2793841261389879255": {
      "message": "Laman sebelumnya"
   },
   "2801153442808430222": {
      "message": "Drive Saya"
   },
   "2817277146396981386": {
      "message": "pm"
   },
   "2818020101821669029": {
      "message": "Dibuat"
   },
   "2818135503416309545": {
      "message": "Rekam video"
   },
   "2827039933590757722": {
      "message": "Pintasan Windows"
   },
   "2829226075651806940": {
      "message": "Perbesar"
   },
   "2860188519781080944": {
      "message": "Oranye"
   },
   "2861568351294148466": {
      "message": "Skrip"
   },
   "2864281852037732729": {
      "message": "Lebih Sedikit"
   },
   "2873089307546162154": {
      "message": "Oke"
   },
   "2877285560485318801": {
      "message": "Jeda"
   },
   "2878874627361086801": {
      "message": "pratinjau"
   },
   "2879276552944958066": {
      "message": "Kembali ke Folder $1​."
   },
   "289798573180023043": {
      "message": "Oke"
   },
   "2902747751281161248": {
      "message": "Terapkan pada daftar baru"
   },
   "2905147317995482841": {
      "message": "Kami telah memperbarui pengalaman penayangan untuk semua file di Google Drive. Kini lebih cantik dan mudah digunakan! Kami harap Anda menikmati tampilan baru ini."
   },
   "2917498437550635075": {
      "message": "Ikon"
   },
   "2964778642459027786": {
      "message": "Tidak ada catatan di Sampah"
   },
   "2974598228601710262": {
      "message": "Tambah"
   },
   "2979466412944870220": {
      "message": "Memuat pratinjau..."
   },
   "2982511431742033448": {
      "message": "Tidak ada presentasi."
   },
   "298817883481775869": {
      "message": "Memuat..."
   },
   "3000689173481666334": {
      "message": "Edit lingkaran Anda"
   },
   "3029395493413607486": {
      "message": "Tidak dapat memuat pemutar video. Cobalah muat ulang laman.$1​Jika masalah berlanjut, $3​lihat pusat bantuan$2​."
   },
   "3043961722025425136": {
      "message": "Deskripsi"
   },
   "306516303501625305": {
      "message": "Autentikasi gagal."
   },
   "3073005748126521632": {
      "message": "Diiingatkan di $1​"
   },
   "3074184819310272351": {
      "message": "Foto yang diunggah"
   },
   "3084372889071691504": {
      "message": "{VIEWER_GENDER,select, female{Tempelkan URL di sini:}male{Tempelkan URL di sini:}other{Tempelkan URL di sini:}}"
   },
   "3095645856215493958": {
      "message": "Cari teks yang dicetak di foto"
   },
   "31018542656161389": {
      "message": "Paskan"
   },
   "3109321241584918345": {
      "message": "Hubungkan lebih banyak aplikasi..."
   },
   "3121560585545725724": {
      "message": "$1​, $2​"
   },
   "3140236589681731084": {
      "message": "dalam $1​ jam"
   },
   "3189854932778515441": {
      "message": "Catatan Diarsipkan"
   },
   "3207670492626476064": {
      "message": "Tabel"
   },
   "3211163842850942567": {
      "message": "Perbesar"
   },
   "3222929029344613957": {
      "message": "Maaf, terjadi kesalahan saat membuka file ini. Coba lagi."
   },
   "3233388241926683100": {
      "message": "Telusuri catatan"
   },
   "3243829462528324248": {
      "message": "Cokelat"
   },
   "3250489229749307913": {
      "message": "Publikasi Elektronik"
   },
   "3256928852560591255": {
      "message": "Tidak dapat mengedit dalam Sampah"
   },
   "3261131345401321392": {
      "message": "Dapat Mengomentari"
   },
   "3265524298292280681": {
      "message": "esc"
   },
   "3267563602179728277": {
      "message": "delete"
   },
   "3272496516667407797": {
      "message": "Terjadi masalah saat memuat detail."
   },
   "3275029321588462173": {
      "message": "Tidak satu pun"
   },
   "3278237562147211998": {
      "message": "Foto stok"
   },
   "330603631583186798": {
      "message": "Word"
   },
   "3306487262690341751": {
      "message": "Tanggal & waktu"
   },
   "3312545971976531405": {
      "message": "Pesan"
   },
   "3319087486907616296": {
      "message": "Transmisi item ini"
   },
   "3328129883064940351": {
      "message": "Font"
   },
   "3335409796971631780": {
      "message": "Mengekstrak ke Drive."
   },
   "3343451103608774400": {
      "message": "Memperkenalkan $3​Petaku baru.$2​$1​Alat pemetaan yang lebih baik."
   },
   "3354260708176476985": {
      "message": "Memuat&hellip;"
   },
   "3357778055650785985": {
      "message": "Item terlalu besar. Teks yang disorot tidak akan tersimpan."
   },
   "3364679383274077479": {
      "message": "Pembaruan aplikasi tersedia"
   },
   "3368639944474272225": {
      "message": "Maaf, kami tidak dapat mengambil dokumen untuk dilihat atau Anda tidak memiliki izin untuk melihat dokumen."
   },
   "3381619429606029445": {
      "message": "Visio"
   },
   "3382236845597426718": {
      "message": "Buka"
   },
   "3408219901032480508": {
      "message": "$2​; $1​"
   },
   "3409257542937182842": {
      "message": "Mencoba lagi..."
   },
   "3409483962000136213": {
      "message": "Memutar/Menjeda"
   },
   "3418767079436101103": {
      "message": "Terjadi masalah saat memuat laman ini."
   },
   "3421685394169412932": {
      "message": "Tiap perubahan yang Anda buat otomatis tersimpan"
   },
   "3422389100099960864": {
      "message": "Tidak ada gambar."
   },
   "3428726060007577698": {
      "message": "Daftar terlalu besar."
   },
   "3430885603500576146": {
      "message": "Pilih gambar yang memang lisensi penggunaannya telah Anda miliki."
   },
   "3440534675925634227": {
      "message": "Pada jendela browser Chrome, buka chrome://settings dan pastikan Anda masuk. Lalu klik Masuk lagi."
   },
   "3446158485617778228": {
      "message": "Urungkan"
   },
   "3448234415275521882": {
      "message": "Info Umum"
   },
   "3448684788258660606": {
      "message": "Foto Anda"
   },
   "3450585781337676327": {
      "message": "Memuat..."
   },
   "3457279184692206825": {
      "message": "Foto akan terlihat oleh siapa pun (publik di web)."
   },
   "3468441711253011521": {
      "message": "Google Spreadsheet"
   },
   "3473620774713000513": {
      "message": "Terselesaikan"
   },
   "3483438888494819423": {
      "message": "Yang baru di Google Keep"
   },
   "3511274344439521198": {
      "message": "Tindakan"
   },
   "3518073392823563581": {
      "message": "Pintasan keyboard"
   },
   "3531603810713611778": {
      "message": "Ukuran file maksimum terlampaui. Batalkan pilihan satu atau beberapa file."
   },
   "3543475399174940144": {
      "message": "+$1​"
   },
   "3547194749488601916": {
      "message": "Memperbarui..."
   },
   "354828103903104581": {
      "message": "Item yang dicentang"
   },
   "3561658662634401836": {
      "message": "Judul"
   },
   "357172711168973843": {
      "message": "Perubahan atau catatan terbaru apa pun yang ditambahkan baru-baru ini tidak akan disimpan. Buat salinan konten Anda sendiri, lalu muat ulang."
   },
   "3586705906700410505": {
      "message": "Gambar garis"
   },
   "3587798318180902863": {
      "message": "{NUM_SELECTED,plural, =1{ dipilih »}other{ dipilih »}}"
   },
   "3595000514985906359": {
      "message": "Excel"
   },
   "3602920441714068008": {
      "message": "Diingatkan pada $1​ pukul $2​"
   },
   "3608606849109645545": {
      "message": "Masukkan nama dokumen baru:"
   },
   "361202495024972887": {
      "message": "Unggah video"
   },
   "361630518611593946": {
      "message": "Sembunyikan kotak centang"
   },
   "3625886392901506764": {
      "message": "atau"
   },
   "3643146117250542609": {
      "message": "Tidak ada PDF."
   },
   "3645728163953189422": {
      "message": "Maaf, kami tidak dapat mengambil dokumen untuk ditampilkan karena terlalu besar."
   },
   "3651893685901703652": {
      "message": "..."
   },
   "3657386785336906042": {
      "message": "garis miring terbalik"
   },
   "3659554681396757189": {
      "message": "Dibuka oleh saya"
   },
   "3663571259791438207": {
      "message": "Laporkan penyalahgunaan"
   },
   "3664842788764635265": {
      "message": "Tidak satu pun"
   },
   "3666123569747918021": {
      "message": "Dokumen ini memiliki perubahan yang belum disimpan. Tinggalkan laman dan buang perubahan?"
   },
   "3673346558112798837": {
      "message": "Tanpa latar belakang"
   },
   "3674811252904549204": {
      "message": "Foto sampul"
   },
   "3678477908297567934": {
      "message": "setrip bawah"
   },
   "3681747688524363195": {
      "message": "Atas"
   },
   "3690515530505404607": {
      "message": "Terjadi masalah saat memutar video ini."
   },
   "369764661829607970": {
      "message": "{NUM_ITEMS,plural, =0{Tak ada item}=1{1 item}other{# item}}"
   },
   "3712215972250917265": {
      "message": "Komentar"
   },
   "3717138719704492547": {
      "message": "Periksa alamat apakah ada kesalahan ketik."
   },
   "374088101949877889": {
      "message": "Tutup"
   },
   "3745308627628779133": {
      "message": "Folder Baru"
   },
   "3748461364828242354": {
      "message": "Pilih warna"
   },
   "3770795578481676514": {
      "message": "Kuning"
   },
   "3771958676925493302": {
      "message": "Hapus filter: $1​"
   },
   "3779945546806941187": {
      "message": "Monokrom"
   },
   "3793086499925031123": {
      "message": "Membuka bilah penelusuran / menemukan sebelumnya"
   },
   "37992665410817181": {
      "message": "Dibuka ulang"
   },
   "3801617971018550169": {
      "message": "Kemarin"
   },
   "3808213429720572062": {
      "message": "Pulihkan"
   },
   "381100310424863459": {
      "message": "Illustrator"
   },
   "3842411126100113634": {
      "message": "pg-up"
   },
   "3844047145949375230": {
      "message": "Dokumen"
   },
   "3858324058837632381": {
      "message": "Terjadi masalah saat memutar file audio ini."
   },
   "3864575916269080329": {
      "message": "Gambar yang dapat ditelusuri"
   },
   "3866373087987934712": {
      "message": "Gagal mengunggah: $1​"
   },
   "3869166581651870488": {
      "message": "Selesai mengedit"
   },
   "3873215756962047275": {
      "message": "ARSIP"
   },
   "3873467440437675460": {
      "message": "Maaf! Font yang sebelumnya Anda pilih tidak dapat ditemukan."
   },
   "3897281533382850749": {
      "message": "Suarakan"
   },
   "3936153839186254186": {
      "message": "Tampilkan: $1​"
   },
   "3955760658925284765": {
      "message": "Coba lagi"
   },
   "3974064131130689245": {
      "message": "Tampilan kisi"
   },
   "3977699855735576796": {
      "message": "Terjadi masalah saat memuat laman lainnya."
   },
   "3988418762222300024": {
      "message": "titik"
   },
   "3989552504822984034": {
      "message": "Google Gambar"
   },
   "4005725939358875643": {
      "message": "Tindakan diurungkan."
   },
   "4014287326684608407": {
      "message": "Hijau kebiruan"
   },
   "4048275292053012394": {
      "message": "Kontak"
   },
   "4059387791040010947": {
      "message": "Meta"
   },
   "4067915791853673774": {
      "message": "{VIEWER_GENDER,select, female{Tutup}male{Tutup}other{Tutup}}"
   },
   "4078179869358383373": {
      "message": "Tidak ada hasil yang ditemukan."
   },
   "4087667435414545203": {
      "message": "Anda telah keluar. Muat ulang untuk membuat perubahan."
   },
   "4093134637041332383": {
      "message": "PELAJARI LEBIH LANJUT"
   },
   "4097007735221462946": {
      "message": "Gambar"
   },
   "4097921967754832323": {
      "message": "tanda hubung"
   },
   "4100504115801514799": {
      "message": "Catatan dipulihkan"
   },
   "4119294114251628099": {
      "message": "URL gambar yang Anda tentukan tidak dapat diambil. Mungkin ini adalah URL pribadi yang tidak dapat diakses server kami. Cobalah URL yang lain."
   },
   "4134385041569168669": {
      "message": "Memuat..."
   },
   "4148564423510181521": {
      "message": "Hapus penelusuran"
   },
   "4152315289461886": {
      "message": "Kontrol dokumen"
   },
   "4168280976997555951": {
      "message": "Tidak ada dokumen."
   },
   "4174786386751618325": {
      "message": "Catatan foto"
   },
   "4182427157920112948": {
      "message": "tanda gelombang"
   },
   "4200426647595470259": {
      "message": "Mulai putar file audio"
   },
   "4200911267543705377": {
      "message": "Ketik penelusuran Anda pada kotak di atas untuk menemukan hasil blog menggunakan Google Penelusuran Blog."
   },
   "4205329094859140439": {
      "message": "am"
   },
   "4211182812451835307": {
      "message": "Dapat Mengedit"
   },
   "4211806608204126222": {
      "message": "$2​Persyaratan Layanan$1​"
   },
   "4214190403999219403": {
      "message": "Perbesar/perkecil"
   },
   "4230101516585408149": {
      "message": "Buat catatan baru"
   },
   "4253741616909644861": {
      "message": "Istilah penelusuran"
   },
   "4280747719095153198": {
      "message": "Komentar yang Telah Diselesaikan"
   },
   "4286663890332754386": {
      "message": "Pengunggahan gagal."
   },
   "4299690446455033653": {
      "message": "Works"
   },
   "4314643310615423802": {
      "message": "Anda telah keluar."
   },
   "4318861667254318892": {
      "message": "Google Video"
   },
   "4319229296464464147": {
      "message": "Tanggal ditambahkan"
   },
   "4320831042030778": {
      "message": "Batal"
   },
   "4332252081504252077": {
      "message": "Ups!"
   },
   "4338991104991831337": {
      "message": "Gambar"
   },
   "4339705658383891586": {
      "message": "Berwarna"
   },
   "4343825450663233452": {
      "message": "Dapat Melihat"
   },
   "4343836986248234462": {
      "message": "Item daftar"
   },
   "435214284915110062": {
      "message": "Membuka bilah penelusuran"
   },
   "4372755508519489521": {
      "message": "Tampilan Kisi"
   },
   "4391715930031906467": {
      "message": "Cari berikutnya"
   },
   "4395845663892873002": {
      "message": "home"
   },
   "4422985761498356257": {
      "message": "Buka dengan"
   },
   "4430062722430863019": {
      "message": "Hapus catatan selamanya?"
   },
   "4439812492856303238": {
      "message": "Maaf! Terjadi kesalahan tak terduga saat memproses pilihan Anda.  Coba lagi nanti."
   },
   "4444571967705751871": {
      "message": "Sampah"
   },
   "4466605492523079635": {
      "message": "Simpan"
   },
   "4468872996560163913": {
      "message": "Kosongkan Sampah sekarang"
   },
   "4473912481270012588": {
      "message": "Disimpan ke Drive - Pindahkan ke:"
   },
   "45228242181482134": {
      "message": "Putar"
   },
   "4536519876526589338": {
      "message": "Avatar $1​."
   },
   "4552045407215325033": {
      "message": "URL video yang Anda masukkan di atas tidak dapat dimuat. Pastikan URL-nya benar dan dari situs yang didukung."
   },
   "4564682305303579317": {
      "message": "Lanjutkan"
   },
   "456498742882714639": {
      "message": "Pindahkan ke:"
   },
   "4588500131398315347": {
      "message": "Buat lingkaran"
   },
   "4604402426271704651": {
      "message": "Tidak ada foto"
   },
   "4620034373159179678": {
      "message": "Halaman $1​ dari $2​"
   },
   "4630690108252818511": {
      "message": "Gambar tidak ditemukan."
   },
   "468283184702431827": {
      "message": "Proses Dimulai"
   },
   "4695897771458936174": {
      "message": "Bagikan foto dari Google Drive di Google+"
   },
   "4740100782728373253": {
      "message": "Simpan ke Drive"
   },
   "4748046231232264180": {
      "message": "Google Formulir"
   },
   "4767722428137216885": {
      "message": "Batal"
   },
   "477328789314249432": {
      "message": "Telusuri catatan"
   },
   "4775368111547931093": {
      "message": "Tidak ada deskripsi"
   },
   "4781742940361705258": {
      "message": "Tutup"
   },
   "4783695823456312682": {
      "message": "Pindahkan ke bawah"
   },
   "47844150329705564": {
      "message": "Hasil penelusuran untuk \"$1​\""
   },
   "4798897505978458661": {
      "message": "Video tidak ditemukan."
   },
   "4805047680716507619": {
      "message": " - Pindahkan ke:"
   },
   "4806763987633034948": {
      "message": "PKCS7 Signature"
   },
   "4833214200453019325": {
      "message": "$1​ dari $2​"
   },
   "4846720038197420778": {
      "message": "Sambungkan aplikasi lainnya"
   },
   "4853788427396558692": {
      "message": "$1​ MB"
   },
   "4858389278403807208": {
      "message": "Catatan Dibuang"
   },
   "4888104357342241891": {
      "message": "Pengingat"
   },
   "4889853674709731963": {
      "message": "Semua catatan disimpan secara offline"
   },
   "4901386320110714275": {
      "message": "Sandi salah. Coba lagi."
   },
   "490372259452655427": {
      "message": "Maaf, dokumen ini belum tersedia untuk ditampilkan."
   },
   "4906669330059413958": {
      "message": "Kirim sandi"
   },
   "4908614808966678155": {
      "message": "Tidak ada hasil penelusuran untuk \"$1​\""
   },
   "4926020998477695737": {
      "message": "Alihkan ke folder $1​"
   },
   "4943176738805484221": {
      "message": "edit"
   },
   "4956678140555659175": {
      "message": "backspace"
   },
   "4957674814179289955": {
      "message": "Navigasikan ke daftar item berikutnya/sebelumnya"
   },
   "4963784280521435720": {
      "message": "Menyimpan..."
   },
   "4969219890884320840": {
      "message": "Perbarui"
   },
   "4983125135476400111": {
      "message": "Memasukkan catatan/daftar ke Sampah"
   },
   "4988132901627446385": {
      "message": "Panel detail diluaskan."
   },
   "4998757387516632837": {
      "message": "Hasil yang ditampilkan diberi label dapat digunakan kembali dengan modifikasi."
   },
   "5006225450559627366": {
      "message": "+$1​ lainnya"
   },
   "501475221876543407": {
      "message": "Catatan yang Anda tambahkan muncul di sini"
   },
   "5023525794410110078": {
      "message": "Tambahkan teks ke foto"
   },
   "5026241297254150381": {
      "message": "Tambahkan catatan"
   },
   "5046371569383796818": {
      "message": "Simpan"
   },
   "5055418092354683641": {
      "message": "Serif"
   },
   "5095987896933771566": {
      "message": "Mencetak dokumen"
   },
   "5096751700090310607": {
      "message": "Tidak ada foto."
   },
   "509815948423424872": {
      "message": "Navigasi"
   },
   "5099245668405591445": {
      "message": "Telusuri"
   },
   "512429649443191386": {
      "message": "$2​Bantuan$1​"
   },
   "5124522868502261563": {
      "message": "Spreadsheet"
   },
   "5130903421326358933": {
      "message": "Terjadi masalah saat menyimpan lampiran ke Google Drive."
   },
   "5149937870346466591": {
      "message": "Tampilan daftar"
   },
   "5169187962228219813": {
      "message": "Gambar Life"
   },
   "5180454621500142444": {
      "message": "Pulihkan"
   },
   "5180989337128758117": {
      "message": "kurung siku kiri"
   },
   "5184692850089055965": {
      "message": "Ambil teks gambar"
   },
   "5197718200713913936": {
      "message": "C++"
   },
   "5201670213497642487": {
      "message": "Bilah tab panel detail. Tekan tombol panah kiri dan kanan untuk beralih antar-tab."
   },
   "5204391636475413312": {
      "message": "Simpan"
   },
   "5213411023807957844": {
      "message": "Telusuri Google Keep"
   },
   "5213974294317036409": {
      "message": "{numPages,plural, =0{}=1{1 laman}other{# laman}}"
   },
   "5226470917948786938": {
      "message": "Alfabetis"
   },
   "5238003680997310998": {
      "message": "Lainnya"
   },
   "5238371081785912565": {
      "message": "Buka dengan $1​"
   },
   "5275493935807628890": {
      "message": "Kami tidak dapat menemukan gambar pada URL itu."
   },
   "5281121179861637423": {
      "message": "Sandi diperlukan untuk mengakses $1​. Harap masukkan sandi"
   },
   "5288037028604092288": {
      "message": "XPS"
   },
   "5291153964865714504": {
      "message": "Tidak ada catatan yang cocok"
   },
   "5299648222246616124": {
      "message": "aksen nontirus"
   },
   "5304869088141363028": {
      "message": "Foto unggulan"
   },
   "5316658541831864803": {
      "message": "Maaf, penayangan dokumen jenis ini tidak didukung."
   },
   "5319313176242717957": {
      "message": "Memproses gambar..."
   },
   "5336801339221383042": {
      "message": "Javascript"
   },
   "534228323125524312": {
      "message": "Perkecil"
   },
   "5353129315502554762": {
      "message": "Style Sheet"
   },
   "5372143986724491245": {
      "message": "$1​ hari yang lalu"
   },
   "5372160981898991853": {
      "message": "Publisher"
   },
   "5399553230649155346": {
      "message": "dalam $1​ jam"
   },
   "5403830377590414208": {
      "message": "Putih"
   },
   "5408091115193390231": {
      "message": "AutoCAD"
   },
   "5438481737351808090": {
      "message": "Siang ($1​)"
   },
   "544377415081282702": {
      "message": "Maaf."
   },
   "5447119197363232006": {
      "message": "Tampilkan di Drive"
   },
   "5465323999933375616": {
      "message": "Anda mencapai batas bandwidth untuk melihat atau mengunduh file yang tidak dalam format Google Dokumen."
   },
   "5472312735475866917": {
      "message": "Komentar dari $1​."
   },
   "547865385964196102": {
      "message": "$1​ menit yang lalu"
   },
   "5482872484546230111": {
      "message": "Telusuri buku"
   },
   "5494181290179470995": {
      "message": "Hapus"
   },
   "5500117709595533163": {
      "message": "Ketik penelusuran Anda pada kotak di atas untuk menemukan hasil e-buku menggunakan Google Buku."
   },
   "5514516347328112388": {
      "message": "Anda juga dapat mencoba mengunduh dokumen asli dengan mengeklik $2​di sini$1​."
   },
   "5529532831767466284": {
      "message": "{VIEWER_GENDER,select, female{{DEGREES}° {MINUTES}' {SECONDS}\"}male{{DEGREES}° {MINUTES}' {SECONDS}\"}other{{DEGREES}° {MINUTES}' {SECONDS}\"}}"
   },
   "5555182241047709329": {
      "message": "Pilih lokasi"
   },
   "5555599189512365009": {
      "message": "MENGERTI"
   },
   "5571842632470308750": {
      "message": "Jenis apa pun"
   },
   "5588597116382648727": {
      "message": "Memulai tugas pengekstrakan."
   },
   "5598649706113950710": {
      "message": "Editor"
   },
   "5609727719971819773": {
      "message": "{VIEWER_GENDER,select, female{Kembali}male{Kembali}other{Kembali}}"
   },
   "5627470193961862490": {
      "message": "Catatan dengan pengingat yang akan datang muncul di sini"
   },
   "5631086126416409232": {
      "message": "Biru"
   },
   "564165666160590723": {
      "message": "Windows Media Player"
   },
   "5660422479531064559": {
      "message": "Tidak ada formulir."
   },
   "5675154446465700699": {
      "message": "PDF"
   },
   "568072913338360182": {
      "message": "HTML"
   },
   "5707549724380589079": {
      "message": "Hapus item yang dicentang?"
   },
   "5714240424645614611": {
      "message": "Paket Android"
   },
   "5728640851616538925": {
      "message": "Hijau"
   },
   "5744491383087191878": {
      "message": "URL gambar yang Anda masukkan di atas salah atau tidak dapat dimuat."
   },
   "5747728324987383020": {
      "message": "Wajah"
   },
   "5783875011049188612": {
      "message": "Teks gambar diambil"
   },
   "5785010887521443923": {
      "message": "Hapus"
   },
   "5834678297024555032": {
      "message": "Izinkan"
   },
   "5840330517914556080": {
      "message": "Perkecil"
   },
   "5842536098490298653": {
      "message": "Font tidak ditemukan."
   },
   "5865680764501413616": {
      "message": "Tidak dapat mengenali teks."
   },
   "5871966496153339793": {
      "message": "Menampilkan gambar mini video $1​"
   },
   "5875004331736681428": {
      "message": "Mengekstrak ke akun email Anda."
   },
   "587666071025645113": {
      "message": "Telusuri"
   },
   "5877526626743756786": {
      "message": "Masukan"
   },
   "5889725440363483648": {
      "message": "Siapa saja dalam grup"
   },
   "5911012384539794869": {
      "message": "Gagal memulai tugas pengekstrakan."
   },
   "5916010927050975496": {
      "message": "$1​ KB"
   },
   "5949528478488617689": {
      "message": "Izin Unduhan"
   },
   "5950887255133612666": {
      "message": "Belum dimulai."
   },
   "5969696744752069015": {
      "message": "Pratinjau tidak tersedia."
   },
   "5971400924847413790": {
      "message": "Atau, Anda dapat melihat $2​HTML polos$1​ (otomatis mengalihkan)."
   },
   "5972111804366033138": {
      "message": "Unduh"
   },
   "5975031149676029214": {
      "message": "Semua orang"
   },
   "5976369213680241300": {
      "message": "Telusuri gambar"
   },
   "5980081664136280513": {
      "message": "Hijau"
   },
   "5984398071085567332": {
      "message": "Google Fusion Tables"
   },
   "6009962986062136164": {
      "message": "Memuat $1​."
   },
   "60305871484579258": {
      "message": "Alt"
   },
   "6043068172993241858": {
      "message": "Tidak ada seorang pun dalam lingkaran ini."
   },
   "604883455412617728": {
      "message": "Tidak ada kontak yang cocok dengan penelusuran Anda."
   },
   "6051386830221821025": {
      "message": "Masuk ..."
   },
   "6064654062949366878": {
      "message": "Putar"
   },
   "6070475007374165567": {
      "message": "Menyimpan..."
   },
   "6083586461434260179": {
      "message": "Pengalaman penayangan baru"
   },
   "6087078248621415351": {
      "message": "Diubah $1​"
   },
   "6091926883608250483": {
      "message": "Lainnya"
   },
   "6105571474005679446": {
      "message": "Terjadi masalah dengan pratinjau."
   },
   "6113237889871930608": {
      "message": "Catatan kosong"
   },
   "6118623991445349480": {
      "message": "Halaman $1​"
   },
   "6122643025527543706": {
      "message": "Ctrl"
   },
   "6131822680770571276": {
      "message": "PowerPoint"
   },
   "6140634664402328750": {
      "message": "Daftar aplikasi"
   },
   "6149175749937815029": {
      "message": "Lihat semua item"
   },
   "6160805346274626656": {
      "message": "Hapus selamanya"
   },
   "616807262818311711": {
      "message": "Jenis"
   },
   "6175043905327075444": {
      "message": "Sebelumnya dipilih"
   },
   "6177107655089301674": {
      "message": "Unduh aplikasi Google Keep untuk Android"
   },
   "6185886893933834031": {
      "message": "Simpan yang dipilih"
   },
   "6186290899408627510": {
      "message": "enter"
   },
   "6189891414154673003": {
      "message": "Peta Saya"
   },
   "6203260615455347677": {
      "message": "Numbers"
   },
   "6223207695466118454": {
      "message": "YouTube"
   },
   "6224687211096863620": {
      "message": "Siapa saja"
   },
   "623118860067088424": {
      "message": "Video"
   },
   "6231401379881217113": {
      "message": "insert"
   },
   "6252259197986158120": {
      "message": "Kemarin"
   },
   "6253076263700695984": {
      "message": "Kesalahan autentikasi. Harap muat ulang."
   },
   "6255475144867830247": {
      "message": "Pilih dari tab navigasi lainnya."
   },
   "6267063643272327592": {
      "message": "Coba lagi nanti."
   },
   "6290270819062517523": {
      "message": "Terlalu banyak item yang dipilih. Batalkan satu atau beberapa pilihan."
   },
   "6305748545202493254": {
      "message": "Menampilkan/Menyembunyikan panel detail"
   },
   "6324768448533022780": {
      "message": "$1​ $2​"
   },
   "6331677437567501421": {
      "message": "Terjadi masalah saat memperbarui izin unduhan."
   },
   "6333496730738019575": {
      "message": "Memuat..."
   },
   "634900089121611600": {
      "message": "Tidak ada video."
   },
   "6362170008350775214": {
      "message": "Pengingat di $1​"
   },
   "6375395544374251820": {
      "message": "Terjadi masalah saat memuat laman lainnya. Mencoba lagi..."
   },
   "6376739025584042564": {
      "message": "Pangkasan foto"
   },
   "6386587519843563719": {
      "message": "File Biner"
   },
   "6416495701611778255": {
      "message": "Aplikasi pihak ketiga yang disarankan"
   },
   "6419411265907669340": {
      "message": "Hari ini"
   },
   "6436479735235889890": {
      "message": "Pengingat pukul $2​, $1​"
   },
   "6450508807204492448": {
      "message": "Ikon $1​"
   },
   "6457802200418354862": {
      "message": "Pemirsa dapat mengunduh"
   },
   "6459405233858728718": {
      "message": "Google Slide"
   },
   "6464761738227651511": {
      "message": "$1​ menit yang lalu"
   },
   "6466736813846482957": {
      "message": "Sebelumnya"
   },
   "6479216014938929613": {
      "message": "Malam ($1​)"
   },
   "6482358947077977110": {
      "message": "Gambar Google Penelusuran"
   },
   "6487403767449360463": {
      "message": "Muat ulang Keep?"
   },
   "6488225756782357866": {
      "message": "Gambar yang Anda sorot ditemukan oleh Penelusuran Gambar Google di laman ini:"
   },
   "6510131849363684615": {
      "message": "Besok"
   },
   "6516256764288947999": {
      "message": "Beri tag orang"
   },
   "6522917155620379865": {
      "message": "Unduh"
   },
   "6524849072392100692": {
      "message": "Folder Google Drive"
   },
   "6551588617715293696": {
      "message": "Opsi urutan"
   },
   "6570921376519753466": {
      "message": "Tampilan"
   },
   "6571686604846453345": {
      "message": "Terjadi masalah saat menambahkan item ini ke Drive."
   },
   "6582286158693833652": {
      "message": "Pelajari lebih lanjut"
   },
   "6588176324871799870": {
      "message": "Skrip Google Apps"
   },
   "6602430002978098812": {
      "message": "Tulisan tangan"
   },
   "6614046405230762587": {
      "message": "Kontak tidak ditemukan."
   },
   "6622304228074863427": {
      "message": "Aplikasi"
   },
   "6624754161346656119": {
      "message": "Avatar $1​."
   },
   "6644861766016503644": {
      "message": "Perlu Sandi"
   },
   "6650600936729710500": {
      "message": "Balasan."
   },
   "666311703374681171": {
      "message": "Gambar dan video"
   },
   "6666820082708870349": {
      "message": "Hapus"
   },
   "6707173584987026005": {
      "message": "Hari ini"
   },
   "6709984792949009238": {
      "message": "Terakhir dibuka oleh saya"
   },
   "6726462693927865256": {
      "message": "Detail"
   },
   "6726879257388338969": {
      "message": "Cetak"
   },
   "6726925393892510846": {
      "message": "Terjadi kesalahan. Coba lagi."
   },
   "6741759391888465238": {
      "message": "Menyimpan ke Drive - Pindahkan ke:"
   },
   "6744457949320515234": {
      "message": "Catatan kosong akan dibuang"
   },
   "6757218172402086688": {
      "message": "Telusuri Catatan..."
   },
   "6780628488957834429": {
      "message": "Oranye"
   },
   "6784073265197389491": {
      "message": "Pelajari lebih lanjut"
   },
   "681598652078493281": {
      "message": "Pelajari lebih lanjut"
   },
   "6818286476757207074": {
      "message": "Pilih gambar yang memang lisensi penggunaannya telah Anda miliki."
   },
   "682070933835616121": {
      "message": "Tidak ada tabel."
   },
   "6822338149422461362": {
      "message": "Google Drive"
   },
   "6827821461670731013": {
      "message": "Tampilkan kotak centang"
   },
   "6828581947433060251": {
      "message": "Terjadi masalah saat mengubah nama item."
   },
   "6833760103261954639": {
      "message": "Terjadi masalah saat memuat laman ini. Mencoba lagi..."
   },
   "6841020391100928352": {
      "message": "Ukuran file maksimum terlampaui."
   },
   "6851307437837490686": {
      "message": "Cegah pemirsa agar tidak mengunduh"
   },
   "6856672816797218730": {
      "message": "Lampirkan"
   },
   "6891563484025164308": {
      "message": "Sebelumnya"
   },
   "6893687445500687349": {
      "message": "Situs"
   },
   "6898823203505321799": {
      "message": "Detail"
   },
   "6904351530369058983": {
      "message": "Pemilik"
   },
   "6905021988981026920": {
      "message": "Penelusuran video"
   },
   "6922953828399110511": {
      "message": "Menutup penampil"
   },
   "6929958461954697067": {
      "message": "Foto yang menyertakan Anda"
   },
   "6939782595426687411": {
      "message": "Menambahkan..."
   },
   "6940998537415516791": {
      "message": "pukul"
   },
   "695253297035211081": {
      "message": "Kosongkan Sampah"
   },
   "6967244066810487978": {
      "message": "SAMPAH"
   },
   "6970167488058122005": {
      "message": "pengarang tidak diketahui"
   },
   "6976414863987386971": {
      "message": "Formulir"
   },
   "7001938470263404128": {
      "message": "Unggah"
   },
   "7002768663714031226": {
      "message": "Perbarui"
   },
   "7004919150329996187": {
      "message": "Tidak ditemukan orang yang cocok dalam lingkaran ini."
   },
   "7054631817922169541": {
      "message": "Google Keep memiliki perubahan yang belum disimpan. Ingin meninggalkan laman dan membuang perubahan?"
   },
   "7059437903473652416": {
      "message": "Putar video YouTube $1​"
   },
   "7080196430479494775": {
      "message": "Coba lagi"
   },
   "7084324152376766809": {
      "message": "$1​ hari yang lalu"
   },
   "7084991134824194740": {
      "message": "Ingatkan saya"
   },
   "7092062731478679314": {
      "message": "Lingkaran tidak ditemukan."
   },
   "7117183622067702162": {
      "message": "Dengan Google Drive, Anda tidak perlu lagi mengirimkan lampiran di email. Cukup bagikan tautan ke file apa pun yang Anda simpan di Google Drive.  Dengan begitu, semua orang memiliki akses ke file yang sama, versi yang sama - secara otomatis."
   },
   "713754035716193665": {
      "message": "Daftar baru"
   },
   "7146242673022399081": {
      "message": "Teks"
   },
   "7148992630785407972": {
      "message": "File ini dilindungi sandi dan tidak dapat dipratinjau."
   },
   "7151987668860086450": {
      "message": "Penelusuran web"
   },
   "7153847618034547771": {
      "message": "Aktifkan"
   },
   "7161134329606048317": {
      "message": "Tutup"
   },
   "7164532930742017984": {
      "message": "Siapa saja yang memiliki tautan"
   },
   "7174189954350964804": {
      "message": "Coba lagi"
   },
   "7177591028189992523": {
      "message": "Pindahkan"
   },
   "7188754206068648188": {
      "message": "Data yang Dipisahkan Koma"
   },
   "7225837680381806920": {
      "message": "Sore ($1​)"
   },
   "722702934847795304": {
      "message": "Project"
   },
   "7236199858216720905": {
      "message": "Maps"
   },
   "7247530225058410142": {
      "message": "$2​ $1​"
   },
   "7259352906118493156": {
      "message": "Tidak ada situs."
   },
   "7282548567245878869": {
      "message": "Item dihapus"
   },
   "7295712436136900176": {
      "message": "Muat Ulang"
   },
   "7310311230493556740": {
      "message": "URL"
   },
   "7339696241980105410": {
      "message": "Video yang Anda pilih sudah tidak ada lagi. Pemilik video mungkin telah menghapusnya."
   },
   "7342923890755029722": {
      "message": "Tutup"
   },
   "734478884582426793": {
      "message": "Arsip Terkompresi"
   },
   "7357017164339332230": {
      "message": "Gambar-gambar ini juga dapat dilihat dan dibagikan di $2​Album Web Picasa$1​, layanan hosting foto gratis dari Google."
   },
   "736105042796745909": {
      "message": "{VIEWER_GENDER,select, female{Buat folder}male{Buat folder}other{Buat folder}}"
   },
   "7362061801920948830": {
      "message": "Unggah Lainnya"
   },
   "7364571366369083618": {
      "message": "Video"
   },
   "7377239345926788722": {
      "message": "Tindakan"
   },
   "7380785991026002613": {
      "message": "Hasil yang ditampilkan diberi label untuk digunakan kembali."
   },
   "7382688299146249119": {
      "message": "Unduh item"
   },
   "7383706174467122149": {
      "message": "Catatan dihapus"
   },
   "7388342865555961406": {
      "message": "dalam $1​ hari"
   },
   "7393771571081973549": {
      "message": "C"
   },
   "740507516967994591": {
      "message": "Buka"
   },
   "7422452809590461532": {
      "message": "Merah"
   },
   "7426603384368095928": {
      "message": "Muat ulang laman untuk masuk kembali dan melanjutkan bekerja."
   },
   "7429084719905985261": {
      "message": "Objective C"
   },
   "7432956605646331928": {
      "message": "SQL"
   },
   "7440735091552109962": {
      "message": "$2​ (diedit $1​)"
   },
   "7441891675459021164": {
      "message": "Menyimpan ke Drive"
   },
   "7451573821837395189": {
      "message": "Item telah ditambahkan ke $2​Drive Anda$1​."
   },
   "7468322419516352788": {
      "message": "Terjadi masalah saat memperbarui deskripsi."
   },
   "7488945223835574498": {
      "message": "Postscript"
   },
   "7492710087472140422": {
      "message": "Pelajari lebih lanjut"
   },
   "7493919863870655172": {
      "message": "Kamera web"
   },
   "7500786109708143683": {
      "message": "Audio telah dihapus"
   },
   "7501027876827009022": {
      "message": "Hasil yang ditampilkan diberi label dapat digunakan kembali untuk tujuan komersial."
   },
   "7521272923988336579": {
      "message": "Terus dapatkan info terbaru dengan memuat ulang Keep sekarang."
   },
   "7532552995569296274": {
      "message": "Hapus Penelusuran"
   },
   "7546994163355383999": {
      "message": "Semua catatan disimpan"
   },
   "7559208209275370228": {
      "message": "Terakhir diedit oleh saya"
   },
   "7565383798249439151": {
      "message": "dalam $1​ hari"
   },
   "7565870443143407759": {
      "message": "Temukan dalam dokumen"
   },
   "7586291841734385643": {
      "message": "Lepas"
   },
   "7598582624136632660": {
      "message": "Membuka bilah penelusuran / menemukan berikutnya"
   },
   "7602870977118971161": {
      "message": "Muat Ulang"
   },
   "7610654194202731772": {
      "message": "Hapus"
   },
   "761925792744044896": {
      "message": "Setel sebagai foto profil"
   },
   "7630723924002267143": {
      "message": "Pintasan keyboard diaktifkan."
   },
   "7640546114686970497": {
      "message": "Tidak dapat menambahkan item lagi"
   },
   "7669846901402551021": {
      "message": "Hari Ini"
   },
   "7691521283331762131": {
      "message": "Catatan Anda yang diarsipkan muncul di sini"
   },
   "772000107335590599": {
      "message": "dalam $1​ menit"
   },
   "7734578122414851725": {
      "message": "PHP"
   },
   "7745005220197261896": {
      "message": "Penelusuran buku"
   },
   "7759846028901235026": {
      "message": "Catatan batal diarsipkan"
   },
   "776065748745885880": {
      "message": "spasi"
   },
   "7770982082843341533": {
      "message": "Tidak ada item dalam folder ini."
   },
   "779472474101127362": {
      "message": "Jepret"
   },
   "7800318069267901681": {
      "message": "Diubah"
   },
   "7805487598105530487": {
      "message": "Sisipan"
   },
   "7814778057875152792": {
      "message": "Terjadi masalah saat memindahkan lampiran ke folder yang dipilih di Google Drive."
   },
   "7820417126206702946": {
      "message": "Hasil yang ditampilkan hanya tersedia untuk penggunaan pribadi atau komersial di Google Drive, dan tidak boleh disebarluaskan atau dijual secara terpisah."
   },
   "7822364282298323175": {
      "message": "Daftar telah dihapus"
   },
   "7830513726270865588": {
      "message": "Kalender"
   },
   "7845751753397906805": {
      "message": "Ditemukan hasil edit bentrok"
   },
   "7852396628465259068": {
      "message": "Foto profil"
   },
   "7859526172011446452": {
      "message": "Hentikan transmisi"
   },
   "78870906674150830": {
      "message": "$3​$1​$2​"
   },
   "7895643887742936844": {
      "message": "titik koma"
   },
   "7899833760457194273": {
      "message": "Penelusuran gambar"
   },
   "7899913952063063825": {
      "message": "Gambar telah dihapus"
   },
   "7906726367011430855": {
      "message": "Sambungkan"
   },
   "7910518224461588465": {
      "message": "Kuning"
   },
   "7953603850004320936": {
      "message": "Pratinjau tidak ada."
   },
   "7957306528733096600": {
      "message": "Proses Selesai"
   },
   "7960528690514646841": {
      "message": "{moreCount,plural, =0{unused plural form}=1{+ 1 lainnya}other{+ {moreCount} lainnya}}"
   },
   "7973635145070803181": {
      "message": "Unggah foto"
   },
   "7987180255015869513": {
      "message": "Atau tempelkan alamat web di sini:"
   },
   "8011497727123874703": {
      "message": "Tombol Folder $1​"
   },
   "8016231262233952856": {
      "message": "Hijau kebiruan"
   },
   "8019402848412685977": {
      "message": "\"$2​\" diganti nama menjadi \"$1​\"."
   },
   "8023466614826324314": {
      "message": "Foto akan dibagikan dengan pemirsa luas."
   },
   "8043514121228710092": {
      "message": "Tambahkan gambar"
   },
   "8044700199531805239": {
      "message": "$3​$1​$2​ telah terhubung."
   },
   "8069384932934428393": {
      "message": "dalam $1​ menit"
   },
   "8081927474846706026": {
      "message": "Tidak ada gambar."
   },
   "8090743714060857028": {
      "message": "Pemirsa tidak dapat mengunduh"
   },
   "8095838445486198080": {
      "message": "{FILE_SIZE,plural, =0{0 bita}=1{1 bita}other{# bita}}"
   },
   "8099047958506869131": {
      "message": "{VIEWER_GENDER,select, female{Folder Baru}male{Folder Baru}other{Folder Baru}}"
   },
   "8100558294600077150": {
      "message": "Penelusuran blog"
   },
   "8105635255693472607": {
      "message": "Tambahkan item daftar baru"
   },
   "8106780183458743723": {
      "message": "Album foto"
   },
   "8112699352770418817": {
      "message": "Buku tidak ditemukan."
   },
   "8132410616064087953": {
      "message": "Video terlalu lama (durasi maksimum $1​ detik)."
   },
   "8135145577663029437": {
      "message": "Simpan keduanya"
   },
   "8146560259680897627": {
      "message": "Batal"
   },
   "8158191101452862916": {
      "message": "Sisipkan gambar"
   },
   "8159493406018222636": {
      "message": "Kirim masukan"
   },
   "8172945196588870035": {
      "message": "Acara"
   },
   "8174654098152723289": {
      "message": "Edit Deskripsi"
   },
   "8178754379486173416": {
      "message": "{VIEWER_GENDER,select, female{Item yang dipilih sangat sedikit. Pilih item lainnya.}male{Item yang dipilih sangat sedikit. Pilih item lainnya.}other{Item yang dipilih sangat sedikit. Pilih item lainnya.}}"
   },
   "8192378456655629049": {
      "message": "Memproses video..."
   },
   "8193991135666622583": {
      "message": "keep"
   },
   "821942580510564685": {
      "message": "Masukkan sandi dokumen ini untuk menampilkannya"
   },
   "8239237134193392595": {
      "message": "Pemberitahuan pengingat lokasi hanya muncul di perangkat seluler."
   },
   "8267458240960831780": {
      "message": "Mengautentikasi..."
   },
   "8281141013543828574": {
      "message": "Gambar Raw"
   },
   "8281678863271800533": {
      "message": "Filter gambar"
   },
   "8283103456188558313": {
      "message": "Presentasi"
   },
   "8290434443655418968": {
      "message": "{filesCount,plural, =0{unused plural form}=1{File yang dipilih[{file}] tidak didukung untuk pengunggahan.}other{File yang dipilih[{files}] tidak didukung untuk pengunggahan.}}"
   },
   "8304474373444239435": {
      "message": "Balasan dari $1​."
   },
   "8322416564157128458": {
      "message": "Berbagi"
   },
   "8324195080917648153": {
      "message": "Video tidak muat di sini. Harap perbesar sedikit jendela browser Anda."
   },
   "8337582740675387693": {
      "message": "Java"
   },
   "8342684858400436871": {
      "message": "tab"
   },
   "8379952094517631162": {
      "message": "Tidak"
   },
   "8409393124758970712": {
      "message": "$2​ x $1​"
   },
   "8412684147928483084": {
      "message": "Hitam"
   },
   "8435544675017330861": {
      "message": "Tidak ada item yang cocok dengan penelusuran Anda."
   },
   "8436817383042650304": {
      "message": "caps-lock"
   },
   "8451184312655705174": {
      "message": "Jika URL benar, Anda akan melihat pratinjau gambar di sini. Gambar besar mungkin membutuhkan beberapa menit untuk ditampilkan."
   },
   "8467894483369467251": {
      "message": "Flash"
   },
   "8506198918368329269": {
      "message": "Hasil yang ditampilkan diberi label dapat digunakan kembali dengan modifikasi untuk tujuan komersial."
   },
   "8571315158566081191": {
      "message": "Tidak ada spreadsheet."
   },
   "8580600056399054303": {
      "message": "Setel tempat penyimpanan untuk item baru atau yang dicentang"
   },
   "8595175575778060149": {
      "message": "Lainnya"
   },
   "8596257056433048992": {
      "message": "Selamat datang di"
   },
   "8616342546716995946": {
      "message": "Paham"
   },
   "8621067185485606452": {
      "message": "ECMAScript"
   },
   "8638281560898810401": {
      "message": "{MINUTES,plural, =0{0 menit }=1{1 menit }other{# menit }}{SECONDS,plural, =0{0 detik.}=1{1 detik.}other{# detik.}}"
   },
   "863955692838281739": {
      "message": "Tutup"
   },
   "8643398764569428530": {
      "message": "Izinkan Google Keep menampilkan pemberitahuan?"
   },
   "8652566647088230560": {
      "message": "Dogfood Rahasia"
   },
   "8660016472468563221": {
      "message": "titik dua"
   },
   "8663507590720636709": {
      "message": "$1​ +$2​ lagi"
   },
   "8666643061920113075": {
      "message": "{VIEWER_GENDER,select, female{Tempelkan URL gambar di sini:}male{Tempelkan URL gambar di sini:}other{Tempelkan URL gambar di sini:}}"
   },
   "8674222789100049233": {
      "message": "Tutup"
   },
   "86815590954366945": {
      "message": "Daftar konten yang diarsipkan"
   },
   "8709611758728645225": {
      "message": "pg-down"
   },
   "8711002053494037632": {
      "message": "Semua item tidak dicentang"
   },
   "8748281640412284111": {
      "message": "Gambar stok"
   },
   "8759520888087120926": {
      "message": "Tidak ada skrip."
   },
   "8775097441636640256": {
      "message": "$2​ - $1​"
   },
   "8780212274435014958": {
      "message": "Lingkaran"
   },
   "8781837301864053001": {
      "message": "Rich Text"
   },
   "8792038552136453044": {
      "message": "Ups! Ada yang tidak beres"
   },
   "8793166064242077041": {
      "message": "Terjadi masalah saat menampilkan gambar ini."
   },
   "8813101408630252335": {
      "message": "$1​ dtk"
   },
   "8820281478062782578": {
      "message": "Telusuri"
   },
   "8822326207328431952": {
      "message": "Pengunggahan gambar tidak tersedia"
   },
   "8840223453482998505": {
      "message": "Folder $1​ terpilih"
   },
   "8845176264121061589": {
      "message": "Hapus centang semua item"
   },
   "8850238112725591771": {
      "message": "pintasan $1​"
   },
   "8852550049823214385": {
      "message": "kemudian"
   },
   "8883744193208363722": {
      "message": "Pembaruan aplikasi tersedia."
   },
   "8884900765322249670": {
      "message": "Tampilan Daftar"
   },
   "8889019648958415451": {
      "message": "File Tidak Dikenal"
   },
   "8911996820409711834": {
      "message": "Pindahkan teks ke daftar item baru &raquo;"
   },
   "8916237870980173557": {
      "message": "Menghubungkan..."
   },
   "8917554093651202032": {
      "message": "Putar $1​"
   },
   "8919660666733306860": {
      "message": "Gambar"
   },
   "8930959387403789939": {
      "message": "Pengingat"
   },
   "8943760679396635042": {
      "message": "Menampilkan $1​."
   },
   "8953555255469284376": {
      "message": "Jatuhkan gambar di sini"
   },
   "8979615310931291676": {
      "message": "Diedit: $1​"
   },
   "8986044948621891903": {
      "message": "Masukkan penelusuran Anda pada kotak di atas untuk menemukan hasil web menggunakan Google Penelusuran Web."
   },
   "901615442107785480": {
      "message": "Arsipkan catatan/daftar"
   },
   "9024023699330078373": {
      "message": "Membuka item ini akan menambahkannya ke Drive Anda"
   },
   "9028041601596584772": {
      "message": "Lokasi"
   },
   "9058308423774656474": {
      "message": "Pengolah Kata Hangul"
   },
   "9083935734710258396": {
      "message": "Tolak"
   },
   "9094248058931620597": {
      "message": "Panel detail diciutkan."
   },
   "9114674068220302553": {
      "message": "Sebagai lampiran"
   },
   "911586799466052745": {
      "message": "OpenOffice Draw"
   },
   "9130962320402467249": {
      "message": "Foto stok"
   },
   "9146716987301178362": {
      "message": "Terjadi kesalahan. Silakan muat ulang."
   },
   "9165877886714239857": {
      "message": "Tidak dapat mengambil teks gambar. Coba lagi nanti."
   },
   "916773043895242978": {
      "message": "URL gambar yang telah Anda masukkan salah atau tidak dapat dimuat. Masukkan URL gambar yang benar."
   },
   "9173629944963872598": {
      "message": "Tidak ada acara."
   },
   "9182500445937900938": {
      "message": "Tutup"
   },
   "9195941533351099011": {
      "message": "Mengunggah $1​ dari $2​"
   },
   "9197837492705576727": {
      "message": "Membuka item berikutnya"
   },
   "919969969251998566": {
      "message": "Mengekstrak arsip ini ke akun email Anda."
   },
   "9203542510134660095": {
      "message": "Tugas pengekstrakan dimulai. Konten arsip akan muncul di Drive di bawah folder \"$1​\"."
   },
   "940276535015195877": {
      "message": "Tidak ada folder."
   },
   "943493480163896757": {
      "message": "{resultCount,plural, =1{# catatan cocok}other{# catatan cocok}}"
   },
   "951963820437151566": {
      "message": "Google Sites"
   },
   "95809842507987016": {
      "message": "Hapus"
   },
   "963611681085757795": {
      "message": "Maaf, kami tak dapat menampilkan dokumen saat ini."
   },
   "96556988207614774": {
      "message": "Kalender"
   },
   "974042541427403929": {
      "message": "Biru"
   },
   "980395722421409371": {
      "message": "Peta tidak ditemukan."
   },
   "982187142411651629": {
      "message": "Abaikan"
   },
   "985197728509875956": {
      "message": "Model Kimia"
   },
   "996381410993745580": {
      "message": "Photoshop"
   },
   "998727788921602971": {
      "message": "Video"
   },
   "appDesc": {
      "description": "App description",
      "message": "Dengan cepat menangkap apa yang ada di pikiran Anda dan diingatkan di tempat atau pada waktu yang tepat."
   },
   "appName": {
      "description": "App name.",
      "message": "Google Keep - catatan dan daftar"
   }
}
