{
  "1006787209796778126": {
    "message": "האחסון שלי"
  },
  "1017907757187630742": {
    "message": "הגופנים שלי"
  },
  "1029072043275376320": {
    "message": "לא נמצאו יומנים."
  },
  "1030781695901615026": {
    "message": "סוף הרשימה"
  },
  "103870949919613488": {
    "message": "ההערה הועברה לארכיון"
  },
  "1039394921418415681": {
    "message": "היכנס"
  },
  "1083918249169198626": {
    "message": "מקשי הקיצור מושבתים."
  },
  "1090919586152138659": {
    "message": "מאגר"
  },
  "1101371910696766077": {
    "message": "צור עותק"
  },
  "1107413433574576014": {
    "message": "הכותרת ארוכה מדי. הטקסט המודגש לא יישמר."
  },
  "1127320433256851404": {
    "message": "נגן סרטונים"
  },
  "1162642135048988280": {
    "message": "שנה את שם המסמך"
  },
  "1166244120191806795": {
    "message": "תן משוב"
  },
  "1179891706526242218": {
    "message": "הבא"
  },
  "1185164838496022543": {
    "message": "לחץ כאן כדי לטעון מחדש את הדף."
  },
  "1185644932132585290": {
    "message": "נותרו $1​ תווים"
  },
  "1213005208968286932": {
    "message": "סומן כ'הסתיים'"
  },
  "1263557413037343589": {
    "message": "ארגון תמונות"
  },
  "1263685395252160366": {
    "message": "LaTeX"
  },
  "1311350045083871503": {
    "message": "בטל"
  },
  "1311729747516144362": {
    "message": "אדום"
  },
  "1315844696796851207": {
    "message": "Sans Serif"
  },
  "1319037146426591038": {
    "message": "לחלופין"
  },
  "132822872080714863": {
    "message": "אישור"
  },
  "133192954417440569": {
    "message": "לא נמצאו תוצאות."
  },
  "1349697396109290623": {
    "message": "מציג רזולוציה גבוהה יותר של $1​"
  },
  "1376126796144976437": {
    "message": "כל הגופנים"
  },
  "139942704574044780": {
    "message": "קבל"
  },
  "141491180325662484": {
    "message": "‏Google Drive מציע מקום אחד שבו אתה יכול לשמור את הקבצים שלך ולגשת אליהם, מכל מקום ובכל מכשיר. לאחר שיהיו לך תמונות ב-Google Drive, תוכל לשתף אותן מכאן באופן מיידי עם המעגלים שלך."
  },
  "1418114637490664392": {
    "message": "‏ארכיון התמונות של LIFE"
  },
  "1419896259743862406": {
    "message": "פתח באמצעות"
  },
  "1440171352837969028": {
    "message": "וידאו/אודיו"
  },
  "1441487391064925653": {
    "message": "הצג את כל קיצורי הדרך במרכז העזרה"
  },
  "1446829548948002072": {
    "message": "פסיק"
  },
  "1454684154234137497": {
    "message": "‏מקש Pause"
  },
  "1459765068821943106": {
    "message": "{VIEWER_GENDER,select, female{‏הדביקי כאן כתובת אתר של YouTube:}male{‏הדבק כאן כתובת אתר של YouTube:}other{‏הדבק כאן כתובת אתר של YouTube:}}"
  },
  "1463079206290378085": {
    "message": "‏תמונות Orkut"
  },
  "1463389029497634261": {
    "message": "הפחת עוצמת קול"
  },
  "1475179211173444554": {
    "message": "כל משתמש עם הקישור בדומיין"
  },
  "1492360016907725281": {
    "message": "{VIEWER_GENDER,select, female{הדביקי כאן כתובת אתר של סרטון:}male{הדבק כאן כתובת אתר של סרטון:}other{הדבק כאן כתובת אתר של סרטון:}}"
  },
  "1493251742569121894": {
    "message": "ההערה ארוכה מדי. הטקסט המודגש לא יישמר."
  },
  "1493384967280942491": {
    "message": "ורוד"
  },
  "1499433769420882987": {
    "message": "מציג את $1​"
  },
  "1505876360160857231": {
    "message": "‎$1​ TB"
  },
  "1521707405717823409": {
    "message": "סגול"
  },
  "153439508598626384": {
    "message": "התמונות שלך"
  },
  "1536051766421561160": {
    "message": "הסימן ="
  },
  "156992719062713230": {
    "message": "אפור"
  },
  "1586968957182554447": {
    "message": "השבת"
  },
  "1588268697057804046": {
    "message": "לפני $1​ שעות"
  },
  "1603139897109307706": {
    "message": "שגיאה, נסה שוב"
  },
  "1604359562654146902": {
    "message": "תמונה"
  },
  "1633370388224271051": {
    "message": "לא נמצאו אנשים."
  },
  "1633798963327779260": {
    "message": "מחר"
  },
  "1654222450095043962": {
    "message": "אודיו"
  },
  "1656911987308166143": {
    "message": "מחק"
  },
  "1665821947855814052": {
    "message": "גודל"
  },
  "1692901784886701962": {
    "message": "ההערה גדולה מדי."
  },
  "1697160643589236962": {
    "message": "‎$1​ PB"
  },
  "1700522311470719738": {
    "message": "הזכר לי"
  },
  "1701312243672511585": {
    "message": "‏העבר את הטקסט להערה חדשה \u0026raquo;"
  },
  "1709410429018687341": {
    "message": "בוקר ($1​)"
  },
  "1715552550526864429": {
    "message": "חפש בלוגים"
  },
  "171683163267149669": {
    "message": "‎$1​ GB"
  },
  "1739900012825270238": {
    "message": "עבור אל הפריט הקודם"
  },
  "1756171223417807431": {
    "message": "ודא שהתמונה ציבורית. אם התמונה מוגנת באמצעות סיסמה או שהיא שמורה ברשת פנימית, לא נוכל לקרוא אותה."
  },
  "1759957963056319953": {
    "message": "חזרה מ-$1​"
  },
  "1783719421893050637": {
    "message": "מידות"
  },
  "178927681797742562": {
    "message": "היכנס"
  },
  "1791115075948268631": {
    "message": "פתח עזרה למקשי קיצור"
  },
  "1808245543551507519": {
    "message": "אודיו"
  },
  "1816851800848432562": {
    "message": "הסר"
  },
  "1818306025747564729": {
    "message": "עבור אל הקישור"
  },
  "1823222042913714987": {
    "message": "שלח סיסמה"
  },
  "1823854753950594157": {
    "message": "השאר פריטים במקומם"
  },
  "1830157062072535681": {
    "message": "מציג את $1​"
  },
  "185012928288875755": {
    "message": "אין פריטים התואמים את הקריטריונים שלך."
  },
  "1856444915090632305": {
    "message": "המסמך מוצפן. הזן סיסמה."
  },
  "1866863108233180413": {
    "message": "תיקיות"
  },
  "187077078156858455": {
    "message": "הערה מוקלטת"
  },
  "189303170370862360": {
    "message": "$1​ מתוך $2​ פריטים"
  },
  "1900571668686750716": {
    "message": "vCard"
  },
  "1901351411358749070": {
    "message": "פריטים ששותפו איתי"
  },
  "1913425963149828429": {
    "message": "‏חלץ את הארכיון הזה אל תוך Drive."
  },
  "1918176455405610789": {
    "message": "סיום"
  },
  "1920189655549476211": {
    "message": "אורך לא ידוע"
  },
  "1929603188252533075": {
    "message": "לא ניתן למחוק את הסרטון שלך. נסה שוב."
  },
  "1951810091681076784": {
    "message": "{COUNT_1,plural, =1{הערה תואמת אחת}two{{COUNT_2} הערות תואמות}many{{COUNT_2} הערות תואמות}other{{COUNT_2} הערות תואמות}}"
  },
  "1956794332842050061": {
    "message": "הדף הבא"
  },
  "1965626377712226216": {
    "message": "iWork Keynote"
  },
  "1968405748623909021": {
    "message": "נסה אחת מהאפליקציות שבהמשך כדי לפתוח או לערוך את הפריט הזה"
  },
  "1974063091619095703": {
    "message": "אנשים"
  },
  "1988244842147989817": {
    "message": "הערות באשפה נמחקות לאחר 7 ימים."
  },
  "1993674829873313178": {
    "message": "בעיות בהעלאה? אנו מבצעים כעת עבודות תחזוקה, אך בקרוב דברים יחזרו לעבוד כרגיל."
  },
  "2003845117979929469": {
    "message": "פרטים"
  },
  "2048322072989992494": {
    "message": "איש לא שיתף איתך קבצים עדיין."
  },
  "2055836117545582610": {
    "message": "הגדרות רשימה"
  },
  "2059084517358086391": {
    "message": "סגור את סרגל החיפוש"
  },
  "2061440050632248160": {
    "message": "העבר לארכיון"
  },
  "2068023589621557589": {
    "message": "‏גופן TrueType"
  },
  "2073035325657060696": {
    "message": "אין תצוגה מקדימה זמינה."
  },
  "2073322475696388995": {
    "message": "דלג קדימה"
  },
  "207810168108507460": {
    "message": "לפני שעה $1​"
  },
  "2109272338124379867": {
    "message": "תאריך השינוי האחרון"
  },
  "2116013171202209313": {
    "message": "בחר"
  },
  "2122256657192674586": {
    "message": "חפש סרטונים"
  },
  "2125135092719715773": {
    "message": "העלאה"
  },
  "212796670323571824": {
    "message": "אישור"
  },
  "213665695896111861": {
    "message": "הערות"
  },
  "2138593281154109183": {
    "message": "ארכיון"
  },
  "2147952938331523160": {
    "message": "שנה שם..."
  },
  "2154372123324862271": {
    "message": "קו נטוי"
  },
  "2154940358270068005": {
    "message": "שמור עוד זמן-מה הערות שנמחקו"
  },
  "2184278444368405837": {
    "message": "$1​ פריטים"
  },
  "2187239650627580457": {
    "message": "שלח"
  },
  "2198096971937872560": {
    "message": "תזכורת:"
  },
  "220168959069469607": {
    "message": "פעולות נוספות"
  },
  "221715292685577880": {
    "message": "כן"
  },
  "2220005860896049129": {
    "message": "מצטערים, חיפוש המסמך המקורי ארך יותר מדי זמן."
  },
  "2228413078211839077": {
    "message": "מצטערים, נתקלנו בבעיה זמנית ביצירת תצוגה של המסמך."
  },
  "2235097878790803849": {
    "message": "‏במקום לצרף קבצים, השתמש ב-Google Drive."
  },
  "2257303402199718039": {
    "message": "מצטערים, לא הצלחנו למצוא את המסמך המקורי. ודא שהמסמך עדיין קיים."
  },
  "2274436793504233543": {
    "message": "בטל"
  },
  "2278224983638451454": {
    "message": "הורד עכשיו"
  },
  "2280650195464600721": {
    "message": "ניווט"
  },
  "2285069188138705005": {
    "message": "אפליקציות מחוברות"
  },
  "2289534534793293486": {
    "message": "הוצא מהארכיון"
  },
  "2289812403593835836": {
    "message": "iWork Pages"
  },
  "229177484946387188": {
    "message": "Google Earth"
  },
  "2292696732672795285": {
    "message": "הגבר עוצמת קול"
  },
  "230180475614658119": {
    "message": "בוצע"
  },
  "2304293593067358316": {
    "message": "קליפ ארט"
  },
  "2310145944356900158": {
    "message": "מסומנים"
  },
  "2311880726221661199": {
    "message": "טוען רזולוציה גבוהה יותר"
  },
  "2329167963662998826": {
    "message": "‏Google Keep מבקש להשתמש במיקום שלך כדי לשפר את ההצעות למקומות עבור תזכורות מבוססות מיקום."
  },
  "234046557601727809": {
    "message": "אין תמונות או סרטונים."
  },
  "2349912757088764940": {
    "message": "גלוי ל:"
  },
  "2359614137862708172": {
    "message": "Shift"
  },
  "2370463380397641604": {
    "message": "מקשי קיצור נפוצים"
  },
  "2370656573843123707": {
    "message": "סוגר מרובע ימני"
  },
  "2393487423640708285": {
    "message": "‏כתובת האתר אינה חוקית. ודא שהיא מתחילה ב-http:// או ב-https://."
  },
  "2405795704816921421": {
    "message": "הקובץ $1​"
  },
  "2412314804333167252": {
    "message": "‏הגיליון האלקטרוני הזה גדול מדי. לחץ כדי $3​להוריד$1​ או $4​ערוך בעורך הגליונות של Google$1​."
  },
  "2418104318933043113": {
    "message": "‏חיפוש תמונות של Google"
  },
  "2433429041384246549": {
    "message": "השתק"
  },
  "2449254824382583885": {
    "message": "פתיחה בחלון חדש"
  },
  "2452522051596946166": {
    "message": "אופס! הייתה בעיה בהצגת תצוגה מקדימה של $1​. מנסה שוב."
  },
  "2454642351139428112": {
    "message": "בטל"
  },
  "2466251465475184755": {
    "message": "האם לרוקן את האשפה? כל ההערות באשפה יימחקו לצמיתות."
  },
  "2475181823688399272": {
    "message": "הבא"
  },
  "2484568559152875936": {
    "message": "אין אלבומי תמונות."
  },
  "2504232652631703202": {
    "message": "מחוברת"
  },
  "251025074207413762": {
    "message": "הוסף תיאור"
  },
  "2510929871271209216": {
    "message": "הגיליון האלקטרוני הזה גדול מדי. לחץ $2​כאן$1​ להורדה."
  },
  "2513437337377210144": {
    "message": "‏מקש End"
  },
  "2524021436052870191": {
    "message": "‏לא ניתן להעלות את הקובץ הזה. רק קבצים מסוג $1​ בנפח של פחות מ-$2​MB‎ יפעלו."
  },
  "2532280782491328445": {
    "message": "חפש את הקודם"
  },
  "2538080331309772448": {
    "message": "מיין: $1​"
  },
  "2538462904124380434": {
    "message": "ההערה הועברה לאשפה"
  },
  "2546225293834487484": {
    "message": "הערה"
  },
  "2558480112329900136": {
    "message": "אפור"
  },
  "257317112834806705": {
    "message": "עבור בין תצוגת רשימה לתצוגת רשת"
  },
  "2579679351920691492": {
    "message": "דלג לאחור"
  },
  "2587566920590457715": {
    "message": "Maps Engine Lite"
  },
  "2609409316752026806": {
    "message": "PDF"
  },
  "2609750184896485102": {
    "message": "סרטונים מהטלפון"
  },
  "2615188670181508661": {
    "message": "לא בחרת שום דבר לאחרונה."
  },
  "2623861453769098676": {
    "message": "הייתה בעיה בהצגת תצוגה מקדימה של המסמך הזה."
  },
  "2628268670001557269": {
    "message": "מיכסה"
  },
  "2643241712502664984": {
    "message": "‏הסרטונים שלך ב-YouTube"
  },
  "2661850177130037208": {
    "message": "פתח את הפריט"
  },
  "2681830832355823748": {
    "message": "חפש את כל מקשי הקיצור"
  },
  "2687303256387847763": {
    "message": "פופולריות"
  },
  "2702485557996900362": {
    "message": "תקן עריכות מתנגשות"
  },
  "2705842902318123127": {
    "message": "נווט אל ההערה/הרשימה הבאה/הקודמת"
  },
  "272948685355798518": {
    "message": "נבחר סוג קובץ לא חוקי."
  },
  "2731144323070245943": {
    "message": "הגדרות רשימה"
  },
  "2742719907061406418": {
    "message": "XML"
  },
  "2750830436677712001": {
    "message": "{VIEWER_GENDER,select, female{יצירת {FOLDER_NAME} נכשלה.}male{יצירת {FOLDER_NAME} נכשלה.}other{יצירת {FOLDER_NAME} נכשלה.}}"
  },
  "2752123004911547510": {
    "message": "מגמה"
  },
  "2758125083752925237": {
    "message": "(בעלים)"
  },
  "277430914014962533": {
    "message": "אופס! הייתה בעיה בהצגת תצוגה מקדימה של $1​."
  },
  "2774713922589657910": {
    "message": "כל משתמש בדומיין"
  },
  "2786560864906393383": {
    "message": "תמונות מהטלפון"
  },
  "2789687492331041935": {
    "message": "בחר שעה"
  },
  "2790446494460492805": {
    "message": "עבודת החילוץ התחילה. הודעות מהארכיון יופיעו בחשבון הדואר שלך בתווית \"ייבוא: $1​\"."
  },
  "2793841261389879255": {
    "message": "הדף הקודם"
  },
  "2801153442808430222": {
    "message": "‏Google Drive שלי"
  },
  "2817277146396981386": {
    "message": "אחה\"צ"
  },
  "2818020101821669029": {
    "message": "נוצר"
  },
  "2818135503416309545": {
    "message": "צילום סרטון"
  },
  "2827039933590757722": {
    "message": "‏קיצור דרך של Windows"
  },
  "2829226075651806940": {
    "message": "התקרב"
  },
  "2860188519781080944": {
    "message": "כתום"
  },
  "2861568351294148466": {
    "message": "סקריפטים"
  },
  "2864281852037732729": {
    "message": "פחות"
  },
  "2873089307546162154": {
    "message": "אישור"
  },
  "2877285560485318801": {
    "message": "השהה"
  },
  "2878874627361086801": {
    "message": "תצוגה מקדימה"
  },
  "2879276552944958066": {
    "message": "חזור אל התיקיה $1​."
  },
  "289798573180023043": {
    "message": "אישור"
  },
  "2902747751281161248": {
    "message": "החל על רשימות חדשות"
  },
  "2905147317995482841": {
    "message": "‏חוויית הצפייה עודכנה עבור כל הקבצים ב-Google Drive. כעת הוא יפה יותר וקל יותר לשימוש! אנו מקווים שתיהנו מהמראה החדש."
  },
  "2917498437550635075": {
    "message": "סמל"
  },
  "2964778642459027786": {
    "message": "אין הערות באשפה"
  },
  "2974598228601710262": {
    "message": "הוסף"
  },
  "2979466412944870220": {
    "message": "טוען תצוגה מקדימה..."
  },
  "2982511431742033448": {
    "message": "אין מצגות."
  },
  "298817883481775869": {
    "message": "טוען..."
  },
  "3000689173481666334": {
    "message": "ערוך את המעגל שלך"
  },
  "3029395493413607486": {
    "message": "לא ניתן היה לטעון את נגן הווידאו. נסה לטעון מחדש את הדף.$1​אם הבעיה נמשכת, $3​עיין במרכז העזרה$2​."
  },
  "3043961722025425136": {
    "message": "תיאור"
  },
  "306516303501625305": {
    "message": "האימות נכשל."
  },
  "3073005748126521632": {
    "message": "תזכורת הופעלה ב$1​"
  },
  "3074184819310272351": {
    "message": "תמונות שהועלו"
  },
  "3084372889071691504": {
    "message": "{VIEWER_GENDER,select, female{הדביקי כאן כתובת אתר:}male{הדבק כאן כתובת אתר:}other{הדבק כאן כתובת אתר:}}"
  },
  "3095645856215493958": {
    "message": "חפש טקסט מודפס בתמונות"
  },
  "31018542656161389": {
    "message": "התאם את מרחק התצוגה לגודל הפריט שנבחר"
  },
  "3109321241584918345": {
    "message": "חבר אפליקציות נוספות..."
  },
  "3121560585545725724": {
    "message": "$1​, $2​"
  },
  "3140236589681731084": {
    "message": "בעוד $1​ שעות"
  },
  "3189854932778515441": {
    "message": "ההערה בארכיון"
  },
  "3207670492626476064": {
    "message": "טבלאות"
  },
  "3211163842850942567": {
    "message": "התקרב"
  },
  "3222929029344613957": {
    "message": "מצטערים, אירעה שגיאה בעת פתיחת הקובץ. נסה שוב."
  },
  "3233388241926683100": {
    "message": "חפש בהערות"
  },
  "3243829462528324248": {
    "message": "חום"
  },
  "3250489229749307913": {
    "message": "פרסום אלקטרוני"
  },
  "3256928852560591255": {
    "message": "לא ניתן לערוך באשפה"
  },
  "3261131345401321392": {
    "message": "יכול להגיב"
  },
  "3265524298292280681": {
    "message": "‏מקש Esc"
  },
  "3267563602179728277": {
    "message": "‏מקש Delete"
  },
  "3272496516667407797": {
    "message": "הייתה בעיה בטעינת הפרטים."
  },
  "3275029321588462173": {
    "message": "ללא"
  },
  "3278237562147211998": {
    "message": "תמונות ממאגר"
  },
  "330603631583186798": {
    "message": "Word"
  },
  "3306487262690341751": {
    "message": "תאריך ושעה"
  },
  "3312545971976531405": {
    "message": "הודעה"
  },
  "3319087486907616296": {
    "message": "העבר את הפריט הזה"
  },
  "3328129883064940351": {
    "message": "גופנים"
  },
  "3335409796971631780": {
    "message": "‏מחלץ אל תוך Drive."
  },
  "3343451103608774400": {
    "message": "הכירו את $3​גרסת 'המפות שלי' החדשה.$2​$1​כלים טובים יותר למיפוי."
  },
  "3354260708176476985": {
    "message": "‏טוען\u0026hellip;"
  },
  "3357778055650785985": {
    "message": "הפריט גדול מדי. הטקסט המודגש לא יישמר."
  },
  "3364679383274077479": {
    "message": "יש עדכון זמין לאפליקציה"
  },
  "3368639944474272225": {
    "message": "מצטערים, לא ניתן לאחזר את המסמך כדי להציגו, או שאין לך הרשאה להצגת המסמך."
  },
  "3381619429606029445": {
    "message": "Visio"
  },
  "3382236845597426718": {
    "message": "פתח"
  },
  "3408219901032480508": {
    "message": "$2​; $1​"
  },
  "3409257542937182842": {
    "message": "מנסה שוב..."
  },
  "3409483962000136213": {
    "message": "הפעל/השהה"
  },
  "3418767079436101103": {
    "message": "הייתה בעיה בטעינה של הדף הזה."
  },
  "3421685394169412932": {
    "message": "כל שינוי שאתה מבצע נשמר באופן אוטומטי"
  },
  "3422389100099960864": {
    "message": "אין תמונות."
  },
  "3428726060007577698": {
    "message": "הרשימה גדולה מדי."
  },
  "3430885603500576146": {
    "message": "בחר רק תמונות שווידאת שיש לך רישיון להשתמש בהן."
  },
  "3440534675925634227": {
    "message": "‏בחלון של דפדפן Chrome, עבור אל chrome://settings וודא שאתה מחובר לחשבון. לאחר מכן, לחץ שוב על 'היכנס'."
  },
  "3446158485617778228": {
    "message": "בטל"
  },
  "3448234415275521882": {
    "message": "מידע כללי"
  },
  "3448684788258660606": {
    "message": "התמונות שלך"
  },
  "3450585781337676327": {
    "message": "טוען..."
  },
  "3457279184692206825": {
    "message": "התמונות יהיו גלויות לכולם (ציבוריות באינטרנט)."
  },
  "3468441711253011521": {
    "message": "‏עורך הגליונות של Google"
  },
  "3473620774713000513": {
    "message": "הסתיים"
  },
  "3483438888494819423": {
    "message": "‏מה חדש ב-Google Keep"
  },
  "3511274344439521198": {
    "message": "פעולות"
  },
  "3518073392823563581": {
    "message": "מקשי קיצור"
  },
  "3531603810713611778": {
    "message": "חרגת מגודל הקובץ המקסימלי. בטל את הבחירה בפריט אחד או יותר."
  },
  "3543475399174940144": {
    "message": "+$1​"
  },
  "3547194749488601916": {
    "message": "מעדכן..."
  },
  "354828103903104581": {
    "message": "פריטים מסומנים"
  },
  "3561658662634401836": {
    "message": "כותרת"
  },
  "357172711168973843": {
    "message": "הערות שנוספו או שינויים שבוצעו לאחרונה לא נשמרו. צור עותק של התוכן ולאחר מכן טען מחדש."
  },
  "3586705906700410505": {
    "message": "איור"
  },
  "3587798318180902863": {
    "message": "{NUM_SELECTED,plural, =1{ נבחר »}two{ נבחרו »}many{ נבחרו »}other{ נבחרו »}}"
  },
  "3595000514985906359": {
    "message": "Excel"
  },
  "3602920441714068008": {
    "message": "תזכורת הופעלה בתאריך $1​ בשעה $2​"
  },
  "3608606849109645545": {
    "message": "הזן שם חדש למסמך:"
  },
  "361202495024972887": {
    "message": "העלאת סרטונים"
  },
  "361630518611593946": {
    "message": "הסתר תיבות סימון"
  },
  "3625886392901506764": {
    "message": "לחלופין"
  },
  "3643146117250542609": {
    "message": "‏אין קובצי PDF."
  },
  "3645728163953189422": {
    "message": "מצטערים, לא הצלחנו לאחזר את המסמך לתצוגה מפני שהוא גדול מדי."
  },
  "3651893685901703652": {
    "message": "..."
  },
  "3657386785336906042": {
    "message": "קו נטוי הפוך"
  },
  "3659554681396757189": {
    "message": "אני פתחתי ב-"
  },
  "3663571259791438207": {
    "message": "דווח על ניצול לרעה"
  },
  "3664842788764635265": {
    "message": "ללא"
  },
  "3666123569747918021": {
    "message": "המסמך מכיל שינויים שלא נשמרו. האם אתה מעוניין לצאת מהדף ולמחוק את השינויים?"
  },
  "3673346558112798837": {
    "message": "ללא רקע"
  },
  "3674811252904549204": {
    "message": "תמונות שער"
  },
  "3678477908297567934": {
    "message": "קו תחתון"
  },
  "3681747688524363195": {
    "message": "תחילת הרשימה"
  },
  "3690515530505404607": {
    "message": "הייתה בעיה בהפעלת הסרטון הזה."
  },
  "369764661829607970": {
    "message": "{NUM_ITEMS,plural, =0{אין פריטים}=1{פריט אחד}two{# פריטים}many{# פריטים}other{# פריטים}}"
  },
  "3712215972250917265": {
    "message": "תגובות"
  },
  "3717138719704492547": {
    "message": "בדוק את הכתובת לאיתור טעויות הקלדה."
  },
  "374088101949877889": {
    "message": "סגור"
  },
  "3745308627628779133": {
    "message": "תיקיה חדשה"
  },
  "3748461364828242354": {
    "message": "בחר צבע"
  },
  "3770795578481676514": {
    "message": "צהוב"
  },
  "3771958676925493302": {
    "message": "הסר את המסנן: $1​"
  },
  "3779945546806941187": {
    "message": "מונוכרום"
  },
  "3793086499925031123": {
    "message": "פתח את סרגל החיפוש / חפש את המופע הקודם"
  },
  "37992665410817181": {
    "message": "נפתח מחדש"
  },
  "3801617971018550169": {
    "message": "אתמול"
  },
  "3808213429720572062": {
    "message": "שחזר"
  },
  "381100310424863459": {
    "message": "Illustrator"
  },
  "3842411126100113634": {
    "message": "‏מקש Page Up"
  },
  "3844047145949375230": {
    "message": "מסמכים"
  },
  "3858324058837632381": {
    "message": "הייתה בעיה בהפעלת קובץ האודיו הזה."
  },
  "3864575916269080329": {
    "message": "אפשרות חיפוש בתמונות"
  },
  "3866373087987934712": {
    "message": "ההעלאה נכשלה: $1​"
  },
  "3869166581651870488": {
    "message": "סיים עריכה"
  },
  "3873215756962047275": {
    "message": "ארכיון"
  },
  "3873467440437675460": {
    "message": "מצטערים, אך לא מצאנו את הגופנים שבחרת."
  },
  "3897281533382850749": {
    "message": "בטל השתקה"
  },
  "3936153839186254186": {
    "message": "הצג: $1​"
  },
  "3955760658925284765": {
    "message": "נסה שוב"
  },
  "3974064131130689245": {
    "message": "תצוגת רשת"
  },
  "3977699855735576796": {
    "message": "הייתה בעיה בטעינה של דפים נוספים."
  },
  "3988418762222300024": {
    "message": "נקודה"
  },
  "3989552504822984034": {
    "message": "‏שרטוטים ב-Google"
  },
  "4005725939358875643": {
    "message": "הפעולה בוטלה."
  },
  "4014287326684608407": {
    "message": "כחול-ירקרק"
  },
  "4048275292053012394": {
    "message": "אנשי קשר"
  },
  "4059387791040010947": {
    "message": "Meta"
  },
  "4067915791853673774": {
    "message": "{VIEWER_GENDER,select, female{סגרי}male{סגור}other{סגור}}"
  },
  "4078179869358383373": {
    "message": "לא נמצאו תוצאות."
  },
  "4087667435414545203": {
    "message": "אינך מחובר עוד. כדי לבצע שינויים, טען מחדש."
  },
  "4093134637041332383": {
    "message": "למידע נוסף"
  },
  "4097007735221462946": {
    "message": "שרטוטים"
  },
  "4097921967754832323": {
    "message": "מקף"
  },
  "4100504115801514799": {
    "message": "ההערה שוחזרה"
  },
  "4119294114251628099": {
    "message": "לא ניתן לאחזר את התמונה מכתובת האתר שציינת. ייתכן שזוהי כתובת אתר פרטית שאין לשרתים שלנו גישה אליה. נסה כתובת אתר אחרת."
  },
  "4134385041569168669": {
    "message": "טוען..."
  },
  "4148564423510181521": {
    "message": "נקה חיפוש"
  },
  "4152315289461886": {
    "message": "פקדי מסמך"
  },
  "4168280976997555951": {
    "message": "אין מסמכים."
  },
  "4174786386751618325": {
    "message": "הערה מצולמת"
  },
  "4182427157920112948": {
    "message": "הסימן ~"
  },
  "4200426647595470259": {
    "message": "התחל להפעיל את קובץ האודיו"
  },
  "4200911267543705377": {
    "message": "‏הקלד את החיפוש שלך בתיבה למעלה כדי למצוא תוצאות אינטרנט באמצעות Google Blog Search."
  },
  "4205329094859140439": {
    "message": "לפנה\"צ"
  },
  "4211182812451835307": {
    "message": "יכול לערוך"
  },
  "4211806608204126222": {
    "message": "$2​תנאים והגבלות$1​"
  },
  "4214190403999219403": {
    "message": "שנה מרחק מתצוגה"
  },
  "4230101516585408149": {
    "message": "כתוב הערה חדשה"
  },
  "4253741616909644861": {
    "message": "מונחי חיפוש"
  },
  "4280747719095153198": {
    "message": "התגובה נפתרה"
  },
  "4286663890332754386": {
    "message": "ההעלאה נכשלה."
  },
  "4299690446455033653": {
    "message": "Works"
  },
  "4314643310615423802": {
    "message": "אינך מחובר עוד."
  },
  "4318861667254318892": {
    "message": "Google Video"
  },
  "4319229296464464147": {
    "message": "תאריך הוספה"
  },
  "4320831042030778": {
    "message": "בטל"
  },
  "4332252081504252077": {
    "message": "אופס!"
  },
  "4338991104991831337": {
    "message": "תמונות"
  },
  "4339705658383891586": {
    "message": "צבע מלא"
  },
  "4343825450663233452": {
    "message": "יכול להציג"
  },
  "4343836986248234462": {
    "message": "פריט ברשימה"
  },
  "435214284915110062": {
    "message": "פתח את סרגל החיפוש"
  },
  "4372755508519489521": {
    "message": "תצוגת רשת"
  },
  "4391715930031906467": {
    "message": "חפש את הבא"
  },
  "4395845663892873002": {
    "message": "‏מקש Home"
  },
  "4422985761498356257": {
    "message": "פתח באמצעות"
  },
  "4430062722430863019": {
    "message": "האם למחוק את ההערה לצמיתות?"
  },
  "4439812492856303238": {
    "message": "מצטערים! אירעה שגיאה לא צפויה בזמן עיבוד הבחירה שלך. נסה שוב מאוחר יותר."
  },
  "4444571967705751871": {
    "message": "אשפה"
  },
  "4466605492523079635": {
    "message": "שמור"
  },
  "4468872996560163913": {
    "message": "רוקן את האשפה כעת"
  },
  "4473912481270012588": {
    "message": "‏נשמר ב-Google Drive - העבר אל:"
  },
  "45228242181482134": {
    "message": "הפעל"
  },
  "4536519876526589338": {
    "message": "הדמות של $1​."
  },
  "4552045407215325033": {
    "message": "לא ניתן לטעון את הסרטון מכתובת האתר שהזנת. ודא שהיא נכונה ושייכת לאתר נתמך."
  },
  "4564682305303579317": {
    "message": "המשך"
  },
  "456498742882714639": {
    "message": "העבר אל:"
  },
  "4588500131398315347": {
    "message": "צור מעגל"
  },
  "4604402426271704651": {
    "message": "ללא תמונה"
  },
  "4620034373159179678": {
    "message": "דף $1​ מתוך $2​"
  },
  "4630690108252818511": {
    "message": "לא נמצאו תמונות."
  },
  "468283184702431827": {
    "message": "הפעולה החלה"
  },
  "4695897771458936174": {
    "message": "‏שתף תמונות מ-Google Drive ב-‎Google+‎"
  },
  "4740100782728373253": {
    "message": "‏שמור ב-Drive"
  },
  "4748046231232264180": {
    "message": "Google Forms"
  },
  "4767722428137216885": {
    "message": "בטל"
  },
  "477328789314249432": {
    "message": "חפש הערות"
  },
  "4775368111547931093": {
    "message": "ללא תיאור"
  },
  "4781742940361705258": {
    "message": "סגור"
  },
  "4783695823456312682": {
    "message": "העבר לסוף הרשימה"
  },
  "47844150329705564": {
    "message": "תוצאות חיפוש עבור \"$1​\""
  },
  "4798897505978458661": {
    "message": "לא נמצאו סרטונים."
  },
  "4805047680716507619": {
    "message": " - העבר אל:"
  },
  "4806763987633034948": {
    "message": "PKCS7 Signature"
  },
  "4833214200453019325": {
    "message": "$1​ מתוך $2​"
  },
  "4846720038197420778": {
    "message": "חבר אפליקציות נוספות"
  },
  "4853788427396558692": {
    "message": "‎$1​ MB"
  },
  "4858389278403807208": {
    "message": "ההערה באשפה"
  },
  "4888104357342241891": {
    "message": "תזכורות"
  },
  "4889853674709731963": {
    "message": "כל ההערות נשמרו באופן לא מקוון"
  },
  "4901386320110714275": {
    "message": "סיסמה שגויה. נסה שוב."
  },
  "490372259452655427": {
    "message": "מצטערים, המסמך עדיין אינו זמין להצגה."
  },
  "4906669330059413958": {
    "message": "שלח סיסמה"
  },
  "4908614808966678155": {
    "message": "אין תוצאות חיפוש עבור \"$1​\""
  },
  "4926020998477695737": {
    "message": "עבור לתיקייה $1​"
  },
  "4943176738805484221": {
    "message": "ערוך"
  },
  "4956678140555659175": {
    "message": "מקש החזר (→)"
  },
  "4957674814179289955": {
    "message": "נווט לפריט הבא/הקודם ברשימה"
  },
  "4963784280521435720": {
    "message": "שומר..."
  },
  "4969219890884320840": {
    "message": "עדכן"
  },
  "4983125135476400111": {
    "message": "העבר הערה/רשימה לאשפה"
  },
  "4988132901627446385": {
    "message": "חלונית הפרטים מורחבת."
  },
  "4998757387516632837": {
    "message": "התוצאות המוצגות סומנו בתווית המתירה שימוש חוזר, כולל עריכת שינויים."
  },
  "5006225450559627366": {
    "message": "+$1​ נוספות"
  },
  "501475221876543407": {
    "message": "הערות שאתה מוסיף מופיעות כאן"
  },
  "5023525794410110078": {
    "message": "הוסף טקסט לתמונה"
  },
  "5026241297254150381": {
    "message": "הוסף הערה"
  },
  "5046371569383796818": {
    "message": "שמור"
  },
  "5055418092354683641": {
    "message": "Serif"
  },
  "5095987896933771566": {
    "message": "הדפס את המסמך"
  },
  "5096751700090310607": {
    "message": "אין תמונות."
  },
  "509815948423424872": {
    "message": "ניווט"
  },
  "5099245668405591445": {
    "message": "חפש"
  },
  "512429649443191386": {
    "message": "$2​עזרה$1​"
  },
  "5124522868502261563": {
    "message": "גיליונות אלקטרוניים"
  },
  "5130903421326358933": {
    "message": "‏הייתה בעיה בשמירת הקובץ המצורף ב-Google Drive."
  },
  "5149937870346466591": {
    "message": "תצוגת רשימה"
  },
  "5169187962228219813": {
    "message": "‏תמונות Life"
  },
  "5180454621500142444": {
    "message": "שחזר"
  },
  "5180989337128758117": {
    "message": "סוגר מרובע שמאלי"
  },
  "5184692850089055965": {
    "message": "תפוס את טקסט התמונה"
  },
  "5197718200713913936": {
    "message": "‎C++‎"
  },
  "5201670213497642487": {
    "message": "סרגל כרטיסיות בחלונית פרטים. הקש על מקשי החצים שמאלה וימינה כדי לעבור בין כרטיסיות."
  },
  "5204391636475413312": {
    "message": "שמור"
  },
  "5213411023807957844": {
    "message": "‏חפש ב-Google Keep"
  },
  "5213974294317036409": {
    "message": "{numPages,plural, =0{}=1{דף אחד}two{# דפים}many{# דפים}other{# דפים}}"
  },
  "5226470917948786938": {
    "message": "אלפביתי"
  },
  "5238003680997310998": {
    "message": "עוד"
  },
  "5238371081785912565": {
    "message": "פתח באמצעות $1​"
  },
  "5275493935807628890": {
    "message": "התמונה לא נמצאה בכתובת האתר הזו."
  },
  "5281121179861637423": {
    "message": "נדרשת סיסמה כדי לגשת ל-$1​. הזן את הסיסמה"
  },
  "5288037028604092288": {
    "message": "XPS"
  },
  "5291153964865714504": {
    "message": "אין הערות תואמות"
  },
  "5299648222246616124": {
    "message": "הסימן '"
  },
  "5304869088141363028": {
    "message": "תמונות מוצגות"
  },
  "5316658541831864803": {
    "message": "מצטערים, המערכת לא תומכת בהצגת מסמכים מהסוג הזה."
  },
  "5319313176242717957": {
    "message": "מעבד תמונות..."
  },
  "5336801339221383042": {
    "message": "Javascript"
  },
  "534228323125524312": {
    "message": "התרחק"
  },
  "5353129315502554762": {
    "message": "גליון סגנונות"
  },
  "5372143986724491245": {
    "message": "לפני יום $1​"
  },
  "5372160981898991853": {
    "message": "Publisher"
  },
  "5399553230649155346": {
    "message": "בעוד שעה $1​"
  },
  "5403830377590414208": {
    "message": "לבן"
  },
  "5408091115193390231": {
    "message": "AutoCAD"
  },
  "5438481737351808090": {
    "message": "אחר הצהריים ($1​)"
  },
  "544377415081282702": {
    "message": "מצטערים."
  },
  "5447119197363232006": {
    "message": "‏הצג ב-Drive"
  },
  "5465323999933375616": {
    "message": "‏מיצית את מגבלת רוחב הפס להצגה או להורדה של קבצים שאינם בתבנית של Google Docs."
  },
  "5472312735475866917": {
    "message": "תגובה מאת $1​."
  },
  "547865385964196102": {
    "message": "לפני $1​ דקות"
  },
  "5482872484546230111": {
    "message": "חפש ספרים"
  },
  "5494181290179470995": {
    "message": "מחק"
  },
  "5500117709595533163": {
    "message": "‏הקלד את החיפוש שלך בתיבה למעלה כדי למצוא תוצאות של eBook באמצעות Google ספרים."
  },
  "5514516347328112388": {
    "message": "תוכל גם לנסות להוריד את המסמך המקורי על ידי לחיצה $2​כאן$1​."
  },
  "5529532831767466284": {
    "message": "{VIEWER_GENDER,select, female{{DEGREES}° {MINUTES}' {SECONDS}\"}male{{DEGREES}° {MINUTES}' {SECONDS}\"}other{{DEGREES}° {MINUTES}' {SECONDS}\"}}"
  },
  "5555182241047709329": {
    "message": "בחר מיקום"
  },
  "5555599189512365009": {
    "message": "הבנתי"
  },
  "5571842632470308750": {
    "message": "כל סוג"
  },
  "5588597116382648727": {
    "message": "מפעיל את עבודת החילוץ."
  },
  "5598649706113950710": {
    "message": "עורך"
  },
  "5609727719971819773": {
    "message": "{VIEWER_GENDER,select, female{חזרי}male{חזור}other{חזור}}"
  },
  "5627470193961862490": {
    "message": "הערות עם תזכורות קרובות מופיעות כאן"
  },
  "5631086126416409232": {
    "message": "כחול"
  },
  "564165666160590723": {
    "message": "Windows Media Player"
  },
  "5660422479531064559": {
    "message": "אין טפסים."
  },
  "5675154446465700699": {
    "message": "‏קובצי PDF"
  },
  "568072913338360182": {
    "message": "HTML"
  },
  "5707549724380589079": {
    "message": "האם למחוק את הפריטים שסומנו?"
  },
  "5714240424645614611": {
    "message": "‏חבילת Android"
  },
  "5728640851616538925": {
    "message": "ירוק"
  },
  "5744491383087191878": {
    "message": "כתובת האתר של התמונה שהזנת שגויה או שלא ניתן לטעון אותה."
  },
  "5747728324987383020": {
    "message": "פנים"
  },
  "5783875011049188612": {
    "message": "טקסט התמונה נתפס"
  },
  "5785010887521443923": {
    "message": "הסר"
  },
  "5834678297024555032": {
    "message": "אפשר"
  },
  "5840330517914556080": {
    "message": "התרחק"
  },
  "5842536098490298653": {
    "message": "לא נמצאו גופנים."
  },
  "5865680764501413616": {
    "message": "לא ניתן לזהות את הטקסט."
  },
  "5871966496153339793": {
    "message": "מציג תמונה ממוזערת של הסרטון $1​"
  },
  "5875004331736681428": {
    "message": "מחלץ אל חשבון הדואר שלך."
  },
  "587666071025645113": {
    "message": "חפש"
  },
  "5877526626743756786": {
    "message": "משוב"
  },
  "5889725440363483648": {
    "message": "כל משתמש בקבוצה"
  },
  "5911012384539794869": {
    "message": "ההפעלה של עבודה החילוץ נכשלה."
  },
  "5916010927050975496": {
    "message": "‎$1​ KB"
  },
  "5949528478488617689": {
    "message": "הרשאת הורדה"
  },
  "5950887255133612666": {
    "message": "עדיין לא הופעל."
  },
  "5969696744752069015": {
    "message": "אין תצוגה מקדימה זמינה."
  },
  "5971400924847413790": {
    "message": "‏לחלופין, תוכל להציג את ה-$2​HTML הרגיל$1​ (מבצע הפניה מחדש באופן אוטומטי)."
  },
  "5972111804366033138": {
    "message": "הורד"
  },
  "5975031149676029214": {
    "message": "כולם"
  },
  "5976369213680241300": {
    "message": "חפש תמונות"
  },
  "5980081664136280513": {
    "message": "ירוק"
  },
  "5984398071085567332": {
    "message": "Google Fusion Tables"
  },
  "6009962986062136164": {
    "message": "טוען את $1​."
  },
  "60305871484579258": {
    "message": "Alt"
  },
  "6043068172993241858": {
    "message": "אין אף אחד במעגל הזה."
  },
  "604883455412617728": {
    "message": "אין אנשי קשר התואמים את החיפוש שלך."
  },
  "6051386830221821025": {
    "message": "נכנס..."
  },
  "6064654062949366878": {
    "message": "הפעל"
  },
  "6070475007374165567": {
    "message": "שומר..."
  },
  "6083586461434260179": {
    "message": "חוויית צפייה חדשה"
  },
  "6087078248621415351": {
    "message": "שונתה $1​"
  },
  "6091926883608250483": {
    "message": "עוד"
  },
  "6105571474005679446": {
    "message": "הייתה בעיה עם התצוגה המקדימה."
  },
  "6113237889871930608": {
    "message": "הערה ריקה"
  },
  "6118623991445349480": {
    "message": "דף $1​"
  },
  "6122643025527543706": {
    "message": "Ctrl"
  },
  "6131822680770571276": {
    "message": "PowerPoint"
  },
  "6140634664402328750": {
    "message": "רשימת אפליקציות"
  },
  "6149175749937815029": {
    "message": "הצג את כל הפריטים"
  },
  "6160805346274626656": {
    "message": "מחק לצמיתות"
  },
  "616807262818311711": {
    "message": "סוג"
  },
  "6175043905327075444": {
    "message": "נבחרו בעבר"
  },
  "6177107655089301674": {
    "message": "‏הורד את אפליקציית Google Keep עבור Android"
  },
  "6185886893933834031": {
    "message": "שמור את מה שבחרת"
  },
  "6186290899408627510": {
    "message": "‏מקש Enter"
  },
  "6189891414154673003": {
    "message": "המפות שלי"
  },
  "6203260615455347677": {
    "message": "מספרים"
  },
  "6223207695466118454": {
    "message": "YouTube"
  },
  "6224687211096863620": {
    "message": "כולם"
  },
  "623118860067088424": {
    "message": "סרטונים"
  },
  "6231401379881217113": {
    "message": "‏מקש Insert"
  },
  "6252259197986158120": {
    "message": "אתמול"
  },
  "6253076263700695984": {
    "message": "שגיאת אימות. טען מחדש."
  },
  "6255475144867830247": {
    "message": "בחר מכרטיסיות ניווט אחרות."
  },
  "6267063643272327592": {
    "message": "נסה שוב מאוחר יותר."
  },
  "6290270819062517523": {
    "message": "יותר מדי פריטים נבחרו. הסר את הבחירה של פריט אחד או יותר."
  },
  "6305748545202493254": {
    "message": "הצג/הסתר את חלונית הפרטים"
  },
  "6324768448533022780": {
    "message": "$1​ $2​"
  },
  "6331677437567501421": {
    "message": "הייתה בעיה בעדכון הרשאת ההורדה."
  },
  "6333496730738019575": {
    "message": "טוען..."
  },
  "634900089121611600": {
    "message": "אין סרטונים."
  },
  "6362170008350775214": {
    "message": "תזכורת ב$1​"
  },
  "6375395544374251820": {
    "message": "הייתה בעיה בטעינה של דפים נוספים. מנסה שוב..."
  },
  "6376739025584042564": {
    "message": "חיתוך תמונה"
  },
  "6386587519843563719": {
    "message": "קובץ בינארי"
  },
  "6416495701611778255": {
    "message": "אפליקציות מוצעות של צד שלישי"
  },
  "6419411265907669340": {
    "message": "היום"
  },
  "6436479735235889890": {
    "message": "תזכורת בשעה $2​, $1​"
  },
  "6450508807204492448": {
    "message": "סמל של $1​"
  },
  "6457802200418354862": {
    "message": "צופים יכולים להוריד"
  },
  "6459405233858728718": {
    "message": "Google Slides"
  },
  "6464761738227651511": {
    "message": "לפני דקה $1​"
  },
  "6466736813846482957": {
    "message": "הקודם"
  },
  "6479216014938929613": {
    "message": "לילה ($1​)"
  },
  "6482358947077977110": {
    "message": "‏תמונות של חיפוש Google"
  },
  "6487403767449360463": {
    "message": "‏לטעון מחדש את Keep?"
  },
  "6488225756782357866": {
    "message": "‏התמונה שסימנת נמצאה באמצעות חיפוש בתמונות Google בדף זה:"
  },
  "6510131849363684615": {
    "message": "מחר"
  },
  "6516256764288947999": {
    "message": "תייג אנשים"
  },
  "6522917155620379865": {
    "message": "הורד"
  },
  "6524849072392100692": {
    "message": "‏תיקיית Google Drive"
  },
  "6551588617715293696": {
    "message": "אפשרויות מיון"
  },
  "6570921376519753466": {
    "message": "תצוגה"
  },
  "6571686604846453345": {
    "message": "‏הייתה בעיה בהוספת הפריט הזה אל Drive."
  },
  "6582286158693833652": {
    "message": "למידע נוסף"
  },
  "6588176324871799870": {
    "message": "‏סקריפט של Google Apps"
  },
  "6602430002978098812": {
    "message": "כתב-יד"
  },
  "6614046405230762587": {
    "message": "לא נמצאו אנשי קשר."
  },
  "6622304228074863427": {
    "message": "אפליקציה"
  },
  "6624754161346656119": {
    "message": "הדמות של $1​."
  },
  "6644861766016503644": {
    "message": "דרושה סיסמה"
  },
  "6650600936729710500": {
    "message": "תשובות."
  },
  "666311703374681171": {
    "message": "תמונות וסרטונים"
  },
  "6666820082708870349": {
    "message": "הסר"
  },
  "6707173584987026005": {
    "message": "היום"
  },
  "6709984792949009238": {
    "message": "הפתיחה האחרונה שלי"
  },
  "6726462693927865256": {
    "message": "פרטים"
  },
  "6726879257388338969": {
    "message": "הדפס"
  },
  "6726925393892510846": {
    "message": "אירעה שגיאה. נסה שוב."
  },
  "6741759391888465238": {
    "message": "‏שומר ב-Google Drive - העבר אל:"
  },
  "6744457949320515234": {
    "message": "הערה ריקה נמחקה"
  },
  "6757218172402086688": {
    "message": "חיפוש הערות..."
  },
  "6780628488957834429": {
    "message": "כתום"
  },
  "6784073265197389491": {
    "message": "למידע נוסף"
  },
  "681598652078493281": {
    "message": "למידע נוסף"
  },
  "6818286476757207074": {
    "message": "בחר רק תמונות שווידאת שיש לך רישיון להשתמש בהן."
  },
  "682070933835616121": {
    "message": "אין טבלאות."
  },
  "6822338149422461362": {
    "message": "Google Drive"
  },
  "6827821461670731013": {
    "message": "הצג תיבות סימון"
  },
  "6828581947433060251": {
    "message": "הייתה בעיה בשינוי שם הפריט."
  },
  "6833760103261954639": {
    "message": "הייתה בעיה בטעינה של הדף הזה. מנסה שוב..."
  },
  "6841020391100928352": {
    "message": "חרגת מגודל הקובץ המקסימלי."
  },
  "6851307437837490686": {
    "message": "אל תאפשר לצופים להוריד"
  },
  "6856672816797218730": {
    "message": "צרף"
  },
  "6891563484025164308": {
    "message": "הקודם"
  },
  "6893687445500687349": {
    "message": "אתרים"
  },
  "6898823203505321799": {
    "message": "פרטים"
  },
  "6904351530369058983": {
    "message": "בעלים"
  },
  "6905021988981026920": {
    "message": "חיפוש סרטונים"
  },
  "6922953828399110511": {
    "message": "סגור את המציג"
  },
  "6929958461954697067": {
    "message": "תמונות שאתה מופיע בהן"
  },
  "6939782595426687411": {
    "message": "מוסיף..."
  },
  "6940998537415516791": {
    "message": "ב-"
  },
  "695253297035211081": {
    "message": "רוקן אשפה"
  },
  "6967244066810487978": {
    "message": "אשפה"
  },
  "6970167488058122005": {
    "message": "מחבר לא ידוע"
  },
  "6976414863987386971": {
    "message": "טפסים"
  },
  "7001938470263404128": {
    "message": "העלה"
  },
  "7002768663714031226": {
    "message": "עדכן"
  },
  "7004919150329996187": {
    "message": "לא נמצאו אנשים תואמים במעגל הזה."
  },
  "7054631817922169541": {
    "message": "‏קיימים שינויים שלא נשמרו ב-Google Keep. האם ברצונך לצאת מהדף ולבטל את השינויים?"
  },
  "7059437903473652416": {
    "message": "‏הפעל את סרטון YouTube‏ $1​"
  },
  "7080196430479494775": {
    "message": "נסה שוב"
  },
  "7084324152376766809": {
    "message": "לפני $1​ ימים"
  },
  "7084991134824194740": {
    "message": "הזכר לי"
  },
  "7092062731478679314": {
    "message": "לא נמצאו מעגלים."
  },
  "7117183622067702162": {
    "message": "‏עם Google Drive אין יותר צורך לצרף קבצים להודעות דוא\"ל: ניתן לשתף בקלות קישור לכל קובץ שאתה שומר ב-Google Drive. כך כולם יוכלו לגשת לאותו קובץ, באותה גרסה - באופן אוטומטי."
  },
  "713754035716193665": {
    "message": "רשימה חדשה"
  },
  "7146242673022399081": {
    "message": "טקסט"
  },
  "7148992630785407972": {
    "message": "הקובץ הזה מוגן בסיסמה ולא ניתן להציג אותו בתצוגה מקדימה."
  },
  "7151987668860086450": {
    "message": "‏חיפוש Google"
  },
  "7153847618034547771": {
    "message": "הפעל"
  },
  "7161134329606048317": {
    "message": "סגור"
  },
  "7164532930742017984": {
    "message": "כל משתמש שיש לו קישור זה"
  },
  "7174189954350964804": {
    "message": "נסה שוב"
  },
  "7177591028189992523": {
    "message": "העבר"
  },
  "7188754206068648188": {
    "message": "‏CSV (ערכים מופרדים באמצעות פסיק)"
  },
  "7225837680381806920": {
    "message": "ערב ($1​)"
  },
  "722702934847795304": {
    "message": "Project"
  },
  "7236199858216720905": {
    "message": "‏מפות Google"
  },
  "7247530225058410142": {
    "message": "$2​ $1​"
  },
  "7259352906118493156": {
    "message": "אין אתרים."
  },
  "7282548567245878869": {
    "message": "הפריט נמחק"
  },
  "7295712436136900176": {
    "message": "טען מחדש"
  },
  "7310311230493556740": {
    "message": "כתובת אתר"
  },
  "7339696241980105410": {
    "message": "הסרטון שבחרת אינו קיים יותר. ייתכן שהבעלים הסיר אותו."
  },
  "7342923890755029722": {
    "message": "סגור"
  },
  "734478884582426793": {
    "message": "ארכיב דחוס"
  },
  "7357017164339332230": {
    "message": "‏התמונות האלה זמינות לצפייה ולשיתוף גם ב$2​אלבומי Google‏$1​, השירות של Google לאירוח תמונות בחינם."
  },
  "736105042796745909": {
    "message": "{VIEWER_GENDER,select, female{צרי תיקיה}male{צור תיקיה}other{צור תיקיה}}"
  },
  "7362061801920948830": {
    "message": "העלה עוד"
  },
  "7364571366369083618": {
    "message": "סרטון"
  },
  "7377239345926788722": {
    "message": "פעולות"
  },
  "7380785991026002613": {
    "message": "התוצאות המוצגות סומנו בתווית המתירה שימוש חוזר."
  },
  "7382688299146249119": {
    "message": "הורד את הפריט"
  },
  "7383706174467122149": {
    "message": "ההערה נמחקה"
  },
  "7388342865555961406": {
    "message": "בעוד יום $1​"
  },
  "7393771571081973549": {
    "message": "C"
  },
  "740507516967994591": {
    "message": "פתח"
  },
  "7422452809590461532": {
    "message": "אדום"
  },
  "7426603384368095928": {
    "message": "טען מחדש את הדף כדי להיכנס שוב ולהמשיך בעבודה."
  },
  "7429084719905985261": {
    "message": "Objective C"
  },
  "7432956605646331928": {
    "message": "SQL"
  },
  "7440735091552109962": {
    "message": "$2​ (נערך $1​)"
  },
  "7441891675459021164": {
    "message": "‏שומר ב-Drive"
  },
  "7451573821837395189": {
    "message": "‏הפריט נוסף אל $2​Google Drive שלך$1​."
  },
  "7468322419516352788": {
    "message": "הייתה בעיה בעדכון התיאור."
  },
  "7488945223835574498": {
    "message": "Postscript"
  },
  "7492710087472140422": {
    "message": "למידע נוסף"
  },
  "7493919863870655172": {
    "message": "מצלמת אינטרנט"
  },
  "7500786109708143683": {
    "message": "הקלטת האודיו נמחקה"
  },
  "7501027876827009022": {
    "message": "התוצאות המוצגות סומנו בתווית המתירה שימוש חוזר מסחרי."
  },
  "7521272923988336579": {
    "message": "‏טען כעת מחדש את Keep כדי להישאר מעודכן."
  },
  "7532552995569296274": {
    "message": "נקה חיפוש"
  },
  "7546994163355383999": {
    "message": "כל ההערות נשמרו"
  },
  "7559208209275370228": {
    "message": "העריכה האחרונה שלי"
  },
  "7565383798249439151": {
    "message": "בעוד $1​ ימים"
  },
  "7565870443143407759": {
    "message": "חפש במסמך"
  },
  "7586291841734385643": {
    "message": "פתח בכרטיסיה חדשה"
  },
  "7598582624136632660": {
    "message": "פתח את סרגל החיפוש / חפש את המופע הבא"
  },
  "7602870977118971161": {
    "message": "טען מחדש"
  },
  "7610654194202731772": {
    "message": "מחק"
  },
  "761925792744044896": {
    "message": "הגדר כתמונת פרופיל"
  },
  "7630723924002267143": {
    "message": "מקשי הקיצור מופעלים."
  },
  "7640546114686970497": {
    "message": "לא ניתן להוסיף עוד פריטים"
  },
  "7669846901402551021": {
    "message": "היום"
  },
  "7691521283331762131": {
    "message": "ההערות שלך שבארכיון מופיעות כאן"
  },
  "772000107335590599": {
    "message": "בעוד $1​ דקות"
  },
  "7734578122414851725": {
    "message": "PHP"
  },
  "7745005220197261896": {
    "message": "חיפוש ספרים"
  },
  "7759846028901235026": {
    "message": "ההערה הוצאה מהארכיון"
  },
  "776065748745885880": {
    "message": "מקש רווח"
  },
  "7770982082843341533": {
    "message": "אין פריטים בתיקיה הזו."
  },
  "779472474101127362": {
    "message": "צילום תמונה"
  },
  "7800318069267901681": {
    "message": "שינוי אחרון"
  },
  "7805487598105530487": {
    "message": "בגוף ההודעה"
  },
  "7814778057875152792": {
    "message": "‏הייתה בעיה בהעברת הקובץ המצורף לתיקיה שנבחרה ב-Google Drive."
  },
  "7820417126206702946": {
    "message": "‏התוצאות המוצגות זמינות לשימוש אישי או מסחרי ב-Google Drive בלבד, ולא ניתן להפיץ או למכור אותן באופן עצמאי."
  },
  "7822364282298323175": {
    "message": "הרשימה נמחקה"
  },
  "7830513726270865588": {
    "message": "לוח שנה"
  },
  "7845751753397906805": {
    "message": "נמצאו עריכות סותרות"
  },
  "7852396628465259068": {
    "message": "תמונת פרופיל"
  },
  "7859526172011446452": {
    "message": "עצור העברה"
  },
  "78870906674150830": {
    "message": "$3​$1​$2​"
  },
  "7895643887742936844": {
    "message": "נקודה ופסיק"
  },
  "7899833760457194273": {
    "message": "חיפוש תמונות"
  },
  "7899913952063063825": {
    "message": "התמונה נמחקה"
  },
  "7906726367011430855": {
    "message": "חבר"
  },
  "7910518224461588465": {
    "message": "צהוב"
  },
  "7953603850004320936": {
    "message": "התצוגה המקדימה אינה זמינה."
  },
  "7957306528733096600": {
    "message": "הפעולה הושלמה"
  },
  "7960528690514646841": {
    "message": "{moreCount,plural, =0{צורת רבים שאינה בשימוש}=1{ועוד אחד}two{ ועוד {moreCount}}many{ ועוד {moreCount}}other{ ועוד {moreCount}}}"
  },
  "7973635145070803181": {
    "message": "העלאת תמונות"
  },
  "7987180255015869513": {
    "message": "לחלופין, הדבק כתובת אינטרנט כאן:"
  },
  "8011497727123874703": {
    "message": "לחצן של התיקיה $1​"
  },
  "8016231262233952856": {
    "message": "כחול-ירקרק"
  },
  "8019402848412685977": {
    "message": "השם '$2​' שונה ל-'$1​'."
  },
  "8023466614826324314": {
    "message": "התמונות ישותפו עם קהל רחב."
  },
  "8043514121228710092": {
    "message": "הוסף תמונה"
  },
  "8044700199531805239": {
    "message": "$3​$1​$2​ חובר."
  },
  "8069384932934428393": {
    "message": "בעוד דקה $1​"
  },
  "8081927474846706026": {
    "message": "אין שרטוטים."
  },
  "8090743714060857028": {
    "message": "צופים לא יכולים להוריד"
  },
  "8095838445486198080": {
    "message": "{FILE_SIZE,plural, =0{0 בייטים}=1{בייט אחד}two{# בייטים}many{# בייטים}other{# בייטים}}"
  },
  "8099047958506869131": {
    "message": "{VIEWER_GENDER,select, female{תיקייה חדשה}male{תיקייה חדשה}other{תיקייה חדשה}}"
  },
  "8100558294600077150": {
    "message": "חיפוש בלוגים"
  },
  "8105635255693472607": {
    "message": "הוסף פריטים חדשים לרשימה"
  },
  "8106780183458743723": {
    "message": "אלבומי תמונות"
  },
  "8112699352770418817": {
    "message": "לא נמצאו ספרים."
  },
  "8132410616064087953": {
    "message": "הסרטון ארוך מדי (האורך המקסימלי הוא $1​ שניות)."
  },
  "8135145577663029437": {
    "message": "שמור את שתיהן"
  },
  "8146560259680897627": {
    "message": "ביטול"
  },
  "8158191101452862916": {
    "message": "הוסף תמונות"
  },
  "8159493406018222636": {
    "message": "שלח משוב"
  },
  "8172945196588870035": {
    "message": "אירועים"
  },
  "8174654098152723289": {
    "message": "ערוך תיאור"
  },
  "8178754379486173416": {
    "message": "{VIEWER_GENDER,select, female{נבחרו מעט מאוד פריטים. הוסיפי עוד לבחירה.}male{נבחרו מעט מאוד פריטים. הוסף עוד לבחירה.}other{נבחרו מעט מאוד פריטים. הוסף עוד לבחירה.}}"
  },
  "8192378456655629049": {
    "message": "מעבד את הסרטון..."
  },
  "8193991135666622583": {
    "message": "Keep"
  },
  "821942580510564685": {
    "message": "הזן את סיסמת המסמך כדי להציג אותו"
  },
  "8239237134193392595": {
    "message": "הודעות תזכורת על מיקום מופיעות רק במכשירים ניידים."
  },
  "8267458240960831780": {
    "message": "מאמת..."
  },
  "8281141013543828574": {
    "message": "‏תמונת Raw"
  },
  "8281678863271800533": {
    "message": "מסנן תמונות"
  },
  "8283103456188558313": {
    "message": "מצגות"
  },
  "8290434443655418968": {
    "message": "{filesCount,plural, =0{unused plural form}=1{הקובץ שנבחר [{file}] אינו נתמך להעלאה.}two{הקבצים שנבחרו [{files}] אינם נתמכים להעלאה.}many{הקבצים שנבחרו [{files}] אינם נתמכים להעלאה.}other{הקבצים שנבחרו [{files}] אינם נתמכים להעלאה.}}"
  },
  "8304474373444239435": {
    "message": "תשובה מאת $1​."
  },
  "8322416564157128458": {
    "message": "שיתוף"
  },
  "8324195080917648153": {
    "message": "הסרטון לא יכול להתאים כאן. הגדל מעט את חלון הדפדפן."
  },
  "8337582740675387693": {
    "message": "Java"
  },
  "8342684858400436871": {
    "message": "‏מקש Tab (⇆)"
  },
  "8379952094517631162": {
    "message": "לא"
  },
  "8409393124758970712": {
    "message": "$2​ x $1​"
  },
  "8412684147928483084": {
    "message": "שחור"
  },
  "8435544675017330861": {
    "message": "אין פריטים התואמים את החיפוש שלך."
  },
  "8436817383042650304": {
    "message": "‏מקש Caps Lock"
  },
  "8451184312655705174": {
    "message": "אם כתובת האתר שלך נכונה, תופיע כאן תצוגה מקדימה. ייתכן שיידרשו לתמונות גדולות מספר דקות להופיע."
  },
  "8467894483369467251": {
    "message": "Flash"
  },
  "8506198918368329269": {
    "message": "התוצאות המוצגות סומנו בתווית המתירה שימוש חוזר מסחרי, כולל עריכת שינויים."
  },
  "8571315158566081191": {
    "message": "אין גיליונות אלקטרוניים."
  },
  "8580600056399054303": {
    "message": "הגדר לאן מועברים פריטים חדשים או מסומנים"
  },
  "8595175575778060149": {
    "message": "עוד"
  },
  "8596257056433048992": {
    "message": "ברוכים הבאים אל"
  },
  "8616342546716995946": {
    "message": "הבנתי"
  },
  "8621067185485606452": {
    "message": "ECMAScript"
  },
  "8638281560898810401": {
    "message": "{MINUTES,plural, =0{0 דקות }=1{דקה אחת }two{# דקות }many{# דקות }other{# דקות }}{SECONDS,plural, =0{0 שניות.}=1{שנייה אחת.}two{# שניות.}many{# שניות.}other{# שניות.}}"
  },
  "863955692838281739": {
    "message": "סגור"
  },
  "8643398764569428530": {
    "message": "‏האם לאפשר ל-Google Keep להציג הודעות?"
  },
  "8652566647088230560": {
    "message": "המוצר סודי ובשלב ניסוי לפני הפצה"
  },
  "8660016472468563221": {
    "message": "נקודתיים"
  },
  "8663507590720636709": {
    "message": "$1​ +$2​ נוספים"
  },
  "8666643061920113075": {
    "message": "{VIEWER_GENDER,select, female{הדביקי כאן כתובת אתר של תמונה:}male{הדבק כאן כתובת אתר של תמונה:}other{הדבק כאן כתובת אתר של תמונה:}}"
  },
  "8674222789100049233": {
    "message": "סגור"
  },
  "86815590954366945": {
    "message": "רשימת תוכן שהועבר לארכיון"
  },
  "8709611758728645225": {
    "message": "‏מקש Page Down"
  },
  "8711002053494037632": {
    "message": "בוטל הסימון של כל הפריטים"
  },
  "8748281640412284111": {
    "message": "תמונות מאגר"
  },
  "8759520888087120926": {
    "message": "אין סקריפטים."
  },
  "8775097441636640256": {
    "message": "$2​ - $1​"
  },
  "8780212274435014958": {
    "message": "מעגלים"
  },
  "8781837301864053001": {
    "message": "טקסט עשיר"
  },
  "8792038552136453044": {
    "message": "אופס! משהו השתבש"
  },
  "8793166064242077041": {
    "message": "הייתה בעיה בהצגת התמונה הזו."
  },
  "8813101408630252335": {
    "message": "$1​ שניות"
  },
  "8820281478062782578": {
    "message": "חיפוש"
  },
  "8822326207328431952": {
    "message": "לא ניתן להעלות תמונות"
  },
  "8840223453482998505": {
    "message": "תיקיה שנבחרה $1​"
  },
  "8845176264121061589": {
    "message": "בטל את סימון כל הפריטים"
  },
  "8850238112725591771": {
    "message": "מקש קיצור $1​"
  },
  "8852550049823214385": {
    "message": "ולאחר מכן"
  },
  "8883744193208363722": {
    "message": "יש עדכון זמין לאפליקציה."
  },
  "8884900765322249670": {
    "message": "תצוגת רשימה"
  },
  "8889019648958415451": {
    "message": "קובץ לא ידוע"
  },
  "8911996820409711834": {
    "message": "‏העבר את הטקסט לפריט רשימה חדש \u0026raquo;"
  },
  "8916237870980173557": {
    "message": "מתחבר..."
  },
  "8917554093651202032": {
    "message": "הפעל את $1​"
  },
  "8919660666733306860": {
    "message": "תמונה"
  },
  "8930959387403789939": {
    "message": "תזכורת"
  },
  "8943760679396635042": {
    "message": "מציג את $1​."
  },
  "8953555255469284376": {
    "message": "שחרר את התמונות כאן"
  },
  "8979615310931291676": {
    "message": "נערך ב-$1​"
  },
  "8986044948621891903": {
    "message": "‏הקלד את החיפוש שלך בתיבה שלמעלה כדי לאתר תוצאות באינטרנט באמצעות חיפוש Google."
  },
  "901615442107785480": {
    "message": "העבר הערה/רשימה לארכיון"
  },
  "9024023699330078373": {
    "message": "‏פתיחת פריט זה תוסיף אותו ל-Drive שלך"
  },
  "9028041601596584772": {
    "message": "מיקום"
  },
  "9058308423774656474": {
    "message": "Hangul Word Processor"
  },
  "9083935734710258396": {
    "message": "דחה"
  },
  "9094248058931620597": {
    "message": "חלונית הפרטים מכווצת."
  },
  "9114674068220302553": {
    "message": "כקובץ מצורף"
  },
  "911586799466052745": {
    "message": "OpenOffice Draw"
  },
  "9130962320402467249": {
    "message": "תמונות ממאגר"
  },
  "9146716987301178362": {
    "message": "אירעה שגיאה. טען מחדש."
  },
  "9165877886714239857": {
    "message": "לא ניתן לתפוס את טקסט התמונה. נסה שוב מאוחר יותר."
  },
  "916773043895242978": {
    "message": "כתובת האתר של התמונה שהזנת למעלה שגויה או שלא ניתן לטעון אותה. הזן כתובת אתר נכונה עבור התמונה."
  },
  "9173629944963872598": {
    "message": "לא נמצאו אירועים."
  },
  "9182500445937900938": {
    "message": "סגור"
  },
  "9195941533351099011": {
    "message": "מעלה $1​ מתוך $2​"
  },
  "9197837492705576727": {
    "message": "עבור אל הפריט הבא"
  },
  "919969969251998566": {
    "message": "חלץ את הארכיון הזה אל חשבון הדואר שלך."
  },
  "9203542510134660095": {
    "message": "‏עבודת החילוץ הופעלה. תוכן הארכיון יופיע ב-Drive בתיקייה \"$1​\"."
  },
  "940276535015195877": {
    "message": "אין תיקיות."
  },
  "943493480163896757": {
    "message": "{resultCount,plural, =1{הערה תואמת #}two{# הערות תואמות}many{# הערות תואמות}other{# הערות תואמות}}"
  },
  "951963820437151566": {
    "message": "Google Sites"
  },
  "95809842507987016": {
    "message": "מחק"
  },
  "963611681085757795": {
    "message": "מצטערים, לא ניתן ליצור תצוגה של המסמך בשלב זה."
  },
  "96556988207614774": {
    "message": "יומנים"
  },
  "974042541427403929": {
    "message": "כחול"
  },
  "980395722421409371": {
    "message": "לא נמצאו מפות."
  },
  "982187142411651629": {
    "message": "סגור"
  },
  "985197728509875956": {
    "message": "Chemical Model"
  },
  "996381410993745580": {
    "message": "Photoshop"
  },
  "998727788921602971": {
    "message": "סרטונים"
  },
  "appDesc": {
    "description": "App description",
    "message": "תעדו במהירות את המחשבות שלכם והגדירו תזכורות שתקבלו במקום ובזמן הנכונים"
  },
  "appName": {
    "description": "App name.",
    "message": "Google Keep - הערות ורשימות"
  }
}