{
   "1006787209796778126": {
      "message": "マイ ドライブ"
   },
   "1017907757187630742": {
      "message": "マイ フォント"
   },
   "1029072043275376320": {
      "message": "カレンダーは見つかりませんでした。"
   },
   "1030781695901615026": {
      "message": "末尾"
   },
   "103870949919613488": {
      "message": "メモをアーカイブしました"
   },
   "1039394921418415681": {
      "message": "ログイン"
   },
   "1083918249169198626": {
      "message": "キーボード ショートカットが無効になっています。"
   },
   "1090919586152138659": {
      "message": "ストック"
   },
   "1101371910696766077": {
      "message": "コピーを作成"
   },
   "1107413433574576014": {
      "message": "タイトルの文字数が多すぎます。ハイライト表示されたテキストは保存されません。"
   },
   "1127320433256851404": {
      "message": "動画プレーヤー"
   },
   "1162642135048988280": {
      "message": "ドキュメント名を変更"
   },
   "1166244120191806795": {
      "message": "フィードバックを送信"
   },
   "1179891706526242218": {
      "message": "次へ移動します"
   },
   "1185164838496022543": {
      "message": "ここをクリックしてページを再読み込みしてください。"
   },
   "1185644932132585290": {
      "message": "残り $1​ 文字です"
   },
   "1213005208968286932": {
      "message": "解決済みにしました"
   },
   "1263557413037343589": {
      "message": "写真を整理"
   },
   "1263685395252160366": {
      "message": "LaTeX"
   },
   "1311350045083871503": {
      "message": "キャンセル"
   },
   "1311729747516144362": {
      "message": "赤"
   },
   "1315844696796851207": {
      "message": "Sans Serif"
   },
   "1319037146426591038": {
      "message": "または"
   },
   "132822872080714863": {
      "message": "OK"
   },
   "133192954417440569": {
      "message": "一致する結果は見つかりませんでした。"
   },
   "1349697396109290623": {
      "message": "高解像度で「$1​」を表示"
   },
   "1376126796144976437": {
      "message": "すべてのフォント"
   },
   "139942704574044780": {
      "message": "許可する"
   },
   "141491180325662484": {
      "message": "Google ドライブでは、すべてのファイルを 1 か所に保存するので、どこにいても、どの端末からでもファイルにアクセスできます。Google ドライブに写真を保存すると、即座にサークルと共有できます。"
   },
   "1418114637490664392": {
      "message": "LIFE フォト アーカイブ"
   },
   "1419896259743862406": {
      "message": "アプリで開く"
   },
   "1440171352837969028": {
      "message": "動画/音声"
   },
   "1441487391064925653": {
      "message": "ヘルプセンターのすべてのショートカット情報を表示"
   },
   "1446829548948002072": {
      "message": "カンマ"
   },
   "1454684154234137497": {
      "message": "Pause"
   },
   "1459765068821943106": {
      "message": "{VIEWER_GENDER,select, female{YouTube の URL をここに貼り付け:}male{YouTube の URL をここに貼り付け:}other{YouTube の URL をここに貼り付け:}}"
   },
   "1463079206290378085": {
      "message": "orkut の写真"
   },
   "1463389029497634261": {
      "message": "音量を下げる"
   },
   "1475179211173444554": {
      "message": "ドメイン内のリンクを知っている全員"
   },
   "1492360016907725281": {
      "message": "{VIEWER_GENDER,select, female{動画の URL をここに貼り付け:}male{動画の URL をここに貼り付け:}other{動画の URL をここに貼り付け:}}"
   },
   "1493251742569121894": {
      "message": "メモの文字数が多すぎます。ハイライト表示されたテキストは保存されません。"
   },
   "1493384967280942491": {
      "message": "ピンク"
   },
   "1499433769420882987": {
      "message": "$1​ を表示しています"
   },
   "1505876360160857231": {
      "message": "$1​ TB"
   },
   "1521707405717823409": {
      "message": "紫"
   },
   "153439508598626384": {
      "message": "写真"
   },
   "1536051766421561160": {
      "message": "等号"
   },
   "156992719062713230": {
      "message": "灰"
   },
   "1586968957182554447": {
      "message": "無効にする"
   },
   "1588268697057804046": {
      "message": "$1​ 時間前"
   },
   "1603139897109307706": {
      "message": "エラー。もう一度お試しください"
   },
   "1604359562654146902": {
      "message": "写真"
   },
   "1633370388224271051": {
      "message": "ユーザーは見つかりませんでした。"
   },
   "1633798963327779260": {
      "message": "明日"
   },
   "1654222450095043962": {
      "message": "音声"
   },
   "1656911987308166143": {
      "message": "削除"
   },
   "1665821947855814052": {
      "message": "サイズ"
   },
   "1692901784886701962": {
      "message": "メモが大きすぎます。"
   },
   "1697160643589236962": {
      "message": "$1​ PB"
   },
   "1700522311470719738": {
      "message": "通知を保存"
   },
   "1701312243672511585": {
      "message": "新しいメモにテキストを移動 &raquo;"
   },
   "1709410429018687341": {
      "message": "午前（$1​）"
   },
   "1715552550526864429": {
      "message": "ブログを検索"
   },
   "171683163267149669": {
      "message": "$1​ GB"
   },
   "1739900012825270238": {
      "message": "前のアイテムに移動"
   },
   "1756171223417807431": {
      "message": "画像が一般公開されていることを確認してください。パスワードで保護されている画像や、内部ネットワーク上にある画像は読み込めません。"
   },
   "1759957963056319953": {
      "message": "[$1​」から戻る"
   },
   "1783719421893050637": {
      "message": "サイズ"
   },
   "178927681797742562": {
      "message": "ログイン"
   },
   "1791115075948268631": {
      "message": "キーボード ショートカットのヘルプを開く"
   },
   "1808245543551507519": {
      "message": "音声"
   },
   "1816851800848432562": {
      "message": "削除"
   },
   "1818306025747564729": {
      "message": "リンクに移動"
   },
   "1823222042913714987": {
      "message": "パスワードを送信"
   },
   "1823854753950594157": {
      "message": "同じ位置に保持"
   },
   "1830157062072535681": {
      "message": "$1​ を表示しています"
   },
   "185012928288875755": {
      "message": "該当するアイテムはありません。"
   },
   "1856444915090632305": {
      "message": "ドキュメントが暗号化されています。パスワードを入力してください。"
   },
   "1866863108233180413": {
      "message": "フォルダ"
   },
   "187077078156858455": {
      "message": "音声メモ"
   },
   "189303170370862360": {
      "message": "$2​ 個中 $1​ 個目のアイテム"
   },
   "1900571668686750716": {
      "message": "vCard"
   },
   "1901351411358749070": {
      "message": "共有アイテム"
   },
   "1913425963149828429": {
      "message": "このアーカイブをドライブに解凍します。"
   },
   "1918176455405610789": {
      "message": "完了"
   },
   "1920189655549476211": {
      "message": "録音時間不明"
   },
   "1929603188252533075": {
      "message": "動画を削除できませんでした。もう一度お試しください。"
   },
   "1951810091681076784": {
      "message": "{COUNT_1,plural, =1{1 件の一致するメモ}other{{COUNT_2} 件の一致するメモ}}"
   },
   "1956794332842050061": {
      "message": "次のページ"
   },
   "1965626377712226216": {
      "message": "Keynote"
   },
   "1968405748623909021": {
      "message": "このアイテムを開くか編集するアプリを以下から選択してください"
   },
   "1974063091619095703": {
      "message": "ユーザー"
   },
   "1988244842147989817": {
      "message": "ゴミ箱内のメモは 7 日後に削除されます。"
   },
   "1993674829873313178": {
      "message": "アップロードに関する問題が発生していますか？現在メンテナンス中ですが、まもなく通常の状態に戻ります。"
   },
   "2003845117979929469": {
      "message": "詳細"
   },
   "2048322072989992494": {
      "message": "まだ誰もあなたとファイルを共有していません。"
   },
   "2055836117545582610": {
      "message": "リスト設定"
   },
   "2059084517358086391": {
      "message": "検索バーを閉じます"
   },
   "2061440050632248160": {
      "message": "アーカイブ"
   },
   "2068023589621557589": {
      "message": "TrueType フォント"
   },
   "2073035325657060696": {
      "message": "表示できるプレビューがありません。"
   },
   "2073322475696388995": {
      "message": "早送り"
   },
   "207810168108507460": {
      "message": "$1​ 時間前"
   },
   "2109272338124379867": {
      "message": "最終更新"
   },
   "2116013171202209313": {
      "message": "選択"
   },
   "2122256657192674586": {
      "message": "動画を検索"
   },
   "2125135092719715773": {
      "message": "アップロード"
   },
   "212796670323571824": {
      "message": "OK"
   },
   "213665695896111861": {
      "message": "メモ"
   },
   "2138593281154109183": {
      "message": "アーカイブ"
   },
   "2147952938331523160": {
      "message": "名前を変更..."
   },
   "2154372123324862271": {
      "message": "スラッシュ"
   },
   "2154940358270068005": {
      "message": "削除したメモをほんの少しだけ長くとっておけます"
   },
   "2184278444368405837": {
      "message": "$1​ 個のアイテム"
   },
   "2187239650627580457": {
      "message": "送信"
   },
   "2198096971937872560": {
      "message": "通知:"
   },
   "220168959069469607": {
      "message": "その他の操作"
   },
   "221715292685577880": {
      "message": "はい"
   },
   "2220005860896049129": {
      "message": "オリジナルのソースでドキュメントを見つけるのに時間がかかりすぎました。"
   },
   "2228413078211839077": {
      "message": "ドキュメント表示の生成中に一時的な問題が発生しています。"
   },
   "2235097878790803849": {
      "message": "Google ドライブを使えば添付ファイルはもう不要。"
   },
   "2257303402199718039": {
      "message": "元のソースでドキュメントが見つかりませんでした。ドキュメントが存在することを確認してください。"
   },
   "2274436793504233543": {
      "message": "キャンセル"
   },
   "2278224983638451454": {
      "message": "今すぐ使う"
   },
   "2280650195464600721": {
      "message": "ナビゲーション"
   },
   "2285069188138705005": {
      "message": "接続済みアプリ"
   },
   "2289534534793293486": {
      "message": "アーカイブを解除します"
   },
   "2289812403593835836": {
      "message": "Pages"
   },
   "229177484946387188": {
      "message": "Google Earth"
   },
   "2292696732672795285": {
      "message": "音量を上げる"
   },
   "230180475614658119": {
      "message": "完了"
   },
   "2304293593067358316": {
      "message": "クリップアート"
   },
   "2310145944356900158": {
      "message": "チェックマーク付き"
   },
   "2311880726221661199": {
      "message": "より高い解像度を読み込んでいます"
   },
   "2329167963662998826": {
      "message": "Google Keep では、場所に基づく通知に関してより適した候補を表示できるよう、現在地情報の使用をリクエストしています。"
   },
   "234046557601727809": {
      "message": "画像や動画はありません。"
   },
   "2349912757088764940": {
      "message": "閲覧できるユーザー:"
   },
   "2359614137862708172": {
      "message": "Shift"
   },
   "2370463380397641604": {
      "message": "よく使用するキーボード ショートカット"
   },
   "2370656573843123707": {
      "message": "右大かっこ"
   },
   "2393487423640708285": {
      "message": "URL が無効です。http:// か https:// で始まる URL を入力してください。"
   },
   "2405795704816921421": {
      "message": "$1​ ファイル"
   },
   "2412314804333167252": {
      "message": "このスプレッドシートは大きすぎます。クリックして$3​ダウンロード$1​するか、$4​Google スプレッドシートで編集$1​してください。"
   },
   "2418104318933043113": {
      "message": "Google 画像検索"
   },
   "2433429041384246549": {
      "message": "ミュートします"
   },
   "2449254824382583885": {
      "message": "ポップアウト"
   },
   "2452522051596946166": {
      "message": "エラー。何らかの問題により、$1​ のプレビューを表示できませんでした。再試行しています。"
   },
   "2454642351139428112": {
      "message": "元に戻す"
   },
   "2466251465475184755": {
      "message": "ゴミ箱を空にしてもよろしいですか？ゴミ箱内のメモはすべて完全に削除されます。"
   },
   "2475181823688399272": {
      "message": "次へ"
   },
   "2484568559152875936": {
      "message": "フォト アルバムはありません。"
   },
   "2504232652631703202": {
      "message": "接続済み"
   },
   "251025074207413762": {
      "message": "説明を追加"
   },
   "2510929871271209216": {
      "message": "このスプレッドシートは大きすぎます。$2​ここをクリック$1​してダウンロードしてください。"
   },
   "2513437337377210144": {
      "message": "End"
   },
   "2524021436052870191": {
      "message": "このファイルをアップロードできません。$2​ MB 未満の $1​ ファイルのみが有効です。"
   },
   "2532280782491328445": {
      "message": "前を検索します"
   },
   "2538080331309772448": {
      "message": "並べ替え: $1​"
   },
   "2538462904124380434": {
      "message": "メモをゴミ箱に移動しました"
   },
   "2546225293834487484": {
      "message": "メモ"
   },
   "2558480112329900136": {
      "message": "灰"
   },
   "257317112834806705": {
      "message": "リストとギャラリー表示の切り替え"
   },
   "2579679351920691492": {
      "message": "早戻し"
   },
   "2587566920590457715": {
      "message": "Maps Engine Lite"
   },
   "2609409316752026806": {
      "message": "PDF"
   },
   "2609750184896485102": {
      "message": "携帯電話の動画"
   },
   "2615188670181508661": {
      "message": "最近選択したアイテムはありません。"
   },
   "2623861453769098676": {
      "message": "何らかの問題により、このドキュメントのプレビューを表示できませんでした。"
   },
   "2628268670001557269": {
      "message": "割り当て量"
   },
   "2643241712502664984": {
      "message": "あなたの YouTube 動画"
   },
   "2661850177130037208": {
      "message": "アイテムを開く"
   },
   "2681830832355823748": {
      "message": "すべてのショートカットを検索する"
   },
   "2687303256387847763": {
      "message": "人気度"
   },
   "2702485557996900362": {
      "message": "編集の競合を修正してください"
   },
   "2705842902318123127": {
      "message": "次または前のメモ/リストに移動"
   },
   "272948685355798518": {
      "message": "無効なファイル形式が選択されています。"
   },
   "2731144323070245943": {
      "message": "リスト設定"
   },
   "2742719907061406418": {
      "message": "XML"
   },
   "2750830436677712001": {
      "message": "{VIEWER_GENDER,select, female{{FOLDER_NAME} を作成できませんでした。}male{{FOLDER_NAME} を作成できませんでした。}other{{FOLDER_NAME} を作成できませんでした。}}"
   },
   "2752123004911547510": {
      "message": "傾向"
   },
   "2758125083752925237": {
      "message": "（所有者）"
   },
   "277430914014962533": {
      "message": "エラー。何らかの問題により、$1​ のプレビューを表示できませんでした。"
   },
   "2774713922589657910": {
      "message": "ドメイン内の全員"
   },
   "2786560864906393383": {
      "message": "携帯電話の写真"
   },
   "2789687492331041935": {
      "message": "時間を選択"
   },
   "2790446494460492805": {
      "message": "解凍を開始しました。アーカイブのメッセージはメール アカウントの [インポート: $1​] ラベル内に表示されます。"
   },
   "2793841261389879255": {
      "message": "前のページ"
   },
   "2801153442808430222": {
      "message": "マイ ドライブ"
   },
   "2817277146396981386": {
      "message": "pm"
   },
   "2818020101821669029": {
      "message": "作成日"
   },
   "2818135503416309545": {
      "message": "動画を撮影"
   },
   "2827039933590757722": {
      "message": "Windows ショートカット"
   },
   "2829226075651806940": {
      "message": "拡大"
   },
   "2860188519781080944": {
      "message": "オレンジ"
   },
   "2861568351294148466": {
      "message": "スクリプト"
   },
   "2864281852037732729": {
      "message": "表示を減らす"
   },
   "2873089307546162154": {
      "message": "OK"
   },
   "2877285560485318801": {
      "message": "一時停止します"
   },
   "2878874627361086801": {
      "message": "プレビュー"
   },
   "2879276552944958066": {
      "message": "$1​ フォルダに戻ります。"
   },
   "289798573180023043": {
      "message": "OK"
   },
   "2902747751281161248": {
      "message": "新しいリストに適用"
   },
   "2905147317995482841": {
      "message": "Google ドライブのすべてのファイルの表示画面が更新されて、より美しく、使いやすくなりました。ぜひこの新しいデザインをお楽しみください。"
   },
   "2917498437550635075": {
      "message": "アイコン"
   },
   "2964778642459027786": {
      "message": "ゴミ箱にメモがありません"
   },
   "2974598228601710262": {
      "message": "追加"
   },
   "2979466412944870220": {
      "message": "プレビューを読み込んでいます..."
   },
   "2982511431742033448": {
      "message": "プレゼンテーションはありません。"
   },
   "298817883481775869": {
      "message": "読み込んでいます..."
   },
   "3000689173481666334": {
      "message": "サークルを編集"
   },
   "3029395493413607486": {
      "message": "動画プレーヤーを読み込めませんでした。もう一度ページを読み込んでみてください。$1​引き続き問題が発生する場合は、$3​ヘルプセンター$2​をご覧ください。"
   },
   "3043961722025425136": {
      "message": "説明"
   },
   "306516303501625305": {
      "message": "認証できませんでした。"
   },
   "3073005748126521632": {
      "message": "$1​ で通知済み"
   },
   "3074184819310272351": {
      "message": "アップロード済みの写真"
   },
   "3084372889071691504": {
      "message": "{VIEWER_GENDER,select, female{URL をここに貼り付け:}male{URL をここに貼り付け:}other{URL をここに貼り付け:}}"
   },
   "3095645856215493958": {
      "message": "写真内のテキストを抽出できます"
   },
   "31018542656161389": {
      "message": "サイズに合わせて拡大/縮小"
   },
   "3109321241584918345": {
      "message": "アプリをさらに接続..."
   },
   "3121560585545725724": {
      "message": "$1​ $2​"
   },
   "3140236589681731084": {
      "message": "$1​ 時間後"
   },
   "3189854932778515441": {
      "message": "アーカイブにメモがあります"
   },
   "3207670492626476064": {
      "message": "表"
   },
   "3211163842850942567": {
      "message": "拡大"
   },
   "3222929029344613957": {
      "message": "このファイルを開く際にエラーが発生しました。もう一度お試しください。"
   },
   "3233388241926683100": {
      "message": "メモを検索します"
   },
   "3243829462528324248": {
      "message": "茶"
   },
   "3250489229749307913": {
      "message": "電子書籍"
   },
   "3256928852560591255": {
      "message": "ゴミ箱では編集できません"
   },
   "3261131345401321392": {
      "message": "コメント可能"
   },
   "3265524298292280681": {
      "message": "Esc"
   },
   "3267563602179728277": {
      "message": "Del"
   },
   "3272496516667407797": {
      "message": "詳細の読み込み中に問題が発生しました。"
   },
   "3275029321588462173": {
      "message": "なし"
   },
   "3278237562147211998": {
      "message": "ストック フォト"
   },
   "330603631583186798": {
      "message": "Word"
   },
   "3306487262690341751": {
      "message": "日時"
   },
   "3312545971976531405": {
      "message": "メッセージ"
   },
   "3319087486907616296": {
      "message": "このアイテムをキャストします"
   },
   "3328129883064940351": {
      "message": "フォント"
   },
   "3335409796971631780": {
      "message": "ドライブに解凍しています。"
   },
   "3343451103608774400": {
      "message": "$3​新しいマイマップ$2​をご紹介します。$1​地図の作成に適したツールです。"
   },
   "3354260708176476985": {
      "message": "読み込んでいます&hellip;"
   },
   "3357778055650785985": {
      "message": "アイテムの文字数が多すぎます。ハイライト表示されたテキストは保存されません。"
   },
   "3364679383274077479": {
      "message": "アプリのアップデートをご利用いただけます"
   },
   "3368639944474272225": {
      "message": "ドキュメントをダウンロードして表示できません。または、ドキュメントを表示する権限がありません。"
   },
   "3381619429606029445": {
      "message": "Visio"
   },
   "3382236845597426718": {
      "message": "開きます"
   },
   "3408219901032480508": {
      "message": "$2​、$1​"
   },
   "3409257542937182842": {
      "message": "再試行中..."
   },
   "3409483962000136213": {
      "message": "再生/一時停止"
   },
   "3418767079436101103": {
      "message": "このページの読み込み中に問題が発生しました。"
   },
   "3421685394169412932": {
      "message": "すべての変更は自動的に保存されます"
   },
   "3422389100099960864": {
      "message": "画像はありません。"
   },
   "3428726060007577698": {
      "message": "リストが大きすぎます。"
   },
   "3430885603500576146": {
      "message": "使用する権利があることを確認した画像のみを選択してください。"
   },
   "3440534675925634227": {
      "message": "Chrome ブラウザ ウィンドウで chrome://settings にアクセスしてログインしているかどうかをご確認ください。ログインしていない場合は、もう一度 [ログイン] をクリックしてください。"
   },
   "3446158485617778228": {
      "message": "元に戻す"
   },
   "3448234415275521882": {
      "message": "一般情報"
   },
   "3448684788258660606": {
      "message": "写真"
   },
   "3450585781337676327": {
      "message": "読み込んでいます..."
   },
   "3457279184692206825": {
      "message": "写真は誰でも閲覧できます（ウェブ上で一般公開されます）。"
   },
   "3468441711253011521": {
      "message": "Google スプレッドシート"
   },
   "3473620774713000513": {
      "message": "解決しました"
   },
   "3483438888494819423": {
      "message": "Google Keep の新機能"
   },
   "3511274344439521198": {
      "message": "アクション"
   },
   "3518073392823563581": {
      "message": "キーボード ショートカット"
   },
   "3531603810713611778": {
      "message": "ファイル サイズの上限を超えました。1 つ以上のファイルを選択解除してください。"
   },
   "3543475399174940144": {
      "message": "+$1​"
   },
   "3547194749488601916": {
      "message": "更新しています..."
   },
   "354828103903104581": {
      "message": "チェックマーク付きのアイテム"
   },
   "3561658662634401836": {
      "message": "タイトル"
   },
   "357172711168973843": {
      "message": "最近追加したメモや変更が保存されませんでした。内容のコピーを作成してから、再読み込みしてください。"
   },
   "3586705906700410505": {
      "message": "線画"
   },
   "3587798318180902863": {
      "message": "{NUM_SELECTED,plural, =1{ 選択済み »}other{ 選択済み »}}"
   },
   "3595000514985906359": {
      "message": "Excel"
   },
   "3602920441714068008": {
      "message": "$1​ $2​ に通知済み"
   },
   "3608606849109645545": {
      "message": "新しいドキュメント名を入力:"
   },
   "361202495024972887": {
      "message": "動画をアップロード"
   },
   "361630518611593946": {
      "message": "チェックボックスを非表示"
   },
   "3625886392901506764": {
      "message": "または"
   },
   "3643146117250542609": {
      "message": "PDF はありません。"
   },
   "3645728163953189422": {
      "message": "ドキュメントが大きすぎるため、ダウンロードして表示することができません。"
   },
   "3651893685901703652": {
      "message": "..."
   },
   "3657386785336906042": {
      "message": "バックスラッシュ"
   },
   "3659554681396757189": {
      "message": "閲覧日"
   },
   "3663571259791438207": {
      "message": "不正行為を報告"
   },
   "3664842788764635265": {
      "message": "選択解除"
   },
   "3666123569747918021": {
      "message": "このドキュメントには保存されていない変更があります。変更を破棄してこのページから移動しますか？"
   },
   "3673346558112798837": {
      "message": "背景なし"
   },
   "3674811252904549204": {
      "message": "カバー写真"
   },
   "3678477908297567934": {
      "message": "アンダースコア"
   },
   "3681747688524363195": {
      "message": "先頭"
   },
   "3690515530505404607": {
      "message": "何らかの問題により、この動画を再生できませんでした。"
   },
   "369764661829607970": {
      "message": "{NUM_ITEMS,plural, =0{アイテムなし}=1{1 個のアイテム}other{# 個のアイテム}}"
   },
   "3712215972250917265": {
      "message": "コメント"
   },
   "3717138719704492547": {
      "message": "入力したアドレスに間違いがないかどうか確認してください。"
   },
   "374088101949877889": {
      "message": "閉じる"
   },
   "3745308627628779133": {
      "message": "新しいフォルダ"
   },
   "3748461364828242354": {
      "message": "色を選択"
   },
   "3770795578481676514": {
      "message": "黄"
   },
   "3771958676925493302": {
      "message": "フィルタを削除: $1​"
   },
   "3779945546806941187": {
      "message": "モノクロ"
   },
   "3793086499925031123": {
      "message": "検索バーを開く/前を検索"
   },
   "37992665410817181": {
      "message": "再開しました"
   },
   "3801617971018550169": {
      "message": "昨日"
   },
   "3808213429720572062": {
      "message": "復元"
   },
   "381100310424863459": {
      "message": "Illustrator"
   },
   "3842411126100113634": {
      "message": "PageUp"
   },
   "3844047145949375230": {
      "message": "ドキュメント"
   },
   "3858324058837632381": {
      "message": "何らかの問題により、この音声ファイルを再生できませんでした。"
   },
   "3864575916269080329": {
      "message": "検索可能な画像"
   },
   "3866373087987934712": {
      "message": "アップロードできませんでした: $1​"
   },
   "3869166581651870488": {
      "message": "編集を終了"
   },
   "3873215756962047275": {
      "message": "アーカイブ"
   },
   "3873467440437675460": {
      "message": "以前に選択したフォントが見つかりませんでした。"
   },
   "3897281533382850749": {
      "message": "ミュートを解除します"
   },
   "3936153839186254186": {
      "message": "表示: $1​"
   },
   "3955760658925284765": {
      "message": "再試行"
   },
   "3974064131130689245": {
      "message": "ギャラリー表示"
   },
   "3977699855735576796": {
      "message": "これ以降のページの読み込み中に問題が発生しました。"
   },
   "3988418762222300024": {
      "message": "ピリオド"
   },
   "3989552504822984034": {
      "message": "Google 図形描画"
   },
   "4005725939358875643": {
      "message": "操作を元に戻しました。"
   },
   "4014287326684608407": {
      "message": "青緑"
   },
   "4048275292053012394": {
      "message": "連絡先"
   },
   "4059387791040010947": {
      "message": "Meta"
   },
   "4067915791853673774": {
      "message": "{VIEWER_GENDER,select, female{閉じる}male{閉じる}other{閉じる}}"
   },
   "4078179869358383373": {
      "message": "一致する結果は見つかりませんでした。"
   },
   "4087667435414545203": {
      "message": "ログアウトしています。変更するには再読み込みしてください。"
   },
   "4093134637041332383": {
      "message": "詳細"
   },
   "4097007735221462946": {
      "message": "図形描画"
   },
   "4097921967754832323": {
      "message": "ハイフン"
   },
   "4100504115801514799": {
      "message": "メモをゴミ箱から戻しました"
   },
   "4119294114251628099": {
      "message": "指定した画像の URL を取得できませんでした。Google のサーバーがアクセスできない非公開の URL であることが考えられます。別の URL をお試しください。"
   },
   "4134385041569168669": {
      "message": "読み込んでいます..."
   },
   "4148564423510181521": {
      "message": "検索をクリア"
   },
   "4152315289461886": {
      "message": "ドキュメントのコントロール"
   },
   "4168280976997555951": {
      "message": "ドキュメントはありません。"
   },
   "4174786386751618325": {
      "message": "写真メモ"
   },
   "4182427157920112948": {
      "message": "チルダ"
   },
   "4200426647595470259": {
      "message": "音声ファイルの再生を開始"
   },
   "4200911267543705377": {
      "message": "Google ブログ検索を使用してブログを検索するには、上のボックスに検索キーワードを入力します。"
   },
   "4205329094859140439": {
      "message": "am"
   },
   "4211182812451835307": {
      "message": "編集可"
   },
   "4211806608204126222": {
      "message": "$2​利用規約$1​"
   },
   "4214190403999219403": {
      "message": "ズーム"
   },
   "4230101516585408149": {
      "message": "新しいメモを作成"
   },
   "4253741616909644861": {
      "message": "検索キーワード"
   },
   "4280747719095153198": {
      "message": "解決済みのコメント"
   },
   "4286663890332754386": {
      "message": "アップロードに失敗しました。"
   },
   "4299690446455033653": {
      "message": "Works"
   },
   "4314643310615423802": {
      "message": "ログインしていません。"
   },
   "4318861667254318892": {
      "message": "Google ビデオ"
   },
   "4319229296464464147": {
      "message": "追加日"
   },
   "4320831042030778": {
      "message": "キャンセル"
   },
   "4332252081504252077": {
      "message": "エラー。"
   },
   "4338991104991831337": {
      "message": "画像"
   },
   "4339705658383891586": {
      "message": "フルカラー"
   },
   "4343825450663233452": {
      "message": "閲覧可"
   },
   "4343836986248234462": {
      "message": "リスト アイテム"
   },
   "435214284915110062": {
      "message": "検索バーを開く"
   },
   "4372755508519489521": {
      "message": "ギャラリー表示"
   },
   "4391715930031906467": {
      "message": "次を検索します"
   },
   "4395845663892873002": {
      "message": "Home"
   },
   "4422985761498356257": {
      "message": "アプリで開く"
   },
   "4430062722430863019": {
      "message": "メモを完全に削除しますか？"
   },
   "4439812492856303238": {
      "message": "選択の処理中に予期しないエラーが発生しました。しばらくしてからもう一度お試しください。"
   },
   "4444571967705751871": {
      "message": "ゴミ箱"
   },
   "4466605492523079635": {
      "message": "保存"
   },
   "4468872996560163913": {
      "message": "[ゴミ箱] を今すぐ空にする"
   },
   "4473912481270012588": {
      "message": "ドライブに保存済み - 移動先:"
   },
   "45228242181482134": {
      "message": "再生します"
   },
   "4536519876526589338": {
      "message": "$1​ さんのアバター。"
   },
   "4552045407215325033": {
      "message": "上で入力した動画の URL を読み込めません。URL が正しく、サポートされているサイトの動画であることを確認してください。"
   },
   "4564682305303579317": {
      "message": "続行"
   },
   "456498742882714639": {
      "message": "移動先:"
   },
   "4588500131398315347": {
      "message": "サークルを作成"
   },
   "4604402426271704651": {
      "message": "写真なし"
   },
   "4620034373159179678": {
      "message": "$1​ ページ目/$2​ ページ"
   },
   "4630690108252818511": {
      "message": "画像は見つかりませんでした。"
   },
   "468283184702431827": {
      "message": "処理を開始しました"
   },
   "4695897771458936174": {
      "message": "Google+ で Google ドライブの写真を共有しよう"
   },
   "4740100782728373253": {
      "message": "ドライブに保存します"
   },
   "4748046231232264180": {
      "message": "Google フォーム"
   },
   "4767722428137216885": {
      "message": "キャンセル"
   },
   "477328789314249432": {
      "message": "メモを検索"
   },
   "4775368111547931093": {
      "message": "説明なし"
   },
   "4781742940361705258": {
      "message": "閉じる"
   },
   "4783695823456312682": {
      "message": "一番下に移動"
   },
   "47844150329705564": {
      "message": "「$1​」の検索結果"
   },
   "4798897505978458661": {
      "message": "動画は見つかりませんでした。"
   },
   "4805047680716507619": {
      "message": " - 移動先:"
   },
   "4806763987633034948": {
      "message": "PKCS7 署名"
   },
   "4833214200453019325": {
      "message": "$1​/$2​"
   },
   "4846720038197420778": {
      "message": "アプリをさらに接続"
   },
   "4853788427396558692": {
      "message": "$1​ MB"
   },
   "4858389278403807208": {
      "message": "ゴミ箱にメモがあります"
   },
   "4888104357342241891": {
      "message": "通知"
   },
   "4889853674709731963": {
      "message": "すべてのメモをオフラインで保存しました"
   },
   "4901386320110714275": {
      "message": "パスワードが間違っています。もう一度お試しください。"
   },
   "490372259452655427": {
      "message": "まだドキュメントを表示できません。"
   },
   "4906669330059413958": {
      "message": "パスワードを送信します"
   },
   "4908614808966678155": {
      "message": "「$1​」の検索結果はありません"
   },
   "4926020998477695737": {
      "message": "フォルダ $1​ に切り替える"
   },
   "4943176738805484221": {
      "message": "編集"
   },
   "4956678140555659175": {
      "message": "Backspace"
   },
   "4957674814179289955": {
      "message": "次/前のリスト アイテムに移動"
   },
   "4963784280521435720": {
      "message": "保存しています..."
   },
   "4969219890884320840": {
      "message": "更新"
   },
   "4983125135476400111": {
      "message": "メモ/リストをゴミ箱に移動"
   },
   "4988132901627446385": {
      "message": "詳細パネルを展開しました。"
   },
   "4998757387516632837": {
      "message": "改変後の再使用が許可された画像の検索結果を表示しています。"
   },
   "5006225450559627366": {
      "message": "他$1​件"
   },
   "501475221876543407": {
      "message": "追加したメモがここに表示されます"
   },
   "5023525794410110078": {
      "message": "写真にテキストを追加"
   },
   "5026241297254150381": {
      "message": "メモを追加"
   },
   "5046371569383796818": {
      "message": "保持"
   },
   "5055418092354683641": {
      "message": "Serif"
   },
   "5095987896933771566": {
      "message": "ドキュメントを印刷"
   },
   "5096751700090310607": {
      "message": "写真はありません。"
   },
   "509815948423424872": {
      "message": "ナビゲーション"
   },
   "5099245668405591445": {
      "message": "検索"
   },
   "512429649443191386": {
      "message": "$2​ヘルプ$1​"
   },
   "5124522868502261563": {
      "message": "スプレッドシート"
   },
   "5130903421326358933": {
      "message": "添付ファイルを Google ドライブに保存中に問題が発生しました。"
   },
   "5149937870346466591": {
      "message": "リスト表示"
   },
   "5169187962228219813": {
      "message": "LIFE の画像"
   },
   "5180454621500142444": {
      "message": "復元"
   },
   "5180989337128758117": {
      "message": "左大かっこ"
   },
   "5184692850089055965": {
      "message": "画像のテキストを抽出"
   },
   "5197718200713913936": {
      "message": "C++"
   },
   "5201670213497642487": {
      "message": "詳細パネルのタブ バーです。左右の矢印キーでタブを切り替えます。"
   },
   "5204391636475413312": {
      "message": "保存"
   },
   "5213411023807957844": {
      "message": "Google Keep を検索"
   },
   "5213974294317036409": {
      "message": "{numPages,plural, =0{}=1{1 ページ}other{# ページ}}"
   },
   "5226470917948786938": {
      "message": "アルファベット順"
   },
   "5238003680997310998": {
      "message": "その他"
   },
   "5238371081785912565": {
      "message": "$1​ で開く"
   },
   "5275493935807628890": {
      "message": "指定した URL の画像が見つかりません。"
   },
   "5281121179861637423": {
      "message": "「$1​」を開くにはパスワードが必要です。パスワードを入力してください"
   },
   "5288037028604092288": {
      "message": "XPS"
   },
   "5291153964865714504": {
      "message": "一致するメモはありません"
   },
   "5299648222246616124": {
      "message": "バッククォート"
   },
   "5304869088141363028": {
      "message": "注目の写真"
   },
   "5316658541831864803": {
      "message": "この種類のドキュメントの表示はサポートされていません。"
   },
   "5319313176242717957": {
      "message": "画像を処理しています..."
   },
   "5336801339221383042": {
      "message": "JavaScript"
   },
   "534228323125524312": {
      "message": "縮小"
   },
   "5353129315502554762": {
      "message": "スタイル シート"
   },
   "5372143986724491245": {
      "message": "$1​ 日前"
   },
   "5372160981898991853": {
      "message": "Publisher"
   },
   "5399553230649155346": {
      "message": "$1​ 時間後"
   },
   "5403830377590414208": {
      "message": "白"
   },
   "5408091115193390231": {
      "message": "AutoCAD"
   },
   "5438481737351808090": {
      "message": "午後（$1​）"
   },
   "544377415081282702": {
      "message": "エラー。"
   },
   "5447119197363232006": {
      "message": "ドライブで表示します"
   },
   "5465323999933375616": {
      "message": "Google ドキュメントの形式でないファイルを表示/ダウンロードするための帯域幅の上限に達しました。しばらくしてからもう一度お試しください。"
   },
   "5472312735475866917": {
      "message": "$1​ さんのコメント。"
   },
   "547865385964196102": {
      "message": "$1​ 分前"
   },
   "5482872484546230111": {
      "message": "書籍を検索"
   },
   "5494181290179470995": {
      "message": "削除"
   },
   "5500117709595533163": {
      "message": "Google ブックスを使用して電子書籍を検索するには、上のボックスに検索キーワードを入力します。"
   },
   "5514516347328112388": {
      "message": "$2​ここをクリック$1​して元のドキュメントをダウンロードすることもできます。"
   },
   "5529532831767466284": {
      "message": "{VIEWER_GENDER,select, female{{DEGREES}° {MINUTES}' {SECONDS}\"}male{{DEGREES}° {MINUTES}' {SECONDS}\"}other{{DEGREES}° {MINUTES}' {SECONDS}\"}}"
   },
   "5555182241047709329": {
      "message": "場所を選択"
   },
   "5555599189512365009": {
      "message": "OK"
   },
   "5571842632470308750": {
      "message": "すべての種類"
   },
   "5588597116382648727": {
      "message": "解凍を開始しています。"
   },
   "5598649706113950710": {
      "message": "編集"
   },
   "5609727719971819773": {
      "message": "{VIEWER_GENDER,select, female{戻る}male{戻る}other{戻る}}"
   },
   "5627470193961862490": {
      "message": "今後のリマインダーが設定されているメモがここに表示されます"
   },
   "5631086126416409232": {
      "message": "青"
   },
   "564165666160590723": {
      "message": "Windows Media Player"
   },
   "5660422479531064559": {
      "message": "フォームはありません。"
   },
   "5675154446465700699": {
      "message": "PDF"
   },
   "568072913338360182": {
      "message": "HTML"
   },
   "5707549724380589079": {
      "message": "選択したアイテムを削除しますか？"
   },
   "5714240424645614611": {
      "message": "Android パッケージ"
   },
   "5728640851616538925": {
      "message": "緑"
   },
   "5744491383087191878": {
      "message": "入力した画像の URL が間違っているか、読み込めません。"
   },
   "5747728324987383020": {
      "message": "顔"
   },
   "5783875011049188612": {
      "message": "画像のテキストが抽出されました"
   },
   "5785010887521443923": {
      "message": "削除"
   },
   "5834678297024555032": {
      "message": "許可する"
   },
   "5840330517914556080": {
      "message": "縮小"
   },
   "5842536098490298653": {
      "message": "フォントは見つかりませんでした。"
   },
   "5865680764501413616": {
      "message": "テキストを認識できません。"
   },
   "5871966496153339793": {
      "message": "動画「$1​」のサムネイルを表示しています"
   },
   "5875004331736681428": {
      "message": "メール アカウントに解凍しています。"
   },
   "587666071025645113": {
      "message": "検索"
   },
   "5877526626743756786": {
      "message": "フィードバック"
   },
   "5889725440363483648": {
      "message": "グループ内の全員"
   },
   "5911012384539794869": {
      "message": "解凍を開始できませんでした。"
   },
   "5916010927050975496": {
      "message": "$1​ KB"
   },
   "5949528478488617689": {
      "message": "ダウンロード権限"
   },
   "5950887255133612666": {
      "message": "開始していません。"
   },
   "5969696744752069015": {
      "message": "プレビューはありません。"
   },
   "5971400924847413790": {
      "message": "代わりに$2​プレーン HTML$1​ を表示できます（自動的にリダイレクトします）。"
   },
   "5972111804366033138": {
      "message": "ダウンロードします"
   },
   "5975031149676029214": {
      "message": "全員"
   },
   "5976369213680241300": {
      "message": "画像を検索"
   },
   "5980081664136280513": {
      "message": "緑"
   },
   "5984398071085567332": {
      "message": "Google Fusion Tables"
   },
   "6009962986062136164": {
      "message": "$1​ を読み込んでいます。"
   },
   "60305871484579258": {
      "message": "Alt"
   },
   "6043068172993241858": {
      "message": "このサークルには誰もいません。"
   },
   "604883455412617728": {
      "message": "該当する連絡先はありません。"
   },
   "6051386830221821025": {
      "message": "ログインしています..."
   },
   "6064654062949366878": {
      "message": "再生"
   },
   "6070475007374165567": {
      "message": "保存しています..."
   },
   "6083586461434260179": {
      "message": "新しくなったデザイン"
   },
   "6087078248621415351": {
      "message": "最終更新: $1​"
   },
   "6091926883608250483": {
      "message": "その他"
   },
   "6105571474005679446": {
      "message": "プレビューに問題が発生しました。"
   },
   "6113237889871930608": {
      "message": "空白のメモ"
   },
   "6118623991445349480": {
      "message": "$1​ ページ目"
   },
   "6122643025527543706": {
      "message": "Ctrl"
   },
   "6131822680770571276": {
      "message": "PowerPoint"
   },
   "6140634664402328750": {
      "message": "アプリ リスト"
   },
   "6149175749937815029": {
      "message": "すべてのアイテムを表示します"
   },
   "6160805346274626656": {
      "message": "完全に削除"
   },
   "616807262818311711": {
      "message": "種類"
   },
   "6175043905327075444": {
      "message": "最近選択したアイテム"
   },
   "6177107655089301674": {
      "message": "Android 向け Google Keep アプリをダウンロードしよう"
   },
   "6185886893933834031": {
      "message": "選択したメモを保存"
   },
   "6186290899408627510": {
      "message": "Enter"
   },
   "6189891414154673003": {
      "message": "マイマップ"
   },
   "6203260615455347677": {
      "message": "Numbers"
   },
   "6223207695466118454": {
      "message": "YouTube"
   },
   "6224687211096863620": {
      "message": "全員"
   },
   "623118860067088424": {
      "message": "動画"
   },
   "6231401379881217113": {
      "message": "Ins"
   },
   "6252259197986158120": {
      "message": "昨日"
   },
   "6253076263700695984": {
      "message": "認証エラーです。再読み込みしてください。"
   },
   "6255475144867830247": {
      "message": "他のナビゲーション タブから選択します。"
   },
   "6267063643272327592": {
      "message": "しばらくしてからもう一度お試しください。"
   },
   "6290270819062517523": {
      "message": "選択したアイテムが多すぎます。1 つ以上の選択を解除してください。"
   },
   "6305748545202493254": {
      "message": "詳細パネルを表示/非表示"
   },
   "6324768448533022780": {
      "message": "$2​ 年 $1​"
   },
   "6331677437567501421": {
      "message": "ダウンロード権限の更新中に問題が発生しました。"
   },
   "6333496730738019575": {
      "message": "読み込んでいます..."
   },
   "634900089121611600": {
      "message": "動画はありません。"
   },
   "6362170008350775214": {
      "message": "$1​ で通知"
   },
   "6375395544374251820": {
      "message": "これ以降のページの読み込み中に問題が発生しました。再試行しています..."
   },
   "6376739025584042564": {
      "message": "写真を切り抜き"
   },
   "6386587519843563719": {
      "message": "バイナリ ファイル"
   },
   "6416495701611778255": {
      "message": "おすすめのサードパーティ アプリ"
   },
   "6419411265907669340": {
      "message": "今日"
   },
   "6436479735235889890": {
      "message": "$1​ $2​に通知"
   },
   "6450508807204492448": {
      "message": "「$1​」のアイコン"
   },
   "6457802200418354862": {
      "message": "閲覧者はダウンロードできます"
   },
   "6459405233858728718": {
      "message": "Google スライド"
   },
   "6464761738227651511": {
      "message": "$1​ 分前"
   },
   "6466736813846482957": {
      "message": "前へ"
   },
   "6479216014938929613": {
      "message": "夜間（$1​）"
   },
   "6482358947077977110": {
      "message": "Google 検索の画像"
   },
   "6487403767449360463": {
      "message": "Keep を再読み込みしますか？"
   },
   "6488225756782357866": {
      "message": "選択した画像が Google 画像検索で見つかったページ:"
   },
   "6510131849363684615": {
      "message": "明日"
   },
   "6516256764288947999": {
      "message": "名前タグ付け"
   },
   "6522917155620379865": {
      "message": "ダウンロード"
   },
   "6524849072392100692": {
      "message": "Google ドライブ フォルダ"
   },
   "6551588617715293696": {
      "message": "並べ替えオプション"
   },
   "6570921376519753466": {
      "message": "装飾フォント"
   },
   "6571686604846453345": {
      "message": "このアイテムをドライブに追加中に問題が発生しました。"
   },
   "6582286158693833652": {
      "message": "詳細"
   },
   "6588176324871799870": {
      "message": "Google Apps Script"
   },
   "6602430002978098812": {
      "message": "手書きフォント"
   },
   "6614046405230762587": {
      "message": "連絡先は見つかりませんでした。"
   },
   "6622304228074863427": {
      "message": "アプリケーション"
   },
   "6624754161346656119": {
      "message": "$1​ さんのアバター。"
   },
   "6644861766016503644": {
      "message": "パスワード必須"
   },
   "6650600936729710500": {
      "message": "返信。"
   },
   "666311703374681171": {
      "message": "画像と動画"
   },
   "6666820082708870349": {
      "message": "削除"
   },
   "6707173584987026005": {
      "message": "今日"
   },
   "6709984792949009238": {
      "message": "自分の最終閲覧"
   },
   "6726462693927865256": {
      "message": "詳細"
   },
   "6726879257388338969": {
      "message": "印刷"
   },
   "6726925393892510846": {
      "message": "エラーが発生しました。もう一度お試しください。"
   },
   "6741759391888465238": {
      "message": "ドライブに保存中 - 移動先:"
   },
   "6744457949320515234": {
      "message": "空のメモが破棄されました"
   },
   "6757218172402086688": {
      "message": "メモを検索..."
   },
   "6780628488957834429": {
      "message": "オレンジ"
   },
   "6784073265197389491": {
      "message": "詳細"
   },
   "681598652078493281": {
      "message": "詳細"
   },
   "6818286476757207074": {
      "message": "使用する権利があることを確認した画像のみを選択してください。"
   },
   "682070933835616121": {
      "message": "表はありません。"
   },
   "6822338149422461362": {
      "message": "Google ドライブ"
   },
   "6827821461670731013": {
      "message": "チェックボックスを表示"
   },
   "6828581947433060251": {
      "message": "アイテム名の変更中に問題が発生しました。"
   },
   "6833760103261954639": {
      "message": "このページの読み込み中に問題が発生しました。再試行しています..."
   },
   "6841020391100928352": {
      "message": "ファイル サイズの上限を超えました。"
   },
   "6851307437837490686": {
      "message": "閲覧者にダウンロードを許可しない"
   },
   "6856672816797218730": {
      "message": "添付"
   },
   "6891563484025164308": {
      "message": "前へ移動します"
   },
   "6893687445500687349": {
      "message": "サイト"
   },
   "6898823203505321799": {
      "message": "詳細"
   },
   "6904351530369058983": {
      "message": "オーナー"
   },
   "6905021988981026920": {
      "message": "動画検索"
   },
   "6922953828399110511": {
      "message": "ビューアを閉じる"
   },
   "6929958461954697067": {
      "message": "あなたが写った写真"
   },
   "6939782595426687411": {
      "message": "追加しています..."
   },
   "6940998537415516791": {
      "message": "の"
   },
   "695253297035211081": {
      "message": "ゴミ箱を空にする"
   },
   "6967244066810487978": {
      "message": "ゴミ箱"
   },
   "6970167488058122005": {
      "message": "著者不明"
   },
   "6976414863987386971": {
      "message": "フォーム"
   },
   "7001938470263404128": {
      "message": "アップロード"
   },
   "7002768663714031226": {
      "message": "アップデート"
   },
   "7004919150329996187": {
      "message": "該当するユーザーはこのサークルには見つかりませんでした。"
   },
   "7054631817922169541": {
      "message": "Google Keep に保存されていない変更があります。変更を破棄してこのページから移動しますか？"
   },
   "7059437903473652416": {
      "message": "YouTube 動画「$1​」を再生"
   },
   "7080196430479494775": {
      "message": "再試行"
   },
   "7084324152376766809": {
      "message": "$1​ 日前"
   },
   "7084991134824194740": {
      "message": "通知を追加/編集"
   },
   "7092062731478679314": {
      "message": "サークルは見つかりませんでした。"
   },
   "7117183622067702162": {
      "message": "Google ドライブを使えば、メールにファイルを添付して送る必要はもうありません。Google ドライブに保管したファイルへのリンクを知らせるだけで、全員が同じファイルの同じ版にアクセスできるようになります。"
   },
   "713754035716193665": {
      "message": "新しいリストを作成"
   },
   "7146242673022399081": {
      "message": "テキスト"
   },
   "7148992630785407972": {
      "message": "このファイルはパスワードで保護されているため、プレビューを表示できません。"
   },
   "7151987668860086450": {
      "message": "ウェブ検索"
   },
   "7153847618034547771": {
      "message": "有効にする"
   },
   "7161134329606048317": {
      "message": "閉じる"
   },
   "7164532930742017984": {
      "message": "リンクを知っている全員"
   },
   "7174189954350964804": {
      "message": "再試行"
   },
   "7177591028189992523": {
      "message": "移動"
   },
   "7188754206068648188": {
      "message": "カンマ区切りデータ"
   },
   "7225837680381806920": {
      "message": "夕方（$1​）"
   },
   "722702934847795304": {
      "message": "Project"
   },
   "7236199858216720905": {
      "message": "マップ"
   },
   "7247530225058410142": {
      "message": "$2​ $1​"
   },
   "7259352906118493156": {
      "message": "サイトはありません。"
   },
   "7282548567245878869": {
      "message": "アイテムを削除しました"
   },
   "7295712436136900176": {
      "message": "再読み込み"
   },
   "7310311230493556740": {
      "message": "URL"
   },
   "7339696241980105410": {
      "message": "選択した動画は存在しません。オーナーが削除した可能性があります。"
   },
   "7342923890755029722": {
      "message": "閉じます"
   },
   "734478884582426793": {
      "message": "圧縮アーカイブ"
   },
   "7357017164339332230": {
      "message": "これらの画像は、Google の無料写真ホスティング サービスである $2​Picasa ウェブ アルバム$1​でも閲覧、共有できます。"
   },
   "736105042796745909": {
      "message": "{VIEWER_GENDER,select, female{フォルダを作成}male{フォルダを作成}other{フォルダを作成}}"
   },
   "7362061801920948830": {
      "message": "もっとアップロード"
   },
   "7364571366369083618": {
      "message": "動画"
   },
   "7377239345926788722": {
      "message": "アクション"
   },
   "7380785991026002613": {
      "message": "再使用が許可された画像の検索結果を表示しています。"
   },
   "7382688299146249119": {
      "message": "アイテムをダウンロード"
   },
   "7383706174467122149": {
      "message": "メモを削除しました"
   },
   "7388342865555961406": {
      "message": "$1​ 日後"
   },
   "7393771571081973549": {
      "message": "C"
   },
   "740507516967994591": {
      "message": "開く"
   },
   "7422452809590461532": {
      "message": "赤"
   },
   "7426603384368095928": {
      "message": "もう一度ログインして作業を続けるには、ページを再読み込みしてください。"
   },
   "7429084719905985261": {
      "message": "Objective C"
   },
   "7432956605646331928": {
      "message": "SQL"
   },
   "7440735091552109962": {
      "message": "$2​（編集: $1​）"
   },
   "7441891675459021164": {
      "message": "ドライブに保存しています"
   },
   "7451573821837395189": {
      "message": "アイテムを$2​ドライブ$1​に追加しました。"
   },
   "7468322419516352788": {
      "message": "説明の更新中に問題が発生しました。"
   },
   "7488945223835574498": {
      "message": "Postscript"
   },
   "7492710087472140422": {
      "message": "詳細"
   },
   "7493919863870655172": {
      "message": "ウェブ カメラ"
   },
   "7500786109708143683": {
      "message": "音声を削除しました"
   },
   "7501027876827009022": {
      "message": "営利目的での再使用が許可された画像の検索結果を表示しています。"
   },
   "7521272923988336579": {
      "message": "今すぐ Keep を再読み込みして最新情報を取得しましょう。"
   },
   "7532552995569296274": {
      "message": "検索をクリア"
   },
   "7546994163355383999": {
      "message": "すべてのメモを保存しました"
   },
   "7559208209275370228": {
      "message": "自分の最終編集"
   },
   "7565383798249439151": {
      "message": "$1​ 日後"
   },
   "7565870443143407759": {
      "message": "ドキュメント内で検索"
   },
   "7586291841734385643": {
      "message": "ポップアウトします"
   },
   "7598582624136632660": {
      "message": "検索バーを開く/次を検索"
   },
   "7602870977118971161": {
      "message": "再読み込み"
   },
   "7610654194202731772": {
      "message": "削除"
   },
   "761925792744044896": {
      "message": "プロフィール写真に設定"
   },
   "7630723924002267143": {
      "message": "キーボード ショートカットが有効になっています。"
   },
   "7640546114686970497": {
      "message": "アイテムを追加できません"
   },
   "7669846901402551021": {
      "message": "今日"
   },
   "7691521283331762131": {
      "message": "アーカイブしたメモがここに表示されます"
   },
   "772000107335590599": {
      "message": "$1​ 分後"
   },
   "7734578122414851725": {
      "message": "PHP"
   },
   "7745005220197261896": {
      "message": "ブックス"
   },
   "7759846028901235026": {
      "message": "メモのアーカイブを解除しました"
   },
   "776065748745885880": {
      "message": "Space"
   },
   "7770982082843341533": {
      "message": "このフォルダ内にアイテムはありません。"
   },
   "779472474101127362": {
      "message": "スナップショットを撮影"
   },
   "7800318069267901681": {
      "message": "変更日"
   },
   "7805487598105530487": {
      "message": "インライン"
   },
   "7814778057875152792": {
      "message": "Google ドライブ内の選択したフォルダに添付ファイルを移動中に問題が発生しました。"
   },
   "7820417126206702946": {
      "message": "表示された結果は、Google ドライブ内でのみ個人利用または商用で使用でき、個別に再配布または販売することはできません。"
   },
   "7822364282298323175": {
      "message": "リストを削除しました"
   },
   "7830513726270865588": {
      "message": "カレンダー"
   },
   "7845751753397906805": {
      "message": "一致しない編集内容が見つかりました"
   },
   "7852396628465259068": {
      "message": "プロフィール写真"
   },
   "7859526172011446452": {
      "message": "キャストを停止します"
   },
   "78870906674150830": {
      "message": "$3​$1​$2​"
   },
   "7895643887742936844": {
      "message": "セミコロン"
   },
   "7899833760457194273": {
      "message": "画像検索"
   },
   "7899913952063063825": {
      "message": "画像を削除しました"
   },
   "7906726367011430855": {
      "message": "接続"
   },
   "7910518224461588465": {
      "message": "黄"
   },
   "7953603850004320936": {
      "message": "プレビューできません。"
   },
   "7957306528733096600": {
      "message": "処理を完了しました"
   },
   "7960528690514646841": {
      "message": "{moreCount,plural, =0{unused plural form}=1{他 1 人}other{他 {moreCount} 人}}"
   },
   "7973635145070803181": {
      "message": "写真をアップロード"
   },
   "7987180255015869513": {
      "message": "または、ウェブアドレスを貼り付け:"
   },
   "8011497727123874703": {
      "message": "$1​ フォルダ ボタン"
   },
   "8016231262233952856": {
      "message": "青緑"
   },
   "8019402848412685977": {
      "message": "名前を「$2​」から「$1​」に変更しました。"
   },
   "8023466614826324314": {
      "message": "写真は多数のユーザーと共有されます。"
   },
   "8043514121228710092": {
      "message": "画像を追加"
   },
   "8044700199531805239": {
      "message": "$3​$1​$2​ を接続しました。"
   },
   "8069384932934428393": {
      "message": "$1​ 分後"
   },
   "8081927474846706026": {
      "message": "図形描画はありません。"
   },
   "8090743714060857028": {
      "message": "閲覧者はダウンロードできません"
   },
   "8095838445486198080": {
      "message": "{FILE_SIZE,plural, =0{0 バイト}=1{1 バイト}other{# バイト}}"
   },
   "8099047958506869131": {
      "message": "{VIEWER_GENDER,select, female{新しいフォルダ}male{新しいフォルダ}other{新しいフォルダ}}"
   },
   "8100558294600077150": {
      "message": "ブログ検索"
   },
   "8105635255693472607": {
      "message": "新しいリスト アイテムの追加"
   },
   "8106780183458743723": {
      "message": "フォト アルバム"
   },
   "8112699352770418817": {
      "message": "書籍は見つかりませんでした。"
   },
   "8132410616064087953": {
      "message": "動画が長すぎます（最大長は $1​ 秒）。"
   },
   "8135145577663029437": {
      "message": "両方のメモを保存"
   },
   "8146560259680897627": {
      "message": "キャンセル"
   },
   "8158191101452862916": {
      "message": "画像を挿入"
   },
   "8159493406018222636": {
      "message": "フィードバックを送信"
   },
   "8172945196588870035": {
      "message": "イベント"
   },
   "8174654098152723289": {
      "message": "説明を編集します"
   },
   "8178754379486173416": {
      "message": "{VIEWER_GENDER,select, female{選択したアイテムが少なすぎます。もっと選択してください。}male{選択したアイテムが少なすぎます。もっと選択してください。}other{選択したアイテムが少なすぎます。もっと選択してください。}}"
   },
   "8192378456655629049": {
      "message": "動画を処理しています..."
   },
   "8193991135666622583": {
      "message": "Keep"
   },
   "821942580510564685": {
      "message": "このドキュメントを表示するにはパスワードを入力してください"
   },
   "8239237134193392595": {
      "message": "場所に基づく通知は、携帯端末でのみ表示されます。"
   },
   "8267458240960831780": {
      "message": "認証しています..."
   },
   "8281141013543828574": {
      "message": "Raw 画像"
   },
   "8281678863271800533": {
      "message": "画像フィルタ"
   },
   "8283103456188558313": {
      "message": "プレゼンテーション"
   },
   "8290434443655418968": {
      "message": "{filesCount,plural, =0{unused plural form}=1{選択したファイル [{file}] はアップロードできません。}other{選択したファイル [{files}] はアップロードできません。}}"
   },
   "8304474373444239435": {
      "message": "$1​ さんの返信。"
   },
   "8322416564157128458": {
      "message": "共有"
   },
   "8324195080917648153": {
      "message": "動画がウィンドウに収まりません。ブラウザのウィンドウを少し拡大してください。"
   },
   "8337582740675387693": {
      "message": "Java"
   },
   "8342684858400436871": {
      "message": "Tab"
   },
   "8379952094517631162": {
      "message": "いいえ"
   },
   "8409393124758970712": {
      "message": "$2​ x $1​"
   },
   "8412684147928483084": {
      "message": "黒"
   },
   "8435544675017330861": {
      "message": "該当するアイテムは見つかりませんでした。"
   },
   "8436817383042650304": {
      "message": "CapsLock"
   },
   "8451184312655705174": {
      "message": "入力した URL が正しければ、プレビューがここに表示されます。サイズの大きな画像は、表示されるまでに数分かかることがあります。"
   },
   "8467894483369467251": {
      "message": "Flash"
   },
   "8506198918368329269": {
      "message": "改変後の営利目的での再使用が許可された画像の検索結果を表示しています。"
   },
   "8571315158566081191": {
      "message": "スプレッドシートはありません。"
   },
   "8580600056399054303": {
      "message": "新規またはチェック済みの項目の配置先を設定できます"
   },
   "8595175575778060149": {
      "message": "その他のアクション"
   },
   "8596257056433048992": {
      "message": "ようこそ"
   },
   "8616342546716995946": {
      "message": "OK"
   },
   "8621067185485606452": {
      "message": "ECMAScript"
   },
   "8638281560898810401": {
      "message": "{MINUTES,plural, =0{0 分 }=1{1 分 }other{# 分 }}{SECONDS,plural, =0{0 秒。}=1{1 秒。}other{# 秒。}}"
   },
   "863955692838281739": {
      "message": "閉じる"
   },
   "8643398764569428530": {
      "message": "Google Keep に通知の表示を許可しますか？"
   },
   "8652566647088230560": {
      "message": "社内試用版（社外秘）"
   },
   "8660016472468563221": {
      "message": "コロン"
   },
   "8663507590720636709": {
      "message": "$1​、他 $2​ 個以上"
   },
   "8666643061920113075": {
      "message": "{VIEWER_GENDER,select, female{画像の URL をここに貼り付け:}male{画像の URL をここに貼り付け:}other{画像の URL をここに貼り付け:}}"
   },
   "8674222789100049233": {
      "message": "閉じる"
   },
   "86815590954366945": {
      "message": "アーカイブ コンテンツのリスト"
   },
   "8709611758728645225": {
      "message": "PageDown"
   },
   "8711002053494037632": {
      "message": "すべてのアイテムの選択を解除"
   },
   "8748281640412284111": {
      "message": "ストック フォトの画像"
   },
   "8759520888087120926": {
      "message": "スクリプトはありません。"
   },
   "8775097441636640256": {
      "message": "$2​ - $1​"
   },
   "8780212274435014958": {
      "message": "サークル"
   },
   "8781837301864053001": {
      "message": "リッチ テキスト"
   },
   "8792038552136453044": {
      "message": "問題が発生しました"
   },
   "8793166064242077041": {
      "message": "何らかの問題により、この画像を表示できませんでした。"
   },
   "8813101408630252335": {
      "message": "$1​ 秒"
   },
   "8820281478062782578": {
      "message": "検索"
   },
   "8822326207328431952": {
      "message": "画像はアップロードできません"
   },
   "8840223453482998505": {
      "message": "選択したフォルダ「$1​」"
   },
   "8845176264121061589": {
      "message": "すべてのアイテムの選択を解除"
   },
   "8850238112725591771": {
      "message": "ショートカット $1​"
   },
   "8852550049823214385": {
      "message": "を押してから"
   },
   "8883744193208363722": {
      "message": "アプリのアップデートをご利用いただけます。"
   },
   "8884900765322249670": {
      "message": "リスト表示"
   },
   "8889019648958415451": {
      "message": "不明なファイル"
   },
   "8911996820409711834": {
      "message": "新しいリスト アイテムにテキストを移動 &raquo;"
   },
   "8916237870980173557": {
      "message": "接続しています..."
   },
   "8917554093651202032": {
      "message": "「$1​」を再生"
   },
   "8919660666733306860": {
      "message": "画像"
   },
   "8930959387403789939": {
      "message": "通知"
   },
   "8943760679396635042": {
      "message": "$1​ を表示しています。"
   },
   "8953555255469284376": {
      "message": "画像をここにドロップ"
   },
   "8979615310931291676": {
      "message": "編集日時: $1​"
   },
   "8986044948621891903": {
      "message": "Google ウェブ検索を使用してウェブを検索するには、上のボックスに検索キーワードを入力します。"
   },
   "901615442107785480": {
      "message": "メモ/リストをアーカイブ"
   },
   "9024023699330078373": {
      "message": "このアイテムを開くとドライブに追加されます"
   },
   "9028041601596584772": {
      "message": "場所"
   },
   "9058308423774656474": {
      "message": "Hangul Word Processor"
   },
   "9083935734710258396": {
      "message": "許可しない"
   },
   "9094248058931620597": {
      "message": "詳細パネルを折りたたみました。"
   },
   "9114674068220302553": {
      "message": "添付"
   },
   "911586799466052745": {
      "message": "OpenOffice 図形描画"
   },
   "9130962320402467249": {
      "message": "ストック フォト"
   },
   "9146716987301178362": {
      "message": "エラーが発生しました。再読み込みしてください。"
   },
   "9165877886714239857": {
      "message": "画像のテキストを抽出できません。しばらくしてからもう一度お試しください。"
   },
   "916773043895242978": {
      "message": "入力した画像の URL が間違っているか、読み込めません。画像の URL を正しく入力してください。"
   },
   "9173629944963872598": {
      "message": "イベントは見つかりませんでした。"
   },
   "9182500445937900938": {
      "message": "閉じる"
   },
   "9195941533351099011": {
      "message": "アップロードしています（$1​/$2​）"
   },
   "9197837492705576727": {
      "message": "次のアイテムに移動"
   },
   "919969969251998566": {
      "message": "メール アカウントにこのアーカイブを解凍します。"
   },
   "9203542510134660095": {
      "message": "解凍を開始しました。アーカイブされたコンテンツが解凍されるドライブのフォルダ: $1​"
   },
   "940276535015195877": {
      "message": "フォルダはありません。"
   },
   "943493480163896757": {
      "message": "{resultCount,plural, =1{# 件の一致するメモ}other{# 件の一致するメモ}}"
   },
   "951963820437151566": {
      "message": "Google サイト"
   },
   "95809842507987016": {
      "message": "削除"
   },
   "963611681085757795": {
      "message": "現在、ドキュメントを表示できません。"
   },
   "96556988207614774": {
      "message": "カレンダー"
   },
   "974042541427403929": {
      "message": "青"
   },
   "980395722421409371": {
      "message": "地図は見つかりませんでした。"
   },
   "982187142411651629": {
      "message": "閉じる"
   },
   "985197728509875956": {
      "message": "化学モデル"
   },
   "996381410993745580": {
      "message": "Photoshop"
   },
   "998727788921602971": {
      "message": "動画"
   },
   "appDesc": {
      "description": "App description",
      "message": "思いついたらすぐにメモ。最適な場所や時間で通知を表示できます。"
   },
   "appName": {
      "description": "App name.",
      "message": "Google Keep - メモとリスト"
   }
}
