{
   "1006787209796778126": {
      "message": "내 드라이브"
   },
   "1017907757187630742": {
      "message": "내 글꼴"
   },
   "1029072043275376320": {
      "message": "캘린더가 없습니다."
   },
   "1030781695901615026": {
      "message": "맨 아래"
   },
   "103870949919613488": {
      "message": "메모가 보관처리됨"
   },
   "1039394921418415681": {
      "message": "로그인"
   },
   "1083918249169198626": {
      "message": "단축키를 사용하지 않도록 설정되어 있습니다."
   },
   "1090919586152138659": {
      "message": "스톡"
   },
   "1101371910696766077": {
      "message": "사본 만들기"
   },
   "1107413433574576014": {
      "message": "제목이 너무 커서 강조표시된 텍스트가 저장되지 않습니다."
   },
   "1127320433256851404": {
      "message": "동영상 플레이어"
   },
   "1162642135048988280": {
      "message": "문서 이름 바꾸기"
   },
   "1166244120191806795": {
      "message": "의견 보내기"
   },
   "1179891706526242218": {
      "message": "다음"
   },
   "1185164838496022543": {
      "message": "페이지를 새로고침하려면 여기를 클릭하세요."
   },
   "1185644932132585290": {
      "message": "$1​자 남음"
   },
   "1213005208968286932": {
      "message": "완료됨으로 표시됨"
   },
   "1263557413037343589": {
      "message": "사진 정리"
   },
   "1263685395252160366": {
      "message": "LaTeX"
   },
   "1311350045083871503": {
      "message": "취소"
   },
   "1311729747516144362": {
      "message": "빨간색"
   },
   "1315844696796851207": {
      "message": "Sans Serif"
   },
   "1319037146426591038": {
      "message": "또는"
   },
   "132822872080714863": {
      "message": "확인"
   },
   "133192954417440569": {
      "message": "검색결과가 없습니다."
   },
   "1349697396109290623": {
      "message": "$1​의 더 높은 해상도 표시"
   },
   "1376126796144976437": {
      "message": "모든 글꼴"
   },
   "139942704574044780": {
      "message": "수락"
   },
   "141491180325662484": {
      "message": "Google 드라이브를 사용하면 모든 파일을 한 곳에 보관하여 장소에 관계없이 어느 기기에서나 이용할 수 있습니다. Google 드라이브에 사진을 저장하면 서클과 바로 공유할 수 있습니다."
   },
   "1418114637490664392": {
      "message": "LIFE 사진 자료실"
   },
   "1419896259743862406": {
      "message": "연결 프로그램"
   },
   "1440171352837969028": {
      "message": "동영상/오디오"
   },
   "1441487391064925653": {
      "message": "도움말 센터의 모든 단축키 보기"
   },
   "1446829548948002072": {
      "message": "쉼표"
   },
   "1454684154234137497": {
      "message": "Pause"
   },
   "1459765068821943106": {
      "message": "{VIEWER_GENDER,select, female{YouTube URL 붙여넣기:}male{YouTube URL 붙여넣기:}other{YouTube URL 붙여넣기:}}"
   },
   "1463079206290378085": {
      "message": "orkut 사진"
   },
   "1463389029497634261": {
      "message": "볼륨 낮추기"
   },
   "1475179211173444554": {
      "message": "도메인 내 링크가 있는 모든 사용자"
   },
   "1492360016907725281": {
      "message": "{VIEWER_GENDER,select, female{동영상 URL 붙여넣기:}male{동영상 URL 붙여넣기:}other{동영상 URL 붙여넣기:}}"
   },
   "1493251742569121894": {
      "message": "메모가 너무 커서 강조표시된 텍스트가 저장되지 않습니다."
   },
   "1493384967280942491": {
      "message": "분홍색"
   },
   "1499433769420882987": {
      "message": "$1​ 표시 중"
   },
   "1505876360160857231": {
      "message": "$1​TB"
   },
   "1521707405717823409": {
      "message": "보라색"
   },
   "153439508598626384": {
      "message": "내 사진"
   },
   "1536051766421561160": {
      "message": "등호"
   },
   "156992719062713230": {
      "message": "회색"
   },
   "1586968957182554447": {
      "message": "사용 안함"
   },
   "1588268697057804046": {
      "message": "$1​시간 전"
   },
   "1603139897109307706": {
      "message": "오류가 발생했습니다. 다시 시도해 주세요."
   },
   "1604359562654146902": {
      "message": "사진"
   },
   "1633370388224271051": {
      "message": "사용자가 없습니다."
   },
   "1633798963327779260": {
      "message": "내일"
   },
   "1654222450095043962": {
      "message": "오디오"
   },
   "1656911987308166143": {
      "message": "삭제"
   },
   "1665821947855814052": {
      "message": "크기"
   },
   "1692901784886701962": {
      "message": "메모가 너무 큽니다."
   },
   "1697160643589236962": {
      "message": "$1​PB"
   },
   "1700522311470719738": {
      "message": "나에게 알림"
   },
   "1701312243672511585": {
      "message": "텍스트를 새 메모로 이동 &raquo;"
   },
   "1709410429018687341": {
      "message": "오전($1​)"
   },
   "1715552550526864429": {
      "message": "블로그 검색"
   },
   "171683163267149669": {
      "message": "$1​GB"
   },
   "1739900012825270238": {
      "message": "이전 항목으로 이동"
   },
   "1756171223417807431": {
      "message": "이미지가 공개되어 있는지 확인하세요. 비밀번호로 보호되거나 내부 네트워크에 있는 이미지인 경우 Google에서 읽을 수 없습니다."
   },
   "1759957963056319953": {
      "message": "$1​에서 돌아가기"
   },
   "1783719421893050637": {
      "message": "크기"
   },
   "178927681797742562": {
      "message": "로그인"
   },
   "1791115075948268631": {
      "message": "단축키 도움말 열기"
   },
   "1808245543551507519": {
      "message": "오디오"
   },
   "1816851800848432562": {
      "message": "삭제"
   },
   "1818306025747564729": {
      "message": "링크로 이동"
   },
   "1823222042913714987": {
      "message": "비밀번호 입력"
   },
   "1823854753950594157": {
      "message": "위치 고정"
   },
   "1830157062072535681": {
      "message": "$1​ 표시 중"
   },
   "185012928288875755": {
      "message": "기준과 일치하는 항목이 없습니다."
   },
   "1856444915090632305": {
      "message": "암호화된 문서입니다. 비밀번호를 입력하세요."
   },
   "1866863108233180413": {
      "message": "폴더"
   },
   "187077078156858455": {
      "message": "음성 메모"
   },
   "189303170370862360": {
      "message": "$1​/$2​"
   },
   "1900571668686750716": {
      "message": "vCard"
   },
   "1901351411358749070": {
      "message": "공유 문서함"
   },
   "1913425963149828429": {
      "message": "이 보관처리된 콘텐츠를 추출하여 드라이브에 저장합니다."
   },
   "1918176455405610789": {
      "message": "완료"
   },
   "1920189655549476211": {
      "message": "알 수 없는 길이"
   },
   "1929603188252533075": {
      "message": "동영상을 삭제하지 못했습니다. 다시 시도해 주세요."
   },
   "1951810091681076784": {
      "message": "{COUNT_1,plural, =1{일치하는 메모 1개}other{일치하는 메모 {COUNT_2}개}}"
   },
   "1956794332842050061": {
      "message": "다음 페이지"
   },
   "1965626377712226216": {
      "message": "Keynote"
   },
   "1968405748623909021": {
      "message": "아래 앱 중 하나를 사용하여 이 항목을 열거나 수정"
   },
   "1974063091619095703": {
      "message": "사용자"
   },
   "1988244842147989817": {
      "message": "휴지통에 있는 메모는 7일 후에 삭제됩니다."
   },
   "1993674829873313178": {
      "message": "업로드하는 데 문제가 발생했습니까? 현재 유지보수 중입니다. 곧 정상적으로 서비스될 예정입니다."
   },
   "2003845117979929469": {
      "message": "세부정보"
   },
   "2048322072989992494": {
      "message": "아직 나와 파일을 공유한 사용자가 없습니다."
   },
   "2055836117545582610": {
      "message": "목록 설정"
   },
   "2059084517358086391": {
      "message": "검색창 닫기"
   },
   "2061440050632248160": {
      "message": "보관처리"
   },
   "2068023589621557589": {
      "message": "TrueType 글꼴"
   },
   "2073035325657060696": {
      "message": "사용 가능한 미리보기가 없습니다."
   },
   "2073322475696388995": {
      "message": "앞으로 건너뛰기"
   },
   "207810168108507460": {
      "message": "$1​시간 전"
   },
   "2109272338124379867": {
      "message": "최종 수정 날짜"
   },
   "2116013171202209313": {
      "message": "선택"
   },
   "2122256657192674586": {
      "message": "동영상 검색"
   },
   "2125135092719715773": {
      "message": "업로드"
   },
   "212796670323571824": {
      "message": "확인"
   },
   "213665695896111861": {
      "message": "메모"
   },
   "2138593281154109183": {
      "message": "보관된 메모"
   },
   "2147952938331523160": {
      "message": "이름 바꾸기..."
   },
   "2154372123324862271": {
      "message": "슬래시"
   },
   "2154940358270068005": {
      "message": "삭제한 메모 일정 기간 보관"
   },
   "2184278444368405837": {
      "message": "$1​개 항목"
   },
   "2187239650627580457": {
      "message": "제출"
   },
   "2198096971937872560": {
      "message": "알림:"
   },
   "220168959069469607": {
      "message": "추가 기능"
   },
   "221715292685577880": {
      "message": "예"
   },
   "2220005860896049129": {
      "message": "죄송합니다. 원본 소스에서 문서를 찾는 데 너무 오래 걸렸습니다."
   },
   "2228413078211839077": {
      "message": "죄송합니다. 문서 보기를 생성하는 중에 일시적인 문제가 발생했습니다."
   },
   "2235097878790803849": {
      "message": "첨부파일은 이제 그만. Google 드라이브를 사용해 보세요."
   },
   "2257303402199718039": {
      "message": "죄송합니다. 원본 소스에서 문서를 찾을 수 없습니다. 문서가 아직 존재하는지 확인해 주세요."
   },
   "2274436793504233543": {
      "message": "취소"
   },
   "2278224983638451454": {
      "message": "지금 다운로드"
   },
   "2280650195464600721": {
      "message": "탐색"
   },
   "2285069188138705005": {
      "message": "연결된 앱"
   },
   "2289534534793293486": {
      "message": "보관 취소"
   },
   "2289812403593835836": {
      "message": "페이지"
   },
   "229177484946387188": {
      "message": "Google 어스"
   },
   "2292696732672795285": {
      "message": "볼륨 높이기"
   },
   "230180475614658119": {
      "message": "완료"
   },
   "2304293593067358316": {
      "message": "클립아트"
   },
   "2310145944356900158": {
      "message": "선택한 항목"
   },
   "2311880726221661199": {
      "message": "고해상도 이미지 로드 중"
   },
   "2329167963662998826": {
      "message": "Google Keep에서 위치 알림을 위한 장소 추천 기능을 개선하기 위해 사용자의 위치 정보를 사용하려고 합니다."
   },
   "234046557601727809": {
      "message": "이미지나 동영상이 없습니다."
   },
   "2349912757088764940": {
      "message": "공개 대상:"
   },
   "2359614137862708172": {
      "message": "Shift"
   },
   "2370463380397641604": {
      "message": "자주 쓰는 키보드 단축키"
   },
   "2370656573843123707": {
      "message": "오른쪽 대괄호"
   },
   "2393487423640708285": {
      "message": "URL이 올바르지 않습니다. http:// 또는 https://로 시작되는지 확인하세요."
   },
   "2405795704816921421": {
      "message": "$1​ 파일"
   },
   "2412314804333167252": {
      "message": "스프레드시트가 너무 큽니다. 클릭하여 $3​다운로드$1​하거나 $4​Google 스프레드시트에서 수정$1​하세요."
   },
   "2418104318933043113": {
      "message": "Google 이미지 검색"
   },
   "2433429041384246549": {
      "message": "음소거"
   },
   "2449254824382583885": {
      "message": "새 창 열기"
   },
   "2452522051596946166": {
      "message": "죄송합니다. $1​ 미리보기 중에 문제가 발생했습니다. 다시 시도 중..."
   },
   "2454642351139428112": {
      "message": "실행취소"
   },
   "2466251465475184755": {
      "message": "휴지통을 비우시겠습니까? 휴지통에 있는 모든 메모가 완전히 삭제됩니다."
   },
   "2475181823688399272": {
      "message": "다음"
   },
   "2484568559152875936": {
      "message": "사진 앨범이 없습니다."
   },
   "2504232652631703202": {
      "message": "연결됨"
   },
   "251025074207413762": {
      "message": "설명 추가"
   },
   "2510929871271209216": {
      "message": "스프레드시트가 너무 큽니다. 다운로드하려면 $2​여기$1​를 클릭하세요."
   },
   "2513437337377210144": {
      "message": "End"
   },
   "2524021436052870191": {
      "message": "파일을 업로드할 수 없습니다. $2​MB 미만인 $1​ 파일만 업로드할 수 있습니다."
   },
   "2532280782491328445": {
      "message": "이전 항목 찾기"
   },
   "2538080331309772448": {
      "message": "정렬: $1​"
   },
   "2538462904124380434": {
      "message": "메모를 휴지통으로 이동했습니다."
   },
   "2546225293834487484": {
      "message": "메모"
   },
   "2558480112329900136": {
      "message": "회색"
   },
   "257317112834806705": {
      "message": "목록 보기와 바둑판식 보기 간 전환"
   },
   "2579679351920691492": {
      "message": "뒤로 건너뛰기"
   },
   "2587566920590457715": {
      "message": "지도 엔진 라이트"
   },
   "2609409316752026806": {
      "message": "PDF"
   },
   "2609750184896485102": {
      "message": "휴대전화 동영상"
   },
   "2615188670181508661": {
      "message": "최근에 선택한 항목이 없습니다."
   },
   "2623861453769098676": {
      "message": "문서 미리보기 중에 문제가 발생했습니다."
   },
   "2628268670001557269": {
      "message": "저장용량"
   },
   "2643241712502664984": {
      "message": "내 YouTube 동영상"
   },
   "2661850177130037208": {
      "message": "항목 열기"
   },
   "2681830832355823748": {
      "message": "모든 단축키 검색"
   },
   "2687303256387847763": {
      "message": "인기도순"
   },
   "2702485557996900362": {
      "message": "수정사항 충돌 해결"
   },
   "2705842902318123127": {
      "message": "다음/이전 메모/목록으로 이동"
   },
   "272948685355798518": {
      "message": "잘못된 파일 유형을 선택했습니다."
   },
   "2731144323070245943": {
      "message": "목록 설정"
   },
   "2742719907061406418": {
      "message": "XML"
   },
   "2750830436677712001": {
      "message": "{VIEWER_GENDER,select, female{{FOLDER_NAME} 폴더를 만들지 못했습니다.}male{{FOLDER_NAME} 폴더를 만들지 못했습니다.}other{{FOLDER_NAME} 폴더를 만들지 못했습니다.}}"
   },
   "2752123004911547510": {
      "message": "핫이슈순"
   },
   "2758125083752925237": {
      "message": "(소유자)"
   },
   "277430914014962533": {
      "message": "죄송합니다. $1​ 미리보기 중에 문제가 발생했습니다."
   },
   "2774713922589657910": {
      "message": "도메인 내 모든 사용자"
   },
   "2786560864906393383": {
      "message": "휴대전화 사진"
   },
   "2789687492331041935": {
      "message": "시간 선택"
   },
   "2790446494460492805": {
      "message": "추출 작업을 시작했습니다. 보관처리된 메일은 메일 계정의 '가져오기: $1​' 라벨 아래에 표시됩니다."
   },
   "2793841261389879255": {
      "message": "이전 페이지"
   },
   "2801153442808430222": {
      "message": "내 드라이브"
   },
   "2817277146396981386": {
      "message": "pm"
   },
   "2818020101821669029": {
      "message": "생성된 날짜"
   },
   "2818135503416309545": {
      "message": "동영상 녹화"
   },
   "2827039933590757722": {
      "message": "Windows 바로가기"
   },
   "2829226075651806940": {
      "message": "확대"
   },
   "2860188519781080944": {
      "message": "주황색"
   },
   "2861568351294148466": {
      "message": "스크립트"
   },
   "2864281852037732729": {
      "message": "간략히"
   },
   "2873089307546162154": {
      "message": "확인"
   },
   "2877285560485318801": {
      "message": "일시 중지"
   },
   "2878874627361086801": {
      "message": "미리보기"
   },
   "2879276552944958066": {
      "message": "$1​ 폴더로 돌아갑니다."
   },
   "289798573180023043": {
      "message": "확인"
   },
   "2902747751281161248": {
      "message": "새 목록에 적용합니다."
   },
   "2905147317995482841": {
      "message": "Google 드라이브의 모든 파일에 대한 보기 환경이 업데이트되었습니다. 더욱 편리하고 세련된 모습으로 새단장했습니다. 새로운 보기 환경을 마음껏 즐겨보세요."
   },
   "2917498437550635075": {
      "message": "아이콘"
   },
   "2964778642459027786": {
      "message": "휴지통에 메모가 없습니다."
   },
   "2974598228601710262": {
      "message": "추가"
   },
   "2979466412944870220": {
      "message": "미리보기 로드 중..."
   },
   "2982511431742033448": {
      "message": "프레젠테이션이 없습니다."
   },
   "298817883481775869": {
      "message": "로드 중..."
   },
   "3000689173481666334": {
      "message": "서클 수정"
   },
   "3029395493413607486": {
      "message": "동영상 플레이어를 로드할 수 없습니다. 페이지를 다시 로드해 보세요.$1​문제가 지속되는 경우 $3​도움말 센터를 참조$2​하세요."
   },
   "3043961722025425136": {
      "message": "설명"
   },
   "306516303501625305": {
      "message": "인증에 실패했습니다."
   },
   "3073005748126521632": {
      "message": "$1​에서 알림 전송됨"
   },
   "3074184819310272351": {
      "message": "업로드한 사진"
   },
   "3084372889071691504": {
      "message": "{VIEWER_GENDER,select, female{URL 붙여넣기:}male{URL 붙여넣기:}other{URL 붙여넣기:}}"
   },
   "3095645856215493958": {
      "message": "사진의 인쇄된 텍스트 검색"
   },
   "31018542656161389": {
      "message": "크기에 맞게 확대/축소"
   },
   "3109321241584918345": {
      "message": "추가 앱 연결..."
   },
   "3121560585545725724": {
      "message": "$1​ $2​"
   },
   "3140236589681731084": {
      "message": "$1​시간 후"
   },
   "3189854932778515441": {
      "message": "메모를 보관처리했습니다."
   },
   "3207670492626476064": {
      "message": "표"
   },
   "3211163842850942567": {
      "message": "확대"
   },
   "3222929029344613957": {
      "message": "파일을 여는 동안 오류가 발생했습니다. 다시 시도해 주세요."
   },
   "3233388241926683100": {
      "message": "메모 검색"
   },
   "3243829462528324248": {
      "message": "갈색"
   },
   "3250489229749307913": {
      "message": "Electronic Publication"
   },
   "3256928852560591255": {
      "message": "휴지통에 있는 메모는 수정할 수 없습니다."
   },
   "3261131345401321392": {
      "message": "댓글 작성 가능"
   },
   "3265524298292280681": {
      "message": "Esc"
   },
   "3267563602179728277": {
      "message": "Delete"
   },
   "3272496516667407797": {
      "message": "세부정보를 로드하는 중에 문제가 발생했습니다."
   },
   "3275029321588462173": {
      "message": "없음"
   },
   "3278237562147211998": {
      "message": "스톡 사진"
   },
   "330603631583186798": {
      "message": "Word"
   },
   "3306487262690341751": {
      "message": "날짜 및 시간"
   },
   "3312545971976531405": {
      "message": "메시지"
   },
   "3319087486907616296": {
      "message": "이 항목을 전송"
   },
   "3328129883064940351": {
      "message": "글꼴"
   },
   "3335409796971631780": {
      "message": "콘텐츠를 추출하여 드라이브에 저장하는 중입니다."
   },
   "3343451103608774400": {
      "message": "$3​새로운 내 지도$2​를 소개합니다.$1​보다 효율적인 매핑을 위한 도구입니다."
   },
   "3354260708176476985": {
      "message": "로드 중&hellip;"
   },
   "3357778055650785985": {
      "message": "항목이 너무 커서 강조표시된 텍스트가 저장되지 않습니다."
   },
   "3364679383274077479": {
      "message": "앱 업데이트 있음"
   },
   "3368639944474272225": {
      "message": "죄송합니다. 보려는 문서를 가져오지 못했습니다. 문서를 볼 권한이 없을 수도 있습니다."
   },
   "3381619429606029445": {
      "message": "Visio"
   },
   "3382236845597426718": {
      "message": "열기"
   },
   "3408219901032480508": {
      "message": "$2​, $1​"
   },
   "3409257542937182842": {
      "message": "다시 시도 중..."
   },
   "3409483962000136213": {
      "message": "재생/일시중지"
   },
   "3418767079436101103": {
      "message": "페이지를 로드하는 중에 문제가 발생했습니다."
   },
   "3421685394169412932": {
      "message": "모든 변경사항이 자동으로 저장됩니다."
   },
   "3422389100099960864": {
      "message": "이미지가 없습니다."
   },
   "3428726060007577698": {
      "message": "목록이 너무 큽니다."
   },
   "3430885603500576146": {
      "message": "사용 허가를 받은 이미지만 선택하세요."
   },
   "3440534675925634227": {
      "message": "Chrome 브라우저 창에서 chrome://settings로 이동하여 로그인 여부를 확인해야 합니다. 그런 다음 다시 로그인을 클릭하세요."
   },
   "3446158485617778228": {
      "message": "실행취소"
   },
   "3448234415275521882": {
      "message": "일반 정보"
   },
   "3448684788258660606": {
      "message": "사진"
   },
   "3450585781337676327": {
      "message": "로드 중..."
   },
   "3457279184692206825": {
      "message": "사진이 모두에게 표시됩니다(웹에 공개)."
   },
   "3468441711253011521": {
      "message": "Google 스프레드시트"
   },
   "3473620774713000513": {
      "message": "완료됨"
   },
   "3483438888494819423": {
      "message": "Google Keep의 새로운 기능"
   },
   "3511274344439521198": {
      "message": "작업"
   },
   "3518073392823563581": {
      "message": "단축키"
   },
   "3531603810713611778": {
      "message": "최대 파일 크기를 초과했습니다. 하나 이상을 선택 해제하세요."
   },
   "3543475399174940144": {
      "message": "외 $1​명"
   },
   "3547194749488601916": {
      "message": "업데이트 중..."
   },
   "354828103903104581": {
      "message": "선택한 항목"
   },
   "3561658662634401836": {
      "message": "제목"
   },
   "357172711168973843": {
      "message": "최근 추가된 메모 또는 변경사항이 저장되지 않았습니다. 나만의 콘텐츠 사본을 만든 다음 새로고침하세요."
   },
   "3586705906700410505": {
      "message": "라인아트"
   },
   "3587798318180902863": {
      "message": "{NUM_SELECTED,plural, =1{개 선택됨 »}other{개 선택됨 »}}"
   },
   "3595000514985906359": {
      "message": "Excel"
   },
   "3602920441714068008": {
      "message": "$1​ $2​에 알림 전송됨"
   },
   "3608606849109645545": {
      "message": "새 문서 이름을 입력하세요."
   },
   "361202495024972887": {
      "message": "동영상 업로드"
   },
   "361630518611593946": {
      "message": "체크박스 숨기기"
   },
   "3625886392901506764": {
      "message": "또는"
   },
   "3643146117250542609": {
      "message": "PDF가 없습니다."
   },
   "3645728163953189422": {
      "message": "죄송합니다. 용량이 너무 커서 보려는 문서를 가져오지 못했습니다."
   },
   "3651893685901703652": {
      "message": "..."
   },
   "3657386785336906042": {
      "message": "백슬래시"
   },
   "3659554681396757189": {
      "message": "내가 마지막으로 연 날짜"
   },
   "3663571259791438207": {
      "message": "악용사례 신고"
   },
   "3664842788764635265": {
      "message": "없음"
   },
   "3666123569747918021": {
      "message": "이 문서에 저장되지 않은 변경내용이 있습니다. 페이지를 닫고 변경내용을 취소하시겠습니까?"
   },
   "3673346558112798837": {
      "message": "배경 없음"
   },
   "3674811252904549204": {
      "message": "프로필 사진"
   },
   "3678477908297567934": {
      "message": "밑줄"
   },
   "3681747688524363195": {
      "message": "맨 위"
   },
   "3690515530505404607": {
      "message": "동영상을 재생하는 중에 문제가 발생했습니다."
   },
   "369764661829607970": {
      "message": "{NUM_ITEMS,plural, =0{항목 없음}=1{항목 1개}other{항목 #개}}"
   },
   "3712215972250917265": {
      "message": "댓글"
   },
   "3717138719704492547": {
      "message": "주소 입력 오류가 있는지 확인하세요."
   },
   "374088101949877889": {
      "message": "닫기"
   },
   "3745308627628779133": {
      "message": "새 폴더"
   },
   "3748461364828242354": {
      "message": "색상 선택"
   },
   "3770795578481676514": {
      "message": "노란색"
   },
   "3771958676925493302": {
      "message": "필터 제거: $1​"
   },
   "3779945546806941187": {
      "message": "단색"
   },
   "3793086499925031123": {
      "message": "검색창 열기/이전 찾기"
   },
   "37992665410817181": {
      "message": "다시 열림"
   },
   "3801617971018550169": {
      "message": "어제"
   },
   "3808213429720572062": {
      "message": "복원"
   },
   "381100310424863459": {
      "message": "Illustrator"
   },
   "3842411126100113634": {
      "message": "Pg-up"
   },
   "3844047145949375230": {
      "message": "문서"
   },
   "3858324058837632381": {
      "message": "오디오 파일을 재생하는 중에 문제가 발생했습니다."
   },
   "3864575916269080329": {
      "message": "이미지 내 텍스트 검색"
   },
   "3866373087987934712": {
      "message": "업로드 실패: $1​"
   },
   "3869166581651870488": {
      "message": "수정 완료"
   },
   "3873215756962047275": {
      "message": "보관처리된 메모"
   },
   "3873467440437675460": {
      "message": "이전에 선택한 글꼴을 찾을 수 없습니다."
   },
   "3897281533382850749": {
      "message": "음소거 해제"
   },
   "3936153839186254186": {
      "message": "표시: $1​"
   },
   "3955760658925284765": {
      "message": "다시 시도"
   },
   "3974064131130689245": {
      "message": "바둑판 보기"
   },
   "3977699855735576796": {
      "message": "페이지를 추가로 로드하는 중에 문제가 발생했습니다."
   },
   "3988418762222300024": {
      "message": "마침표"
   },
   "3989552504822984034": {
      "message": "Google 그림"
   },
   "4005725939358875643": {
      "message": "작업이 실행취소되었습니다."
   },
   "4014287326684608407": {
      "message": "청록색"
   },
   "4048275292053012394": {
      "message": "연락처"
   },
   "4059387791040010947": {
      "message": "메타"
   },
   "4067915791853673774": {
      "message": "{VIEWER_GENDER,select, female{닫기}male{닫기}other{닫기}}"
   },
   "4078179869358383373": {
      "message": "검색결과가 없습니다."
   },
   "4087667435414545203": {
      "message": "더 이상 로그인 상태가 아닙니다. 변경하려면 다시 로드하세요."
   },
   "4093134637041332383": {
      "message": "자세히 알아보기"
   },
   "4097007735221462946": {
      "message": "그림"
   },
   "4097921967754832323": {
      "message": "하이픈"
   },
   "4100504115801514799": {
      "message": "메모가 복원되었습니다."
   },
   "4119294114251628099": {
      "message": "지정한 이미지 URL을 검색할 수 없습니다. Google 서버에서 액세스할 수 없는 비공개 URL일 수 있습니다. 다른 URL로 다시 시도해 주세요."
   },
   "4134385041569168669": {
      "message": "로드 중..."
   },
   "4148564423510181521": {
      "message": "검색어 지우기"
   },
   "4152315289461886": {
      "message": "문서 컨트롤"
   },
   "4168280976997555951": {
      "message": "문서가 없습니다."
   },
   "4174786386751618325": {
      "message": "사진 메모"
   },
   "4182427157920112948": {
      "message": "물결표시"
   },
   "4200426647595470259": {
      "message": "오디오 파일 재생 시작"
   },
   "4200911267543705377": {
      "message": "Google 블로그 검색을 사용하여 블로그 검색결과를 찾으려면 위 검색창에 검색어를 입력하세요."
   },
   "4205329094859140439": {
      "message": "am"
   },
   "4211182812451835307": {
      "message": "수정 가능"
   },
   "4211806608204126222": {
      "message": "$2​서비스 약관$1​"
   },
   "4214190403999219403": {
      "message": "확대/축소"
   },
   "4230101516585408149": {
      "message": "새 메모 작성"
   },
   "4253741616909644861": {
      "message": "검색어"
   },
   "4280747719095153198": {
      "message": "해결된 댓글입니다."
   },
   "4286663890332754386": {
      "message": "업로드하지 못했습니다."
   },
   "4299690446455033653": {
      "message": "Works"
   },
   "4314643310615423802": {
      "message": "로그아웃되었습니다"
   },
   "4318861667254318892": {
      "message": "Google 비디오"
   },
   "4319229296464464147": {
      "message": "추가된 날짜순"
   },
   "4320831042030778": {
      "message": "취소"
   },
   "4332252081504252077": {
      "message": "죄송합니다."
   },
   "4338991104991831337": {
      "message": "이미지"
   },
   "4339705658383891586": {
      "message": "컬러"
   },
   "4343825450663233452": {
      "message": "보기 가능"
   },
   "4343836986248234462": {
      "message": "항목 추가"
   },
   "435214284915110062": {
      "message": "검색창 열기"
   },
   "4372755508519489521": {
      "message": "바둑판식 보기"
   },
   "4391715930031906467": {
      "message": "다음 항목 찾기"
   },
   "4395845663892873002": {
      "message": "Home"
   },
   "4422985761498356257": {
      "message": "연결 프로그램"
   },
   "4430062722430863019": {
      "message": "메모를 완전히 삭제하시겠습니까?"
   },
   "4439812492856303238": {
      "message": "선택한 내용을 처리하는 중에 예기치 않은 오류가 발생했습니다. 나중에 다시 시도해 주세요."
   },
   "4444571967705751871": {
      "message": "휴지통"
   },
   "4466605492523079635": {
      "message": "저장"
   },
   "4468872996560163913": {
      "message": "지금 휴지통 비우기"
   },
   "4473912481270012588": {
      "message": "드라이브에 저장됨 - 다음으로 이동:"
   },
   "45228242181482134": {
      "message": "재생"
   },
   "4536519876526589338": {
      "message": "$1​의 아바타입니다."
   },
   "4552045407215325033": {
      "message": "위에 입력한 동영상 URL을 로드할 수 없습니다. 올바르며 지원되는 사이트의 URL인지 확인하시기 바랍니다."
   },
   "4564682305303579317": {
      "message": "계속"
   },
   "456498742882714639": {
      "message": "다음으로 이동:"
   },
   "4588500131398315347": {
      "message": "서클 만들기"
   },
   "4604402426271704651": {
      "message": "사진 없음"
   },
   "4620034373159179678": {
      "message": "$1​/$2​페이지"
   },
   "4630690108252818511": {
      "message": "이미지가 없습니다."
   },
   "468283184702431827": {
      "message": "진행 시작됨"
   },
   "4695897771458936174": {
      "message": "Google 드라이브에 저장된 사진을 Google+에서 공유"
   },
   "4740100782728373253": {
      "message": "드라이브에 저장"
   },
   "4748046231232264180": {
      "message": "Google 설문지"
   },
   "4767722428137216885": {
      "message": "취소"
   },
   "477328789314249432": {
      "message": "메모 검색"
   },
   "4775368111547931093": {
      "message": "설명 없음"
   },
   "4781742940361705258": {
      "message": "닫기"
   },
   "4783695823456312682": {
      "message": "맨 아래로 이동"
   },
   "47844150329705564": {
      "message": "'$1​'에 대한 검색결과"
   },
   "4798897505978458661": {
      "message": "동영상이 없습니다."
   },
   "4805047680716507619": {
      "message": " - 이동:"
   },
   "4806763987633034948": {
      "message": "PKCS7 서명"
   },
   "4833214200453019325": {
      "message": "$1​/$2​"
   },
   "4846720038197420778": {
      "message": "더 많은 앱 연결"
   },
   "4853788427396558692": {
      "message": "$1​MB"
   },
   "4858389278403807208": {
      "message": "메모를 휴지통으로 이동했습니다."
   },
   "4888104357342241891": {
      "message": "알림"
   },
   "4889853674709731963": {
      "message": "모든 메모가 오프라인으로 저장됨"
   },
   "4901386320110714275": {
      "message": "비밀번호가 잘못되었습니다. 다시 입력해 주세요."
   },
   "490372259452655427": {
      "message": "죄송합니다. 아직 문서를 볼 수 없습니다."
   },
   "4906669330059413958": {
      "message": "비밀번호 입력"
   },
   "4908614808966678155": {
      "message": "'$1​'에 대한 검색결과 없음"
   },
   "4926020998477695737": {
      "message": "$1​ 폴더로 전환"
   },
   "4943176738805484221": {
      "message": "수정"
   },
   "4956678140555659175": {
      "message": "Backspace"
   },
   "4957674814179289955": {
      "message": "다음/이전 목록 항목으로 이동"
   },
   "4963784280521435720": {
      "message": "저장 중..."
   },
   "4969219890884320840": {
      "message": "업데이트"
   },
   "4983125135476400111": {
      "message": "메모/목록 삭제"
   },
   "4988132901627446385": {
      "message": "세부정보 패널을 펼쳤습니다."
   },
   "4998757387516632837": {
      "message": "재사용 및 수정이 가능하도록 라벨이 지정된 결과가 표시됩니다."
   },
   "5006225450559627366": {
      "message": "외 $1​개 더보기"
   },
   "501475221876543407": {
      "message": "추가한 메모가 여기에 표시됩니다."
   },
   "5023525794410110078": {
      "message": "사진에 텍스트 추가"
   },
   "5026241297254150381": {
      "message": "메모 추가"
   },
   "5046371569383796818": {
      "message": "취소"
   },
   "5055418092354683641": {
      "message": "Serif"
   },
   "5095987896933771566": {
      "message": "문서 인쇄"
   },
   "5096751700090310607": {
      "message": "사진이 없습니다."
   },
   "509815948423424872": {
      "message": "탐색"
   },
   "5099245668405591445": {
      "message": "검색"
   },
   "512429649443191386": {
      "message": "$2​도움말$1​"
   },
   "5124522868502261563": {
      "message": "스프레드시트"
   },
   "5130903421326358933": {
      "message": "Google 드라이브에 첨부파일을 저장하는 중에 문제가 발생했습니다."
   },
   "5149937870346466591": {
      "message": "목록 보기"
   },
   "5169187962228219813": {
      "message": "시대 이미지"
   },
   "5180454621500142444": {
      "message": "복원"
   },
   "5180989337128758117": {
      "message": "왼쪽 대괄호"
   },
   "5184692850089055965": {
      "message": "이미지에서 텍스트 가져오기"
   },
   "5197718200713913936": {
      "message": "C++"
   },
   "5201670213497642487": {
      "message": "세부정보 패널 탭 표시줄입니다. 왼쪽/오른쪽 화살표 키를 눌러 탭을 전환하세요."
   },
   "5204391636475413312": {
      "message": "저장"
   },
   "5213411023807957844": {
      "message": "Google Keep 검색"
   },
   "5213974294317036409": {
      "message": "{numPages,plural, =0{}=1{1페이지}other{#페이지}}"
   },
   "5226470917948786938": {
      "message": "가나다순"
   },
   "5238003680997310998": {
      "message": "자세히"
   },
   "5238371081785912565": {
      "message": "연결 프로그램: $1​"
   },
   "5275493935807628890": {
      "message": "URL에서 이미지를 찾을 수 없습니다."
   },
   "5281121179861637423": {
      "message": "$1​에 액세스하려면 비밀번호가 필요합니다. 비밀번호를 입력하세요."
   },
   "5288037028604092288": {
      "message": "XPS"
   },
   "5291153964865714504": {
      "message": "일치하는 메모가 없습니다."
   },
   "5299648222246616124": {
      "message": "억부호(`)"
   },
   "5304869088141363028": {
      "message": "추천 사진"
   },
   "5316658541831864803": {
      "message": "죄송합니다. 이 유형의 문서는 볼 수 없습니다."
   },
   "5319313176242717957": {
      "message": "이미지 처리 중..."
   },
   "5336801339221383042": {
      "message": "자바스크립트"
   },
   "534228323125524312": {
      "message": "축소"
   },
   "5353129315502554762": {
      "message": "스타일 시트"
   },
   "5372143986724491245": {
      "message": "$1​일 전"
   },
   "5372160981898991853": {
      "message": "Publisher"
   },
   "5399553230649155346": {
      "message": "$1​시간 후"
   },
   "5403830377590414208": {
      "message": "흰색"
   },
   "5408091115193390231": {
      "message": "AutoCAD"
   },
   "5438481737351808090": {
      "message": "오후($1​)"
   },
   "544377415081282702": {
      "message": "죄송합니다."
   },
   "5447119197363232006": {
      "message": "드라이브에 표시"
   },
   "5465323999933375616": {
      "message": "Google 문서도구 형식이 아닌 파일을 보거나 다운로드할 수 있는 대역폭의 한도에 도달했습니다."
   },
   "5472312735475866917": {
      "message": "$1​님의 댓글입니다."
   },
   "547865385964196102": {
      "message": "$1​분 전"
   },
   "5482872484546230111": {
      "message": "도서 검색"
   },
   "5494181290179470995": {
      "message": "삭제"
   },
   "5500117709595533163": {
      "message": "Google 도서를 사용하여 eBook 검색결과를 찾으려면 위의 상자에 검색어를 입력하세요."
   },
   "5514516347328112388": {
      "message": "또한 $2​여기$1​를 클릭하여 원본 문서를 다운로드할 수 있습니다."
   },
   "5529532831767466284": {
      "message": "{VIEWER_GENDER,select, female{{DEGREES}° {MINUTES}' {SECONDS}\"}male{{DEGREES}° {MINUTES}' {SECONDS}\"}other{{DEGREES}° {MINUTES}' {SECONDS}\"}}"
   },
   "5555182241047709329": {
      "message": "위치 선택"
   },
   "5555599189512365009": {
      "message": "확인"
   },
   "5571842632470308750": {
      "message": "모든 이미지"
   },
   "5588597116382648727": {
      "message": "추출 작업을 시작하는 중입니다."
   },
   "5598649706113950710": {
      "message": "편집기"
   },
   "5609727719971819773": {
      "message": "{VIEWER_GENDER,select, female{뒤로}male{뒤로}other{뒤로}}"
   },
   "5627470193961862490": {
      "message": "예정된 알림의 메모가 여기에 표시됩니다."
   },
   "5631086126416409232": {
      "message": "파란색"
   },
   "564165666160590723": {
      "message": "Windows Media Player"
   },
   "5660422479531064559": {
      "message": "양식이 없습니다."
   },
   "5675154446465700699": {
      "message": "PDF"
   },
   "568072913338360182": {
      "message": "HTML"
   },
   "5707549724380589079": {
      "message": "선택한 항목을 삭제하시겠습니까?"
   },
   "5714240424645614611": {
      "message": "Android 패키지"
   },
   "5728640851616538925": {
      "message": "녹색"
   },
   "5744491383087191878": {
      "message": "위에 입력한 이미지 URL이 잘못되었거나 로드할 수 없습니다."
   },
   "5747728324987383020": {
      "message": "얼굴"
   },
   "5783875011049188612": {
      "message": "이미지에서 텍스트를 가져옴"
   },
   "5785010887521443923": {
      "message": "삭제"
   },
   "5834678297024555032": {
      "message": "허용"
   },
   "5840330517914556080": {
      "message": "축소"
   },
   "5842536098490298653": {
      "message": "글꼴이 없습니다."
   },
   "5865680764501413616": {
      "message": "텍스트를 인식할 수 없습니다."
   },
   "5871966496153339793": {
      "message": "동영상 $1​의 미리보기 이미지 표시 중"
   },
   "5875004331736681428": {
      "message": "메일을 추출하여 메일 계정에 저장하는 중입니다."
   },
   "587666071025645113": {
      "message": "검색"
   },
   "5877526626743756786": {
      "message": "의견 보내기"
   },
   "5889725440363483648": {
      "message": "그룹 내 모든 사용자"
   },
   "5911012384539794869": {
      "message": "추출 작업을 시작하지 못했습니다."
   },
   "5916010927050975496": {
      "message": "$1​KB"
   },
   "5949528478488617689": {
      "message": "다운로드 권한"
   },
   "5950887255133612666": {
      "message": "시작하지 않았습니다."
   },
   "5969696744752069015": {
      "message": "미리보기를 사용할 수 없습니다."
   },
   "5971400924847413790": {
      "message": "또는 $2​일반 HTML$1​로 볼 수 있습니다(자동으로 리디렉션됨)."
   },
   "5972111804366033138": {
      "message": "다운로드"
   },
   "5975031149676029214": {
      "message": "모든 사용자"
   },
   "5976369213680241300": {
      "message": "이미지 검색"
   },
   "5980081664136280513": {
      "message": "녹색"
   },
   "5984398071085567332": {
      "message": "Google 퓨전 테이블"
   },
   "6009962986062136164": {
      "message": "$1​ 로드 중입니다."
   },
   "60305871484579258": {
      "message": "Alt"
   },
   "6043068172993241858": {
      "message": "서클에 멤버가 없습니다."
   },
   "604883455412617728": {
      "message": "검색어와 일치하는 연락처가 없습니다."
   },
   "6051386830221821025": {
      "message": "로그인하는 중..."
   },
   "6064654062949366878": {
      "message": "재생"
   },
   "6070475007374165567": {
      "message": "저장 중..."
   },
   "6083586461434260179": {
      "message": "새로운 보기 환경"
   },
   "6087078248621415351": {
      "message": "최종 수정: $1​"
   },
   "6091926883608250483": {
      "message": "더보기"
   },
   "6105571474005679446": {
      "message": "미리보기에 문제가 발생했습니다."
   },
   "6113237889871930608": {
      "message": "빈 메모"
   },
   "6118623991445349480": {
      "message": "$1​페이지"
   },
   "6122643025527543706": {
      "message": "Ctrl"
   },
   "6131822680770571276": {
      "message": "PowerPoint"
   },
   "6140634664402328750": {
      "message": "앱 목록"
   },
   "6149175749937815029": {
      "message": "모든 항목 보기"
   },
   "6160805346274626656": {
      "message": "완전삭제"
   },
   "616807262818311711": {
      "message": "유형"
   },
   "6175043905327075444": {
      "message": "이전에 선택됨"
   },
   "6177107655089301674": {
      "message": "Android용 Google Keep 앱 다운로드"
   },
   "6185886893933834031": {
      "message": "선택한 버전 보관"
   },
   "6186290899408627510": {
      "message": "Enter"
   },
   "6189891414154673003": {
      "message": "내 지도"
   },
   "6203260615455347677": {
      "message": "숫자"
   },
   "6223207695466118454": {
      "message": "YouTube"
   },
   "6224687211096863620": {
      "message": "모든 사용자"
   },
   "623118860067088424": {
      "message": "동영상"
   },
   "6231401379881217113": {
      "message": "Insert"
   },
   "6252259197986158120": {
      "message": "어제"
   },
   "6253076263700695984": {
      "message": "인증 오류가 발생했습니다. 새로고침하세요."
   },
   "6255475144867830247": {
      "message": "다른 탐색 탭에서 선택하세요."
   },
   "6267063643272327592": {
      "message": "나중에 다시 시도해 주세요."
   },
   "6290270819062517523": {
      "message": "선택한 항목이 너무 많습니다. 항목을 하나 이상 선택 해제하세요."
   },
   "6305748545202493254": {
      "message": "세부정보 창 표시/숨기기"
   },
   "6324768448533022780": {
      "message": "$2​년 $1​"
   },
   "6331677437567501421": {
      "message": "다운로드 권한을 업데이트하는 중에 문제가 발생했습니다."
   },
   "6333496730738019575": {
      "message": "로드 중..."
   },
   "634900089121611600": {
      "message": "동영상이 없습니다."
   },
   "6362170008350775214": {
      "message": "$1​에서 알림"
   },
   "6375395544374251820": {
      "message": "페이지를 추가로 로드하는 중에 문제가 발생했습니다. 다시 시도 중..."
   },
   "6376739025584042564": {
      "message": "사진 잘라내기"
   },
   "6386587519843563719": {
      "message": "바이너리 파일"
   },
   "6416495701611778255": {
      "message": "추천 타사 앱"
   },
   "6419411265907669340": {
      "message": "오늘"
   },
   "6436479735235889890": {
      "message": "$1​, $2​에 알림"
   },
   "6450508807204492448": {
      "message": "$1​ 아이콘"
   },
   "6457802200418354862": {
      "message": "보기 권한만 있는 사용자가 다운로드할 수 있음"
   },
   "6459405233858728718": {
      "message": "Google 프레젠테이션"
   },
   "6464761738227651511": {
      "message": "$1​분 전"
   },
   "6466736813846482957": {
      "message": "이전"
   },
   "6479216014938929613": {
      "message": "밤($1​)"
   },
   "6482358947077977110": {
      "message": "Google 검색 이미지"
   },
   "6487403767449360463": {
      "message": "Keep을 새로고침하시겠습니까?"
   },
   "6488225756782357866": {
      "message": "Google 이미지 검색에서 사용자가 강조표시한 이미지를 다음 페이지에서 찾았습니다."
   },
   "6510131849363684615": {
      "message": "내일"
   },
   "6516256764288947999": {
      "message": "사용자 태그"
   },
   "6522917155620379865": {
      "message": "다운로드"
   },
   "6524849072392100692": {
      "message": "Google 드라이브 폴더"
   },
   "6551588617715293696": {
      "message": "정렬 옵션"
   },
   "6570921376519753466": {
      "message": "표시"
   },
   "6571686604846453345": {
      "message": "드라이브에 이 항목을 추가하는 중에 문제가 발생했습니다."
   },
   "6582286158693833652": {
      "message": "자세히 알아보기"
   },
   "6588176324871799870": {
      "message": "Google Apps Script"
   },
   "6602430002978098812": {
      "message": "필기"
   },
   "6614046405230762587": {
      "message": "연락처가 없습니다."
   },
   "6622304228074863427": {
      "message": "애플리케이션"
   },
   "6624754161346656119": {
      "message": "$1​의 아바타입니다."
   },
   "6644861766016503644": {
      "message": "비밀번호 필요"
   },
   "6650600936729710500": {
      "message": "전체 답글입니다."
   },
   "666311703374681171": {
      "message": "이미지 및 동영상"
   },
   "6666820082708870349": {
      "message": "제거"
   },
   "6707173584987026005": {
      "message": "오늘"
   },
   "6709984792949009238": {
      "message": "내가 마지막으로 열어본 날짜"
   },
   "6726462693927865256": {
      "message": "세부정보"
   },
   "6726879257388338969": {
      "message": "인쇄"
   },
   "6726925393892510846": {
      "message": "오류가 발생했습니다. 다시 시도해 주세요."
   },
   "6741759391888465238": {
      "message": "드라이브에 저장 중 - 다음으로 이동:"
   },
   "6744457949320515234": {
      "message": "비어 있는 메모 삭제"
   },
   "6757218172402086688": {
      "message": "메모 검색..."
   },
   "6780628488957834429": {
      "message": "주황색"
   },
   "6784073265197389491": {
      "message": "자세히 알아보기"
   },
   "681598652078493281": {
      "message": "자세히 알아보기"
   },
   "6818286476757207074": {
      "message": "사용 허가를 받은 이미지만 선택하세요."
   },
   "682070933835616121": {
      "message": "표가 없습니다."
   },
   "6822338149422461362": {
      "message": "Google 드라이브"
   },
   "6827821461670731013": {
      "message": "체크박스 표시"
   },
   "6828581947433060251": {
      "message": "항목 이름을 변경하는 중에 문제가 발생했습니다."
   },
   "6833760103261954639": {
      "message": "페이지를 로드하는 중에 문제가 발생했습니다. 다시 시도 중..."
   },
   "6841020391100928352": {
      "message": "최대 파일 크기를 초과했습니다."
   },
   "6851307437837490686": {
      "message": "보기 권한만 있는 사용자 다운로드 금지"
   },
   "6856672816797218730": {
      "message": "첨부"
   },
   "6891563484025164308": {
      "message": "이전"
   },
   "6893687445500687349": {
      "message": "사이트"
   },
   "6898823203505321799": {
      "message": "세부정보"
   },
   "6904351530369058983": {
      "message": "소유자"
   },
   "6905021988981026920": {
      "message": "동영상 검색결과"
   },
   "6922953828399110511": {
      "message": "뷰어 닫기"
   },
   "6929958461954697067": {
      "message": "내가 나온 사진"
   },
   "6939782595426687411": {
      "message": "추가 중..."
   },
   "6940998537415516791": {
      "message": " "
   },
   "695253297035211081": {
      "message": "휴지통 비우기"
   },
   "6967244066810487978": {
      "message": "휴지통"
   },
   "6970167488058122005": {
      "message": "저자 미상"
   },
   "6976414863987386971": {
      "message": "양식"
   },
   "7001938470263404128": {
      "message": "업로드"
   },
   "7002768663714031226": {
      "message": "업데이트"
   },
   "7004919150329996187": {
      "message": "이 서클에 일치하는 사용자가 없습니다."
   },
   "7054631817922169541": {
      "message": "Google Keep에 저장되지 않은 변경사항이 있습니다. 변경사항을 취소하고 페이지를 닫으시겠습니까?"
   },
   "7059437903473652416": {
      "message": "YouTube 동영상 $1​ 재생"
   },
   "7080196430479494775": {
      "message": "다시 시도"
   },
   "7084324152376766809": {
      "message": "$1​일 전"
   },
   "7084991134824194740": {
      "message": "나에게 알림"
   },
   "7092062731478679314": {
      "message": "서클이 없습니다."
   },
   "7117183622067702162": {
      "message": "Google 드라이브를 사용하면 더 이상 이메일 첨부파일을 보내지 않아도 됩니다. Google 드라이브에 저장한 파일의 링크를 공유하기만 하면 됩니다. 이렇게 하면 모두가 같은 파일, 같은 버전을 자동으로 이용할 수 있습니다."
   },
   "713754035716193665": {
      "message": "새 목록"
   },
   "7146242673022399081": {
      "message": "텍스트"
   },
   "7148992630785407972": {
      "message": "이 파일은 비밀번호로 보호되며 미리 볼 수 없습니다."
   },
   "7151987668860086450": {
      "message": "웹 검색"
   },
   "7153847618034547771": {
      "message": "사용"
   },
   "7161134329606048317": {
      "message": "닫기"
   },
   "7164532930742017984": {
      "message": "링크가 있는 모든 사용자"
   },
   "7174189954350964804": {
      "message": "다시 시도"
   },
   "7177591028189992523": {
      "message": "이동"
   },
   "7188754206068648188": {
      "message": "쉼표로 구분된 데이터 파일"
   },
   "7225837680381806920": {
      "message": "저녁($1​)"
   },
   "722702934847795304": {
      "message": "Project"
   },
   "7236199858216720905": {
      "message": "지도"
   },
   "7247530225058410142": {
      "message": "$1​ $2​"
   },
   "7259352906118493156": {
      "message": "사이트가 없습니다."
   },
   "7282548567245878869": {
      "message": "항목이 삭제되었습니다."
   },
   "7295712436136900176": {
      "message": "새로고침"
   },
   "7310311230493556740": {
      "message": "URL"
   },
   "7339696241980105410": {
      "message": "선택한 동영상이 더 이상 존재하지 않습니다. 소유자가 삭제했을 수 있습니다."
   },
   "7342923890755029722": {
      "message": "닫기"
   },
   "734478884582426793": {
      "message": "압축된 아카이브"
   },
   "7357017164339332230": {
      "message": "Google의 무료 사진 호스팅 서비스인 $2​Picasa 웹앨범$1​에서도 이미지를 보고 공유할 수 있습니다."
   },
   "736105042796745909": {
      "message": "{VIEWER_GENDER,select, female{폴더 만들기}male{폴더 만들기}other{폴더 만들기}}"
   },
   "7362061801920948830": {
      "message": "파일 추가 업로드"
   },
   "7364571366369083618": {
      "message": "동영상"
   },
   "7377239345926788722": {
      "message": "작업"
   },
   "7380785991026002613": {
      "message": "재사용이 가능하도록 라벨이 지정된 결과가 표시됩니다."
   },
   "7382688299146249119": {
      "message": "항목 다운로드"
   },
   "7383706174467122149": {
      "message": "메모가 삭제되었습니다."
   },
   "7388342865555961406": {
      "message": "$1​일 후"
   },
   "7393771571081973549": {
      "message": "C"
   },
   "740507516967994591": {
      "message": "열기"
   },
   "7422452809590461532": {
      "message": "빨간색"
   },
   "7426603384368095928": {
      "message": "다시 로그인하여 작업을 계속하려면 페이지를 새로고침하세요."
   },
   "7429084719905985261": {
      "message": "Objective C"
   },
   "7432956605646331928": {
      "message": "SQL"
   },
   "7440735091552109962": {
      "message": "$2​($1​에 수정됨)"
   },
   "7441891675459021164": {
      "message": "드라이브에 저장 중"
   },
   "7451573821837395189": {
      "message": "$2​내 드라이브$1​에 항목이 추가되었습니다."
   },
   "7468322419516352788": {
      "message": "설명을 업데이트하는 중에 문제가 발생했습니다."
   },
   "7488945223835574498": {
      "message": "Postscript"
   },
   "7492710087472140422": {
      "message": "자세히 알아보기"
   },
   "7493919863870655172": {
      "message": "웹 카메라"
   },
   "7500786109708143683": {
      "message": "음성 녹음이 삭제되었습니다."
   },
   "7501027876827009022": {
      "message": "상업적 목적으로 재사용이 가능하도록 라벨이 지정된 결과가 표시됩니다."
   },
   "7521272923988336579": {
      "message": "지금 Keep을 새로고침하여 최신 상태로 유지하세요."
   },
   "7532552995569296274": {
      "message": "검색어 지우기"
   },
   "7546994163355383999": {
      "message": "모든 메모가 저장됨"
   },
   "7559208209275370228": {
      "message": "내가 마지막으로 수정한 날짜"
   },
   "7565383798249439151": {
      "message": "$1​일 후"
   },
   "7565870443143407759": {
      "message": "문서에서 검색"
   },
   "7586291841734385643": {
      "message": "새 탭에서 보기"
   },
   "7598582624136632660": {
      "message": "검색창 열기/다음 찾기"
   },
   "7602870977118971161": {
      "message": "새로고침"
   },
   "7610654194202731772": {
      "message": "삭제"
   },
   "761925792744044896": {
      "message": "프로필 사진으로 설정"
   },
   "7630723924002267143": {
      "message": "단축키를 사용하도록 설정되어 있습니다."
   },
   "7640546114686970497": {
      "message": "항목을 더 이상 추가할 수 없습니다."
   },
   "7669846901402551021": {
      "message": "오늘"
   },
   "7691521283331762131": {
      "message": "보관처리된 메모가 여기에 표시됩니다."
   },
   "772000107335590599": {
      "message": "$1​분 후"
   },
   "7734578122414851725": {
      "message": "PHP"
   },
   "7745005220197261896": {
      "message": "도서 검색결과"
   },
   "7759846028901235026": {
      "message": "메모가 보관 취소됨"
   },
   "776065748745885880": {
      "message": "스페이스바"
   },
   "7770982082843341533": {
      "message": "폴더에 항목이 없습니다."
   },
   "779472474101127362": {
      "message": "스냅 사진 촬영"
   },
   "7800318069267901681": {
      "message": "마지막으로 수정된 날짜"
   },
   "7805487598105530487": {
      "message": "인라인"
   },
   "7814778057875152792": {
      "message": "Google 드라이브의 선택한 폴더로 첨부파일을 이동하는 중에 문제가 발생했습니다."
   },
   "7820417126206702946": {
      "message": "표시된 결과는 Google 드라이브에서만 개인적 또는 상업적 용도로 사용할 수 있으며 따로 재배포하거나 판매할 수 없습니다."
   },
   "7822364282298323175": {
      "message": "목록이 삭제되었습니다."
   },
   "7830513726270865588": {
      "message": "캘린더"
   },
   "7845751753397906805": {
      "message": "수정사항 충돌 발견됨"
   },
   "7852396628465259068": {
      "message": "프로필 사진"
   },
   "7859526172011446452": {
      "message": "전송 중지"
   },
   "78870906674150830": {
      "message": "$3​$1​$2​"
   },
   "7895643887742936844": {
      "message": "세미콜론"
   },
   "7899833760457194273": {
      "message": "이미지 검색"
   },
   "7899913952063063825": {
      "message": "이미지가 삭제되었습니다."
   },
   "7906726367011430855": {
      "message": "연결"
   },
   "7910518224461588465": {
      "message": "노란색"
   },
   "7953603850004320936": {
      "message": "미리보기를 사용할 수 없습니다."
   },
   "7957306528733096600": {
      "message": "진행 완료됨"
   },
   "7960528690514646841": {
      "message": "{moreCount,plural, =0{unused plural form}=1{1명 더보기}other{{moreCount}명 더보기}}"
   },
   "7973635145070803181": {
      "message": "사진 업로드"
   },
   "7987180255015869513": {
      "message": "또는 웹 주소 붙여넣기:"
   },
   "8011497727123874703": {
      "message": "$1​ 폴더 버튼"
   },
   "8016231262233952856": {
      "message": "청록색"
   },
   "8019402848412685977": {
      "message": "이름이 '$2​'에서 '$1​'(으)로 변경되었습니다."
   },
   "8023466614826324314": {
      "message": "사진이 수많은 사람들과 공유됩니다."
   },
   "8043514121228710092": {
      "message": "이미지 추가"
   },
   "8044700199531805239": {
      "message": "$3​$1​$2​이(가) 연결되었습니다."
   },
   "8069384932934428393": {
      "message": "$1​분 후"
   },
   "8081927474846706026": {
      "message": "그림이 없습니다."
   },
   "8090743714060857028": {
      "message": "보기 권한만 있는 사용자가 다운로드할 수 없음"
   },
   "8095838445486198080": {
      "message": "{FILE_SIZE,plural, =0{0바이트}=1{1바이트}other{#바이트}}"
   },
   "8099047958506869131": {
      "message": "{VIEWER_GENDER,select, female{새 폴더}male{새 폴더}other{새 폴더}}"
   },
   "8100558294600077150": {
      "message": "블로그 검색결과"
   },
   "8105635255693472607": {
      "message": "새 목록 항목 추가"
   },
   "8106780183458743723": {
      "message": "사진 앨범"
   },
   "8112699352770418817": {
      "message": "도서가 없습니다."
   },
   "8132410616064087953": {
      "message": "동영상이 너무 깁니다(최대 허용 길이: $1​초)."
   },
   "8135145577663029437": {
      "message": "모두 보관"
   },
   "8146560259680897627": {
      "message": "취소"
   },
   "8158191101452862916": {
      "message": "이미지 삽입"
   },
   "8159493406018222636": {
      "message": "의견 보내기"
   },
   "8172945196588870035": {
      "message": "이벤트"
   },
   "8174654098152723289": {
      "message": "설명 수정"
   },
   "8178754379486173416": {
      "message": "{VIEWER_GENDER,select, female{선택한 항목이 거의 없습니다. 더 선택하세요.}male{선택한 항목이 거의 없습니다. 더 선택하세요.}other{선택한 항목이 거의 없습니다. 더 선택하세요.}}"
   },
   "8192378456655629049": {
      "message": "동영상 처리 중..."
   },
   "8193991135666622583": {
      "message": "Keep"
   },
   "821942580510564685": {
      "message": "문서를 보려면 문서의 비밀번호를 입력하세요."
   },
   "8239237134193392595": {
      "message": "위치 알림 메시지는 휴대기기에만 표시됩니다."
   },
   "8267458240960831780": {
      "message": "인증하는 중..."
   },
   "8281141013543828574": {
      "message": "원시 이미지"
   },
   "8281678863271800533": {
      "message": "이미지 필터"
   },
   "8283103456188558313": {
      "message": "프레젠테이션"
   },
   "8290434443655418968": {
      "message": "{filesCount,plural, =0{unused plural form}=1{선택한 파일[{file}]을 업로드할 수 없습니다.}other{선택한 파일[{files}]을 업로드할 수 없습니다.}}"
   },
   "8304474373444239435": {
      "message": "$1​님의 답글입니다."
   },
   "8322416564157128458": {
      "message": "공유"
   },
   "8324195080917648153": {
      "message": "동영상 크기가 창 크기에 맞지 않습니다. 브라우저 창의 크기를 조금 늘리세요."
   },
   "8337582740675387693": {
      "message": "자바"
   },
   "8342684858400436871": {
      "message": "탭"
   },
   "8379952094517631162": {
      "message": "아니요"
   },
   "8409393124758970712": {
      "message": "$2​ x $1​"
   },
   "8412684147928483084": {
      "message": "검정색"
   },
   "8435544675017330861": {
      "message": "검색어와 일치하는 항목이 없습니다."
   },
   "8436817383042650304": {
      "message": "Caps-lock"
   },
   "8451184312655705174": {
      "message": "URL이 올바르면 여기에 이미지 미리보기가 표시됩니다. 이미지가 크면 표시하는 데 다소 시간이 걸릴 수 있습니다."
   },
   "8467894483369467251": {
      "message": "플래시"
   },
   "8506198918368329269": {
      "message": "상업적 목적으로 재사용 및 수정이 가능하도록 라벨이 지정된 결과가 표시됩니다."
   },
   "8571315158566081191": {
      "message": "스프레드시트가 없습니다."
   },
   "8580600056399054303": {
      "message": "새 항목 또는 선택한 항목을 이동할 위치 설정"
   },
   "8595175575778060149": {
      "message": "더보기"
   },
   "8596257056433048992": {
      "message": "환영합니다."
   },
   "8616342546716995946": {
      "message": "확인"
   },
   "8621067185485606452": {
      "message": "ECMAScript"
   },
   "8638281560898810401": {
      "message": "{MINUTES,plural, =0{0분}=1{1분}other{#분}}{SECONDS,plural, =0{0초입니다.}=1{1초입니다.}other{#초입니다.}}"
   },
   "863955692838281739": {
      "message": "닫기"
   },
   "8643398764569428530": {
      "message": "Google Keep에서 알림을 표시하도록 허용하시겠습니까?"
   },
   "8652566647088230560": {
      "message": "Dogfood Confidential"
   },
   "8660016472468563221": {
      "message": "콜론"
   },
   "8663507590720636709": {
      "message": "$1​ 외 $2​개"
   },
   "8666643061920113075": {
      "message": "{VIEWER_GENDER,select, female{이미지 URL 붙여넣기:}male{이미지 URL 붙여넣기:}other{이미지 URL 붙여넣기:}}"
   },
   "8674222789100049233": {
      "message": "닫기"
   },
   "86815590954366945": {
      "message": "보관된 콘텐츠 목록"
   },
   "8709611758728645225": {
      "message": "Pg-down"
   },
   "8711002053494037632": {
      "message": "모든 항목 선택 취소됨"
   },
   "8748281640412284111": {
      "message": "스톡 이미지"
   },
   "8759520888087120926": {
      "message": "스크립트가 없습니다."
   },
   "8775097441636640256": {
      "message": "$2​ - $1​"
   },
   "8780212274435014958": {
      "message": "서클"
   },
   "8781837301864053001": {
      "message": "서식 있는 텍스트"
   },
   "8792038552136453044": {
      "message": "문제가 발생했습니다."
   },
   "8793166064242077041": {
      "message": "이미지를 표시하는 중에 문제가 발생했습니다."
   },
   "8813101408630252335": {
      "message": "$1​초"
   },
   "8820281478062782578": {
      "message": "검색"
   },
   "8822326207328431952": {
      "message": "이미지 업로드를 사용할 수 없습니다."
   },
   "8840223453482998505": {
      "message": "$1​ 폴더 선택됨"
   },
   "8845176264121061589": {
      "message": "모든 항목 선택 취소"
   },
   "8850238112725591771": {
      "message": "단축키 $1​"
   },
   "8852550049823214385": {
      "message": "다음"
   },
   "8883744193208363722": {
      "message": "앱 업데이트가 있습니다."
   },
   "8884900765322249670": {
      "message": "목록 보기"
   },
   "8889019648958415451": {
      "message": "알 수 없는 파일"
   },
   "8911996820409711834": {
      "message": "텍스트를 새 목록 항목으로 이동 &raquo;"
   },
   "8916237870980173557": {
      "message": "연결 중..."
   },
   "8917554093651202032": {
      "message": "$1​ 재생"
   },
   "8919660666733306860": {
      "message": "이미지"
   },
   "8930959387403789939": {
      "message": "알림"
   },
   "8943760679396635042": {
      "message": "$1​ 표시 중입니다."
   },
   "8953555255469284376": {
      "message": "여기에 이미지 드롭"
   },
   "8979615310931291676": {
      "message": "수정된 시간: $1​"
   },
   "8986044948621891903": {
      "message": "Google 웹 검색을 사용하여 웹 결과를 찾으려면 위 검색창에 검색어를 입력하세요."
   },
   "901615442107785480": {
      "message": "메모/목록 저장"
   },
   "9024023699330078373": {
      "message": "이 항목을 열면 드라이브에 추가됩니다."
   },
   "9028041601596584772": {
      "message": "위치"
   },
   "9058308423774656474": {
      "message": "한글 워드 프로세서"
   },
   "9083935734710258396": {
      "message": "거부"
   },
   "9094248058931620597": {
      "message": "세부정보 패널을 축소했습니다."
   },
   "9114674068220302553": {
      "message": "첨부파일로 삽입"
   },
   "911586799466052745": {
      "message": "OpenOffice 그리기"
   },
   "9130962320402467249": {
      "message": "스톡 사진"
   },
   "9146716987301178362": {
      "message": "오류가 발생했습니다. 새로고침하세요."
   },
   "9165877886714239857": {
      "message": "이미지에서 텍스트를 가져올 수 없습니다. 나중에 다시 시도하세요."
   },
   "916773043895242978": {
      "message": "위에 입력한 이미지 URL이 잘못되었거나 해당 이미지를 로드할 수 없습니다. 올바른 이미지 URL을 입력하세요."
   },
   "9173629944963872598": {
      "message": "이벤트가 없습니다."
   },
   "9182500445937900938": {
      "message": "닫기"
   },
   "9195941533351099011": {
      "message": "$2​개 중 $1​ 업로드 중"
   },
   "9197837492705576727": {
      "message": "다음 항목으로 이동"
   },
   "919969969251998566": {
      "message": "이 보관처리된 메일을 추출하여 메일 계정에 저장합니다."
   },
   "9203542510134660095": {
      "message": "추출 작업이 시작되었습니다. 보관처리된 콘텐츠가 드라이브의 '$1​' 폴더 아래에 표시됩니다."
   },
   "940276535015195877": {
      "message": "폴더가 없습니다."
   },
   "943493480163896757": {
      "message": "{resultCount,plural, =1{일치하는 메모 #개}other{일치하는 메모 #개}}"
   },
   "951963820437151566": {
      "message": "Google 사이트 도구"
   },
   "95809842507987016": {
      "message": "삭제"
   },
   "963611681085757795": {
      "message": "죄송합니다. 지금은 문서 보기를 생성할 수 없습니다."
   },
   "96556988207614774": {
      "message": "캘린더"
   },
   "974042541427403929": {
      "message": "파란색"
   },
   "980395722421409371": {
      "message": "지도가 없습니다."
   },
   "982187142411651629": {
      "message": "닫기"
   },
   "985197728509875956": {
      "message": "Chemical Model"
   },
   "996381410993745580": {
      "message": "Photoshop"
   },
   "998727788921602971": {
      "message": "동영상"
   },
   "appDesc": {
      "description": "App description",
      "message": "떠오르는 생각을 바로 기록해 두었다가 언제 어디서든 꺼내 보세요."
   },
   "appName": {
      "description": "App name.",
      "message": "Google Keep – 메모 및 목록"
   }
}
