{
   "1006787209796778126": {
      "message": "O meu disco"
   },
   "1017907757187630742": {
      "message": "Os meus tipos de letra"
   },
   "1029072043275376320": {
      "message": "Não foram encontrados calendários."
   },
   "1030781695901615026": {
      "message": "Fim"
   },
   "103870949919613488": {
      "message": "Nota arquivada"
   },
   "1039394921418415681": {
      "message": "Iniciar sessão"
   },
   "1083918249169198626": {
      "message": "Os atalhos de teclado estão desativados."
   },
   "1090919586152138659": {
      "message": "Banco de imagens"
   },
   "1101371910696766077": {
      "message": "Fazer uma cópia"
   },
   "1107413433574576014": {
      "message": "Título demasiado longo. O texto realçado não será guardado."
   },
   "1127320433256851404": {
      "message": "Leitor de vídeo"
   },
   "1162642135048988280": {
      "message": "Mudar o nome do documento"
   },
   "1166244120191806795": {
      "message": "Enviar comentários"
   },
   "1179891706526242218": {
      "message": "Seguinte"
   },
   "1185164838496022543": {
      "message": "Clique aqui para atualizar a página."
   },
   "1185644932132585290": {
      "message": "$1​ carateres restantes"
   },
   "1213005208968286932": {
      "message": "Marcada como resolvida"
   },
   "1263557413037343589": {
      "message": "Organizar fotografias"
   },
   "1263685395252160366": {
      "message": "LaTeX"
   },
   "1311350045083871503": {
      "message": "Cancelar"
   },
   "1311729747516144362": {
      "message": "Vermelho"
   },
   "1315844696796851207": {
      "message": "Sans Serif"
   },
   "1319037146426591038": {
      "message": "ou"
   },
   "132822872080714863": {
      "message": "OK"
   },
   "133192954417440569": {
      "message": "Não foram encontrados resultados."
   },
   "1349697396109290623": {
      "message": "A apresentar a maior resolução de $1​"
   },
   "1376126796144976437": {
      "message": "Todos os tipos de letra"
   },
   "139942704574044780": {
      "message": "Aceitar"
   },
   "141491180325662484": {
      "message": "O Google Drive é um único local onde pode guardar todos os seus ficheiros para que possa aceder aos mesmos em qualquer lugar e em qualquer dispositivo. Quando tiver fotografias no Google Drive, poderá partilhá-las instantaneamente com círculos aqui."
   },
   "1418114637490664392": {
      "message": "Arquivo de fotografias da LIFE"
   },
   "1419896259743862406": {
      "message": "Abrir com"
   },
   "1440171352837969028": {
      "message": "Vídeo/áudio"
   },
   "1441487391064925653": {
      "message": "Ver todos os atalhos no Centro de Ajuda"
   },
   "1446829548948002072": {
      "message": "vírgula"
   },
   "1454684154234137497": {
      "message": "pausa"
   },
   "1459765068821943106": {
      "message": "{VIEWER_GENDER,select, female{Cole um URL do YouTube aqui:}male{Cole um URL do YouTube aqui:}other{Cole um URL do YouTube aqui:}}"
   },
   "1463079206290378085": {
      "message": "Fotografias do orkut"
   },
   "1463389029497634261": {
      "message": "Diminuir o volume"
   },
   "1475179211173444554": {
      "message": "Qualquer pessoa do domínio com o link"
   },
   "1492360016907725281": {
      "message": "{VIEWER_GENDER,select, female{Cole o URL de um vídeo aqui:}male{Cole o URL de um vídeo aqui:}other{Cole o URL de um vídeo aqui:}}"
   },
   "1493251742569121894": {
      "message": "Nota demasiado longa. O texto realçado não será guardado."
   },
   "1493384967280942491": {
      "message": "Cor-de-rosa"
   },
   "1499433769420882987": {
      "message": "A apresentar $1​"
   },
   "1505876360160857231": {
      "message": "$1​ TB"
   },
   "1521707405717823409": {
      "message": "Roxo"
   },
   "153439508598626384": {
      "message": "As suas fotografias"
   },
   "1536051766421561160": {
      "message": "igual"
   },
   "156992719062713230": {
      "message": "Cinza"
   },
   "1586968957182554447": {
      "message": "Desativar"
   },
   "1588268697057804046": {
      "message": "há $1​ horas"
   },
   "1603139897109307706": {
      "message": "Ocorreu um erro. Tente novamente"
   },
   "1604359562654146902": {
      "message": "Fotografias"
   },
   "1633370388224271051": {
      "message": "Não foram encontradas pessoas."
   },
   "1633798963327779260": {
      "message": "Amanhã"
   },
   "1654222450095043962": {
      "message": "Áudio"
   },
   "1656911987308166143": {
      "message": "Eliminar"
   },
   "1665821947855814052": {
      "message": "Tamanho"
   },
   "1692901784886701962": {
      "message": "Nota demasiado grande."
   },
   "1697160643589236962": {
      "message": "$1​ PB"
   },
   "1700522311470719738": {
      "message": "Lembrar-me"
   },
   "1701312243672511585": {
      "message": "Mover o texto para uma nota nova &raquo;"
   },
   "1709410429018687341": {
      "message": "Manhã ($1​)"
   },
   "1715552550526864429": {
      "message": "Pesquisar blogues"
   },
   "171683163267149669": {
      "message": "$1​ GB"
   },
   "1739900012825270238": {
      "message": "Ir para o item anterior"
   },
   "1756171223417807431": {
      "message": "Certifique-se de que a imagem é pública. Se a sua imagem estiver protegida por palavra-passe ou estiver numa rede interna, não será possível lê-la."
   },
   "1759957963056319953": {
      "message": "Regressar de $1​"
   },
   "1783719421893050637": {
      "message": "Dimensões"
   },
   "178927681797742562": {
      "message": "Iniciar sessão"
   },
   "1791115075948268631": {
      "message": "Abrir ajuda dos atalhos de teclado"
   },
   "1808245543551507519": {
      "message": "Áudio"
   },
   "1816851800848432562": {
      "message": "Remover"
   },
   "1818306025747564729": {
      "message": "Ir para o link"
   },
   "1823222042913714987": {
      "message": "Enviar palavra-passe"
   },
   "1823854753950594157": {
      "message": "Manter no lugar"
   },
   "1830157062072535681": {
      "message": "A apresentar $1​"
   },
   "185012928288875755": {
      "message": "Nenhum item correspondeu aos seus critérios."
   },
   "1856444915090632305": {
      "message": "O documento está encriptado. Introduza uma palavra-passe."
   },
   "1866863108233180413": {
      "message": "Pastas"
   },
   "187077078156858455": {
      "message": "Nota de áudio"
   },
   "189303170370862360": {
      "message": "$1​ de $2​ itens"
   },
   "1900571668686750716": {
      "message": "vCard"
   },
   "1901351411358749070": {
      "message": "Partilhado comigo"
   },
   "1913425963149828429": {
      "message": "Extrair este arquivo para o Drive."
   },
   "1918176455405610789": {
      "message": "Concluído"
   },
   "1920189655549476211": {
      "message": "duração desconhecida"
   },
   "1929603188252533075": {
      "message": "Não foi possível eliminar o seu vídeo. Tente novamente."
   },
   "1951810091681076784": {
      "message": "{COUNT_1,plural, =1{1 nota correspondente}other{{COUNT_2} notas correspondentes}}"
   },
   "1956794332842050061": {
      "message": "Página seguinte"
   },
   "1965626377712226216": {
      "message": "Keynote"
   },
   "1968405748623909021": {
      "message": "Experimente abrir ou editar este item com uma das aplicações abaixo"
   },
   "1974063091619095703": {
      "message": "Pessoas"
   },
   "1988244842147989817": {
      "message": "As notas no Lixo são eliminadas após 7 dias."
   },
   "1993674829873313178": {
      "message": "Problemas com o carregamento? Estamos em manutenção, mas tudo voltará ao normal brevemente."
   },
   "2003845117979929469": {
      "message": "Detalhes"
   },
   "2048322072989992494": {
      "message": "Ainda ninguém partilhou ficheiros consigo!"
   },
   "2055836117545582610": {
      "message": "Definições da lista"
   },
   "2059084517358086391": {
      "message": "Fechar a barra de localização"
   },
   "2061440050632248160": {
      "message": "Arquivar"
   },
   "2068023589621557589": {
      "message": "Tipo de letra TrueType"
   },
   "2073035325657060696": {
      "message": "Não existe nenhuma pré-visualização disponível."
   },
   "2073322475696388995": {
      "message": "Avançar"
   },
   "207810168108507460": {
      "message": "há $1​ hora"
   },
   "2109272338124379867": {
      "message": "Última modificação"
   },
   "2116013171202209313": {
      "message": "Selecionar"
   },
   "2122256657192674586": {
      "message": "Pesquisar vídeos"
   },
   "2125135092719715773": {
      "message": "Carregar"
   },
   "212796670323571824": {
      "message": "OK"
   },
   "213665695896111861": {
      "message": "Notas"
   },
   "2138593281154109183": {
      "message": "Arquivadas"
   },
   "2147952938331523160": {
      "message": "Mudar o nome..."
   },
   "2154372123324862271": {
      "message": "barra"
   },
   "2154940358270068005": {
      "message": "Manter as notas eliminadas durante mais algum tempo"
   },
   "2184278444368405837": {
      "message": "$1​ items"
   },
   "2187239650627580457": {
      "message": "Enviar"
   },
   "2198096971937872560": {
      "message": "Lembrete"
   },
   "220168959069469607": {
      "message": "Mais ações"
   },
   "221715292685577880": {
      "message": "Sim"
   },
   "2220005860896049129": {
      "message": "Demorou demasiado tempo a localizar o documento na fonte original."
   },
   "2228413078211839077": {
      "message": "Ocorreu um problema temporário ao gerar uma vista do documento."
   },
   "2235097878790803849": {
      "message": "Diga adeus aos anexos. Dê as boas-vindas ao Google Drive."
   },
   "2257303402199718039": {
      "message": "Não foi possível localizar o documento na fonte original. Confirme se o documento ainda existe."
   },
   "2274436793504233543": {
      "message": "Cancelar"
   },
   "2278224983638451454": {
      "message": "Obter agora"
   },
   "2280650195464600721": {
      "message": "Navegação"
   },
   "2285069188138705005": {
      "message": "Aplicações associadas"
   },
   "2289534534793293486": {
      "message": "Retirar do arquivo"
   },
   "2289812403593835836": {
      "message": "Pages"
   },
   "229177484946387188": {
      "message": "Google Earth"
   },
   "2292696732672795285": {
      "message": "Aumentar o volume"
   },
   "230180475614658119": {
      "message": "Concluído"
   },
   "2304293593067358316": {
      "message": "Clip art"
   },
   "2310145944356900158": {
      "message": "Selecionado"
   },
   "2311880726221661199": {
      "message": "A carregar resoluções superiores"
   },
   "2329167963662998826": {
      "message": "O Google Keep pretende utilizar a sua localização para melhorar as sugestões de locais para lembretes de localização."
   },
   "234046557601727809": {
      "message": "Não existem imagens nem vídeos."
   },
   "2349912757088764940": {
      "message": "Visível para:"
   },
   "2359614137862708172": {
      "message": "Shift"
   },
   "2370463380397641604": {
      "message": "Atalhos de teclado populares"
   },
   "2370656573843123707": {
      "message": "parêntese reto direito"
   },
   "2393487423640708285": {
      "message": "O URL não é válido. Certifique-se de que começa por http:// ou https://."
   },
   "2405795704816921421": {
      "message": "Ficheiro $1​"
   },
   "2412314804333167252": {
      "message": "A folha de cálculo é demasiado grande. Clique em $3​transferir$1​ ou $4​editar no Google Folhas$1​."
   },
   "2418104318933043113": {
      "message": "Pesquisa de Imagens do Google"
   },
   "2433429041384246549": {
      "message": "Desativar som"
   },
   "2449254824382583885": {
      "message": "Abrir numa nova janela"
   },
   "2452522051596946166": {
      "message": "Ups! Ocorreu um problema ao pré-visualizar $1​. A tentar novamente."
   },
   "2454642351139428112": {
      "message": "Anular"
   },
   "2466251465475184755": {
      "message": "Esvaziar o Lixo? Todas as notas no Lixo serão eliminadas permanentemente."
   },
   "2475181823688399272": {
      "message": "Seguinte"
   },
   "2484568559152875936": {
      "message": "Não existem álbuns de fotografias."
   },
   "2504232652631703202": {
      "message": "Associada"
   },
   "251025074207413762": {
      "message": "Adicionar descrição"
   },
   "2510929871271209216": {
      "message": "A folha de cálculo é demasiado grande. Clique $2​aqui$1​ para a transferir."
   },
   "2513437337377210144": {
      "message": "fim"
   },
   "2524021436052870191": {
      "message": "Não é possível carregar este ficheiro. Só funcionarão $1​ ficheiros com um tamanho inferior a $2​ MB."
   },
   "2532280782491328445": {
      "message": "Localizar anterior"
   },
   "2538080331309772448": {
      "message": "Ordenar: $1​"
   },
   "2538462904124380434": {
      "message": "Nota movida para o Lixo"
   },
   "2546225293834487484": {
      "message": "Nota"
   },
   "2555961950726197809": {
      "message": "A mostrar leitor."
   },
   "2558480112329900136": {
      "message": "Cinzento"
   },
   "257317112834806705": {
      "message": "Alternar entre a vista de lista e de grelha"
   },
   "2579679351920691492": {
      "message": "Retroceder"
   },
   "2587566920590457715": {
      "message": "Maps Engine Lite"
   },
   "2609409316752026806": {
      "message": "PDF"
   },
   "2609750184896485102": {
      "message": "Vídeos do telemóvel"
   },
   "2615188670181508661": {
      "message": "Não escolheu nada recentemente!"
   },
   "2623861453769098676": {
      "message": "Ocorreu um problema ao pré-visualizar este documento."
   },
   "2628268670001557269": {
      "message": "Quota"
   },
   "2643241712502664984": {
      "message": "Os seus vídeos do YouTube"
   },
   "2661850177130037208": {
      "message": "Abrir o item"
   },
   "2681830832355823748": {
      "message": "Pesquisar todos os atalhos"
   },
   "2687303256387847763": {
      "message": "Popularidade"
   },
   "2702485557996900362": {
      "message": "Corrigir edições em conflito"
   },
   "2705842902318123127": {
      "message": "Navegar para a nota/lista seguinte/anterior"
   },
   "272948685355798518": {
      "message": "Tipo de ficheiro inválido selecionado."
   },
   "2731144323070245943": {
      "message": "Definições da lista"
   },
   "2742719907061406418": {
      "message": "XML"
   },
   "2750830436677712001": {
      "message": "{VIEWER_GENDER,select, female{Falha ao criar {FOLDER_NAME}.}male{Falha ao criar {FOLDER_NAME}.}other{Falha ao criar {FOLDER_NAME}.}}"
   },
   "2752123004911547510": {
      "message": "Mais populares"
   },
   "2758125083752925237": {
      "message": "(Proprietário)"
   },
   "277430914014962533": {
      "message": "Ups! Ocorreu um problema ao pré-visualizar $1​."
   },
   "2774713922589657910": {
      "message": "Qualquer pessoa do domínio"
   },
   "2786560864906393383": {
      "message": "Fotografias do telemóvel"
   },
   "2789687492331041935": {
      "message": "Escolher uma hora"
   },
   "2790446494460492805": {
      "message": "Tarefa de extração iniciada. As mensagens do arquivo serão apresentadas na sua conta de email sob o marcador \"Importação: $1​\"."
   },
   "2793841261389879255": {
      "message": "Página anterior"
   },
   "2801153442808430222": {
      "message": "O meu disco"
   },
   "2817277146396981386": {
      "message": "da tarde"
   },
   "2818020101821669029": {
      "message": "Criado"
   },
   "2818135503416309545": {
      "message": "Gravar um vídeo"
   },
   "2827039933590757722": {
      "message": "Atalho do Windows"
   },
   "2829226075651806940": {
      "message": "Aumentar"
   },
   "2860188519781080944": {
      "message": "Cor de laranja"
   },
   "2861568351294148466": {
      "message": "Scripts"
   },
   "2864281852037732729": {
      "message": "Menos"
   },
   "2873089307546162154": {
      "message": "OK"
   },
   "2877285560485318801": {
      "message": "Interromper"
   },
   "2878874627361086801": {
      "message": "pré-visualização"
   },
   "2879276552944958066": {
      "message": "Voltar à pasta $1​."
   },
   "289798573180023043": {
      "message": "OK"
   },
   "2902747751281161248": {
      "message": "Aplicar às novas listas"
   },
   "2905147317995482841": {
      "message": "Atualizámos a experiência de visualização para todos os ficheiros no Google Drive. Agora é mais atrativo e fácil de utilizar! Esperamos que goste deste novo aspeto."
   },
   "2917498437550635075": {
      "message": "Ícone"
   },
   "2964778642459027786": {
      "message": "Sem notas no Lixo"
   },
   "2974598228601710262": {
      "message": "Adicionar"
   },
   "2979466412944870220": {
      "message": "A carregar pré-visualização..."
   },
   "2982511431742033448": {
      "message": "Não existem apresentações."
   },
   "298817883481775869": {
      "message": "A carregar..."
   },
   "3000689173481666334": {
      "message": "Editar o círculo"
   },
   "3029395493413607486": {
      "message": "Não foi possível carregar o leitor de vídeo. Experimente atualizar a página.$1​Se o problema continuar, $3​consulte o Centro de Ajuda$2​."
   },
   "3043961722025425136": {
      "message": "Descrição"
   },
   "306516303501625305": {
      "message": "A autenticação falhou."
   },
   "3073005748126521632": {
      "message": "Lembrado em $1​"
   },
   "3074184819310272351": {
      "message": "Fotografias carregadas"
   },
   "3084372889071691504": {
      "message": "{VIEWER_GENDER,select, female{Cole um URL aqui:}male{Cole um URL aqui:}other{Cole um URL aqui:}}"
   },
   "3095645856215493958": {
      "message": "Localizar texto impresso nas fotografias"
   },
   "31018542656161389": {
      "message": "Aplicar zoom até ajustar"
   },
   "3109321241584918345": {
      "message": "Associar mais aplicações..."
   },
   "3121560585545725724": {
      "message": "$1​, $2​"
   },
   "3140236589681731084": {
      "message": "dentro de $1​ horas"
   },
   "3189854932778515441": {
      "message": "Nota no arquivo"
   },
   "3207670492626476064": {
      "message": "Tabelas"
   },
   "3211163842850942567": {
      "message": "Ampliar"
   },
   "3222929029344613957": {
      "message": "Ocorreu um erro ao abrir este ficheiro. Tente novamente."
   },
   "3233388241926683100": {
      "message": "Pesquisar notas"
   },
   "3243829462528324248": {
      "message": "Castanho"
   },
   "3250489229749307913": {
      "message": "Publicação Eletrónica"
   },
   "3256928852560591255": {
      "message": "Não é possível editar no lixo"
   },
   "3261131345401321392": {
      "message": "Pode Comentar"
   },
   "3265524298292280681": {
      "message": "esc"
   },
   "3267563602179728277": {
      "message": "eliminar"
   },
   "3272496516667407797": {
      "message": "Ocorreu um problema ao carregar os detalhes."
   },
   "3275029321588462173": {
      "message": "Nenhuma"
   },
   "3278237562147211998": {
      "message": "Banco de imagens"
   },
   "330603631583186798": {
      "message": "Word"
   },
   "3306487262690341751": {
      "message": "Data e hora"
   },
   "3312545971976531405": {
      "message": "Mensagem"
   },
   "3319087486907616296": {
      "message": "Transmitir este item"
   },
   "3328129883064940351": {
      "message": "Tipos de letra"
   },
   "3335409796971631780": {
      "message": "A extrair para o Drive."
   },
   "3343451103608774400": {
      "message": "Apresentação do $3​novo Os meus mapas.$2​$1​Ferramentas de mapeamento melhoradas."
   },
   "3354260708176476985": {
      "message": "A carregar&hellip;"
   },
   "3357778055650785985": {
      "message": "Item demasiado grande. O texto realçado não será guardado."
   },
   "3364679383274077479": {
      "message": "Atualização da aplicação disponível"
   },
   "3368639944474272225": {
      "message": "Não foi possível obter o documento para visualização ou não tem autorização para o visualizar."
   },
   "3381619429606029445": {
      "message": "Visio"
   },
   "3382236845597426718": {
      "message": "Abrir"
   },
   "3408219901032480508": {
      "message": "$2​; $1​"
   },
   "3409257542937182842": {
      "message": "A tentar novamente..."
   },
   "3409483962000136213": {
      "message": "Reproduzir/interromper"
   },
   "3418767079436101103": {
      "message": "Ocorreu um problema ao carregar esta página."
   },
   "3421685394169412932": {
      "message": "Todas as alterações efetuadas são guardadas automaticamente"
   },
   "3422389100099960864": {
      "message": "Não existem imagens."
   },
   "3428726060007577698": {
      "message": "Lista demasiado grande."
   },
   "3430885603500576146": {
      "message": "Selecione apenas imagens para as quais tenha uma licença de utilização confirmada."
   },
   "3440534675925634227": {
      "message": "Numa janela do navegador Chrome, aceda a chrome://settings e certifique-se de que tem sessão iniciada. Em seguida, clique em Iniciar sessão novamente."
   },
   "3446158485617778228": {
      "message": "Anular"
   },
   "3448234415275521882": {
      "message": "Informações gerais"
   },
   "3448684788258660606": {
      "message": "As suas fotografias"
   },
   "3450585781337676327": {
      "message": "A carregar..."
   },
   "3457279184692206825": {
      "message": "As fotografias ficarão visíveis para todas as pessoas (públicas na Web)."
   },
   "3468441711253011521": {
      "message": "Google Folhas"
   },
   "3473620774713000513": {
      "message": "Resolvida"
   },
   "3483438888494819423": {
      "message": "Novidades no Google Keep"
   },
   "3511274344439521198": {
      "message": "Ações"
   },
   "3518073392823563581": {
      "message": "Atalhos de teclado"
   },
   "3531603810713611778": {
      "message": "Tamanho máximo do ficheiro excedido. Anule a seleção de um ou mais."
   },
   "3543475399174940144": {
      "message": "+$1​"
   },
   "3547194749488601916": {
      "message": "A atualizar..."
   },
   "354828103903104581": {
      "message": "Itens marcados"
   },
   "3561658662634401836": {
      "message": "Título"
   },
   "357172711168973843": {
      "message": "As notas ou alterações adicionadas recentemente não foram guardadas. Crie uma cópia dos conteúdos e atualize a página."
   },
   "3586705906700410505": {
      "message": "Desenhos a lápis"
   },
   "3587798318180902863": {
      "message": "{NUM_SELECTED,plural, =1{ selecionado »}other{ selecionados »}}"
   },
   "3595000514985906359": {
      "message": "Excel"
   },
   "3602920441714068008": {
      "message": "Lembrado no dia $1​, às $2​"
   },
   "3608606849109645545": {
      "message": "Introduzir novo nome do documento:"
   },
   "361202495024972887": {
      "message": "Carregar vídeos"
   },
   "361630518611593946": {
      "message": "Ocultar caixas de verificação"
   },
   "3625886392901506764": {
      "message": "ou"
   },
   "3643146117250542609": {
      "message": "Não existem PDFs."
   },
   "3645728163953189422": {
      "message": "Não foi possível obter o documento para visualização porque este é demasiado grande."
   },
   "3651893685901703652": {
      "message": "..."
   },
   "3657386785336906042": {
      "message": "barra invertida"
   },
   "3659554681396757189": {
      "message": "Aberto pelo utilizador"
   },
   "3663571259791438207": {
      "message": "Denunciar abuso"
   },
   "3664842788764635265": {
      "message": "Nenhum"
   },
   "3666123569747918021": {
      "message": "Este documento tem alterações não guardadas. Pretende sair da página e rejeitar as alterações?"
   },
   "3673346558112798837": {
      "message": "Sem imagem de fundo"
   },
   "3674811252904549204": {
      "message": "Fotografias de capa"
   },
   "3678477908297567934": {
      "message": "sublinhado"
   },
   "3681747688524363195": {
      "message": "Início"
   },
   "3690515530505404607": {
      "message": "Ocorreu um problema ao reproduzir este vídeo."
   },
   "369764661829607970": {
      "message": "{NUM_ITEMS,plural, =0{Não existem itens}=1{1 item}other{# itens}}"
   },
   "3712215972250917265": {
      "message": "Comentários"
   },
   "3717138719704492547": {
      "message": "Verifique se o endereço contém erros."
   },
   "374088101949877889": {
      "message": "Fechar"
   },
   "3745308627628779133": {
      "message": "Nova pasta"
   },
   "3748461364828242354": {
      "message": "Selecionar cor"
   },
   "3770795578481676514": {
      "message": "Amarelo"
   },
   "3771958676925493302": {
      "message": "Remover o filtro: $1​"
   },
   "3779945546806941187": {
      "message": "Monocromático"
   },
   "3793086499925031123": {
      "message": "Abrir a barra de pesquisa/localizar anterior"
   },
   "37992665410817181": {
      "message": "Reaberta"
   },
   "3801617971018550169": {
      "message": "Ontem"
   },
   "3808213429720572062": {
      "message": "Restaurar"
   },
   "381100310424863459": {
      "message": "Illustrator"
   },
   "3842411126100113634": {
      "message": "página para cima"
   },
   "3844047145949375230": {
      "message": "Documentos"
   },
   "3858324058837632381": {
      "message": "Ocorreu um problema ao reproduzir este ficheiro de áudio."
   },
   "3864575916269080329": {
      "message": "Imagens pesquisáveis"
   },
   "3866373087987934712": {
      "message": "Falha no carregamento: $1​"
   },
   "3869166581651870488": {
      "message": "Terminar a edição"
   },
   "3873215756962047275": {
      "message": "ARQUIVO"
   },
   "3873467440437675460": {
      "message": "Não foi possível encontrar os tipos de letra selecionados anteriormente."
   },
   "3897281533382850749": {
      "message": "Reativar som"
   },
   "3936153839186254186": {
      "message": "Mostrar: $1​"
   },
   "3955760658925284765": {
      "message": "Tentar novamente"
   },
   "3974064131130689245": {
      "message": "Vista de grelha"
   },
   "3977699855735576796": {
      "message": "Ocorreu um problema ao carregar mais páginas."
   },
   "3988418762222300024": {
      "message": "ponto final"
   },
   "3989552504822984034": {
      "message": "Desenhos Google"
   },
   "4005725939358875643": {
      "message": "Ação anulada."
   },
   "4014287326684608407": {
      "message": "Azul esverdeado"
   },
   "4048275292053012394": {
      "message": "Contactos"
   },
   "4059387791040010947": {
      "message": "Meta"
   },
   "4067915791853673774": {
      "message": "{VIEWER_GENDER,select, female{Fechar}male{Fechar}other{Fechar}}"
   },
   "4078179869358383373": {
      "message": "Não foram encontrados resultados."
   },
   "4087667435414545203": {
      "message": "Já não tem sessão iniciada. Para efetuar alterações, atualize."
   },
   "4093134637041332383": {
      "message": "SAIBA MAIS"
   },
   "4097007735221462946": {
      "message": "Desenhos"
   },
   "4097921967754832323": {
      "message": "hífen"
   },
   "4100504115801514799": {
      "message": "Nota restaurada"
   },
   "4119294114251628099": {
      "message": "Não foi possível obter o URL de imagem indicado. Pode ser um URL privado a que os nossos servidores não podem aceder. Experimente outro URL."
   },
   "4134385041569168669": {
      "message": "A carregar..."
   },
   "4148564423510181521": {
      "message": "Limpar pesquisa"
   },
   "4152315289461886": {
      "message": "Controlos de documentos"
   },
   "4168280976997555951": {
      "message": "Não existem documentos."
   },
   "4174786386751618325": {
      "message": "Nota da fotografia"
   },
   "4182427157920112948": {
      "message": "til"
   },
   "4200426647595470259": {
      "message": "Começar a reproduzir o ficheiro de áudio"
   },
   "4200911267543705377": {
      "message": "Escreva a pesquisa na caixa acima para encontrar resultados de blogues através da Pesquisa de blogues do Google."
   },
   "4205329094859140439": {
      "message": "da manhã"
   },
   "4211182812451835307": {
      "message": "Pode editar"
   },
   "4211806608204126222": {
      "message": "$2​Termos de Utilização$1​"
   },
   "4214190403999219403": {
      "message": "Zoom"
   },
   "4230101516585408149": {
      "message": "Escrever uma nova nota"
   },
   "4253741616909644861": {
      "message": "Termos de pesquisa"
   },
   "4280747719095153198": {
      "message": "Comentário resolvido"
   },
   "4286663890332754386": {
      "message": "Falha ao carregar."
   },
   "4299690446455033653": {
      "message": "Works"
   },
   "4314643310615423802": {
      "message": "A sua sessão foi terminada."
   },
   "4318861667254318892": {
      "message": "Google Video"
   },
   "4319229296464464147": {
      "message": "Data de inclusão"
   },
   "4320831042030778": {
      "message": "Cancelar"
   },
   "4332252081504252077": {
      "message": "Ups!"
   },
   "4338991104991831337": {
      "message": "Imagens"
   },
   "4339705658383891586": {
      "message": "A cores"
   },
   "4343825450663233452": {
      "message": "Pode ver"
   },
   "4343836986248234462": {
      "message": "Item da lista"
   },
   "435214284915110062": {
      "message": "Abrir a barra de pesquisa"
   },
   "4372755508519489521": {
      "message": "Vista de Grelha"
   },
   "4391715930031906467": {
      "message": "Localizar seguinte"
   },
   "4395845663892873002": {
      "message": "início"
   },
   "4422985761498356257": {
      "message": "Abrir com"
   },
   "4430062722430863019": {
      "message": "Eliminar nota permanentemente?"
   },
   "4439812492856303238": {
      "message": "Ocorreu um erro inesperado ao processar a sua seleção. Tente novamente mais tarde."
   },
   "4444571967705751871": {
      "message": "Lixo"
   },
   "4466605492523079635": {
      "message": "Guardar"
   },
   "4468872996560163913": {
      "message": "Esvaziar o Lixo agora"
   },
   "4473912481270012588": {
      "message": "Guardado no Google Drive – Mover para:"
   },
   "45228242181482134": {
      "message": "Reproduzir"
   },
   "4536519876526589338": {
      "message": "Avatar de $1​."
   },
   "4552045407215325033": {
      "message": "Não é possível carregar o URL do vídeo que introduziu acima. Certifique-se de que está correto e de que é de um Website suportado."
   },
   "4564682305303579317": {
      "message": "Continuar"
   },
   "456498742882714639": {
      "message": "Mover para:"
   },
   "4588500131398315347": {
      "message": "Criar círculo"
   },
   "4604402426271704651": {
      "message": "Nenhuma fotografia"
   },
   "4620034373159179678": {
      "message": "Página $1​ de $2​"
   },
   "4630690108252818511": {
      "message": "Não foram encontradas imagens."
   },
   "468283184702431827": {
      "message": "Ação iniciada"
   },
   "4695897771458936174": {
      "message": "Partilhar fotografias do Google Drive no Google+"
   },
   "4740100782728373253": {
      "message": "Guardar no Drive"
   },
   "4748046231232264180": {
      "message": "Formulários do Google"
   },
   "4767722428137216885": {
      "message": "Cancelar"
   },
   "477328789314249432": {
      "message": "Pesquisar notas"
   },
   "4775368111547931093": {
      "message": "Sem descrição"
   },
   "4781742940361705258": {
      "message": "Ignorar"
   },
   "4783695823456312682": {
      "message": "Mover para o fim"
   },
   "47844150329705564": {
      "message": "Resultados da pesquisa para \"$1​\""
   },
   "4798897505978458661": {
      "message": "Não foram encontrados vídeos."
   },
   "4805047680716507619": {
      "message": " – Mover para:"
   },
   "4806763987633034948": {
      "message": "Assinatura PKCS7"
   },
   "4833214200453019325": {
      "message": "$1​ de $2​"
   },
   "4846720038197420778": {
      "message": "Associar mais aplicações"
   },
   "4853788427396558692": {
      "message": "$1​ MB"
   },
   "4858389278403807208": {
      "message": "Nota no lixo"
   },
   "4888104357342241891": {
      "message": "Lembretes"
   },
   "4889853674709731963": {
      "message": "Todas as notas foram guardadas offline"
   },
   "4901386320110714275": {
      "message": "Palavra-passe incorreta. Tente novamente."
   },
   "490372259452655427": {
      "message": "O documento ainda não se encontra disponível para visualização."
   },
   "4906669330059413958": {
      "message": "Enviar palavra-passe"
   },
   "4908614808966678155": {
      "message": "Nenhum resultado da pesquisa para \"$1​\""
   },
   "4926020998477695737": {
      "message": "Mudar para a pasta $1​"
   },
   "4943176738805484221": {
      "message": "editar"
   },
   "4956678140555659175": {
      "message": "retrocesso"
   },
   "4957674814179289955": {
      "message": "Navegar para o item da lista seguinte/anterior"
   },
   "4963784280521435720": {
      "message": "A guardar..."
   },
   "4969219890884320840": {
      "message": "Atualizar"
   },
   "4983125135476400111": {
      "message": "Enviar nota/lista para o lixo"
   },
   "4988132901627446385": {
      "message": "Painel de detalhes expandido."
   },
   "4998757387516632837": {
      "message": "Os resultados apresentados incluem uma licença para reutilização com modificação."
   },
   "5006225450559627366": {
      "message": "mais $1​"
   },
   "501475221876543407": {
      "message": "As notas adicionadas aparecem aqui"
   },
   "5023525794410110078": {
      "message": "Adicionar texto à fotografia"
   },
   "5026241297254150381": {
      "message": "Adicionar nota"
   },
   "5046371569383796818": {
      "message": "Manter"
   },
   "5055418092354683641": {
      "message": "Serif"
   },
   "5095987896933771566": {
      "message": "Imprimir o documento"
   },
   "5096751700090310607": {
      "message": "Não existem fotografias."
   },
   "509815948423424872": {
      "message": "Navegação"
   },
   "5099245668405591445": {
      "message": "Pesquisar"
   },
   "512429649443191386": {
      "message": "$2​Ajuda$1​"
   },
   "5124522868502261563": {
      "message": "Folhas de cálculo"
   },
   "5130903421326358933": {
      "message": "Ocorreu um problema ao guardar o anexo no Google Drive."
   },
   "5149937870346466591": {
      "message": "Vista de lista"
   },
   "5169187962228219813": {
      "message": "Imagens Life"
   },
   "5180454621500142444": {
      "message": "Restaurar"
   },
   "5180989337128758117": {
      "message": "parêntese reto esquerdo"
   },
   "5184692850089055965": {
      "message": "Capturar texto da imagem"
   },
   "5197718200713913936": {
      "message": "C++"
   },
   "5201670213497642487": {
      "message": "Barra de separador no painel de detalhes. Prima as teclas de seta para a esquerda e para a direita para alternar entre separadores."
   },
   "5204391636475413312": {
      "message": "Guardar"
   },
   "5213411023807957844": {
      "message": "Pesquisar no Google Keep"
   },
   "5213974294317036409": {
      "message": "{numPages,plural, =0{}=1{1 página}other{# páginas}}"
   },
   "5226470917948786938": {
      "message": "Por ordem alfabética"
   },
   "5238003680997310998": {
      "message": "Mais"
   },
   "5238371081785912565": {
      "message": "Abrir com $1​"
   },
   "5275493935807628890": {
      "message": "Não é possível encontrar a imagem no URL indicado."
   },
   "5281121179861637423": {
      "message": "É necessário introduzir a palavra-passe para aceder a $1​. Introduza a palavra-passe."
   },
   "5288037028604092288": {
      "message": "XPS"
   },
   "5291153964865714504": {
      "message": "Sem notas correspondentes"
   },
   "5299648222246616124": {
      "message": "acento grave"
   },
   "5304869088141363028": {
      "message": "Fotografias em destaque"
   },
   "5316658541831864803": {
      "message": "A visualização deste tipo de documento não é suportada."
   },
   "5319313176242717957": {
      "message": "A processar imagens…"
   },
   "5336801339221383042": {
      "message": "Javascript"
   },
   "534228323125524312": {
      "message": "Reduzir"
   },
   "5353129315502554762": {
      "message": "Folha de Estilos"
   },
   "5372143986724491245": {
      "message": "há $1​ dia"
   },
   "5372160981898991853": {
      "message": "Publisher"
   },
   "5399553230649155346": {
      "message": "dentro de $1​ hora"
   },
   "5403830377590414208": {
      "message": "Branco"
   },
   "5408091115193390231": {
      "message": "AutoCAD"
   },
   "5438481737351808090": {
      "message": "Tarde ($1​)"
   },
   "544377415081282702": {
      "message": "Pedimos desculpa."
   },
   "5447119197363232006": {
      "message": "Mostrar no Drive"
   },
   "5465323999933375616": {
      "message": "Atingiu o limite de largura de banda para ver ou transferir ficheiros que não têm o formato do Google Docs."
   },
   "5472312735475866917": {
      "message": "Comentário de $1​."
   },
   "547865385964196102": {
      "message": "há $1​ minutos"
   },
   "5482872484546230111": {
      "message": "Pesquisar livros"
   },
   "5494181290179470995": {
      "message": "Eliminar"
   },
   "5500117709595533163": {
      "message": "Escreva a pesquisa na caixa acima para encontrar resultados de livros eletrónicos através do Google Livros."
   },
   "5514516347328112388": {
      "message": "Pode ainda tentar transferir o documento original, ao clicar $2​aqui$1​."
   },
   "5529532831767466284": {
      "message": "{VIEWER_GENDER,select, female{{DEGREES}° {MINUTES}' {SECONDS}\"}male{{DEGREES}° {MINUTES}' {SECONDS}\"}other{{DEGREES}° {MINUTES}' {SECONDS}\"}}"
   },
   "5555182241047709329": {
      "message": "Escolha uma localização"
   },
   "5555599189512365009": {
      "message": "COMPREENDI"
   },
   "5571842632470308750": {
      "message": "Qualquer tipo"
   },
   "5588597116382648727": {
      "message": "A iniciar a extração."
   },
   "5598649706113950710": {
      "message": "Editor"
   },
   "5609727719971819773": {
      "message": "{VIEWER_GENDER,select, female{Retroceder}male{Retroceder}other{Retroceder}}"
   },
   "5627470193961862490": {
      "message": "As notas com lembretes para breve aparecem aqui"
   },
   "5631086126416409232": {
      "message": "Azul"
   },
   "564165666160590723": {
      "message": "Windows Media Player"
   },
   "5660422479531064559": {
      "message": "Não existem formulários."
   },
   "5675154446465700699": {
      "message": "PDFs"
   },
   "568072913338360182": {
      "message": "HTML"
   },
   "5707549724380589079": {
      "message": "Eliminar itens marcados?"
   },
   "5714240424645614611": {
      "message": "Android Package"
   },
   "5728640851616538925": {
      "message": "Verde"
   },
   "5744491383087191878": {
      "message": "O URL da imagem inserido acima está incorreto ou não é possível carregá-lo."
   },
   "5747728324987383020": {
      "message": "Rostos"
   },
   "5783875011049188612": {
      "message": "Texto da imagem capturado"
   },
   "5785010887521443923": {
      "message": "Remover"
   },
   "5834678297024555032": {
      "message": "Permitir"
   },
   "5840330517914556080": {
      "message": "Reduzir"
   },
   "5842536098490298653": {
      "message": "Não foram encontrados tipos de letra."
   },
   "5865680764501413616": {
      "message": "Não é possível reconhecer o texto."
   },
   "5871966496153339793": {
      "message": "A apresentar a miniatura do vídeo $1​"
   },
   "5875004331736681428": {
      "message": "A extrair para a sua conta de email."
   },
   "587666071025645113": {
      "message": "Pesquisar"
   },
   "5877526626743756786": {
      "message": "Comentários"
   },
   "5889725440363483648": {
      "message": "Qualquer pessoa do grupo"
   },
   "5911012384539794869": {
      "message": "Falha ao iniciar a extração."
   },
   "5916010927050975496": {
      "message": "$1​ KB"
   },
   "5949528478488617689": {
      "message": "Autorização da transferência"
   },
   "5950887255133612666": {
      "message": "Não iniciado."
   },
   "5969696744752069015": {
      "message": "Nenhuma pré-visualização disponível."
   },
   "5971400924847413790": {
      "message": "Em alternativa, pode ainda ver em $2​HTML simples$1​ (redirecionamento automático)."
   },
   "5972111804366033138": {
      "message": "Transferir"
   },
   "5975031149676029214": {
      "message": "Toda a gente"
   },
   "5976369213680241300": {
      "message": "Pesquisar imagens"
   },
   "5980081664136280513": {
      "message": "Verde"
   },
   "5984398071085567332": {
      "message": "Google Fusion Tables"
   },
   "6009962986062136164": {
      "message": "A carregar $1​."
   },
   "60305871484579258": {
      "message": "Alt"
   },
   "6043068172993241858": {
      "message": "Não existe ninguém neste círculo."
   },
   "604883455412617728": {
      "message": "Nenhum contacto correspondeu à sua pesquisa."
   },
   "6051386830221821025": {
      "message": "A iniciar sessão..."
   },
   "6064654062949366878": {
      "message": "Reproduzir"
   },
   "6070475007374165567": {
      "message": "A guardar..."
   },
   "6083586461434260179": {
      "message": "Nova experiência de visualização"
   },
   "6087078248621415351": {
      "message": "Modificada em $1​"
   },
   "6091926883608250483": {
      "message": "Mais"
   },
   "6105571474005679446": {
      "message": "Ocorreu um problema com a pré-visualização."
   },
   "6113237889871930608": {
      "message": "Nota em branco"
   },
   "6118623991445349480": {
      "message": "Página $1​"
   },
   "6122643025527543706": {
      "message": "Ctrl"
   },
   "6131822680770571276": {
      "message": "PowerPoint"
   },
   "6140634664402328750": {
      "message": "Lista de aplicações"
   },
   "6149175749937815029": {
      "message": "Ver todos os itens"
   },
   "6160805346274626656": {
      "message": "Eliminar definitivamente"
   },
   "616807262818311711": {
      "message": "Tipo"
   },
   "6175043905327075444": {
      "message": "Selecionados anteriormente"
   },
   "6177107655089301674": {
      "message": "Transferir a aplicação Google Keep para Android"
   },
   "6185886893933834031": {
      "message": "Manter selecionada"
   },
   "6186290899408627510": {
      "message": "enter"
   },
   "6189891414154673003": {
      "message": "Os Meus Mapas"
   },
   "6203260615455347677": {
      "message": "Numbers"
   },
   "6223207695466118454": {
      "message": "YouTube"
   },
   "6224687211096863620": {
      "message": "Qualquer pessoa"
   },
   "623118860067088424": {
      "message": "Vídeos"
   },
   "6231401379881217113": {
      "message": "inserir"
   },
   "6252259197986158120": {
      "message": "Ontem"
   },
   "6253076263700695984": {
      "message": "Erro de autenticação. Atualize."
   },
   "6255475144867830247": {
      "message": "Escolha a partir de outros separadores de navegação."
   },
   "6267063643272327592": {
      "message": "Tente novamente mais tarde."
   },
   "6290270819062517523": {
      "message": "Demasiados itens selecionados. Anule a seleção de um ou mais."
   },
   "6305748545202493254": {
      "message": "Mostrar/ocultar o painel de detalhes"
   },
   "6324768448533022780": {
      "message": "$1​ $2​"
   },
   "6331677437567501421": {
      "message": "Ocorreu um problema ao atualizar a autorização da transferência."
   },
   "6333496730738019575": {
      "message": "A carregar..."
   },
   "634900089121611600": {
      "message": "Não existem vídeos."
   },
   "6362170008350775214": {
      "message": "Lembrete em $1​"
   },
   "6375395544374251820": {
      "message": "Ocorreu um problema ao carregar mais páginas. A tentar novamente..."
   },
   "6376739025584042564": {
      "message": "Recortar fotografia"
   },
   "6386587519843563719": {
      "message": "Ficheiro Binário"
   },
   "6416495701611778255": {
      "message": "Sugestões de aplicações de terceiros"
   },
   "6419411265907669340": {
      "message": "Hoje"
   },
   "6436479735235889890": {
      "message": "Lembrete para as $2​ de $1​"
   },
   "6450508807204492448": {
      "message": "Ícone do $1​"
   },
   "6457802200418354862": {
      "message": "Os leitores podem transferir este ficheiro"
   },
   "6459405233858728718": {
      "message": "Apresentações do Google"
   },
   "6464761738227651511": {
      "message": "há $1​ minuto"
   },
   "6466736813846482957": {
      "message": "Anterior"
   },
   "6479216014938929613": {
      "message": "Noite ($1​)"
   },
   "6482358947077977110": {
      "message": "Imagens da Pesquisa Google"
   },
   "6487403767449360463": {
      "message": "Atualizar o Google Keep?"
   },
   "6488225756782357866": {
      "message": "A imagem realçada foi encontrada pela Pesquisa de Imagens do Google na seguinte página:"
   },
   "6510131849363684615": {
      "message": "Amanhã"
   },
   "6516256764288947999": {
      "message": "Etiquetar pessoas"
   },
   "6522917155620379865": {
      "message": "Transferir"
   },
   "6524849072392100692": {
      "message": "Pasta do Google Drive"
   },
   "6551588617715293696": {
      "message": "Opções de ordenação"
   },
   "6570921376519753466": {
      "message": "Títulos"
   },
   "6571686604846453345": {
      "message": "Ocorreu um problema ao adicionar este item ao Google Drive."
   },
   "6582286158693833652": {
      "message": "Saiba mais"
   },
   "6588176324871799870": {
      "message": "Script do Google Apps"
   },
   "6602430002978098812": {
      "message": "Escrita manual"
   },
   "6614046405230762587": {
      "message": "Não foram encontrados contactos."
   },
   "6622304228074863427": {
      "message": "Aplicação"
   },
   "6624754161346656119": {
      "message": "Avatar de $1​."
   },
   "6644861766016503644": {
      "message": "Palavra-passe obrigatória"
   },
   "6650600936729710500": {
      "message": "Respostas."
   },
   "666311703374681171": {
      "message": "Imagens e vídeos"
   },
   "6666820082708870349": {
      "message": "Remover"
   },
   "6707173584987026005": {
      "message": "Hoje"
   },
   "6709984792949009238": {
      "message": "Abertos pela última vez por mim"
   },
   "6726462693927865256": {
      "message": "Detalhes"
   },
   "6726879257388338969": {
      "message": "Imprimir"
   },
   "6726925393892510846": {
      "message": "Ocorreu um erro. Tente novamente."
   },
   "6741759391888465238": {
      "message": "A guardar no Google Drive – Mover para:"
   },
   "6744457949320515234": {
      "message": "Nota vazia rejeitada"
   },
   "6757218172402086688": {
      "message": "Pesquisar Notas..."
   },
   "6780628488957834429": {
      "message": "Laranja"
   },
   "6784073265197389491": {
      "message": "Saiba mais"
   },
   "681598652078493281": {
      "message": "Saiba mais"
   },
   "6818286476757207074": {
      "message": "Selecione apenas imagens para as quais tenha uma licença de utilização confirmada."
   },
   "682070933835616121": {
      "message": "Não existem tabelas."
   },
   "6822338149422461362": {
      "message": "Google Drive"
   },
   "6827821461670731013": {
      "message": "Mostrar caixas de verificação"
   },
   "6828581947433060251": {
      "message": "Ocorreu um problema ao mudar o nome do item."
   },
   "6833760103261954639": {
      "message": "Ocorreu um problema ao carregar esta página. A tentar novamente..."
   },
   "6841020391100928352": {
      "message": "Tamanho máximo do ficheiro excedido."
   },
   "6851307437837490686": {
      "message": "Impedir que os leitores transfiram este ficheiro"
   },
   "6856672816797218730": {
      "message": "Anexar"
   },
   "6891563484025164308": {
      "message": "Anterior"
   },
   "6893687445500687349": {
      "message": "Google Sites"
   },
   "6898823203505321799": {
      "message": "Detalhes"
   },
   "6904351530369058983": {
      "message": "Proprietário"
   },
   "6905021988981026920": {
      "message": "Pesquisa de vídeos"
   },
   "6922953828399110511": {
      "message": "Fechar o visualizador"
   },
   "6929958461954697067": {
      "message": "Fotografias de si"
   },
   "6939782595426687411": {
      "message": "A adicionar..."
   },
   "6940998537415516791": {
      "message": "às"
   },
   "695253297035211081": {
      "message": "Esvaziar Lixo"
   },
   "6967244066810487978": {
      "message": "LIXO"
   },
   "6970167488058122005": {
      "message": "autor desconhecido"
   },
   "6976414863987386971": {
      "message": "Formulários"
   },
   "7001938470263404128": {
      "message": "Carregar"
   },
   "7002768663714031226": {
      "message": "Atualizar"
   },
   "7004919150329996187": {
      "message": "Não foram encontradas pessoas correspondentes neste círculo."
   },
   "7054631817922169541": {
      "message": "O Google Keep tem alterações não guardadas. Pretende sair da página e rejeitar as alterações?"
   },
   "7059437903473652416": {
      "message": "Reproduzir vídeo do YouTube $1​"
   },
   "7080196430479494775": {
      "message": "Tentar novamente"
   },
   "7084324152376766809": {
      "message": "há $1​ dias"
   },
   "7084991134824194740": {
      "message": "Lembrar-me"
   },
   "7092062731478679314": {
      "message": "Não foram encontrados círculos."
   },
   "7117183622067702162": {
      "message": "Com o Google Drive, nunca mais terá de enviar anexos nos emails. Basta partilhar um link para qualquer ficheiro que armazene no Google Drive e todas as pessoas terão acesso ao mesmo ficheiro e à mesma versão... automaticamente."
   },
   "713754035716193665": {
      "message": "Nova lista"
   },
   "7146242673022399081": {
      "message": "Texto"
   },
   "7148992630785407972": {
      "message": "Este ficheiro está protegido por uma palavra-passe e não pode, portanto, ser pré-visualizado."
   },
   "7151987668860086450": {
      "message": "Pesquisa na Web"
   },
   "7153847618034547771": {
      "message": "Ativar"
   },
   "7161134329606048317": {
      "message": "Fechar"
   },
   "7164532930742017984": {
      "message": "Qualquer pessoa com o link"
   },
   "7174189954350964804": {
      "message": "Tentar novamente"
   },
   "7177591028189992523": {
      "message": "Mover"
   },
   "7188754206068648188": {
      "message": "Dados Separados por Vírgulas"
   },
   "7225837680381806920": {
      "message": "Final da tarde ($1​)"
   },
   "722702934847795304": {
      "message": "Project"
   },
   "7236199858216720905": {
      "message": "Google Maps"
   },
   "7247530225058410142": {
      "message": "$2​ $1​"
   },
   "7259352906118493156": {
      "message": "Não existem Websites."
   },
   "7282548567245878869": {
      "message": "Item eliminado"
   },
   "7295712436136900176": {
      "message": "Atualizar a página"
   },
   "7310311230493556740": {
      "message": "URL"
   },
   "7339696241980105410": {
      "message": "O vídeo selecionado já não existe. O proprietário pode tê-lo removido."
   },
   "7342923890755029722": {
      "message": "Fechar"
   },
   "734478884582426793": {
      "message": "Arquivo Comprimido"
   },
   "7357017164339332230": {
      "message": "Estas imagens também estão disponíveis para visualizar e partilhar nos $2​Álbuns Web Picasa$1​, o serviço de alojamento de fotografias gratuito da Google."
   },
   "736105042796745909": {
      "message": "{VIEWER_GENDER,select, female{Criar pasta}male{Criar pasta}other{Criar pasta}}"
   },
   "7362061801920948830": {
      "message": "Carregar mais"
   },
   "7364571366369083618": {
      "message": "Vídeo"
   },
   "7377239345926788722": {
      "message": "Ações"
   },
   "7380785991026002613": {
      "message": "Os resultados apresentados incluem uma licença para reutilização."
   },
   "7382688299146249119": {
      "message": "Transferir item"
   },
   "7383706174467122149": {
      "message": "Nota eliminada"
   },
   "7388342865555961406": {
      "message": "dentro de $1​ dia"
   },
   "7393771571081973549": {
      "message": "C"
   },
   "740507516967994591": {
      "message": "Abrir"
   },
   "7422452809590461532": {
      "message": "Vermelho"
   },
   "7426603384368095928": {
      "message": "Atualize a página para iniciar a sessão novamente e continuar a trabalhar."
   },
   "7429084719905985261": {
      "message": "Objective C"
   },
   "7432956605646331928": {
      "message": "SQL"
   },
   "7440735091552109962": {
      "message": "$2​ (editado à(s) $1​)"
   },
   "7441891675459021164": {
      "message": "A guardar no Drive"
   },
   "7451573821837395189": {
      "message": "O item foi adicionado ao seu $2​Google Drive$1​."
   },
   "7468322419516352788": {
      "message": "Ocorreu um problema ao atualizar a descrição."
   },
   "7488945223835574498": {
      "message": "Postscript"
   },
   "7492710087472140422": {
      "message": "Saiba mais"
   },
   "7493919863870655172": {
      "message": "Câmara Web"
   },
   "7500786109708143683": {
      "message": "Áudio eliminado"
   },
   "7501027876827009022": {
      "message": "Os resultados apresentados incluem uma licença para reutilização comercial."
   },
   "7521272923988336579": {
      "message": "Atualize agora o Google Keep para se manter atualizado."
   },
   "7532552995569296274": {
      "message": "Limpar pesquisa"
   },
   "7546994163355383999": {
      "message": "Todas as notas foram guardadas"
   },
   "7559208209275370228": {
      "message": "Última edição por mim"
   },
   "7565383798249439151": {
      "message": "dentro de $1​ dias"
   },
   "7565870443143407759": {
      "message": "Localizar no documento"
   },
   "7586291841734385643": {
      "message": "Abrir num novo separador"
   },
   "7598582624136632660": {
      "message": "Abrir a barra de pesquisa/localizar seguinte"
   },
   "7602870977118971161": {
      "message": "Atualizar"
   },
   "7610654194202731772": {
      "message": "Eliminar"
   },
   "761925792744044896": {
      "message": "Definir como fotografia do perfil"
   },
   "7630723924002267143": {
      "message": "Os atalhos de teclado estão ativados."
   },
   "7640546114686970497": {
      "message": "Não é possível adicionar mais itens"
   },
   "7669846901402551021": {
      "message": "Hoje"
   },
   "7691521283331762131": {
      "message": "As suas notas arquivadas aparecem aqui"
   },
   "772000107335590599": {
      "message": "dentro de $1​ minutos"
   },
   "7734578122414851725": {
      "message": "PHP"
   },
   "7745005220197261896": {
      "message": "Pesquisa de livros do Google"
   },
   "7759846028901235026": {
      "message": "Nota retirada do arquivo"
   },
   "776065748745885880": {
      "message": "barra de espaço"
   },
   "7770982082843341533": {
      "message": "Não existem itens nesta pasta."
   },
   "779472474101127362": {
      "message": "Tirar um instantâneo"
   },
   "7800318069267901681": {
      "message": "Modificado"
   },
   "7805487598105530487": {
      "message": "Inline"
   },
   "7814778057875152792": {
      "message": "Ocorreu um problema ao mover o anexo para a pasta selecionada no Google Drive."
   },
   "7820417126206702946": {
      "message": "Os resultados apresentados estão disponíveis unicamente para utilização pessoal ou comercial no Google Drive e não poderão ser vendidos ou redistribuídos de forma independente."
   },
   "7822364282298323175": {
      "message": "Lista eliminada"
   },
   "7830513726270865588": {
      "message": "Calendário Google"
   },
   "7845751753397906805": {
      "message": "Foram encontradas edições em conflito"
   },
   "7852396628465259068": {
      "message": "Fotografia do perfil"
   },
   "7859526172011446452": {
      "message": "Parar a transmissão"
   },
   "78870906674150830": {
      "message": "$3​$1​$2​"
   },
   "7895643887742936844": {
      "message": "ponto e vírgula"
   },
   "7899833760457194273": {
      "message": "Pesquisa de imagens"
   },
   "7899913952063063825": {
      "message": "Imagem eliminada"
   },
   "7906726367011430855": {
      "message": "Associar"
   },
   "7910518224461588465": {
      "message": "Amarelo"
   },
   "7953603850004320936": {
      "message": "Pré-visualização indisponível."
   },
   "7957306528733096600": {
      "message": "Ação concluída"
   },
   "7960528690514646841": {
      "message": "{moreCount,plural, =0{unused plural form}=1{+ 1 pessoa}other{+ {moreCount} pessoas}}"
   },
   "7973635145070803181": {
      "message": "Carregar fotografias"
   },
   "7987180255015869513": {
      "message": "Ou cole um endereço Web aqui:"
   },
   "8011497727123874703": {
      "message": "Botão da pasta $1​"
   },
   "8016231262233952856": {
      "message": "Azul esverdeado"
   },
   "8019402848412685977": {
      "message": "O nome de \"$2​\" foi alterado para \"$1​\"."
   },
   "8023466614826324314": {
      "message": "As fotografias serão partilhadas com um público alargado."
   },
   "8043514121228710092": {
      "message": "Adicionar imagem"
   },
   "8044700199531805239": {
      "message": "$3​$1​$2​ foi ligada."
   },
   "8069384932934428393": {
      "message": "dentro de $1​ minuto"
   },
   "8081927474846706026": {
      "message": "Não existem desenhos."
   },
   "8090743714060857028": {
      "message": "Os leitores não podem transferir este ficheiro"
   },
   "8095838445486198080": {
      "message": "{FILE_SIZE,plural, =0{0 bytes}=1{1 byte}other{# bytes}}"
   },
   "8099047958506869131": {
      "message": "{VIEWER_GENDER,select, female{Nova pasta}male{Nova pasta}other{Nova pasta}}"
   },
   "8100558294600077150": {
      "message": "Pesquisa de blogues do Google"
   },
   "8105635255693472607": {
      "message": "Adicionar novos itens de lista"
   },
   "8106780183458743723": {
      "message": "Álbuns de fotografias"
   },
   "8112699352770418817": {
      "message": "Não foram encontrados livros."
   },
   "8132410616064087953": {
      "message": "Vídeo demasiado longo (a duração máxima é de $1​ segundos)."
   },
   "8135145577663029437": {
      "message": "Manter ambas"
   },
   "8146560259680897627": {
      "message": "Cancelar"
   },
   "8158191101452862916": {
      "message": "Inserir imagens"
   },
   "8159493406018222636": {
      "message": "Enviar comentários"
   },
   "8172945196588870035": {
      "message": "Eventos"
   },
   "8174654098152723289": {
      "message": "Editar descrição"
   },
   "8178754379486173416": {
      "message": "{VIEWER_GENDER,select, female{Poucos itens selecionados. Selecione mais.}male{Poucos itens selecionados. Selecione mais.}other{Poucos itens selecionados. Selecione mais.}}"
   },
   "8192378456655629049": {
      "message": "A processar vídeo..."
   },
   "8193991135666622583": {
      "message": "Google Keep"
   },
   "821942580510564685": {
      "message": "Introduza a palavra-passe deste documento para visualizá-lo"
   },
   "8239237134193392595": {
      "message": "As notificações de lembretes de local aparecem apenas em dispositivos móveis."
   },
   "8267458240960831780": {
      "message": "A autenticar..."
   },
   "8281141013543828574": {
      "message": "Imagem Raw"
   },
   "8281678863271800533": {
      "message": "Filtro de imagem"
   },
   "8283103456188558313": {
      "message": "Apresentações"
   },
   "8290434443655418968": {
      "message": "{filesCount,plural, =0{forma plural não usada}=1{Não é suportado o carregamento do ficheiro selecionado [{file}].}other{Não é suportado o carregamento dos ficheiros selecionados [{files}].}}"
   },
   "8304474373444239435": {
      "message": "Resposta de $1​."
   },
   "8322416564157128458": {
      "message": "Partilhar"
   },
   "8324195080917648153": {
      "message": "Não é possível colocar o vídeo nesta janela. Aumente ligeiramente a janela do navegador para poder colocar o vídeo."
   },
   "8337582740675387693": {
      "message": "Java"
   },
   "8342684858400436871": {
      "message": "tabulação"
   },
   "8379952094517631162": {
      "message": "Não"
   },
   "8409393124758970712": {
      "message": "$2​ x $1​"
   },
   "8412684147928483084": {
      "message": "Preto"
   },
   "8435544675017330861": {
      "message": "Nenhum item corresponde à sua pesquisa."
   },
   "8436817383042650304": {
      "message": "caps lock"
   },
   "8451184312655705174": {
      "message": "Se o seu URL estiver correto, verá uma pré-visualização aqui. As imagens grandes poderão demorar alguns minutos a surgir."
   },
   "8467894483369467251": {
      "message": "Flash"
   },
   "8506198918368329269": {
      "message": "Os resultados apresentados incluem uma licença para reutilização comercial com modificação."
   },
   "8571315158566081191": {
      "message": "Não existem folhas de cálculo."
   },
   "8580600056399054303": {
      "message": "Definir para onde vão os itens novos ou marcados"
   },
   "8595175575778060149": {
      "message": "Mais"
   },
   "8596257056433048992": {
      "message": "Bem-vindo ao"
   },
   "8616342546716995946": {
      "message": "Entendi"
   },
   "8621067185485606452": {
      "message": "ECMAScript"
   },
   "8638281560898810401": {
      "message": "{MINUTES,plural, =0{0 minutos }=1{1 minuto }other{# minutos }}{SECONDS,plural, =0{0 segundos}=1{1 segundo}other{# segundos}}"
   },
   "863955692838281739": {
      "message": "Fechar"
   },
   "8643398764569428530": {
      "message": "Permitir que o Google Keep apresente notificações?"
   },
   "8652566647088230560": {
      "message": "Uso interno e confidencial"
   },
   "8660016472468563221": {
      "message": "dois pontos"
   },
   "8663507590720636709": {
      "message": "$1​ +$2​ mais"
   },
   "8666643061920113075": {
      "message": "{VIEWER_GENDER,select, female{Cole o URL de uma imagem aqui:}male{Cole o URL de uma imagem aqui:}other{Cole o URL de uma imagem aqui:}}"
   },
   "8674222789100049233": {
      "message": "Fechar"
   },
   "86815590954366945": {
      "message": "Lista de conteúdo arquivado"
   },
   "8709611758728645225": {
      "message": "página para baixo"
   },
   "8711002053494037632": {
      "message": "Todos os itens desmarcados"
   },
   "8748281640412284111": {
      "message": "Banco de imagens"
   },
   "8759520888087120926": {
      "message": "Não existem scripts."
   },
   "8775097441636640256": {
      "message": "$2​ – $1​"
   },
   "8780212274435014958": {
      "message": "Círculos"
   },
   "8781837301864053001": {
      "message": "RTF"
   },
   "8792038552136453044": {
      "message": "Ups! Algo correu mal"
   },
   "8793166064242077041": {
      "message": "Ocorreu um problema ao apresentar esta imagem."
   },
   "8813101408630252335": {
      "message": "$1​ seg."
   },
   "8820281478062782578": {
      "message": "Pesquisar"
   },
   "8822326207328431952": {
      "message": "Os carregamentos de imagens não estão disponíveis"
   },
   "8840223453482998505": {
      "message": "Pasta selecionada $1​"
   },
   "8845176264121061589": {
      "message": "Desmarcar todos os itens"
   },
   "8850238112725591771": {
      "message": "atalho $1​"
   },
   "8852550049823214385": {
      "message": "e depois"
   },
   "8883744193208363722": {
      "message": "Está disponível uma atualização para a aplicação."
   },
   "8884900765322249670": {
      "message": "Vista de Lista"
   },
   "8889019648958415451": {
      "message": "Ficheiro Desconhecido"
   },
   "8911996820409711834": {
      "message": "Mover o texto para o novo item de lista &raquo;"
   },
   "8916237870980173557": {
      "message": "A ligar..."
   },
   "8917554093651202032": {
      "message": "Reproduzir $1​"
   },
   "8919660666733306860": {
      "message": "Imagem"
   },
   "8930959387403789939": {
      "message": "Lembrete"
   },
   "8943760679396635042": {
      "message": "A apresentar $1​."
   },
   "8953555255469284376": {
      "message": "Largar as imagens aqui"
   },
   "8979615310931291676": {
      "message": "Editado $1​"
   },
   "8986044948621891903": {
      "message": "Escreva a sua pesquisa na caixa acima para encontrar resultados através da Pesquisa Web do Google."
   },
   "901615442107785480": {
      "message": "Arquivar nota/lista"
   },
   "9024023699330078373": {
      "message": "A abertura deste item adiciona-o ao seu Drive"
   },
   "9028041601596584772": {
      "message": "Localização"
   },
   "9058308423774656474": {
      "message": "Hangul Word Processor"
   },
   "9083935734710258396": {
      "message": "Recusar"
   },
   "9094248058931620597": {
      "message": "Painel de detalhes reduzido."
   },
   "9114674068220302553": {
      "message": "Como anexo"
   },
   "911586799466052745": {
      "message": "OpenOffice Draw"
   },
   "9130962320402467249": {
      "message": "Banco de imagens"
   },
   "9146716987301178362": {
      "message": "Encontrou um erro. Atualize."
   },
   "9165877886714239857": {
      "message": "Não é possível capturar o texto da imagem. Tente novamente mais tarde."
   },
   "916773043895242978": {
      "message": "O URL da imagem que introduziu acima está incorreto ou não é possível carregá-lo. Introduza um URL da imagem correto."
   },
   "9173629944963872598": {
      "message": "Não foram encontrados eventos."
   },
   "9182500445937900938": {
      "message": "Fechar"
   },
   "9195941533351099011": {
      "message": "A carregar $1​ de $2​"
   },
   "9197837492705576727": {
      "message": "Ir para o item seguinte"
   },
   "919969969251998566": {
      "message": "Extrair este arquivo para a sua conta de email."
   },
   "9203542510134660095": {
      "message": "A extração foi iniciada. O conteúdo do arquivo será apresentado no Drive na pasta \"$1​\"."
   },
   "940276535015195877": {
      "message": "Não existem pastas."
   },
   "943493480163896757": {
      "message": "{resultCount,plural, =1{# nota correspondente}other{# notas correspondentes}}"
   },
   "951963820437151566": {
      "message": "Google Sites"
   },
   "95809842507987016": {
      "message": "Eliminar"
   },
   "963611681085757795": {
      "message": "Neste momento, não é possível gerar uma vista do documento."
   },
   "96556988207614774": {
      "message": "Calendários"
   },
   "974042541427403929": {
      "message": "Azul"
   },
   "980395722421409371": {
      "message": "Não foram encontrados mapas."
   },
   "982187142411651629": {
      "message": "Ignorar"
   },
   "985197728509875956": {
      "message": "Chemical Model"
   },
   "996381410993745580": {
      "message": "Photoshop"
   },
   "998727788921602971": {
      "message": "Vídeos"
   },
   "appDesc": {
      "description": "App description",
      "message": "Registe rapidamente aquilo em que pensa e receba um lembrete no local ou momento certo."
   },
   "appName": {
      "description": "App name.",
      "message": "Google Keep – notas e listas"
   }
}
