{
   "1006787209796778126": {
      "message": "Discul meu"
   },
   "1017907757187630742": {
      "message": "Fonturile mele"
   },
   "1029072043275376320": {
      "message": "Nu s-a găsit niciun calendar."
   },
   "1030781695901615026": {
      "message": "Jos"
   },
   "103870949919613488": {
      "message": "Notă arhivată"
   },
   "1039394921418415681": {
      "message": "Conectați-vă"
   },
   "1083918249169198626": {
      "message": "Comenzile rapide de la tastatură sunt dezactivate."
   },
   "1090919586152138659": {
      "message": "Stoc"
   },
   "1101371910696766077": {
      "message": "Faceți o copie"
   },
   "1107413433574576014": {
      "message": "Titlul este prea mare. Textul evidențiat nu va fi salvat."
   },
   "1127320433256851404": {
      "message": "Player video"
   },
   "1162642135048988280": {
      "message": "Redenumiți documentul"
   },
   "1166244120191806795": {
      "message": "Trimiteți feedback"
   },
   "1179891706526242218": {
      "message": "Înainte"
   },
   "1185164838496022543": {
      "message": "Dați clic aici pentru a reîncărca pagina."
   },
   "1185644932132585290": {
      "message": "$1​ (de) caractere rămase"
   },
   "1213005208968286932": {
      "message": "Marcată ca încheiată"
   },
   "1263557413037343589": {
      "message": "Organizați fotografiile"
   },
   "1263685395252160366": {
      "message": "LaTeX"
   },
   "1311350045083871503": {
      "message": "Anulați"
   },
   "1311729747516144362": {
      "message": "Roșu"
   },
   "1315844696796851207": {
      "message": "Sans Serif"
   },
   "1319037146426591038": {
      "message": "sau"
   },
   "132822872080714863": {
      "message": "OK"
   },
   "133192954417440569": {
      "message": "Nu s-a găsit niciun rezultat."
   },
   "1349697396109290623": {
      "message": "Se afișează imaginea $1​ la o rezoluție mai mare"
   },
   "1376126796144976437": {
      "message": "Toate fonturile"
   },
   "139942704574044780": {
      "message": "Acceptați"
   },
   "141491180325662484": {
      "message": "Google Drive este locul în care vă puteți păstra toate fișierele, astfel încât să le accesați de oriunde, de pe orice dispozitiv.  După ce încărcați fotografii în Google Drive, le puteți trimite imediat persoanelor din cercurile dvs. de aici."
   },
   "1418114637490664392": {
      "message": "Arhiva de fotografii LIFE"
   },
   "1419896259743862406": {
      "message": "Deschideți cu"
   },
   "1440171352837969028": {
      "message": "Video/Audio"
   },
   "1441487391064925653": {
      "message": "Afișați toate comenzile rapide din Centrul de ajutor"
   },
   "1446829548948002072": {
      "message": "virgulă"
   },
   "1454684154234137497": {
      "message": "pause"
   },
   "1459765068821943106": {
      "message": "{VIEWER_GENDER,select, female{Inserați adresa URL de pe YouTube aici:}male{Inserați adresa URL de pe YouTube aici:}other{Inserați adresa URL de pe YouTube aici:}}"
   },
   "1463079206290378085": {
      "message": "Fotografii de pe orkut"
   },
   "1463389029497634261": {
      "message": "Micșorați volumul"
   },
   "1475179211173444554": {
      "message": "Oricine din domeniu care are linkul"
   },
   "1492360016907725281": {
      "message": "{VIEWER_GENDER,select, female{Inserați adresa URL a unui videoclip aici:}male{Inserați adresa URL a unui videoclip aici:}other{Inserați adresa URL a unui videoclip aici:}}"
   },
   "1493251742569121894": {
      "message": "Nota este prea mare. Textul evidențiat nu va fi salvat."
   },
   "1493384967280942491": {
      "message": "Roz"
   },
   "1499433769420882987": {
      "message": "Se afișează $1​"
   },
   "1505876360160857231": {
      "message": "$1​ TB"
   },
   "1521707405717823409": {
      "message": "Violet"
   },
   "153439508598626384": {
      "message": "Fotografiile dvs."
   },
   "1536051766421561160": {
      "message": "egal"
   },
   "156992719062713230": {
      "message": "Gri"
   },
   "1586968957182554447": {
      "message": "Dezactivați"
   },
   "1588268697057804046": {
      "message": "acum $1​ (de) ore"
   },
   "1603139897109307706": {
      "message": "A apărut o eroare. Încercați din nou."
   },
   "1604359562654146902": {
      "message": "Fotografii"
   },
   "1633370388224271051": {
      "message": "Nu s-a găsit nicio persoană."
   },
   "1633798963327779260": {
      "message": "Mâine"
   },
   "1654222450095043962": {
      "message": "Audio"
   },
   "1656911987308166143": {
      "message": "Ștergeți"
   },
   "1665821947855814052": {
      "message": "Dimensiune"
   },
   "1692901784886701962": {
      "message": "Notă prea lungă."
   },
   "1697160643589236962": {
      "message": "$1​ PB"
   },
   "1700522311470719738": {
      "message": "Reamintește-mi"
   },
   "1701312243672511585": {
      "message": "Mutați textul într-o notă nouă &raquo;"
   },
   "1709410429018687341": {
      "message": "Dimineața ($1​)"
   },
   "1715552550526864429": {
      "message": "Căutați bloguri"
   },
   "171683163267149669": {
      "message": "$1​ GB"
   },
   "1739900012825270238": {
      "message": "Accesați articolul anterior"
   },
   "1756171223417807431": {
      "message": "Asigurați-vă că imaginea este publică. Dacă aceasta este protejată printr-o parolă sau se află într-o rețea internă, nu o vom putea citi."
   },
   "1759957963056319953": {
      "message": "Reveniți de la $1​"
   },
   "1783719421893050637": {
      "message": "Dimensiuni"
   },
   "178927681797742562": {
      "message": "Conectați-vă"
   },
   "1791115075948268631": {
      "message": "Deschideți ajutorul pentru comenzi rapide de la tastatură"
   },
   "1808245543551507519": {
      "message": "Audio"
   },
   "1816851800848432562": {
      "message": "Eliminați"
   },
   "1818306025747564729": {
      "message": "Accesați linkul"
   },
   "1823222042913714987": {
      "message": "Trimiteți parola"
   },
   "1823854753950594157": {
      "message": "Nu mutați"
   },
   "1830157062072535681": {
      "message": "Se afișează $1​"
   },
   "185012928288875755": {
      "message": "Niciun articol nu a corespuns criteriilor dvs."
   },
   "1856444915090632305": {
      "message": "Documentul este criptat. Introduceți o parolă."
   },
   "1866863108233180413": {
      "message": "Dosare"
   },
   "187077078156858455": {
      "message": "Notă audio"
   },
   "189303170370862360": {
      "message": "$1​ din $2​ (de) articole"
   },
   "1900571668686750716": {
      "message": "vCard"
   },
   "1901351411358749070": {
      "message": "Acces permis pentru mine"
   },
   "1913425963149828429": {
      "message": "Extrageți această arhivă în Drive."
   },
   "1918176455405610789": {
      "message": "Terminat"
   },
   "1920189655549476211": {
      "message": "lungime necunoscută"
   },
   "1929603188252533075": {
      "message": "Videoclipul dvs. nu a putut fi șters. Încercați din nou."
   },
   "1951810091681076784": {
      "message": "{COUNT_1,plural, =1{1 notă care corespunde}few{{COUNT_2} note care corespund}other{{COUNT_2} de note care corespund}}"
   },
   "1956794332842050061": {
      "message": "Pagina următoare"
   },
   "1965626377712226216": {
      "message": "Keynote"
   },
   "1968405748623909021": {
      "message": "Încercați una dintre aplicațiile de mai jos pentru a deschide sau modifica acest articol"
   },
   "1974063091619095703": {
      "message": "Persoane"
   },
   "1988244842147989817": {
      "message": "Notele din Coșul de gunoi sunt șterse după 7 zile."
   },
   "1993674829873313178": {
      "message": "Probleme la încărcare?  Se desfășoară lucrări de întreținere pe site, dar vom reveni la normal în curând."
   },
   "2003845117979929469": {
      "message": "Detalii"
   },
   "2048322072989992494": {
      "message": "Nu vi s-a permis încă accesul la niciun fișier!"
   },
   "2055836117545582610": {
      "message": "Setările listei"
   },
   "2059084517358086391": {
      "message": "Închideți bara de căutare"
   },
   "2061440050632248160": {
      "message": "Arhivați"
   },
   "2068023589621557589": {
      "message": "Font TrueType"
   },
   "2073035325657060696": {
      "message": "Nu este disponibilă nicio previzualizare."
   },
   "2073322475696388995": {
      "message": "Înainte"
   },
   "207810168108507460": {
      "message": "acum $1​ oră"
   },
   "2109272338124379867": {
      "message": "Ultima modificare"
   },
   "2116013171202209313": {
      "message": "Selectați"
   },
   "2122256657192674586": {
      "message": "Căutați videoclipuri"
   },
   "2125135092719715773": {
      "message": "Încărcați"
   },
   "212796670323571824": {
      "message": "OK"
   },
   "213665695896111861": {
      "message": "Note"
   },
   "2138593281154109183": {
      "message": "Arhivă"
   },
   "2147952938331523160": {
      "message": "Redenumiți…"
   },
   "2154372123324862271": {
      "message": "bară oblică"
   },
   "2154940358270068005": {
      "message": "Păstrați notele șterse mai mult timp"
   },
   "2184278444368405837": {
      "message": "$1​ (de) articole"
   },
   "2187239650627580457": {
      "message": "Trimiteți"
   },
   "2198096971937872560": {
      "message": "Memento:"
   },
   "220168959069469607": {
      "message": "Mai multe acțiuni"
   },
   "221715292685577880": {
      "message": "Da"
   },
   "2220005860896049129": {
      "message": "Găsirea documentului în sursa originală durează prea mult."
   },
   "2228413078211839077": {
      "message": "Întâmpinăm o problemă temporară la generarea afișării documentului."
   },
   "2235097878790803849": {
      "message": "Adio, atașamente! Bun venit, Google Drive!"
   },
   "2257303402199718039": {
      "message": "Nu am putut găsi documentul în sursa originală. Verificați dacă acest document mai există."
   },
   "2274436793504233543": {
      "message": "Anulați"
   },
   "2278224983638451454": {
      "message": "Descărcați acum"
   },
   "2280650195464600721": {
      "message": "Navigare"
   },
   "2285069188138705005": {
      "message": "Aplicații conectate"
   },
   "2289534534793293486": {
      "message": "Dezarhivați"
   },
   "2289812403593835836": {
      "message": "Pages"
   },
   "229177484946387188": {
      "message": "Google Earth"
   },
   "2292696732672795285": {
      "message": "Măriți volumul"
   },
   "230180475614658119": {
      "message": "Terminat"
   },
   "2304293593067358316": {
      "message": "Miniaturi"
   },
   "2310145944356900158": {
      "message": "Bifate"
   },
   "2311880726221661199": {
      "message": "Se încarcă rezoluții mai mari"
   },
   "2329167963662998826": {
      "message": "Google Keep solicită permisiunea de a utiliza locația dvs. pentru a îmbunătăți sugestiile de locații pentru mementourile bazate pe locație."
   },
   "234046557601727809": {
      "message": "Nicio imagine și niciun videoclip."
   },
   "2349912757088764940": {
      "message": "Vizibile pentru:"
   },
   "2359614137862708172": {
      "message": "Shift"
   },
   "2370463380397641604": {
      "message": "Comenzi rapide de la tastatură populare"
   },
   "2370656573843123707": {
      "message": "paranteză pătrată dreapta"
   },
   "2393487423640708285": {
      "message": "Adresa URL nu este validă.  Asigurați-vă că aceasta începe cu http:// sau https://."
   },
   "2405795704816921421": {
      "message": "Fișierul $1​"
   },
   "2412314804333167252": {
      "message": "Această foaie de calcul este prea mare. Dați clic pe $3​descărcați$1​ sau $4​editați în Editor de foi de calcul Google$1​."
   },
   "2418104318933043113": {
      "message": "Google Căutare de imagini"
   },
   "2433429041384246549": {
      "message": "Dezactivați sunetul"
   },
   "2449254824382583885": {
      "message": "Deschideți separat"
   },
   "2452522051596946166": {
      "message": "Hopa! A apărut o eroare la previzualizarea articolului $1​. Se încearcă din nou."
   },
   "2454642351139428112": {
      "message": "Anulați"
   },
   "2466251465475184755": {
      "message": "Goliți Coșul de gunoi? Toate notele din Coșul de gunoi vor fi șterse definitiv."
   },
   "2475181823688399272": {
      "message": "Înainte"
   },
   "2484568559152875936": {
      "message": "Niciun album foto."
   },
   "2504232652631703202": {
      "message": "Conectată"
   },
   "251025074207413762": {
      "message": "Adăugați o descriere"
   },
   "2510929871271209216": {
      "message": "Această foaie de calcul este prea mare. Dați clic $2​aici$1​ pentru a o descărca."
   },
   "2513437337377210144": {
      "message": "end"
   },
   "2524021436052870191": {
      "message": "Nu se poate încărca acest fișier. Numai fișierele $1​ mai mici de $2​ MB pot fi utilizate."
   },
   "2532280782491328445": {
      "message": "Rezultatul anterior"
   },
   "2538080331309772448": {
      "message": "Sortați: $1​"
   },
   "2538462904124380434": {
      "message": "Notă mutată în coș"
   },
   "2546225293834487484": {
      "message": "Notă"
   },
   "2558480112329900136": {
      "message": "Gri"
   },
   "257317112834806705": {
      "message": "Comutați între afișarea listă și grilă"
   },
   "2579679351920691492": {
      "message": "Înapoi"
   },
   "2587566920590457715": {
      "message": "Maps Engine Lite"
   },
   "2609409316752026806": {
      "message": "PDF"
   },
   "2609750184896485102": {
      "message": "Videoclipuri de pe telefon"
   },
   "2615188670181508661": {
      "message": "Nu ați selectat nimic recent!"
   },
   "2623861453769098676": {
      "message": "A apărut o eroare la previzualizarea documentului."
   },
   "2628268670001557269": {
      "message": "Cota de spațiu"
   },
   "2643241712502664984": {
      "message": "Videoclipurile dvs. YouTube"
   },
   "2661850177130037208": {
      "message": "Deschideți articolul"
   },
   "2681830832355823748": {
      "message": "Căutați în toate comenzile rapide"
   },
   "2687303256387847763": {
      "message": "Popularitate"
   },
   "2702485557996900362": {
      "message": "Corectați modificările conflictuale"
   },
   "2705842902318123127": {
      "message": "Navigați la nota/lista următoare/precedentă"
   },
   "272948685355798518": {
      "message": "Tipul fișierului selectat este nevalid."
   },
   "2731144323070245943": {
      "message": "Setările listei"
   },
   "2742719907061406418": {
      "message": "XML"
   },
   "2750830436677712001": {
      "message": "{VIEWER_GENDER,select, female{Eroare la crearea dosarului {FOLDER_NAME}.}male{Eroare la crearea dosarului {FOLDER_NAME}.}other{Eroare la crearea dosarului {FOLDER_NAME}.}}"
   },
   "2752123004911547510": {
      "message": "Tendințe"
   },
   "2758125083752925237": {
      "message": "(Proprietar)"
   },
   "277430914014962533": {
      "message": "Hopa! A apărut o eroare la previzualizarea articolului $1​."
   },
   "2774713922589657910": {
      "message": "Oricine din domeniu"
   },
   "2786560864906393383": {
      "message": "Fotografii de pe telefon"
   },
   "2789687492331041935": {
      "message": "Alegeți o oră"
   },
   "2790446494460492805": {
      "message": "Extragerea a început. Mesajele din arhivă vor apărea în contul dvs. de e-mail sub eticheta „Import: $1​”."
   },
   "2793841261389879255": {
      "message": "Pagina anterioară"
   },
   "2801153442808430222": {
      "message": "Contul meu Drive"
   },
   "2817277146396981386": {
      "message": "p.m."
   },
   "2818020101821669029": {
      "message": "Creat"
   },
   "2818135503416309545": {
      "message": "Înregistrați un videoclip"
   },
   "2827039933590757722": {
      "message": "Windows Shortcut"
   },
   "2829226075651806940": {
      "message": "Măriți"
   },
   "2860188519781080944": {
      "message": "Portocaliu"
   },
   "2861568351294148466": {
      "message": "Scripturi"
   },
   "2864281852037732729": {
      "message": "Mai puține"
   },
   "2873089307546162154": {
      "message": "OK"
   },
   "2877285560485318801": {
      "message": "Întrerupeți"
   },
   "2878874627361086801": {
      "message": "previzualizare"
   },
   "2879276552944958066": {
      "message": "Înapoi la dosarul $1​."
   },
   "289798573180023043": {
      "message": "OK"
   },
   "2902747751281161248": {
      "message": "Aplicați pentru listele noi"
   },
   "2905147317995482841": {
      "message": "Am actualizat experiența de vizualizare pentru toate fișierele din Google Drive. Acum interfața este mai atractivă și mai ușor de utilizat! Sperăm să vă placă noul aspect."
   },
   "2917498437550635075": {
      "message": "Pictogramă"
   },
   "2964778642459027786": {
      "message": "Nu există note în Coșul de gunoi"
   },
   "2974598228601710262": {
      "message": "Adăugați"
   },
   "2979466412944870220": {
      "message": "Se încarcă previzualizarea..."
   },
   "2982511431742033448": {
      "message": "Nicio prezentare."
   },
   "298817883481775869": {
      "message": "Se încarcă..."
   },
   "3000689173481666334": {
      "message": "Editați cercul"
   },
   "3029395493413607486": {
      "message": "Playerul video nu s-a putut încărca. Încercați să reîncărcați pagina.$1​Dacă problema persistă,$3​consultați Centrul de ajutor$2​."
   },
   "3043961722025425136": {
      "message": "Descriere"
   },
   "306516303501625305": {
      "message": "Eroare la autentificare."
   },
   "3073005748126521632": {
      "message": "Memento activat la $1​"
   },
   "3074184819310272351": {
      "message": "Fotografii încărcate"
   },
   "3084372889071691504": {
      "message": "{VIEWER_GENDER,select, female{Inserați o adresă URL aici:}male{Inserați o adresă URL aici:}other{Inserați o adresă URL aici:}}"
   },
   "3095645856215493958": {
      "message": "Găsiți text în fotografii"
   },
   "31018542656161389": {
      "message": "Panoramați pentru a încadra"
   },
   "3109321241584918345": {
      "message": "Conectați mai multe aplicații..."
   },
   "3121560585545725724": {
      "message": "$1​, $2​"
   },
   "3140236589681731084": {
      "message": "peste $1​ (de) ore"
   },
   "3189854932778515441": {
      "message": "Notă în Arhivă"
   },
   "3207670492626476064": {
      "message": "Tabele"
   },
   "3211163842850942567": {
      "message": "Măriți"
   },
   "3222929029344613957": {
      "message": "A apărut o eroare la deschiderea acestui fișier. Încercați din nou."
   },
   "3233388241926683100": {
      "message": "Căutați în note"
   },
   "3243829462528324248": {
      "message": "Maro"
   },
   "3250489229749307913": {
      "message": "Publicație electronică"
   },
   "3256928852560591255": {
      "message": "Nu se poate modifica în coș"
   },
   "3261131345401321392": {
      "message": "Poate comenta"
   },
   "3265524298292280681": {
      "message": "esc"
   },
   "3267563602179728277": {
      "message": "delete"
   },
   "3272496516667407797": {
      "message": "A apărut o eroare la încărcarea detaliilor."
   },
   "3275029321588462173": {
      "message": "Niciuna"
   },
   "3278237562147211998": {
      "message": "Fotografii din stoc"
   },
   "330603631583186798": {
      "message": "Word"
   },
   "3306487262690341751": {
      "message": "Data și ora"
   },
   "3312545971976531405": {
      "message": "Mesaj"
   },
   "3319087486907616296": {
      "message": "Proiectați acest element"
   },
   "3328129883064940351": {
      "message": "Fonturi"
   },
   "3335409796971631780": {
      "message": "Se extrage în Drive."
   },
   "3343451103608774400": {
      "message": "Vă prezentăm $3​noua versiune a funcției My Maps$2​.$1​Instrumente de cartografiere mai eficiente."
   },
   "3354260708176476985": {
      "message": "Se încarcă&hellip;"
   },
   "3357778055650785985": {
      "message": "Articolul este prea mare. Textul evidențiat nu va fi salvat."
   },
   "3364679383274077479": {
      "message": "Actualizare a aplicației disponibilă"
   },
   "3368639944474272225": {
      "message": "Nu putem descărca documentul pentru afișare sau nu aveți permisiunea de a-l afișa."
   },
   "3381619429606029445": {
      "message": "Visio"
   },
   "3382236845597426718": {
      "message": "Deschideți"
   },
   "3408219901032480508": {
      "message": "$2​; $1​"
   },
   "3409257542937182842": {
      "message": "Se încearcă din nou..."
   },
   "3409483962000136213": {
      "message": "Redați/Pauză"
   },
   "3418767079436101103": {
      "message": "A apărut o eroare la încărcarea acestei pagini."
   },
   "3421685394169412932": {
      "message": "Toate modificările pe care le efectuați se salvează automat."
   },
   "3422389100099960864": {
      "message": "Nicio imagine."
   },
   "3428726060007577698": {
      "message": "Lista este prea mare."
   },
   "3430885603500576146": {
      "message": "Selectați numai imaginile pentru care ați confirmat că dețineți licență de utilizare."
   },
   "3440534675925634227": {
      "message": "Într-o fereastră a browserului Chrome, accesați chrome://settings și asigurați-vă că sunteți conectat(ă). Apoi dați clic din nou pe Conectare."
   },
   "3446158485617778228": {
      "message": "Anulați"
   },
   "3448234415275521882": {
      "message": "Informații generale"
   },
   "3448684788258660606": {
      "message": "Fotografiile dvs."
   },
   "3450585781337676327": {
      "message": "Se încarcă..."
   },
   "3457279184692206825": {
      "message": "Fotografiile vor fi vizibile pentru oricine (publice pe web)."
   },
   "3468441711253011521": {
      "message": "Editor de foi de calcul Google"
   },
   "3473620774713000513": {
      "message": "Încheiată"
   },
   "3483438888494819423": {
      "message": "Ce este nou în Google Keep"
   },
   "3511274344439521198": {
      "message": "Acțiuni"
   },
   "3518073392823563581": {
      "message": "Comenzi rapide de la tastatură"
   },
   "3531603810713611778": {
      "message": "Dimensiunea maximă pentru fișiere a fost depășită. Deselectați unul sau mai multe articole."
   },
   "3543475399174940144": {
      "message": "Încă $1​"
   },
   "3547194749488601916": {
      "message": "Se actualizează..."
   },
   "354828103903104581": {
      "message": "Articolele bifate"
   },
   "3561658662634401836": {
      "message": "Titlu"
   },
   "357172711168973843": {
      "message": "Notele sau modificările adăugate recent nu au fost salvate. Faceți copia conținutului, apoi reîncărcați."
   },
   "3586705906700410505": {
      "message": "Desene din linii"
   },
   "3587798318180902863": {
      "message": "{NUM_SELECTED,plural, =1{ articol selectat »}few{ articole selectate »}other{ de articole selectate »}}"
   },
   "3595000514985906359": {
      "message": "Excel"
   },
   "3602920441714068008": {
      "message": "Memento activat la data de $1​, la $2​"
   },
   "3608606849109645545": {
      "message": "Introduceți un nume de document nou:"
   },
   "361202495024972887": {
      "message": "Încărcați videoclipuri"
   },
   "361630518611593946": {
      "message": "Ascundeți casetele de selectare"
   },
   "3625886392901506764": {
      "message": "sau"
   },
   "3643146117250542609": {
      "message": "Niciun fișier PDF."
   },
   "3645728163953189422": {
      "message": "Nu putem descărca documentul pentru afișare, deoarece este prea mare."
   },
   "3651893685901703652": {
      "message": "..."
   },
   "3657386785336906042": {
      "message": "bară oblică inversă"
   },
   "3659554681396757189": {
      "message": "Deschis de mine"
   },
   "3663571259791438207": {
      "message": "Raportați abuz"
   },
   "3664842788764635265": {
      "message": "Niciuna"
   },
   "3666123569747918021": {
      "message": "În acest document sunt modificări nesalvate. Doriți să părăsiți pagina și să renunțați la modificări?"
   },
   "3673346558112798837": {
      "message": "Nicio imagine de fundal"
   },
   "3674811252904549204": {
      "message": "Fotografii de copertă"
   },
   "3678477908297567934": {
      "message": "caracter de subliniere"
   },
   "3681747688524363195": {
      "message": "Sus"
   },
   "3690515530505404607": {
      "message": "A apărut o eroare la redarea acestui videoclip."
   },
   "369764661829607970": {
      "message": "{NUM_ITEMS,plural, =0{Niciun element}=1{Un element}few{# elemente}other{# de elemente}}"
   },
   "3712215972250917265": {
      "message": "Comentarii"
   },
   "3717138719704492547": {
      "message": "Asigurați-vă că adresa nu conține greșeli de ortografie."
   },
   "374088101949877889": {
      "message": "Închideți"
   },
   "3745308627628779133": {
      "message": "Dosar nou"
   },
   "3748461364828242354": {
      "message": "Selectați culoarea"
   },
   "3770795578481676514": {
      "message": "Galben"
   },
   "3771958676925493302": {
      "message": "Eliminați filtrul: $1​"
   },
   "3779945546806941187": {
      "message": "Monocromatic"
   },
   "3793086499925031123": {
      "message": "Deschideți bara de căutare/rezultatul anterior"
   },
   "37992665410817181": {
      "message": "Redeschisă"
   },
   "3801617971018550169": {
      "message": "Ieri"
   },
   "3808213429720572062": {
      "message": "Restabiliți"
   },
   "381100310424863459": {
      "message": "Illustrator"
   },
   "3842411126100113634": {
      "message": "pg-up"
   },
   "3844047145949375230": {
      "message": "Documente"
   },
   "3858324058837632381": {
      "message": "A apărut o eroare la redarea acestui fișier audio."
   },
   "3864575916269080329": {
      "message": "Imagini în care se poate căuta"
   },
   "3866373087987934712": {
      "message": "Eroare la încărcare: $1​"
   },
   "3869166581651870488": {
      "message": "Finalizați editarea"
   },
   "3873215756962047275": {
      "message": "ARHIVĂ"
   },
   "3873467440437675460": {
      "message": "Ne pare rău!  Fonturile pe care le-ați selectat anterior nu au putut fi găsite."
   },
   "3897281533382850749": {
      "message": "Activați sunetul"
   },
   "3936153839186254186": {
      "message": "Afișați: $1​"
   },
   "3955760658925284765": {
      "message": "Încercați din nou"
   },
   "3974064131130689245": {
      "message": "Vizualizare grilă"
   },
   "3977699855735576796": {
      "message": "A apărut o eroare la încărcarea mai multor pagini."
   },
   "3988418762222300024": {
      "message": "punct"
   },
   "3989552504822984034": {
      "message": "Desene Google"
   },
   "4005725939358875643": {
      "message": "Acțiunea a fost anulată."
   },
   "4014287326684608407": {
      "message": "Verde-albăstrui"
   },
   "4048275292053012394": {
      "message": "Agendă"
   },
   "4059387791040010947": {
      "message": "Meta"
   },
   "4067915791853673774": {
      "message": "{VIEWER_GENDER,select, female{Închideți}male{Închideți}other{Închideți}}"
   },
   "4078179869358383373": {
      "message": "Nu s-a găsit niciun rezultat."
   },
   "4087667435414545203": {
      "message": "Nu mai sunteți conectat(ă). Pentru a efectua modificări, reîncărcați pagina."
   },
   "4093134637041332383": {
      "message": "AFLAȚI MAI MULTE"
   },
   "4097007735221462946": {
      "message": "Desene"
   },
   "4097921967754832323": {
      "message": "cratimă"
   },
   "4100504115801514799": {
      "message": "Notă restabilită"
   },
   "4119294114251628099": {
      "message": "Adresa URL a imaginii pe care ați specificat-o nu poate fi preluată.  Este posibil să fie o adresă URL privată, pe care serverele noastre nu o pot accesa.  Încercați altă adresă URL."
   },
   "4134385041569168669": {
      "message": "Se încarcă..."
   },
   "4148564423510181521": {
      "message": "Ștergeți căutarea"
   },
   "4152315289461886": {
      "message": "Comenzile pentru document"
   },
   "4168280976997555951": {
      "message": "Niciun document."
   },
   "4174786386751618325": {
      "message": "Notă foto"
   },
   "4182427157920112948": {
      "message": "tildă"
   },
   "4200426647595470259": {
      "message": "Începeți redarea fișierului audio"
   },
   "4200911267543705377": {
      "message": "Introduceți interogarea de căutare în caseta de mai sus pentru a găsi rezultate din bloguri utilizând Căutarea în Google Blog."
   },
   "4205329094859140439": {
      "message": "a.m."
   },
   "4211182812451835307": {
      "message": "Poate edita"
   },
   "4211806608204126222": {
      "message": "$2​Termeni și condiții$1​"
   },
   "4214190403999219403": {
      "message": "Zoom"
   },
   "4230101516585408149": {
      "message": "Scrieți o notă nouă"
   },
   "4253741616909644861": {
      "message": "Căutați termeni"
   },
   "4280747719095153198": {
      "message": "Comentariu soluționat"
   },
   "4286663890332754386": {
      "message": "Eroare la încărcare."
   },
   "4299690446455033653": {
      "message": "Works"
   },
   "4314643310615423802": {
      "message": "Ați fost deconectat(ă)."
   },
   "4318861667254318892": {
      "message": "Google Video"
   },
   "4319229296464464147": {
      "message": "Data adăugării"
   },
   "4320831042030778": {
      "message": "Anulați"
   },
   "4332252081504252077": {
      "message": "Hopa!"
   },
   "4338991104991831337": {
      "message": "Imagini"
   },
   "4339705658383891586": {
      "message": "Color"
   },
   "4343825450663233452": {
      "message": "Poate vizualiza"
   },
   "4343836986248234462": {
      "message": "Articol din listă"
   },
   "435214284915110062": {
      "message": "Deschideți bara de căutare"
   },
   "4372755508519489521": {
      "message": "Afișare tip grilă"
   },
   "4391715930031906467": {
      "message": "Rezultatul următor"
   },
   "4395845663892873002": {
      "message": "home"
   },
   "4422985761498356257": {
      "message": "Deschideți cu"
   },
   "4430062722430863019": {
      "message": "Ștergeți definitiv nota?"
   },
   "4439812492856303238": {
      "message": "Ne pare rău! A apărut o eroare neașteptată la procesarea selecției. Încercați din nou mai târziu."
   },
   "4444571967705751871": {
      "message": "Coș de gunoi"
   },
   "4466605492523079635": {
      "message": "Salvați"
   },
   "4468872996560163913": {
      "message": "Goliți Coșul de gunoi acum"
   },
   "4473912481270012588": {
      "message": "S-a salvat în Drive. Mutați în:"
   },
   "45228242181482134": {
      "message": "Redați"
   },
   "4536519876526589338": {
      "message": "Avatarul utilizatorului $1​."
   },
   "4552045407215325033": {
      "message": "Adresa URL a videoclipului pe care ați introdus-o mai sus nu poate fi încărcată.  Verificați dacă adresa este corectă și dacă provine de la un site acceptat."
   },
   "4564682305303579317": {
      "message": "Continuați"
   },
   "456498742882714639": {
      "message": "Mutați în:"
   },
   "4588500131398315347": {
      "message": "Creați un cerc"
   },
   "4604402426271704651": {
      "message": "Nicio fotografie"
   },
   "4620034373159179678": {
      "message": "Pagina $1​ din $2​"
   },
   "4630690108252818511": {
      "message": "Nu s-a găsit nicio imagine."
   },
   "468283184702431827": {
      "message": "Acțiune inițiată"
   },
   "4695897771458936174": {
      "message": "Distribuiți fotografii din Google Drive în Google+"
   },
   "4740100782728373253": {
      "message": "Salvați în Drive"
   },
   "4748046231232264180": {
      "message": "Formulare Google"
   },
   "4767722428137216885": {
      "message": "Anulați"
   },
   "477328789314249432": {
      "message": "Căutați note"
   },
   "4775368111547931093": {
      "message": "Nicio descriere"
   },
   "4781742940361705258": {
      "message": "Închideți"
   },
   "4783695823456312682": {
      "message": "Mutați jos"
   },
   "47844150329705564": {
      "message": "Rezultatele căutării pentru „$1​”"
   },
   "4798897505978458661": {
      "message": "Nu s-a găsit niciun videoclip."
   },
   "4805047680716507619": {
      "message": " - Mutați în:"
   },
   "4806763987633034948": {
      "message": "Semnătură PKCS7"
   },
   "4833214200453019325": {
      "message": "$1​ din $2​"
   },
   "4846720038197420778": {
      "message": "Conectați mai multe aplicații"
   },
   "4853788427396558692": {
      "message": "$1​ MB"
   },
   "4858389278403807208": {
      "message": "Notă în Coșul de gunoi"
   },
   "4888104357342241891": {
      "message": "Mementouri"
   },
   "4889853674709731963": {
      "message": "Toate notele au fost salvate offline"
   },
   "4901386320110714275": {
      "message": "Parolă incorectă. Încercați din nou."
   },
   "490372259452655427": {
      "message": "Documentul nu este încă disponibil pentru afișare."
   },
   "4906669330059413958": {
      "message": "Trimiteți parola"
   },
   "4908614808966678155": {
      "message": "Niciun rezultat al căutării pentru „$1​”"
   },
   "4926020998477695737": {
      "message": "Comutați la dosarul $1​"
   },
   "4943176738805484221": {
      "message": "editați"
   },
   "4956678140555659175": {
      "message": "backspace"
   },
   "4957674814179289955": {
      "message": "Navigați la articolul următor/precedent din listă"
   },
   "4963784280521435720": {
      "message": "Se salvează..."
   },
   "4969219890884320840": {
      "message": "Actualizați"
   },
   "4983125135476400111": {
      "message": "Mutați în coșul de gunoi nota/lista"
   },
   "4988132901627446385": {
      "message": "Panoul cu detalii a fost extins."
   },
   "4998757387516632837": {
      "message": "Rezultatele afișate pot fi reutilizate, cu modificare."
   },
   "5006225450559627366": {
      "message": "+ încă $1​"
   },
   "501475221876543407": {
      "message": "Notele pe care le adăugați apar aici"
   },
   "5023525794410110078": {
      "message": "Adăugați text la fotografie"
   },
   "5026241297254150381": {
      "message": "Adăugați o notă"
   },
   "5046371569383796818": {
      "message": "Păstrați"
   },
   "5055418092354683641": {
      "message": "Serif"
   },
   "5095987896933771566": {
      "message": "Printați documentul"
   },
   "5096751700090310607": {
      "message": "Nicio fotografie."
   },
   "509815948423424872": {
      "message": "Navigare"
   },
   "5099245668405591445": {
      "message": "Căutați"
   },
   "512429649443191386": {
      "message": "$2​Ajutor$1​"
   },
   "5124522868502261563": {
      "message": "Foi de calcul"
   },
   "5130903421326358933": {
      "message": "A apărut o eroare la salvarea atașamentului în Google Drive."
   },
   "5149937870346466591": {
      "message": "Vizualizare listă"
   },
   "5169187962228219813": {
      "message": "Imagini Life"
   },
   "5180454621500142444": {
      "message": "Restabiliți"
   },
   "5180989337128758117": {
      "message": "paranteză pătrată stânga"
   },
   "5184692850089055965": {
      "message": "Extrageți textul din imagine"
   },
   "5197718200713913936": {
      "message": "C++"
   },
   "5201670213497642487": {
      "message": "Bara cu filele din panoul de detalii. Apăsați pe tastele săgeată stânga și dreapta pentru a comuta între file."
   },
   "5204391636475413312": {
      "message": "Salvați"
   },
   "5213411023807957844": {
      "message": "Căutați în Google Keep"
   },
   "5213974294317036409": {
      "message": "{numPages,plural, =0{}=1{1 pagină}few{# pagini}other{# de pagini}}"
   },
   "5226470917948786938": {
      "message": "Alfabetic"
   },
   "5238003680997310998": {
      "message": "Mai multe"
   },
   "5238371081785912565": {
      "message": "Deschideți cu $1​"
   },
   "5275493935807628890": {
      "message": "Imaginea nu poate fi găsită la adresa URL respectivă."
   },
   "5281121179861637423": {
      "message": "Pentru a accesa $1​ este necesară o parolă. Introduceți parola."
   },
   "5288037028604092288": {
      "message": "XPS"
   },
   "5291153964865714504": {
      "message": "Nu există note care corespund"
   },
   "5299648222246616124": {
      "message": "accent grav"
   },
   "5304869088141363028": {
      "message": "Fotografii în prim-plan"
   },
   "5316658541831864803": {
      "message": "Afișarea acestui tip de document nu este acceptată."
   },
   "5319313176242717957": {
      "message": "Imagini în curs de procesare..."
   },
   "5336801339221383042": {
      "message": "Javascript"
   },
   "534228323125524312": {
      "message": "Micșorați"
   },
   "5353129315502554762": {
      "message": "Foaie de stil"
   },
   "5372143986724491245": {
      "message": "acum $1​ zi"
   },
   "5372160981898991853": {
      "message": "Publisher"
   },
   "5399553230649155346": {
      "message": "peste $1​ oră"
   },
   "5403830377590414208": {
      "message": "Alb"
   },
   "5408091115193390231": {
      "message": "AutoCAD"
   },
   "5438481737351808090": {
      "message": "După-amiaza ($1​)"
   },
   "544377415081282702": {
      "message": "Ne cerem scuze!"
   },
   "5447119197363232006": {
      "message": "Afișați în Drive"
   },
   "5465323999933375616": {
      "message": "Ați atins lățimea de bandă maximă pentru afișarea sau descărcarea fișierelor care nu sunt în format Documente Google."
   },
   "5472312735475866917": {
      "message": "Comentariu postat de $1​."
   },
   "547865385964196102": {
      "message": "acum $1​ (de) minute"
   },
   "5482872484546230111": {
      "message": "Căutați cărți"
   },
   "5494181290179470995": {
      "message": "Ștergeți"
   },
   "5500117709595533163": {
      "message": "Introduceți interogarea de căutare în caseta de mai sus pentru a găsi rezultate pentru cărți electronice utilizând serviciul Google Cărți."
   },
   "5514516347328112388": {
      "message": "De asemenea, puteți încerca să descărcați documentul original dând clic $2​aici$1​."
   },
   "5529532831767466284": {
      "message": "{VIEWER_GENDER,select, female{{DEGREES}° {MINUTES}' {SECONDS}\"}male{{DEGREES}° {MINUTES}' {SECONDS}\"}other{{DEGREES}° {MINUTES}' {SECONDS}\"}}"
   },
   "5555182241047709329": {
      "message": "Alegeți o locație"
   },
   "5555599189512365009": {
      "message": "AM ÎNȚELES"
   },
   "5571842632470308750": {
      "message": "Orice tip"
   },
   "5588597116382648727": {
      "message": "Se începe extragerea."
   },
   "5598649706113950710": {
      "message": "Editor"
   },
   "5609727719971819773": {
      "message": "{VIEWER_GENDER,select, female{Înapoi}male{Înapoi}other{Înapoi}}"
   },
   "5627470193961862490": {
      "message": "Notele cu mementourile viitoare apar aici"
   },
   "5631086126416409232": {
      "message": "Albastru"
   },
   "564165666160590723": {
      "message": "Windows Media Player"
   },
   "5660422479531064559": {
      "message": "Niciun formular."
   },
   "5675154446465700699": {
      "message": "Fișiere PDF"
   },
   "568072913338360182": {
      "message": "HTML"
   },
   "5707549724380589079": {
      "message": "Ștergeți articolele bifate?"
   },
   "5714240424645614611": {
      "message": "Pachet Android"
   },
   "5728640851616538925": {
      "message": "Verde"
   },
   "5744491383087191878": {
      "message": "Adresa URL a imaginii pe care ați introdus-o mai sus nu este corectă sau nu poate fi încărcată."
   },
   "5747728324987383020": {
      "message": "Chipuri"
   },
   "5783875011049188612": {
      "message": "Textul din imagine a fost extras"
   },
   "5785010887521443923": {
      "message": "Eliminați"
   },
   "5834678297024555032": {
      "message": "Permiteți"
   },
   "5840330517914556080": {
      "message": "Micșorați"
   },
   "5842536098490298653": {
      "message": "Nu s-a găsit niciun font."
   },
   "5865680764501413616": {
      "message": "Nu s-a găsit text."
   },
   "5871966496153339793": {
      "message": "Se afișează miniatura videoclipului $1​"
   },
   "5875004331736681428": {
      "message": "Se extrage în contul dvs. de e-mail."
   },
   "587666071025645113": {
      "message": "Căutați"
   },
   "5877526626743756786": {
      "message": "Feedback"
   },
   "5889725440363483648": {
      "message": "Oricine din grup"
   },
   "5911012384539794869": {
      "message": "Eroare la începerea extragerii."
   },
   "5916010927050975496": {
      "message": "$1​ KB"
   },
   "5949528478488617689": {
      "message": "Permisiune de descărcare"
   },
   "5950887255133612666": {
      "message": "Nu s-a inițiat redarea."
   },
   "5969696744752069015": {
      "message": "Nu este disponibilă nicio previzualizare."
   },
   "5971400924847413790": {
      "message": "Sau puteți afișa în $2​HTML simplu$1​ (redirecționare automată)."
   },
   "5972111804366033138": {
      "message": "Descărcați"
   },
   "5975031149676029214": {
      "message": "Toți"
   },
   "5976369213680241300": {
      "message": "Căutați imagini"
   },
   "5980081664136280513": {
      "message": "Verde"
   },
   "5984398071085567332": {
      "message": "Google Fusion Tables"
   },
   "6009962986062136164": {
      "message": "Se încarcă $1​."
   },
   "60305871484579258": {
      "message": "Alt"
   },
   "6043068172993241858": {
      "message": "Acest cerc nu conține nicio persoană."
   },
   "604883455412617728": {
      "message": "Nicio persoană de contact nu a corespuns căutării dvs."
   },
   "6051386830221821025": {
      "message": "În curs de conectare..."
   },
   "6064654062949366878": {
      "message": "Redați"
   },
   "6070475007374165567": {
      "message": "Se salvează..."
   },
   "6083586461434260179": {
      "message": "Experiență de vizualizare nouă"
   },
   "6087078248621415351": {
      "message": "Ultima modificare $1​"
   },
   "6091926883608250483": {
      "message": "Mai multe"
   },
   "6105571474005679446": {
      "message": "A apărut o eroare la previzualizare."
   },
   "6113237889871930608": {
      "message": "Notă fără conținut"
   },
   "6118623991445349480": {
      "message": "Pagina $1​"
   },
   "6122643025527543706": {
      "message": "Ctrl"
   },
   "6131822680770571276": {
      "message": "PowerPoint"
   },
   "6140634664402328750": {
      "message": "Lista de aplicații"
   },
   "6149175749937815029": {
      "message": "Afișați toate articolele"
   },
   "6160805346274626656": {
      "message": "Ștergeți definitiv"
   },
   "616807262818311711": {
      "message": "Tip"
   },
   "6175043905327075444": {
      "message": "Selectate anterior"
   },
   "6177107655089301674": {
      "message": "Descărcați aplicația Google Keep pentru Android"
   },
   "6185886893933834031": {
      "message": "Păstrați versiunea selectată"
   },
   "6186290899408627510": {
      "message": "enter"
   },
   "6189891414154673003": {
      "message": "Hărțile mele"
   },
   "6203260615455347677": {
      "message": "Numbers"
   },
   "6223207695466118454": {
      "message": "YouTube"
   },
   "6224687211096863620": {
      "message": "Oricine"
   },
   "623118860067088424": {
      "message": "Videoclipuri"
   },
   "6231401379881217113": {
      "message": "insert"
   },
   "6252259197986158120": {
      "message": "Ieri"
   },
   "6253076263700695984": {
      "message": "Eroare de autentificare. Reîncărcați."
   },
   "6255475144867830247": {
      "message": "Alegeți alte file de navigare."
   },
   "6267063643272327592": {
      "message": "Încercați din nou mai târziu."
   },
   "6290270819062517523": {
      "message": "Ați selectat prea multe elemente. Deselectați cel puțin unul."
   },
   "6305748545202493254": {
      "message": "Afișați/Ascundeți panoul de detalii"
   },
   "6324768448533022780": {
      "message": "$1​ $2​"
   },
   "6331677437567501421": {
      "message": "A apărut o eroare la actualizarea permisiunii de descărcare."
   },
   "6333496730738019575": {
      "message": "Se încarcă..."
   },
   "634900089121611600": {
      "message": "Niciun videoclip."
   },
   "6362170008350775214": {
      "message": "Memento la $1​"
   },
   "6375395544374251820": {
      "message": "A apărut o eroare la încărcarea mai multor pagini. Se încearcă din nou…"
   },
   "6376739025584042564": {
      "message": "Decuparea fotografiilor"
   },
   "6386587519843563719": {
      "message": "Fișier binar"
   },
   "6416495701611778255": {
      "message": "Aplicații terță parte sugerate"
   },
   "6419411265907669340": {
      "message": "Astăzi"
   },
   "6436479735235889890": {
      "message": "Memento la $2​, $1​"
   },
   "6450508807204492448": {
      "message": "Pictograma $1​"
   },
   "6457802200418354862": {
      "message": "Utilizatorii cu acces numai de citire pot descărca"
   },
   "6459405233858728718": {
      "message": "Prezentări Google"
   },
   "6464761738227651511": {
      "message": "acum $1​ minut"
   },
   "6466736813846482957": {
      "message": "Înapoi"
   },
   "6479216014938929613": {
      "message": "Noaptea ($1​)"
   },
   "6482358947077977110": {
      "message": "Imagini din Căutare Google"
   },
   "6487403767449360463": {
      "message": "Reîncărcați Keep?"
   },
   "6488225756782357866": {
      "message": "Imaginea evidențiată a fost găsită de Google Căutare de imagini pe această pagină:"
   },
   "6510131849363684615": {
      "message": "Mâine"
   },
   "6516256764288947999": {
      "message": "Etichetați persoane"
   },
   "6522917155620379865": {
      "message": "Descărcați"
   },
   "6524849072392100692": {
      "message": "Dosar Google Drive"
   },
   "6551588617715293696": {
      "message": "Opțiuni de sortare"
   },
   "6570921376519753466": {
      "message": "Titluri"
   },
   "6571686604846453345": {
      "message": "A apărut o eroare la adăugarea acestui articol în Drive."
   },
   "6582286158693833652": {
      "message": "Aflați mai multe"
   },
   "6588176324871799870": {
      "message": "Script Google Apps"
   },
   "6602430002978098812": {
      "message": "Scriere de mână"
   },
   "6614046405230762587": {
      "message": "Nu a fost găsită nicio persoană de contact."
   },
   "6622304228074863427": {
      "message": "Aplicație"
   },
   "6624754161346656119": {
      "message": "Avatarul $1​."
   },
   "6644861766016503644": {
      "message": "Trebuie să introduceți o parolă"
   },
   "6650600936729710500": {
      "message": "Răspunsuri."
   },
   "666311703374681171": {
      "message": "Imagini și videoclipuri"
   },
   "6666820082708870349": {
      "message": "Eliminați"
   },
   "6707173584987026005": {
      "message": "Azi"
   },
   "6709984792949009238": {
      "message": "Deschise ultima dată de mine"
   },
   "6726462693927865256": {
      "message": "Detalii"
   },
   "6726879257388338969": {
      "message": "Printați"
   },
   "6726925393892510846": {
      "message": "A apărut o eroare. Încercați din nou."
   },
   "6741759391888465238": {
      "message": "Se salvează în Drive. Mutați în:"
   },
   "6744457949320515234": {
      "message": "Notă fără conținut ștearsă"
   },
   "6757218172402086688": {
      "message": "Căutați note..."
   },
   "6780628488957834429": {
      "message": "Portocaliu"
   },
   "6784073265197389491": {
      "message": "Aflați mai multe"
   },
   "681598652078493281": {
      "message": "Aflați mai multe"
   },
   "6818286476757207074": {
      "message": "Selectați numai imaginile pentru care ați confirmat că dețineți licență de utilizare."
   },
   "682070933835616121": {
      "message": "Niciun tabel."
   },
   "6822338149422461362": {
      "message": "Google Drive"
   },
   "6827821461670731013": {
      "message": "Afișați casetele de selectare"
   },
   "6828581947433060251": {
      "message": "A apărut o eroare la redenumirea articolului."
   },
   "6833760103261954639": {
      "message": "A apărut o eroare la încărcarea acestei pagini. Se încearcă din nou…"
   },
   "6841020391100928352": {
      "message": "Dimensiunea maximă pentru fișiere a fost depășită."
   },
   "6851307437837490686": {
      "message": "Nu permiteți utilizatorilor cu acces numai de citire să descarce"
   },
   "6856672816797218730": {
      "message": "Atașați"
   },
   "6891563484025164308": {
      "message": "Înapoi"
   },
   "6893687445500687349": {
      "message": "Site-uri"
   },
   "6898823203505321799": {
      "message": "Detalii"
   },
   "6904351530369058983": {
      "message": "Proprietar"
   },
   "6905021988981026920": {
      "message": "Căutare de videoclipuri"
   },
   "6922953828399110511": {
      "message": "Închideți ecranul de vizualizare"
   },
   "6929958461954697067": {
      "message": "Fotografii cu dvs."
   },
   "6939782595426687411": {
      "message": "Se adaugă..."
   },
   "6940998537415516791": {
      "message": "la"
   },
   "695253297035211081": {
      "message": "Goliți Coșul de gunoi"
   },
   "6967244066810487978": {
      "message": "COȘ"
   },
   "6970167488058122005": {
      "message": "autor necunoscut"
   },
   "6976414863987386971": {
      "message": "Formulare"
   },
   "7001938470263404128": {
      "message": "Încărcați"
   },
   "7002768663714031226": {
      "message": "Actualizați"
   },
   "7004919150329996187": {
      "message": "Nicio persoană din acest cerc nu corespunde căutării."
   },
   "7054631817922169541": {
      "message": "În Google Keep sunt modificări nesalvate. Doriți să părăsiți pagina și să renunțați la schimbări?"
   },
   "7059437903473652416": {
      "message": "Redați videoclipul $1​ pe YouTube"
   },
   "7080196430479494775": {
      "message": "Încercați din nou"
   },
   "7084324152376766809": {
      "message": "acum $1​ (de) zile"
   },
   "7084991134824194740": {
      "message": "Reamintește-mi"
   },
   "7092062731478679314": {
      "message": "Nu s-a găsit niciun cerc."
   },
   "7117183622067702162": {
      "message": "Cu Google Drive, nu mai este nevoie să trimiteți atașamente prin e-mail.  Trebuie doar să trimiteți un link către orice fișier pe care îl stocați în Google Drive.  Astfel, toată lumea are acces la aceeași versiune a aceluiași fișier, în mod automat."
   },
   "713754035716193665": {
      "message": "Listă nouă"
   },
   "7146242673022399081": {
      "message": "Text"
   },
   "7148992630785407972": {
      "message": "Acest fișier este protejat prin parolă și nu se poate previzualiza."
   },
   "7151987668860086450": {
      "message": "Căutare Google pe web"
   },
   "7153847618034547771": {
      "message": "Activați"
   },
   "7161134329606048317": {
      "message": "Închideți"
   },
   "7164532930742017984": {
      "message": "Oricine are linkul"
   },
   "7174189954350964804": {
      "message": "Încercați din nou"
   },
   "7177591028189992523": {
      "message": "Mutați"
   },
   "7188754206068648188": {
      "message": "Date separate prin virgulă"
   },
   "7225837680381806920": {
      "message": "Seara ($1​)"
   },
   "722702934847795304": {
      "message": "Project"
   },
   "7236199858216720905": {
      "message": "Hărți"
   },
   "7247530225058410142": {
      "message": "$2​ $1​"
   },
   "7259352906118493156": {
      "message": "Niciun site."
   },
   "7282548567245878869": {
      "message": "Articol șters"
   },
   "7295712436136900176": {
      "message": "Reîncărcați"
   },
   "7310311230493556740": {
      "message": "Adresă URL"
   },
   "7339696241980105410": {
      "message": "Videoclipul pe care l-ați selectat nu mai există.  Probabil a fost șters de proprietar."
   },
   "7342923890755029722": {
      "message": "Închideți"
   },
   "734478884582426793": {
      "message": "Arhivă comprimată"
   },
   "7357017164339332230": {
      "message": "Puteți să vizualizați și să trimiteți aceste imagini și din $2​Picasa Web Albums$1​, serviciul gratuit de găzduire a fotografiilor oferit de Google."
   },
   "736105042796745909": {
      "message": "{VIEWER_GENDER,select, female{Creați un dosar}male{Creați un dosar}other{Creați un dosar}}"
   },
   "7362061801920948830": {
      "message": "Încărcați mai multe"
   },
   "7364571366369083618": {
      "message": "Videoclip"
   },
   "7377239345926788722": {
      "message": "Acțiuni"
   },
   "7380785991026002613": {
      "message": "Rezultatele afișate pot fi reutilizate."
   },
   "7382688299146249119": {
      "message": "Descărcați articolul"
   },
   "7383706174467122149": {
      "message": "Notă ștearsă"
   },
   "7388342865555961406": {
      "message": "peste $1​ zi"
   },
   "7393771571081973549": {
      "message": "C"
   },
   "740507516967994591": {
      "message": "Deschideți"
   },
   "7422452809590461532": {
      "message": "Roșu"
   },
   "7426603384368095928": {
      "message": "Reîncărcați pagina pentru a vă conecta din nou și a continua să lucrați."
   },
   "7429084719905985261": {
      "message": "Objective C"
   },
   "7432956605646331928": {
      "message": "SQL"
   },
   "7440735091552109962": {
      "message": "$2​ (ultima editare: $1​)"
   },
   "7441891675459021164": {
      "message": "Se salvează în Drive"
   },
   "7451573821837395189": {
      "message": "Documentul a fost adăugat în $2​contul dvs. Drive$1​."
   },
   "7468322419516352788": {
      "message": "A apărut o eroare la actualizarea descrierii."
   },
   "7488945223835574498": {
      "message": "Postscript"
   },
   "7492710087472140422": {
      "message": "Aflați mai multe"
   },
   "7493919863870655172": {
      "message": "Cameră web"
   },
   "7500786109708143683": {
      "message": "Înregistrarea audio a fost ștearsă"
   },
   "7501027876827009022": {
      "message": "Rezultatele afișate pot fi reutilizate în scopuri comerciale."
   },
   "7521272923988336579": {
      "message": "Reîncărcați Keep pentru a fi la zi cu cele mai recente modificări."
   },
   "7532552995569296274": {
      "message": "Ștergeți căutarea"
   },
   "7546994163355383999": {
      "message": "Toate notele au fost salvate"
   },
   "7559208209275370228": {
      "message": "Data ultimei mele editări"
   },
   "7565383798249439151": {
      "message": "peste $1​ (de) zile"
   },
   "7565870443143407759": {
      "message": "Găsiți în document"
   },
   "7586291841734385643": {
      "message": "Deschideți separat"
   },
   "7598582624136632660": {
      "message": "Deschideți bara de căutare/rezultatul următor"
   },
   "7602870977118971161": {
      "message": "Reîncărcați"
   },
   "7610654194202731772": {
      "message": "Ștergeți"
   },
   "761925792744044896": {
      "message": "Setați ca fotografie de profil"
   },
   "7630723924002267143": {
      "message": "Comenzile rapide de la tastatură sunt activate."
   },
   "7640546114686970497": {
      "message": "Nu puteți adăuga mai multe articole"
   },
   "7669846901402551021": {
      "message": "Astăzi"
   },
   "7691521283331762131": {
      "message": "Notele arhivate apar aici"
   },
   "772000107335590599": {
      "message": "peste $1​ (de) minute"
   },
   "7734578122414851725": {
      "message": "PHP"
   },
   "7745005220197261896": {
      "message": "Google Căutare de cărți"
   },
   "7759846028901235026": {
      "message": "Notă dezarhivată"
   },
   "776065748745885880": {
      "message": "space"
   },
   "7770982082843341533": {
      "message": "Niciun articol în acest dosar."
   },
   "779472474101127362": {
      "message": "Faceți un instantaneu"
   },
   "7800318069267901681": {
      "message": "Modificat"
   },
   "7805487598105530487": {
      "message": "Inline"
   },
   "7814778057875152792": {
      "message": "A apărut o eroare la mutarea atașamentului în dosarul selectat din Google Drive."
   },
   "7820417126206702946": {
      "message": "Rezultatele prezentate sunt disponibile pentru uz personal sau comercial numai în Google Drive și nu pot fi redistribuite sau vândute independent."
   },
   "7822364282298323175": {
      "message": "Lista a fost ștearsă"
   },
   "7830513726270865588": {
      "message": "Calendar"
   },
   "7845751753397906805": {
      "message": "S-au găsit modificări incompatibile"
   },
   "7852396628465259068": {
      "message": "Fotografie de profil"
   },
   "7859526172011446452": {
      "message": "Nu mai proiectați"
   },
   "78870906674150830": {
      "message": "$3​$1​$2​"
   },
   "7895643887742936844": {
      "message": "punct și virgulă"
   },
   "7899833760457194273": {
      "message": "Căutare de imagini"
   },
   "7899913952063063825": {
      "message": "Imaginea a fost ștearsă"
   },
   "7906726367011430855": {
      "message": "Conectați"
   },
   "7910518224461588465": {
      "message": "Galben"
   },
   "7953603850004320936": {
      "message": "Previzualizarea nu este disponibilă."
   },
   "7957306528733096600": {
      "message": "Acțiune finalizată"
   },
   "7960528690514646841": {
      "message": "{moreCount,plural, =0{unused plural form}=1{+ încă 1}few{+ încă {moreCount}}other{+ încă {moreCount}}}"
   },
   "7973635145070803181": {
      "message": "Încărcați fotografii"
   },
   "7987180255015869513": {
      "message": "Sau inserați o adresă web aici:"
   },
   "8011497727123874703": {
      "message": "Buton pentru dosarul $1​"
   },
   "8016231262233952856": {
      "message": "Turcoaz"
   },
   "8019402848412685977": {
      "message": "Articolul „$2​” a fost redenumit ca „$1​”."
   },
   "8023466614826324314": {
      "message": "Fotografiile vor fi vizibile unui public larg."
   },
   "8043514121228710092": {
      "message": "Adăugați o imagine"
   },
   "8044700199531805239": {
      "message": "$3​$1​$2​ s-a conectat."
   },
   "8069384932934428393": {
      "message": "peste $1​ minut"
   },
   "8081927474846706026": {
      "message": "Niciun desen."
   },
   "8090743714060857028": {
      "message": "Utilizatorii cu acces numai de citire nu pot descărca"
   },
   "8095838445486198080": {
      "message": "{FILE_SIZE,plural, =0{0 byți}=1{1 byte}few{# byți}other{# de byți}}"
   },
   "8099047958506869131": {
      "message": "{VIEWER_GENDER,select, female{Dosar nou}male{Dosar nou}other{Dosar nou}}"
   },
   "8100558294600077150": {
      "message": "Căutare în bloguri"
   },
   "8105635255693472607": {
      "message": "Adăugați articole noi pe listă"
   },
   "8106780183458743723": {
      "message": "Albume foto"
   },
   "8112699352770418817": {
      "message": "Nu s-a găsit nicio carte."
   },
   "8132410616064087953": {
      "message": "Videoclipul este prea lung (durata maximă este de $1​ (de) secunde)."
   },
   "8135145577663029437": {
      "message": "Păstrați ambele versiuni"
   },
   "8146560259680897627": {
      "message": "Anulați"
   },
   "8158191101452862916": {
      "message": "Inserați imagini"
   },
   "8159493406018222636": {
      "message": "Trimiteți feedback"
   },
   "8172945196588870035": {
      "message": "Evenimente"
   },
   "8174654098152723289": {
      "message": "Editați descrierea"
   },
   "8178754379486173416": {
      "message": "{VIEWER_GENDER,select, female{Ați selectat foarte puține elemente. Selectați mai multe.}male{Ați selectat foarte puține elemente. Selectați mai multe.}other{Ați selectat foarte puține elemente. Selectați mai multe.}}"
   },
   "8192378456655629049": {
      "message": "Se procesează videoclipul..."
   },
   "8193991135666622583": {
      "message": "keep"
   },
   "821942580510564685": {
      "message": "Introduceți parola acestui document pentru a-l vedea"
   },
   "8239237134193392595": {
      "message": "Notificările pentru mementourile de locație apar numai pe dispozitivele mobile."
   },
   "8267458240960831780": {
      "message": "În curs de autentificare..."
   },
   "8281141013543828574": {
      "message": "Imagine RAW"
   },
   "8281678863271800533": {
      "message": "Filtru de imagini"
   },
   "8283103456188558313": {
      "message": "Prezentări"
   },
   "8290434443655418968": {
      "message": "{filesCount,plural, =0{unused plural form}=1{Nu este acceptată încărcarea fișierului selectat ({file}).}few{Nu este acceptată încărcarea fișierelor selectate ({files}).}other{Nu este acceptată încărcarea fișierelor selectate ({files}).}}"
   },
   "8304474373444239435": {
      "message": "Răspuns postat de $1​."
   },
   "8322416564157128458": {
      "message": "Permisiuni"
   },
   "8324195080917648153": {
      "message": "Videoclipul nu încape aici. Măriți puțin fereastra browserului."
   },
   "8337582740675387693": {
      "message": "Java"
   },
   "8342684858400436871": {
      "message": "tab"
   },
   "8379952094517631162": {
      "message": "Nu"
   },
   "8409393124758970712": {
      "message": "$2​ x $1​"
   },
   "8412684147928483084": {
      "message": "Negru"
   },
   "8435544675017330861": {
      "message": "Niciun articol nu a corespuns căutării dvs."
   },
   "8436817383042650304": {
      "message": "caps-lock"
   },
   "8451184312655705174": {
      "message": "Dacă adresa URL este corectă, veți vedea o previzualizare aici.  Este posibil ca afișarea imaginilor mari să dureze câteva clipe."
   },
   "8467894483369467251": {
      "message": "Flash"
   },
   "8506198918368329269": {
      "message": "Rezultatele afișate pot fi reutilizate în scopuri comerciale, cu modificare."
   },
   "8571315158566081191": {
      "message": "Nicio foaie de calcul."
   },
   "8580600056399054303": {
      "message": "Stabiliți unde vor fi plasate articolele noi sau bifate"
   },
   "8595175575778060149": {
      "message": "Mai multe"
   },
   "8596257056433048992": {
      "message": "Bun venit la"
   },
   "8616342546716995946": {
      "message": "Am înțeles"
   },
   "8621067185485606452": {
      "message": "ECMAScript"
   },
   "8638281560898810401": {
      "message": "{MINUTES,plural, =0{0 minute }=1{1 minut }few{# minute }other{# de minute }}{SECONDS,plural, =0{0 secunde.}=1{1 secundă.}few{# secunde.}other{# de secunde.}}"
   },
   "863955692838281739": {
      "message": "Închideți"
   },
   "8643398764569428530": {
      "message": "Permiteți serviciului Google Keep să afișeze notificări?"
   },
   "8652566647088230560": {
      "message": "Versiune de testare confidențială"
   },
   "8660016472468563221": {
      "message": "două puncte"
   },
   "8663507590720636709": {
      "message": "$1​ + încă $2​"
   },
   "8666643061920113075": {
      "message": "{VIEWER_GENDER,select, female{Inserați adresa URL a unei imagini aici:}male{Inserați adresa URL a unei imagini aici:}other{Inserați adresa URL a unei imagini aici:}}"
   },
   "8674222789100049233": {
      "message": "Închideți"
   },
   "86815590954366945": {
      "message": "Lista de conținuturi arhivate"
   },
   "8709611758728645225": {
      "message": "pg-down"
   },
   "8711002053494037632": {
      "message": "Toate articolele au fost debifate"
   },
   "8748281640412284111": {
      "message": "Imagini din stoc"
   },
   "8759520888087120926": {
      "message": "Niciun script."
   },
   "8775097441636640256": {
      "message": "$2​ – $1​"
   },
   "8780212274435014958": {
      "message": "Cercuri"
   },
   "8781837301864053001": {
      "message": "Text îmbogățit"
   },
   "8792038552136453044": {
      "message": "Hopa! A apărut o eroare"
   },
   "8793166064242077041": {
      "message": "A apărut o eroare la afișarea acestei imagini."
   },
   "8813101408630252335": {
      "message": "$1​ sec."
   },
   "8820281478062782578": {
      "message": "Căutați"
   },
   "8822326207328431952": {
      "message": "Încărcarea de imagini nu este disponibilă"
   },
   "8840223453482998505": {
      "message": "Dosarul selectat: $1​"
   },
   "8845176264121061589": {
      "message": "Debifați toate articolele"
   },
   "8850238112725591771": {
      "message": "comanda rapidă $1​"
   },
   "8852550049823214385": {
      "message": "apoi"
   },
   "8883744193208363722": {
      "message": "Este disponibilă o actualizare a aplicației."
   },
   "8884900765322249670": {
      "message": "Afișare tip listă"
   },
   "8889019648958415451": {
      "message": "Fișier necunoscut"
   },
   "8911996820409711834": {
      "message": "Mutați textul într-un articol nou din listă &raquo;"
   },
   "8916237870980173557": {
      "message": "Se conectează…"
   },
   "8917554093651202032": {
      "message": "Redați $1​"
   },
   "8919660666733306860": {
      "message": "Imagine"
   },
   "8930959387403789939": {
      "message": "Memento"
   },
   "8943760679396635042": {
      "message": "Se afișează $1​."
   },
   "8953555255469284376": {
      "message": "Plasați imagini aici"
   },
   "8979615310931291676": {
      "message": "Ultima editare $1​"
   },
   "8986044948621891903": {
      "message": "Introduceți interogarea în caseta de mai sus pentru a găsi rezultate pe web utilizând Căutarea Google pe web."
   },
   "901615442107785480": {
      "message": "Arhivați nota/lista"
   },
   "9024023699330078373": {
      "message": "Dacă deschideți articolul, acesta va fi adăugat în Drive"
   },
   "9028041601596584772": {
      "message": "Locație"
   },
   "9058308423774656474": {
      "message": "Procesor de text Hangul"
   },
   "9083935734710258396": {
      "message": "Refuzați"
   },
   "9094248058931620597": {
      "message": "Panoul cu detalii a fost restrâns."
   },
   "9114674068220302553": {
      "message": "Ca atașament"
   },
   "911586799466052745": {
      "message": "Desen OpenOffice"
   },
   "9130962320402467249": {
      "message": "Fotografii din stoc"
   },
   "9146716987301178362": {
      "message": "A apărut o eroare. Reîncărcați."
   },
   "9165877886714239857": {
      "message": "Nu se poate extrage textul din imagine. Încercați din nou mai târziu."
   },
   "916773043895242978": {
      "message": "Adresa URL a imaginii pe care ați introdus-o mai sus este incorectă sau nu poate fi încărcată. Introduceți o adresă URL corectă pentru imagine."
   },
   "9173629944963872598": {
      "message": "Nu s-a găsit niciun eveniment."
   },
   "9182500445937900938": {
      "message": "Închideți"
   },
   "9195941533351099011": {
      "message": "Se încarcă $1​ din $2​"
   },
   "9197837492705576727": {
      "message": "Accesați articolul următor"
   },
   "919969969251998566": {
      "message": "Extrageți această arhivă în contul dvs. de e-mail."
   },
   "9203542510134660095": {
      "message": "A început extragerea. Conținutul arhivei se va afișa în Drive, în dosarul „$1​”."
   },
   "940276535015195877": {
      "message": "Niciun dosar."
   },
   "943493480163896757": {
      "message": "{resultCount,plural, =1{# notă care corespunde}few{# note care corespund}other{# de note care corespund}}"
   },
   "951963820437151566": {
      "message": "Google Sites"
   },
   "95809842507987016": {
      "message": "Ștergeți"
   },
   "963611681085757795": {
      "message": "Nu se poate genera o afișare a documentului în acest moment."
   },
   "96556988207614774": {
      "message": "Calendare"
   },
   "974042541427403929": {
      "message": "Albastru"
   },
   "980395722421409371": {
      "message": "Nu s-a găsit nicio hartă."
   },
   "982187142411651629": {
      "message": "Închideți"
   },
   "985197728509875956": {
      "message": "Chemical Model"
   },
   "996381410993745580": {
      "message": "Photoshop"
   },
   "998727788921602971": {
      "message": "Videoclipuri"
   },
   "appDesc": {
      "description": "App description",
      "message": "Notați-vă rapid ideile și vi se vor reaminti la locul și momentul potrivit."
   },
   "appName": {
      "description": "App name.",
      "message": "Google Keep - note și liste"
   }
}
