{
   "1006787209796778126": {
      "message": "Мой диск"
   },
   "1017907757187630742": {
      "message": "Мои шрифты"
   },
   "1029072043275376320": {
      "message": "Календари не найдены."
   },
   "1030781695901615026": {
      "message": "Снизу"
   },
   "103870949919613488": {
      "message": "Заметка архивирована."
   },
   "1039394921418415681": {
      "message": "Войти"
   },
   "1083918249169198626": {
      "message": "Быстрые клавиши отключены."
   },
   "1090919586152138659": {
      "message": "Из фотобанка"
   },
   "1101371910696766077": {
      "message": "Создать копию"
   },
   "1107413433574576014": {
      "message": "Слишком длинный заголовок. Выделенный текст не будет сохранен."
   },
   "1127320433256851404": {
      "message": "Видеоплеер"
   },
   "1162642135048988280": {
      "message": "Переименование документа"
   },
   "1166244120191806795": {
      "message": "Оставить отзыв"
   },
   "1179891706526242218": {
      "message": "Далее"
   },
   "1185164838496022543": {
      "message": "Перезагрузите страницу."
   },
   "1185644932132585290": {
      "message": "Осталось $1​ симв."
   },
   "1213005208968286932": {
      "message": "Помечено как решенное"
   },
   "1263557413037343589": {
      "message": "Упорядочивание фотографий"
   },
   "1263685395252160366": {
      "message": "LaTeX"
   },
   "1311350045083871503": {
      "message": "Отмена"
   },
   "1311729747516144362": {
      "message": "Красные"
   },
   "1315844696796851207": {
      "message": "Без засечек"
   },
   "1319037146426591038": {
      "message": "или"
   },
   "132822872080714863": {
      "message": "ОК"
   },
   "133192954417440569": {
      "message": "Ничего не найдено."
   },
   "1349697396109290623": {
      "message": "$1​: более высокое разрешение"
   },
   "1376126796144976437": {
      "message": "Все шрифты"
   },
   "139942704574044780": {
      "message": "Разрешить"
   },
   "141491180325662484": {
      "message": "Храните все файлы в едином месте, и они всегда будут под рукой. К тому же, добавив фотографии на Google Диск, вы сразу сможете поделиться ими со своими кругами."
   },
   "1418114637490664392": {
      "message": "Фотоархив LIFE"
   },
   "1419896259743862406": {
      "message": "Открыть"
   },
   "1440171352837969028": {
      "message": "Видео/аудио"
   },
   "1441487391064925653": {
      "message": "Список быстрых клавиш"
   },
   "1446829548948002072": {
      "message": "запятая"
   },
   "1454684154234137497": {
      "message": "Pause"
   },
   "1459765068821943106": {
      "message": "{VIEWER_GENDER,select, female{Вставьте ссылку на видео из YouTube:}male{Вставьте ссылку на видео из YouTube:}other{Вставьте ссылку на видео из YouTube:}}"
   },
   "1463079206290378085": {
      "message": "Фотографии из orkut"
   },
   "1463389029497634261": {
      "message": "Уменьшить громкость"
   },
   "1475179211173444554": {
      "message": "Все в домене, у кого есть ссылка"
   },
   "1492360016907725281": {
      "message": "{VIEWER_GENDER,select, female{Вставьте ссылку на видео:}male{Вставьте ссылку на видео:}other{Вставьте ссылку на видео:}}"
   },
   "1493251742569121894": {
      "message": "Слишком большая заметка. Выделенный текст не будет сохранен."
   },
   "1493384967280942491": {
      "message": "Розовые"
   },
   "1499433769420882987": {
      "message": "Отображается файл \"$1​\""
   },
   "1505876360160857231": {
      "message": "$1​ ТБ"
   },
   "1521707405717823409": {
      "message": "Фиолетовые"
   },
   "153439508598626384": {
      "message": "Ваши фотографии"
   },
   "1536051766421561160": {
      "message": "знак равенства"
   },
   "156992719062713230": {
      "message": "Серый"
   },
   "1586968957182554447": {
      "message": "Отключить"
   },
   "1588268697057804046": {
      "message": "$1​ ч. назад"
   },
   "1603139897109307706": {
      "message": "Ошибка. Повторите попытку."
   },
   "1604359562654146902": {
      "message": "Фото"
   },
   "1633370388224271051": {
      "message": "Никого не найдено."
   },
   "1633798963327779260": {
      "message": "Завтра"
   },
   "1654222450095043962": {
      "message": "Аудио"
   },
   "1656911987308166143": {
      "message": "Удалить"
   },
   "1665821947855814052": {
      "message": "Размер"
   },
   "1692901784886701962": {
      "message": "Слишком большая заметка"
   },
   "1697160643589236962": {
      "message": "$1​ ПБ"
   },
   "1700522311470719738": {
      "message": "Сохранить"
   },
   "1701312243672511585": {
      "message": "Переместить текст в новую заметку &raquo;"
   },
   "1709410429018687341": {
      "message": "$1​ (утром)"
   },
   "1715552550526864429": {
      "message": "Поиск по блогам"
   },
   "171683163267149669": {
      "message": "$1​ ГБ"
   },
   "1739900012825270238": {
      "message": "Перейти к предыдущей записи"
   },
   "1756171223417807431": {
      "message": "Убедитесь, что изображение является общедоступным. Если оно защищено паролем или хранится во внутренней сети, загрузить его не удастся."
   },
   "1759957963056319953": {
      "message": "$1​ – назад"
   },
   "1783719421893050637": {
      "message": "Размер изображения"
   },
   "178927681797742562": {
      "message": "Войти"
   },
   "1791115075948268631": {
      "message": "Справка по быстрым клавишам"
   },
   "1808245543551507519": {
      "message": "Аудио"
   },
   "1816851800848432562": {
      "message": "Удалить"
   },
   "1818306025747564729": {
      "message": "Перейти по ссылке"
   },
   "1823222042913714987": {
      "message": "Отправить пароль"
   },
   "1823854753950594157": {
      "message": "Оставить на месте"
   },
   "1830157062072535681": {
      "message": "Открыт файл \"$1​\""
   },
   "185012928288875755": {
      "message": "Ничего не найдено."
   },
   "1856444915090632305": {
      "message": "Документ зашифрован. Введите пароль."
   },
   "1866863108233180413": {
      "message": "Папки"
   },
   "187077078156858455": {
      "message": "Аудиозаметка"
   },
   "189303170370862360": {
      "message": "$1​ из $2​"
   },
   "1900571668686750716": {
      "message": "vCard"
   },
   "1901351411358749070": {
      "message": "Доступные мне"
   },
   "1913425963149828429": {
      "message": "Извлечь архив на Диск"
   },
   "1918176455405610789": {
      "message": "Готово"
   },
   "1920189655549476211": {
      "message": "неизвестна"
   },
   "1929603188252533075": {
      "message": "Ошибка при удалении видео. Повторите попытку."
   },
   "1951810091681076784": {
      "message": "{COUNT_1,plural, =1{1 совпадение}one{{COUNT_2} совпадение}few{{COUNT_2} совпадения}many{{COUNT_2} совпадений}other{{COUNT_2} совпадения}}"
   },
   "1956794332842050061": {
      "message": "Следующая страница"
   },
   "1965626377712226216": {
      "message": "Keynote"
   },
   "1968405748623909021": {
      "message": "Попробуйте открыть файл в одном из этих приложений"
   },
   "1974063091619095703": {
      "message": "Люди"
   },
   "1988244842147989817": {
      "message": "Заметки удаляются из корзины через семь дней."
   },
   "1993674829873313178": {
      "message": "Проблемы с загрузкой? В настоящее время проводятся технические работы, нормальное функционирование системы скоро возобновится."
   },
   "2003845117979929469": {
      "message": "Свойства"
   },
   "2048322072989992494": {
      "message": "С вами пока никто не поделился файлами."
   },
   "2055836117545582610": {
      "message": "Настройки списка"
   },
   "2059084517358086391": {
      "message": "Закрыть панель поиска"
   },
   "2061440050632248160": {
      "message": "Архивировать"
   },
   "2068023589621557589": {
      "message": "TrueType"
   },
   "2073035325657060696": {
      "message": "Предпросмотр недоступен."
   },
   "2073322475696388995": {
      "message": "Вперед"
   },
   "207810168108507460": {
      "message": "$1​ ч. назад"
   },
   "2109272338124379867": {
      "message": "Последнее изменение"
   },
   "2116013171202209313": {
      "message": "Выбрать"
   },
   "2122256657192674586": {
      "message": "Искать видео"
   },
   "2125135092719715773": {
      "message": "Загрузка"
   },
   "212796670323571824": {
      "message": "ОК"
   },
   "213665695896111861": {
      "message": "Заметки"
   },
   "2138593281154109183": {
      "message": "Архив"
   },
   "2147952938331523160": {
      "message": "Переименовать."
   },
   "2154372123324862271": {
      "message": "косая черта"
   },
   "2154940358270068005": {
      "message": "Восстанавливайте недавно удаленные заметки."
   },
   "2184278444368405837": {
      "message": "Пунктов: $1​"
   },
   "2187239650627580457": {
      "message": "Отправить"
   },
   "2198096971937872560": {
      "message": "Напоминание:"
   },
   "220168959069469607": {
      "message": "Дополнительные действия"
   },
   "221715292685577880": {
      "message": "Да"
   },
   "2220005860896049129": {
      "message": "Время поиска источника документа истекло"
   },
   "2228413078211839077": {
      "message": "Просмотр документа временно невозможен"
   },
   "2235097878790803849": {
      "message": "Google Диск: работайте с файлами по-новому."
   },
   "2257303402199718039": {
      "message": "Не удалось найти документ. Убедитесь, что он не удален."
   },
   "2274436793504233543": {
      "message": "Отмена"
   },
   "2278224983638451454": {
      "message": "Скачать"
   },
   "2280650195464600721": {
      "message": "Навигация"
   },
   "2285069188138705005": {
      "message": "Подключенные приложения"
   },
   "2289534534793293486": {
      "message": "Вернуть из архива"
   },
   "2289812403593835836": {
      "message": "Pages"
   },
   "229177484946387188": {
      "message": "Google Планета Земля"
   },
   "2292696732672795285": {
      "message": "Увеличить громкость"
   },
   "230180475614658119": {
      "message": "Закрыть"
   },
   "2304293593067358316": {
      "message": "Клип-арт"
   },
   "2310145944356900158": {
      "message": "Отмечено"
   },
   "2311880726221661199": {
      "message": "Загрузка изображения в высоком разрешении."
   },
   "2329167963662998826": {
      "message": "Разрешите Google Keep использовать ваши геоданные, чтобы показывать вам более точные рекомендации и своевременные напоминания."
   },
   "234046557601727809": {
      "message": "Изображений и видео нет."
   },
   "2349912757088764940": {
      "message": "Кто видит:"
   },
   "2359614137862708172": {
      "message": "Shift"
   },
   "2370463380397641604": {
      "message": "Популярные быстрые клавиши"
   },
   "2370656573843123707": {
      "message": "закрывающая квадратная скобка"
   },
   "2393487423640708285": {
      "message": "Указан недопустимый URL. Он должен начинаться с http:// или https://."
   },
   "2405795704816921421": {
      "message": "Файл $1​."
   },
   "2412314804333167252": {
      "message": "Слишком большая таблица. $3​Скачайте$1​ ее или $4​экспортируйте в Google Таблицы$1​."
   },
   "2418104318933043113": {
      "message": "Google Картинки"
   },
   "2433429041384246549": {
      "message": "Скрыть"
   },
   "2449254824382583885": {
      "message": "Открыть в новом окне"
   },
   "2452522051596946166": {
      "message": "Не удалось загрузить объект \"$1​\". Повторная попытка..."
   },
   "2454642351139428112": {
      "message": "Отменить"
   },
   "2466251465475184755": {
      "message": "Заметки будут удалены навсегда. Очистить корзину?"
   },
   "2475181823688399272": {
      "message": "Далее"
   },
   "2484568559152875936": {
      "message": "Фотоальбомов нет."
   },
   "2504232652631703202": {
      "message": "Подключено"
   },
   "251025074207413762": {
      "message": "Добавить описание"
   },
   "2510929871271209216": {
      "message": "Слишком большая таблица. $2​Скачайте$1​ ее."
   },
   "2513437337377210144": {
      "message": "End"
   },
   "2524021436052870191": {
      "message": "Не удалось загрузить файл. Поддерживаются только файлы $1​ размером менее $2​ МБ."
   },
   "2532280782491328445": {
      "message": "Перейти к предыдущему результату"
   },
   "2538080331309772448": {
      "message": "Сортировать: $1​"
   },
   "2538462904124380434": {
      "message": "Заметка отправлена в корзину"
   },
   "2546225293834487484": {
      "message": "Заметка"
   },
   "2558480112329900136": {
      "message": "Серые"
   },
   "257317112834806705": {
      "message": "Переключиться между сеткой и списком"
   },
   "2579679351920691492": {
      "message": "Назад"
   },
   "2587566920590457715": {
      "message": "Maps Engine Lite"
   },
   "2609409316752026806": {
      "message": "PDF"
   },
   "2609750184896485102": {
      "message": "Видео c телефона"
   },
   "2615188670181508661": {
      "message": "В последнее время вы ничего не выбирали."
   },
   "2623861453769098676": {
      "message": "Не удалось загрузить документ."
   },
   "2628268670001557269": {
      "message": "Квота"
   },
   "2643241712502664984": {
      "message": "Ваши видео на YouTube"
   },
   "2661850177130037208": {
      "message": "Открыть"
   },
   "2681830832355823748": {
      "message": "Искать по всем быстрым клавишам"
   },
   "2687303256387847763": {
      "message": "По популярности"
   },
   "2702485557996900362": {
      "message": "Устранить конфликт"
   },
   "2705842902318123127": {
      "message": "Перейти к следующей/предыдущей заметке или списку"
   },
   "272948685355798518": {
      "message": "Тип выбранного файла не поддерживается."
   },
   "2731144323070245943": {
      "message": "Настраиваемые списки"
   },
   "2742719907061406418": {
      "message": "XML"
   },
   "2750830436677712001": {
      "message": "{VIEWER_GENDER,select, female{Не удалось создать папку \"{FOLDER_NAME}\"}male{Не удалось создать папку \"{FOLDER_NAME}\"}other{Не удалось создать папку \"{FOLDER_NAME}\"}}"
   },
   "2752123004911547510": {
      "message": "Популярные"
   },
   "2758125083752925237": {
      "message": "(владелец)"
   },
   "277430914014962533": {
      "message": "Не удалось загрузить объект \"$1​\"."
   },
   "2774713922589657910": {
      "message": "Все в домене"
   },
   "2786560864906393383": {
      "message": "Фото с телефона"
   },
   "2789687492331041935": {
      "message": "Другое время"
   },
   "2790446494460492805": {
      "message": "Извлечение начато. Сообщения из архива будут сохранены в разделе \"Импорт: $1​\"."
   },
   "2793841261389879255": {
      "message": "Предыдущая страница"
   },
   "2801153442808430222": {
      "message": "Мой диск"
   },
   "2817277146396981386": {
      "message": " "
   },
   "2818020101821669029": {
      "message": "Дата создания"
   },
   "2818135503416309545": {
      "message": "Запись видео"
   },
   "2827039933590757722": {
      "message": "Ярлык Windows"
   },
   "2829226075651806940": {
      "message": "Увеличить"
   },
   "2860188519781080944": {
      "message": "Оранжевые"
   },
   "2861568351294148466": {
      "message": "Скрипты"
   },
   "2864281852037732729": {
      "message": "Скрыть"
   },
   "2873089307546162154": {
      "message": "ОК"
   },
   "2877285560485318801": {
      "message": "Пауза"
   },
   "2878874627361086801": {
      "message": "предпросмотр"
   },
   "2879276552944958066": {
      "message": "Вернуться к папке $1​."
   },
   "289798573180023043": {
      "message": "ОК"
   },
   "2902747751281161248": {
      "message": "Применять настройки к новым спискам"
   },
   "2905147317995482841": {
      "message": "Мы сделали интерфейс Google Диска более красивым и удобным. Вам должно понравиться."
   },
   "2917498437550635075": {
      "message": "Значок"
   },
   "2964778642459027786": {
      "message": "В корзине ничего нет."
   },
   "2974598228601710262": {
      "message": "Добавить"
   },
   "2979466412944870220": {
      "message": "Загрузка..."
   },
   "2982511431742033448": {
      "message": "Презентаций нет."
   },
   "298817883481775869": {
      "message": "Загрузка..."
   },
   "3000689173481666334": {
      "message": "Изменение круга"
   },
   "3029395493413607486": {
      "message": "Не удалось открыть проигрыватель. Попробуйте перезагрузить страницу.$1​Если проблема не исчезнет, посетите $3​Справочный центр$2​."
   },
   "3043961722025425136": {
      "message": "Описание"
   },
   "306516303501625305": {
      "message": "Ошибка аутентификации"
   },
   "3073005748126521632": {
      "message": "Где сработало: $1​"
   },
   "3074184819310272351": {
      "message": "Добавленные фотографии"
   },
   "3084372889071691504": {
      "message": "{VIEWER_GENDER,select, female{Вставьте ссылку:}male{Вставьте ссылку:}other{Вставьте ссылку:}}"
   },
   "3095645856215493958": {
      "message": "Находите печатный текст на фотографиях."
   },
   "31018542656161389": {
      "message": "По размеру экрана"
   },
   "3109321241584918345": {
      "message": "Подключить другие приложения"
   },
   "3121560585545725724": {
      "message": "$1​, $2​"
   },
   "3140236589681731084": {
      "message": "через $1​ ч."
   },
   "3189854932778515441": {
      "message": "Заметка в архиве"
   },
   "3207670492626476064": {
      "message": "Сводные таблицы"
   },
   "3211163842850942567": {
      "message": "Увеличить"
   },
   "3222929029344613957": {
      "message": "Не удалось открыть файл. Повторите попытку."
   },
   "3233388241926683100": {
      "message": "Поиск заметок"
   },
   "3243829462528324248": {
      "message": "Коричневые"
   },
   "3250489229749307913": {
      "message": "ePub"
   },
   "3256928852560591255": {
      "message": "Заметка отправлена в корзину"
   },
   "3261131345401321392": {
      "message": "Комментарии"
   },
   "3265524298292280681": {
      "message": "Esc"
   },
   "3267563602179728277": {
      "message": "Delete"
   },
   "3272496516667407797": {
      "message": "Не удалось загрузить свойства."
   },
   "3275029321588462173": {
      "message": "Не выбран"
   },
   "3278237562147211998": {
      "message": "Снимки из фотобанков"
   },
   "330603631583186798": {
      "message": "Word"
   },
   "3306487262690341751": {
      "message": "Дата и время"
   },
   "3312545971976531405": {
      "message": "Сообщение"
   },
   "3319087486907616296": {
      "message": "Начать трансляцию"
   },
   "3328129883064940351": {
      "message": "Шрифты"
   },
   "3335409796971631780": {
      "message": "Извлечение на Диск…"
   },
   "3343451103608774400": {
      "message": "Представляем $3​новые Мои карты.$2​$1​"
   },
   "3354260708176476985": {
      "message": "Загрузка…"
   },
   "3357778055650785985": {
      "message": "Слишком большой пункт списка. Выделенный текст не будет сохранен."
   },
   "3364679383274077479": {
      "message": "Доступно обновление приложения"
   },
   "3368639944474272225": {
      "message": "Не удалось загрузить документ: возможно, у вас нет на это разрешения на его просмотр."
   },
   "3381619429606029445": {
      "message": "Visio"
   },
   "3382236845597426718": {
      "message": "Открыть"
   },
   "3408219901032480508": {
      "message": "$2​; $1​"
   },
   "3409257542937182842": {
      "message": "Повторная попытка..."
   },
   "3409483962000136213": {
      "message": "Воспроизвести/остановить"
   },
   "3418767079436101103": {
      "message": "Не удалось загрузить страницу."
   },
   "3421685394169412932": {
      "message": "Все изменения сохраняются автоматически"
   },
   "3422389100099960864": {
      "message": "Изображений нет."
   },
   "3428726060007577698": {
      "message": "Слишком длинный список"
   },
   "3430885603500576146": {
      "message": "Выбирайте только те изображения, разрешение на использование которых у вас есть."
   },
   "3440534675925634227": {
      "message": "В браузере Chrome откройте страницу chrome://settings и убедитесь, что вы вошли в аккаунт. Затем нажмите \"Войти\" ещё раз."
   },
   "3446158485617778228": {
      "message": "Отменить"
   },
   "3448234415275521882": {
      "message": "Общая информация"
   },
   "3448684788258660606": {
      "message": "Ваши фотографии"
   },
   "3450585781337676327": {
      "message": "Загрузка..."
   },
   "3457279184692206825": {
      "message": "Фотографии будут видны всем в Интернете."
   },
   "3468441711253011521": {
      "message": "Google Таблица"
   },
   "3473620774713000513": {
      "message": "Вопрос решен"
   },
   "3483438888494819423": {
      "message": "Что нового в Google Keep"
   },
   "3511274344439521198": {
      "message": "Действия"
   },
   "3518073392823563581": {
      "message": "Быстрые клавиши"
   },
   "3531603810713611778": {
      "message": "Слишком большой общий объем файлов. Отмените выбор некоторых из них."
   },
   "3543475399174940144": {
      "message": "+$1​"
   },
   "3547194749488601916": {
      "message": "Загрузка..."
   },
   "354828103903104581": {
      "message": "Отмеченные элементы"
   },
   "3561658662634401836": {
      "message": "Введите заголовок"
   },
   "357172711168973843": {
      "message": "Не удалось сохранить последние изменения или недавно добавленные заметки. Скопируйте их содержимое и перезапустите приложение."
   },
   "3586705906700410505": {
      "message": "Ч/б рисунки"
   },
   "3587798318180902863": {
      "message": "{NUM_SELECTED,plural, =1{ выбрано »}one{ выбрано »}few{ выбрано »}many{ выбрано »}other{ выбрано »}}"
   },
   "3595000514985906359": {
      "message": "Excel"
   },
   "3602920441714068008": {
      "message": "Когда сработало: $1​ в $2​"
   },
   "3608606849109645545": {
      "message": "Введите новое название:"
   },
   "361202495024972887": {
      "message": "Загрузка видео"
   },
   "361630518611593946": {
      "message": "Обычный текст"
   },
   "3625886392901506764": {
      "message": "или"
   },
   "3643146117250542609": {
      "message": "PDF-файлов нет."
   },
   "3645728163953189422": {
      "message": "Просмотр невозможен: слишком большой документ"
   },
   "3651893685901703652": {
      "message": "..."
   },
   "3657386785336906042": {
      "message": "обратная косая черта"
   },
   "3659554681396757189": {
      "message": "Открыто мной"
   },
   "3663571259791438207": {
      "message": "Пожаловаться."
   },
   "3664842788764635265": {
      "message": "Отменить выбор"
   },
   "3666123569747918021": {
      "message": "В этом документе есть несохраненные изменения. Отменить их и закрыть страницу?"
   },
   "3673346558112798837": {
      "message": "Без фона"
   },
   "3674811252904549204": {
      "message": "Обложки"
   },
   "3678477908297567934": {
      "message": "символ подчеркивания"
   },
   "3681747688524363195": {
      "message": "Сверху"
   },
   "3690515530505404607": {
      "message": "Не удалось воспроизвести видео."
   },
   "369764661829607970": {
      "message": "{NUM_ITEMS,plural, =0{Ничего нет}=1{1 элемент}one{# элемент}few{# элемента}many{# элементов}other{# items}}"
   },
   "3712215972250917265": {
      "message": "Комментарии"
   },
   "3717138719704492547": {
      "message": "Проверьте правильность адреса."
   },
   "374088101949877889": {
      "message": "Закрыть"
   },
   "3745308627628779133": {
      "message": "Новая папка"
   },
   "3748461364828242354": {
      "message": "Выбрать цвет"
   },
   "3770795578481676514": {
      "message": "Желтый"
   },
   "3771958676925493302": {
      "message": "Удалить из поиска: $1​"
   },
   "3779945546806941187": {
      "message": "Монохромные"
   },
   "3793086499925031123": {
      "message": "Открыть панель поиска/перейти к предыдущему результату"
   },
   "37992665410817181": {
      "message": "Открыто повторно"
   },
   "3801617971018550169": {
      "message": "Вчера"
   },
   "3808213429720572062": {
      "message": "Восстановить"
   },
   "381100310424863459": {
      "message": "Adobe Illustrator"
   },
   "3842411126100113634": {
      "message": "Pg up"
   },
   "3844047145949375230": {
      "message": "Документы"
   },
   "3858324058837632381": {
      "message": "Не удалось воспроизвести аудиофайл."
   },
   "3864575916269080329": {
      "message": "Поиск на изображениях"
   },
   "3866373087987934712": {
      "message": "Сбой при загрузке: $1​"
   },
   "3869166581651870488": {
      "message": "Закончить редактирование"
   },
   "3873215756962047275": {
      "message": "АРХИВ"
   },
   "3873467440437675460": {
      "message": "Не удалось найти шрифты, которые вы выбирали ранее."
   },
   "3897281533382850749": {
      "message": "Показать"
   },
   "3936153839186254186": {
      "message": "Показать: $1​"
   },
   "3955760658925284765": {
      "message": "Повторить"
   },
   "3974064131130689245": {
      "message": "Сетка"
   },
   "3977699855735576796": {
      "message": "Не удалось загрузить другие страницы."
   },
   "3988418762222300024": {
      "message": "точка"
   },
   "3989552504822984034": {
      "message": "Google Рисунок"
   },
   "4005725939358875643": {
      "message": "Действие отменено"
   },
   "4014287326684608407": {
      "message": "Бирюзовый"
   },
   "4048275292053012394": {
      "message": "Контакты"
   },
   "4059387791040010947": {
      "message": "Meta"
   },
   "4067915791853673774": {
      "message": "{VIEWER_GENDER,select, female{Закрыть}male{Закрыть}other{Закрыть}}"
   },
   "4078179869358383373": {
      "message": "Ничего не найдено."
   },
   "4087667435414545203": {
      "message": "Вы вышли из аккаунта. Чтобы внести изменения, обновите страницу."
   },
   "4093134637041332383": {
      "message": "ПОДРОБНЕЕ"
   },
   "4097007735221462946": {
      "message": "Рисунки"
   },
   "4097921967754832323": {
      "message": "дефис"
   },
   "4100504115801514799": {
      "message": "Заметка восстановлена"
   },
   "4119294114251628099": {
      "message": "Не удалось получить изображение по указанному URL. Возможно, это закрытый адрес, к которому серверы не могут получить доступ. Попробуйте ввести другой URL."
   },
   "4134385041569168669": {
      "message": "Загрузка..."
   },
   "4148564423510181521": {
      "message": "Очистить строку поиска"
   },
   "4152315289461886": {
      "message": "Управление документами"
   },
   "4168280976997555951": {
      "message": "Документов нет."
   },
   "4174786386751618325": {
      "message": "Фотозаметка"
   },
   "4182427157920112948": {
      "message": "тильда"
   },
   "4200426647595470259": {
      "message": "Воспроизвести аудиофайл."
   },
   "4200911267543705377": {
      "message": "Введите запрос в поле выше, и Google Поиск найдет в блогах то, что вам нужно."
   },
   "4205329094859140439": {
      "message": " "
   },
   "4211182812451835307": {
      "message": "Редактор"
   },
   "4211806608204126222": {
      "message": "$2​Условия использования$1​"
   },
   "4214190403999219403": {
      "message": "Изменить масштаб."
   },
   "4230101516585408149": {
      "message": "Создать заметку"
   },
   "4253741616909644861": {
      "message": "Введите запрос"
   },
   "4280747719095153198": {
      "message": "Комментарий помечен как решенный."
   },
   "4286663890332754386": {
      "message": "Не удалось добавить файл."
   },
   "4299690446455033653": {
      "message": "Works"
   },
   "4314643310615423802": {
      "message": "Вы вышли из системы"
   },
   "4318861667254318892": {
      "message": "Google Видео"
   },
   "4319229296464464147": {
      "message": "По дате добавления"
   },
   "4320831042030778": {
      "message": "Отмена"
   },
   "4332252081504252077": {
      "message": "Произошла ошибка"
   },
   "4338991104991831337": {
      "message": "Изображения"
   },
   "4339705658383891586": {
      "message": "Полноцветные"
   },
   "4343825450663233452": {
      "message": "Читатель"
   },
   "4343836986248234462": {
      "message": "Новый пункт списка"
   },
   "435214284915110062": {
      "message": "Открыть панель поиска"
   },
   "4372755508519489521": {
      "message": "Сетка"
   },
   "4391715930031906467": {
      "message": "Перейти к следующему результату"
   },
   "4395845663892873002": {
      "message": "Home"
   },
   "4422985761498356257": {
      "message": "Открыть с помощью"
   },
   "4430062722430863019": {
      "message": "Удалить заметку навсегда?"
   },
   "4439812492856303238": {
      "message": "Не удалось обработать выбранные элементы. Повторите попытку позже."
   },
   "4444571967705751871": {
      "message": "Корзина"
   },
   "4466605492523079635": {
      "message": "Сохранить"
   },
   "4468872996560163913": {
      "message": "Очистить корзину"
   },
   "4473912481270012588": {
      "message": "Файл сохранен на Диске"
   },
   "45228242181482134": {
      "message": "Воспроизвести"
   },
   "4536519876526589338": {
      "message": "$1​ – аватар."
   },
   "4552045407215325033": {
      "message": "Не удалось загрузить видео. Возможно, URL указан неправильно либо ведет на неподдерживаемый сайт."
   },
   "4564682305303579317": {
      "message": "Продолжить"
   },
   "456498742882714639": {
      "message": "Выберите папку:"
   },
   "4588500131398315347": {
      "message": "Новый круг"
   },
   "4604402426271704651": {
      "message": "Нет фотографий"
   },
   "4620034373159179678": {
      "message": "Страница $1​ из $2​"
   },
   "4630690108252818511": {
      "message": "Изображения не найдены."
   },
   "468283184702431827": {
      "message": "Подождите."
   },
   "4695897771458936174": {
      "message": "Делитесь фотографиями с Диска в Google+"
   },
   "4740100782728373253": {
      "message": "Сохранить на Диске"
   },
   "4748046231232264180": {
      "message": "Google Форма"
   },
   "4767722428137216885": {
      "message": "Отмена"
   },
   "477328789314249432": {
      "message": "Поиск заметок"
   },
   "4775368111547931093": {
      "message": "Описания нет"
   },
   "4781742940361705258": {
      "message": "Закрыть"
   },
   "4783695823456312682": {
      "message": "Переместить вниз"
   },
   "47844150329705564": {
      "message": "Результаты поиска по запросу \"$1​\""
   },
   "4798897505978458661": {
      "message": "Видеоролики не найдены."
   },
   "4805047680716507619": {
      "message": " Переместить в папку:"
   },
   "4806763987633034948": {
      "message": "PKCS7"
   },
   "4833214200453019325": {
      "message": "$1​ из $2​"
   },
   "4846720038197420778": {
      "message": "Подключить приложения"
   },
   "4853788427396558692": {
      "message": "$1​ МБ"
   },
   "4858389278403807208": {
      "message": "Заметка в корзине"
   },
   "4888104357342241891": {
      "message": "Напоминания"
   },
   "4889853674709731963": {
      "message": "Все заметки сохранены в офлайн-режиме"
   },
   "4901386320110714275": {
      "message": "Неверный пароль. Повторите попытку."
   },
   "490372259452655427": {
      "message": "Документ пока недоступен"
   },
   "4906669330059413958": {
      "message": "Отправить пароль"
   },
   "4908614808966678155": {
      "message": "По запросу \"$1​\" ничего не найдено"
   },
   "4926020998477695737": {
      "message": "Перейти в папку \"$1​\""
   },
   "4943176738805484221": {
      "message": "Изменить"
   },
   "4956678140555659175": {
      "message": "Backspace"
   },
   "4957674814179289955": {
      "message": "Перейти к следующему/предыдущему пункту списка"
   },
   "4963784280521435720": {
      "message": "Сохранение…"
   },
   "4969219890884320840": {
      "message": "Обновить"
   },
   "4983125135476400111": {
      "message": "Отправить в корзину"
   },
   "4988132901627446385": {
      "message": "Панель с подробностями открыта."
   },
   "4998757387516632837": {
      "message": "Найденные изображения можно использовать в измененном виде."
   },
   "5006225450559627366": {
      "message": "и ещё $1​"
   },
   "501475221876543407": {
      "message": "Здесь будут ваши заметки."
   },
   "5023525794410110078": {
      "message": "Подпись к фото"
   },
   "5026241297254150381": {
      "message": "Добавьте заметку"
   },
   "5046371569383796818": {
      "message": "Сохранить"
   },
   "5055418092354683641": {
      "message": "С засечками"
   },
   "5095987896933771566": {
      "message": "Печать документа"
   },
   "5096751700090310607": {
      "message": "Фотографий нет."
   },
   "509815948423424872": {
      "message": "Навигация"
   },
   "5099245668405591445": {
      "message": "Поиск"
   },
   "512429649443191386": {
      "message": "$2​Справка$1​"
   },
   "5124522868502261563": {
      "message": "Таблицы"
   },
   "5130903421326358933": {
      "message": "Не удалось сохранить прикрепленный файл на Google Диске"
   },
   "5149937870346466591": {
      "message": "Список"
   },
   "5169187962228219813": {
      "message": "Фотографии Life"
   },
   "5180454621500142444": {
      "message": "Восстановить"
   },
   "5180989337128758117": {
      "message": "открывающая квадратная скобка"
   },
   "5184692850089055965": {
      "message": "Распознать текст"
   },
   "5197718200713913936": {
      "message": "C++"
   },
   "5201670213497642487": {
      "message": "Панель дополнительной информации. Чтобы переключаться между вкладками, нажимайте на стрелки влево и вправо."
   },
   "5204391636475413312": {
      "message": "Сохранить"
   },
   "5213411023807957844": {
      "message": "Поиск в Google Keep"
   },
   "5213974294317036409": {
      "message": "{numPages,plural, =0{}=1{1 страница}one{# страница}few{# страницы}many{# страниц}other{# страницы}}"
   },
   "5226470917948786938": {
      "message": "По алфавиту"
   },
   "5238003680997310998": {
      "message": "Ещё"
   },
   "5238371081785912565": {
      "message": "Открыть в приложении \"$1​\""
   },
   "5275493935807628890": {
      "message": "Не удается найти изображение по указанному URL."
   },
   "5281121179861637423": {
      "message": "Введите пароль, чтобы открыть \"$1​\"."
   },
   "5288037028604092288": {
      "message": "XPS"
   },
   "5291153964865714504": {
      "message": "Ничего не найдено."
   },
   "5299648222246616124": {
      "message": "обратный апостроф"
   },
   "5304869088141363028": {
      "message": "Избранные фотографии"
   },
   "5316658541831864803": {
      "message": "Этот формат документа не поддерживается"
   },
   "5319313176242717957": {
      "message": "Подождите..."
   },
   "5336801339221383042": {
      "message": "JavaScript"
   },
   "534228323125524312": {
      "message": "Уменьшить"
   },
   "5353129315502554762": {
      "message": "CSS"
   },
   "5372143986724491245": {
      "message": "$1​ день назад"
   },
   "5372160981898991853": {
      "message": "Publisher"
   },
   "5399553230649155346": {
      "message": "через $1​ ч."
   },
   "5403830377590414208": {
      "message": "Белые"
   },
   "5408091115193390231": {
      "message": "AutoCAD"
   },
   "5438481737351808090": {
      "message": "$1​ (днем)"
   },
   "544377415081282702": {
      "message": "Ошибка"
   },
   "5447119197363232006": {
      "message": "Показать на Диске"
   },
   "5465323999933375616": {
      "message": "Вы пытаетесь просмотреть или скачать слишком много файлов, которые сохранены не в формате Google Документов"
   },
   "5472312735475866917": {
      "message": "Комментарий пользователя $1​."
   },
   "547865385964196102": {
      "message": "$1​ мин. назад"
   },
   "5482872484546230111": {
      "message": "Искать книги"
   },
   "5494181290179470995": {
      "message": "Удалить"
   },
   "5500117709595533163": {
      "message": "Введите запрос в поле выше, чтобы воспользоваться поиском в Google Книгах."
   },
   "5514516347328112388": {
      "message": "Вы также можете $2​скачать$1​ оригинальный документ."
   },
   "5529532831767466284": {
      "message": "{VIEWER_GENDER,select, female{{DEGREES}° {MINUTES}' {SECONDS}\"}male{{DEGREES}° {MINUTES}' {SECONDS}\"}other{{DEGREES}° {MINUTES}' {SECONDS}\"}}"
   },
   "5555182241047709329": {
      "message": "Укажите место"
   },
   "5555599189512365009": {
      "message": "ОК"
   },
   "5571842632470308750": {
      "message": "Все"
   },
   "5588597116382648727": {
      "message": "Извлечение…"
   },
   "5598649706113950710": {
      "message": "Редактирование"
   },
   "5609727719971819773": {
      "message": "{VIEWER_GENDER,select, female{Назад}male{Назад}other{Назад}}"
   },
   "5627470193961862490": {
      "message": "Здесь будут заметки с напоминаниями."
   },
   "5631086126416409232": {
      "message": "Синий"
   },
   "564165666160590723": {
      "message": "Проигрыватель Windows Media"
   },
   "5660422479531064559": {
      "message": "Форм нет."
   },
   "5675154446465700699": {
      "message": "PDF-файлы"
   },
   "568072913338360182": {
      "message": "HTML"
   },
   "5707549724380589079": {
      "message": "Удалить все, что отмечено?"
   },
   "5714240424645614611": {
      "message": "Android Package"
   },
   "5728640851616538925": {
      "message": "Зеленый"
   },
   "5744491383087191878": {
      "message": "Указанный URL изображения недействителен или недоступен для загрузки."
   },
   "5747728324987383020": {
      "message": "Лицо"
   },
   "5783875011049188612": {
      "message": "Текст распознан"
   },
   "5785010887521443923": {
      "message": "Удалить"
   },
   "5834678297024555032": {
      "message": "Разрешить"
   },
   "5840330517914556080": {
      "message": "Уменьшить"
   },
   "5842536098490298653": {
      "message": "Шрифты не найдены."
   },
   "5865680764501413616": {
      "message": "Не удалось распознать текст"
   },
   "5871966496153339793": {
      "message": "Показан значок видео \"$1​\""
   },
   "5875004331736681428": {
      "message": "Извлечение в почтовый аккаунт…"
   },
   "587666071025645113": {
      "message": "Поиск"
   },
   "5877526626743756786": {
      "message": "Оставить отзыв"
   },
   "5889725440363483648": {
      "message": "Все в группе"
   },
   "5911012384539794869": {
      "message": "Не удалось начать извлечение"
   },
   "5916010927050975496": {
      "message": "$1​ КБ"
   },
   "5949528478488617689": {
      "message": "Разрешение на скачивание"
   },
   "5950887255133612666": {
      "message": "Воспроизведение не начато"
   },
   "5969696744752069015": {
      "message": "Предварительный просмотр недоступен."
   },
   "5971400924847413790": {
      "message": "Кроме того, документ можно просмотреть в $2​формате HTML$1​ (сработает автоматическое перенаправление)."
   },
   "5972111804366033138": {
      "message": "Скачать"
   },
   "5975031149676029214": {
      "message": "Все"
   },
   "5976369213680241300": {
      "message": "Искать картинки"
   },
   "5980081664136280513": {
      "message": "Зеленые"
   },
   "5984398071085567332": {
      "message": "Google Fusion Tables"
   },
   "6009962986062136164": {
      "message": "\"$1​\" загружается."
   },
   "60305871484579258": {
      "message": "Alt"
   },
   "6043068172993241858": {
      "message": "В этом круге никого нет."
   },
   "604883455412617728": {
      "message": "Контакты не найдены."
   },
   "6051386830221821025": {
      "message": "Вход..."
   },
   "6064654062949366878": {
      "message": "Воспроизвести"
   },
   "6070475007374165567": {
      "message": "Сохранение..."
   },
   "6083586461434260179": {
      "message": "Новый интерфейс"
   },
   "6087078248621415351": {
      "message": "Последнее изменение: $1​"
   },
   "6091926883608250483": {
      "message": "Ещё"
   },
   "6105571474005679446": {
      "message": "Не удалось загрузить файл."
   },
   "6113237889871930608": {
      "message": "Пустая заметка"
   },
   "6118623991445349480": {
      "message": "Страница $1​"
   },
   "6122643025527543706": {
      "message": "Ctrl"
   },
   "6131822680770571276": {
      "message": "PowerPoint"
   },
   "6140634664402328750": {
      "message": "Список приложений."
   },
   "6149175749937815029": {
      "message": "Показать все"
   },
   "6160805346274626656": {
      "message": "Удалить навсегда"
   },
   "616807262818311711": {
      "message": "Тип"
   },
   "6175043905327075444": {
      "message": "Ранее выбранное"
   },
   "6177107655089301674": {
      "message": "Скачайте приложение Google Keep для Android"
   },
   "6185886893933834031": {
      "message": "Сохранить выбранную версию"
   },
   "6186290899408627510": {
      "message": "Ввод"
   },
   "6189891414154673003": {
      "message": "Мои карты"
   },
   "6203260615455347677": {
      "message": "Numbers"
   },
   "6223207695466118454": {
      "message": "YouTube"
   },
   "6224687211096863620": {
      "message": "Все в Интернете"
   },
   "623118860067088424": {
      "message": "Видео"
   },
   "6231401379881217113": {
      "message": "Insert"
   },
   "6252259197986158120": {
      "message": "Вчера"
   },
   "6253076263700695984": {
      "message": "Ошибка аутентификации. Перезагрузите страницу."
   },
   "6255475144867830247": {
      "message": "Выбрать из других вкладок"
   },
   "6267063643272327592": {
      "message": "Повторите попытку позже."
   },
   "6290270819062517523": {
      "message": "Слишком много файлов. Отмените выбор некоторых из них."
   },
   "6305748545202493254": {
      "message": "Показать/скрыть панель сведений"
   },
   "6324768448533022780": {
      "message": "$1​ $2​"
   },
   "6331677437567501421": {
      "message": "Не удалось изменить права на скачивание"
   },
   "6333496730738019575": {
      "message": "Загрузка..."
   },
   "634900089121611600": {
      "message": "Видео нет."
   },
   "6362170008350775214": {
      "message": "Напомнить здесь: $1​"
   },
   "6375395544374251820": {
      "message": "Не удалось загрузить другие страницы. Повторная попытка..."
   },
   "6376739025584042564": {
      "message": "Кадрирование"
   },
   "6386587519843563719": {
      "message": "Исполняемый файл"
   },
   "6416495701611778255": {
      "message": "Рекомендуемые сторонние приложения"
   },
   "6419411265907669340": {
      "message": "Сегодня"
   },
   "6436479735235889890": {
      "message": "Напомнить $1​ в $2​"
   },
   "6450508807204492448": {
      "message": "Значок $1​"
   },
   "6457802200418354862": {
      "message": "Читателям разрешено скачивать файл"
   },
   "6459405233858728718": {
      "message": "Google Презентация"
   },
   "6464761738227651511": {
      "message": "$1​ мин. назад"
   },
   "6466736813846482957": {
      "message": "Назад"
   },
   "6479216014938929613": {
      "message": "$1​ (ночью)"
   },
   "6482358947077977110": {
      "message": "Изображения из Google Поиска"
   },
   "6487403767449360463": {
      "message": "Перезапустить Google Keep?"
   },
   "6488225756782357866": {
      "message": "Выделенное изображение найдено службой \"Google Картинки\" на этой странице:"
   },
   "6510131849363684615": {
      "message": "Завтра"
   },
   "6516256764288947999": {
      "message": "Люди на фото"
   },
   "6522917155620379865": {
      "message": "Скачать"
   },
   "6524849072392100692": {
      "message": "Папка Google Диска"
   },
   "6551588617715293696": {
      "message": "Сортировать"
   },
   "6570921376519753466": {
      "message": "Для заголовков"
   },
   "6571686604846453345": {
      "message": "Не удалось добавить файл на Диск"
   },
   "6582286158693833652": {
      "message": "Подробнее…"
   },
   "6588176324871799870": {
      "message": "Скрипт приложений Google Apps"
   },
   "6602430002978098812": {
      "message": "Рукописные"
   },
   "6614046405230762587": {
      "message": "У вас ещё нет контактов."
   },
   "6622304228074863427": {
      "message": "Приложение"
   },
   "6624754161346656119": {
      "message": "$1​ – аватар."
   },
   "6644861766016503644": {
      "message": "Требуется пароль"
   },
   "6650600936729710500": {
      "message": "Ответы."
   },
   "666311703374681171": {
      "message": "Изображения и видео"
   },
   "6666820082708870349": {
      "message": "Удалить"
   },
   "6707173584987026005": {
      "message": "Сегодня"
   },
   "6709984792949009238": {
      "message": "Последний раз открыто мной"
   },
   "6726462693927865256": {
      "message": "Свойства"
   },
   "6726879257388338969": {
      "message": "Печать"
   },
   "6726925393892510846": {
      "message": "Произошла ошибка. Повторите попытку."
   },
   "6741759391888465238": {
      "message": "Сохранение на Диске"
   },
   "6744457949320515234": {
      "message": "Пустая заметка удалена"
   },
   "6757218172402086688": {
      "message": "Искать"
   },
   "6780628488957834429": {
      "message": "Оранжевый"
   },
   "6784073265197389491": {
      "message": "Подробнее…"
   },
   "681598652078493281": {
      "message": "Подробнее"
   },
   "6818286476757207074": {
      "message": "Выбирайте только те изображения, разрешение на использование которых у вас есть."
   },
   "682070933835616121": {
      "message": "Сводных таблиц нет."
   },
   "6822338149422461362": {
      "message": "Google Диск"
   },
   "6827821461670731013": {
      "message": "В виде списка"
   },
   "6828581947433060251": {
      "message": "Не удалось переименовать файл"
   },
   "6833760103261954639": {
      "message": "Не удалось загрузить страницу. Повторная попытка..."
   },
   "6841020391100928352": {
      "message": "Слишком большой файл."
   },
   "6851307437837490686": {
      "message": "Запретить читателям скачивать файл"
   },
   "6856672816797218730": {
      "message": "Прикрепить к сообщению"
   },
   "6891563484025164308": {
      "message": "Назад"
   },
   "6893687445500687349": {
      "message": "Сайты"
   },
   "6898823203505321799": {
      "message": "Свойства"
   },
   "6904351530369058983": {
      "message": "Владелец"
   },
   "6905021988981026920": {
      "message": "Видео"
   },
   "6922953828399110511": {
      "message": "Закрыть окно просмотра"
   },
   "6929958461954697067": {
      "message": "Фотографии, на которых вы отмечены"
   },
   "6939782595426687411": {
      "message": "Подождите..."
   },
   "6940998537415516791": {
      "message": "в"
   },
   "695253297035211081": {
      "message": "Очистить"
   },
   "6967244066810487978": {
      "message": "КОРЗИНА"
   },
   "6970167488058122005": {
      "message": "автор неизвестен"
   },
   "6976414863987386971": {
      "message": "Формы"
   },
   "7001938470263404128": {
      "message": "Загрузить"
   },
   "7002768663714031226": {
      "message": "Обновить"
   },
   "7004919150329996187": {
      "message": "В этом круге не найдено никого по вашему запросу."
   },
   "7054631817922169541": {
      "message": "Обнаружены несохраненные изменения. Отменить их и покинуть страницу?"
   },
   "7059437903473652416": {
      "message": "Воспроизвести видео \"$1​\" с YouTube"
   },
   "7080196430479494775": {
      "message": "Повторить"
   },
   "7084324152376766809": {
      "message": "$1​ д. назад"
   },
   "7084991134824194740": {
      "message": "Сохранить напоминание"
   },
   "7092062731478679314": {
      "message": "Круги не найдены."
   },
   "7117183622067702162": {
      "message": "Пересылка файлов по электронной почте осталась в прошлом! Сохраните документ на Google Диске и поделитесь ссылкой с адресатами. Вносите столько исправлений, сколько потребуется: последняя версия документа всегда будет доступна по одной и той же ссылке."
   },
   "713754035716193665": {
      "message": "Создать список"
   },
   "7146242673022399081": {
      "message": "Текст"
   },
   "7148992630785407972": {
      "message": "Предпросмотр недоступен, поскольку файл защищен паролем."
   },
   "7151987668860086450": {
      "message": "Веб-поиск"
   },
   "7153847618034547771": {
      "message": "Включить"
   },
   "7161134329606048317": {
      "message": "Закрыть"
   },
   "7164532930742017984": {
      "message": "Все, у кого есть ссылка"
   },
   "7174189954350964804": {
      "message": "Повторить"
   },
   "7177591028189992523": {
      "message": "Переместить"
   },
   "7188754206068648188": {
      "message": "CSV"
   },
   "7225837680381806920": {
      "message": "$1​ (вечером)"
   },
   "722702934847795304": {
      "message": "Microsoft Project"
   },
   "7236199858216720905": {
      "message": "Карты"
   },
   "7247530225058410142": {
      "message": "$1​, $2​"
   },
   "7259352906118493156": {
      "message": "Сайтов нет."
   },
   "7282548567245878869": {
      "message": "Пункт списка удален"
   },
   "7295712436136900176": {
      "message": "Перезагрузить"
   },
   "7310311230493556740": {
      "message": "URL"
   },
   "7339696241980105410": {
      "message": "Видео не найдено. Возможно, владелец удалил его."
   },
   "7342923890755029722": {
      "message": "Закрыть"
   },
   "734478884582426793": {
      "message": "Архив"
   },
   "7357017164339332230": {
      "message": "Смотреть изображения и делиться ими можно также в $2​Веб-альбомах Picasa$1​ – бесплатной службе Google для хранения фотографий."
   },
   "736105042796745909": {
      "message": "{VIEWER_GENDER,select, female{Создать папку}male{Создать папку}other{Создать папку}}"
   },
   "7362061801920948830": {
      "message": "Загрузить ещё"
   },
   "7364571366369083618": {
      "message": "Видео"
   },
   "7377239345926788722": {
      "message": "Действия"
   },
   "7380785991026002613": {
      "message": "Найденные изображения можно использовать."
   },
   "7382688299146249119": {
      "message": "Скачать"
   },
   "7383706174467122149": {
      "message": "Заметка удалена."
   },
   "7388342865555961406": {
      "message": "через $1​ день"
   },
   "7393771571081973549": {
      "message": "С"
   },
   "740507516967994591": {
      "message": "Открыть"
   },
   "7422452809590461532": {
      "message": "Красный"
   },
   "7426603384368095928": {
      "message": "Чтобы войти в систему и продолжить работу, перезагрузите страницу."
   },
   "7429084719905985261": {
      "message": "Objective C"
   },
   "7432956605646331928": {
      "message": "SQL"
   },
   "7440735091552109962": {
      "message": "$2​ (изменено: $1​)"
   },
   "7441891675459021164": {
      "message": "Сохранение…"
   },
   "7451573821837395189": {
      "message": "Файл добавлен на $2​Google Диск$1​"
   },
   "7468322419516352788": {
      "message": "Не удалось изменить описание"
   },
   "7488945223835574498": {
      "message": "PostScript"
   },
   "7492710087472140422": {
      "message": "Подробнее…"
   },
   "7493919863870655172": {
      "message": "С веб-камеры"
   },
   "7500786109708143683": {
      "message": "Аудиофайл удален"
   },
   "7501027876827009022": {
      "message": "Найденные изображения можно использовать в коммерческих целях."
   },
   "7521272923988336579": {
      "message": "Перезагрузите Google Keep, чтобы получить обновления."
   },
   "7532552995569296274": {
      "message": "Очистить результаты поиска"
   },
   "7546994163355383999": {
      "message": "Все заметки сохранены"
   },
   "7559208209275370228": {
      "message": "Последнее изменение (мое)"
   },
   "7565383798249439151": {
      "message": "через $1​ д."
   },
   "7565870443143407759": {
      "message": "Поиск в документе"
   },
   "7586291841734385643": {
      "message": "Открыть в новой вкладке"
   },
   "7598582624136632660": {
      "message": "Открыть панель поиска/перейти к следующему результату"
   },
   "7602870977118971161": {
      "message": "Обновить"
   },
   "7610654194202731772": {
      "message": "Удалить"
   },
   "761925792744044896": {
      "message": "Установить как фото профиля"
   },
   "7630723924002267143": {
      "message": "Быстрые клавиши включены."
   },
   "7640546114686970497": {
      "message": "Невозможно добавить новые пункты"
   },
   "7669846901402551021": {
      "message": "Сегодня"
   },
   "7691521283331762131": {
      "message": "Здесь будут храниться архивированные заметки."
   },
   "772000107335590599": {
      "message": "через $1​ мин."
   },
   "7734578122414851725": {
      "message": "PHP"
   },
   "7745005220197261896": {
      "message": "Книги"
   },
   "7759846028901235026": {
      "message": "Заметка возвращена из архива."
   },
   "776065748745885880": {
      "message": "Пробел"
   },
   "7770982082843341533": {
      "message": "Эта папка пуста."
   },
   "779472474101127362": {
      "message": "Снимок"
   },
   "7800318069267901681": {
      "message": "Последнее изменение"
   },
   "7805487598105530487": {
      "message": "Внутри сообщения"
   },
   "7814778057875152792": {
      "message": "Не удалось переместить прикрепленный файл в выбранную папку на Google Диске"
   },
   "7820417126206702946": {
      "message": "Найденные изображения можно использовать в личных или коммерческих целях только на Google Диске. Запрещается продавать их или распространять вне этого сервиса."
   },
   "7822364282298323175": {
      "message": "Список удален."
   },
   "7830513726270865588": {
      "message": "Календарь"
   },
   "7845751753397906805": {
      "message": "Конфликт версий"
   },
   "7852396628465259068": {
      "message": "Фото профиля"
   },
   "7859526172011446452": {
      "message": "Остановить трансляцию"
   },
   "78870906674150830": {
      "message": "$3​$1​$2​"
   },
   "7895643887742936844": {
      "message": "точка с запятой"
   },
   "7899833760457194273": {
      "message": "Изображения"
   },
   "7899913952063063825": {
      "message": "Изображение удалено."
   },
   "7906726367011430855": {
      "message": "Подключить"
   },
   "7910518224461588465": {
      "message": "Желтые"
   },
   "7953603850004320936": {
      "message": "Предварительный просмотр недоступен."
   },
   "7957306528733096600": {
      "message": "Готово."
   },
   "7960528690514646841": {
      "message": "{moreCount,plural, =0{unused plural form}=1{и ещё 1 человеку}one{и ещё {moreCount} человеку}few{и ещё {moreCount} людям}many{и ещё {moreCount} людям}other{и ещё {moreCount} человека}}"
   },
   "7973635145070803181": {
      "message": "Загрузка фотографий"
   },
   "7987180255015869513": {
      "message": "Или вставьте ссылку сюда:"
   },
   "8011497727123874703": {
      "message": "Папка $1​."
   },
   "8016231262233952856": {
      "message": "Бирюзовые"
   },
   "8019402848412685977": {
      "message": "Объект \"$2​\" переименован в \"$1​\""
   },
   "8023466614826324314": {
      "message": "Фотографии будут видны многим людям."
   },
   "8043514121228710092": {
      "message": "Добавить картинку"
   },
   "8044700199531805239": {
      "message": "Приложение $3​$1​$2​ подключено"
   },
   "8069384932934428393": {
      "message": "через $1​ мин."
   },
   "8081927474846706026": {
      "message": "Рисунков нет."
   },
   "8090743714060857028": {
      "message": "Читателям запрещено скачивать файл"
   },
   "8095838445486198080": {
      "message": "{FILE_SIZE,plural, =0{0 байт}=1{1 байт}one{# байт}few{# байта}many{# байт}other{# bytes}}"
   },
   "8099047958506869131": {
      "message": "{VIEWER_GENDER,select, female{Создать папку}male{Создать папку}other{Создать папку}}"
   },
   "8100558294600077150": {
      "message": "Блоги"
   },
   "8105635255693472607": {
      "message": "Добавлять элементы в список"
   },
   "8106780183458743723": {
      "message": "Из альбомов"
   },
   "8112699352770418817": {
      "message": "Книги не найдены."
   },
   "8132410616064087953": {
      "message": "Слишком длинное видео (максимальная допустимая длина: $1​ сек.)."
   },
   "8135145577663029437": {
      "message": "Сохранить обе версии"
   },
   "8146560259680897627": {
      "message": "Отмена"
   },
   "8158191101452862916": {
      "message": "Вставить изображение"
   },
   "8159493406018222636": {
      "message": "Оставить отзыв"
   },
   "8172945196588870035": {
      "message": "Мероприятия"
   },
   "8174654098152723289": {
      "message": "Изменить описание"
   },
   "8178754379486173416": {
      "message": "{VIEWER_GENDER,select, female{Недостаточно элементов. Выберите ещё.}male{Недостаточно элементов. Выберите ещё.}other{Недостаточно элементов. Выберите ещё.}}"
   },
   "8192378456655629049": {
      "message": "Обработка видео…"
   },
   "8193991135666622583": {
      "message": "Keep"
   },
   "821942580510564685": {
      "message": "Введите пароль, чтобы открыть документ"
   },
   "8239237134193392595": {
      "message": "Напоминания, привязанные к местоположению, работают только на мобильных устройствах."
   },
   "8267458240960831780": {
      "message": "Аутентификация..."
   },
   "8281141013543828574": {
      "message": "RAW"
   },
   "8281678863271800533": {
      "message": "Фильтр изображений"
   },
   "8283103456188558313": {
      "message": "Презентации"
   },
   "8290434443655418968": {
      "message": "{filesCount,plural, =0{unused plural form}=1{Формат выбранного файла ({file}) не поддерживается}one{Формат выбранных файлов ({files}) не поддерживается.}few{Формат выбранных файлов ({files}) не поддерживается.}many{Формат выбранных файлов ({files}) не поддерживается.}other{Selected files [{files}] are not supported for upload.}}"
   },
   "8304474373444239435": {
      "message": "Ответ пользователя $1​."
   },
   "8322416564157128458": {
      "message": "Настройки доступа"
   },
   "8324195080917648153": {
      "message": "Чтобы посмотреть видео, увеличьте размер окна."
   },
   "8337582740675387693": {
      "message": "Java"
   },
   "8342684858400436871": {
      "message": "Tab"
   },
   "8379952094517631162": {
      "message": "Нет"
   },
   "8409393124758970712": {
      "message": "$2​ x $1​"
   },
   "8412684147928483084": {
      "message": "Черные"
   },
   "8435544675017330861": {
      "message": "Ничего не найдено."
   },
   "8436817383042650304": {
      "message": "Caps lock"
   },
   "8451184312655705174": {
      "message": "Если URL указан правильно, здесь появится миниатюра изображения. Файл большого размера может загружаться несколько минут."
   },
   "8467894483369467251": {
      "message": "Flash"
   },
   "8506198918368329269": {
      "message": "Найденные изображения можно изменять и использовать в коммерческих целях."
   },
   "8571315158566081191": {
      "message": "Таблиц нет."
   },
   "8580600056399054303": {
      "message": "Выберите, куда будут перемещаться новые или отмеченные пункты списка."
   },
   "8595175575778060149": {
      "message": "Ещё"
   },
   "8596257056433048992": {
      "message": "Добро пожаловать в"
   },
   "8616342546716995946": {
      "message": "ОК"
   },
   "8621067185485606452": {
      "message": "ECMAScript"
   },
   "8638281560898810401": {
      "message": "{MINUTES,plural, =0{0 минут }=1{1 минута }one{# минута }few{# минуты }many{# минут }other{# minutes }}{SECONDS,plural, =0{0 секунд}=1{1 секунда}one{# секунда}few{# секунды}many{# секунд}other{# seconds.}}"
   },
   "863955692838281739": {
      "message": "Закрыть"
   },
   "8643398764569428530": {
      "message": "Показывать уведомления Google Keep?"
   },
   "8652566647088230560": {
      "message": "Тестовая версия. Конфиденциально."
   },
   "8660016472468563221": {
      "message": "двоеточие"
   },
   "8663507590720636709": {
      "message": "$1​ и ещё $2​"
   },
   "8666643061920113075": {
      "message": "{VIEWER_GENDER,select, female{Вставьте ссылку на изображение:}male{Вставьте ссылку на изображение:}other{Вставьте ссылку на изображение:}}"
   },
   "8674222789100049233": {
      "message": "Закрыть"
   },
   "86815590954366945": {
      "message": "Список файлов в архиве."
   },
   "8709611758728645225": {
      "message": "Pg down"
   },
   "8711002053494037632": {
      "message": "Готово"
   },
   "8748281640412284111": {
      "message": "Изображения из фотобанка"
   },
   "8759520888087120926": {
      "message": "Скриптов нет."
   },
   "8775097441636640256": {
      "message": "$2​: $1​"
   },
   "8780212274435014958": {
      "message": "Круги"
   },
   "8781837301864053001": {
      "message": "RTF"
   },
   "8792038552136453044": {
      "message": "Произошла ошибка"
   },
   "8793166064242077041": {
      "message": "Не удалось загрузить изображение."
   },
   "8813101408630252335": {
      "message": "$1​ сек."
   },
   "8820281478062782578": {
      "message": "Поиск"
   },
   "8822326207328431952": {
      "message": "Загрузка изображений недоступна"
   },
   "8840223453482998505": {
      "message": "Выбранная папка: $1​"
   },
   "8845176264121061589": {
      "message": "Снять все флажки"
   },
   "8850238112725591771": {
      "message": "быстрые клавиши \"$1​\""
   },
   "8852550049823214385": {
      "message": "затем"
   },
   "8883744193208363722": {
      "message": "Доступно обновление приложения."
   },
   "8884900765322249670": {
      "message": "Список"
   },
   "8889019648958415451": {
      "message": "Другой формат"
   },
   "8911996820409711834": {
      "message": "Переместить текст в новый пункт списка &raquo;"
   },
   "8916237870980173557": {
      "message": "Подключение..."
   },
   "8917554093651202032": {
      "message": "Воспроизвести видео \"$1​\""
   },
   "8919660666733306860": {
      "message": "Изображение"
   },
   "8930959387403789939": {
      "message": "Напоминание"
   },
   "8943760679396635042": {
      "message": "Открыт файл \"$1​\"."
   },
   "8953555255469284376": {
      "message": "Перетащите сюда изображения"
   },
   "8979615310931291676": {
      "message": "Изменено: $1​"
   },
   "8986044948621891903": {
      "message": "Введите запрос в поле выше, и веб-поиск Google Поиск найдет в Интернете то, что вам нужно."
   },
   "901615442107785480": {
      "message": "Архивировать заметку/список"
   },
   "9024023699330078373": {
      "message": "Если открыть этот файл, он будет сохранен на вашем Диске"
   },
   "9028041601596584772": {
      "message": "Место"
   },
   "9058308423774656474": {
      "message": "Hangul Word Processor"
   },
   "9083935734710258396": {
      "message": "Запретить"
   },
   "9094248058931620597": {
      "message": "Панель с подробностями скрыта."
   },
   "9114674068220302553": {
      "message": "Прикрепить"
   },
   "911586799466052745": {
      "message": "Рисунок OpenOffice"
   },
   "9130962320402467249": {
      "message": "Снимки из фотобанков"
   },
   "9146716987301178362": {
      "message": "Произошла ошибка. Перезагрузите страницу."
   },
   "9165877886714239857": {
      "message": "Не удалось распознать текст. Повторите попытку позже."
   },
   "916773043895242978": {
      "message": "Указанный URL недействителен или недоступен для загрузки. Введите правильный URL."
   },
   "9173629944963872598": {
      "message": "Мероприятий нет."
   },
   "9182500445937900938": {
      "message": "Закрыть"
   },
   "9195941533351099011": {
      "message": "Загружаются файлы: $1​ из $2​"
   },
   "9197837492705576727": {
      "message": "Перейти к следующей записи"
   },
   "919969969251998566": {
      "message": "Извлечь этот архив в почтовый аккаунт"
   },
   "9203542510134660095": {
      "message": "Извлечение началось. Содержимое архива появится на Диске в папке \"$1​\"."
   },
   "940276535015195877": {
      "message": "Папок нет."
   },
   "943493480163896757": {
      "message": "{resultCount,plural, =1{Найдена # заметка}one{Найдена # заметка}few{Найдено # заметки}many{Найдено # заметок}other{# matching notes}}"
   },
   "951963820437151566": {
      "message": "Google Сайты"
   },
   "95809842507987016": {
      "message": "Удалить"
   },
   "963611681085757795": {
      "message": "Не удается открыть документ"
   },
   "96556988207614774": {
      "message": "Календари"
   },
   "974042541427403929": {
      "message": "Синие"
   },
   "980395722421409371": {
      "message": "Карты не найдены."
   },
   "982187142411651629": {
      "message": "Закрыть"
   },
   "985197728509875956": {
      "message": "Химическая модель"
   },
   "996381410993745580": {
      "message": "Photoshop"
   },
   "998727788921602971": {
      "message": "Видео"
   },
   "appDesc": {
      "description": "App description",
      "message": "Google Keep вовремя напомнит о предстоящих делах и поможет сохранить все ваши идеи."
   },
   "appName": {
      "description": "App name.",
      "message": "Google Keep – заметки и списки"
   }
}
