{
   "1006787209796778126": {
      "message": "Мој диск"
   },
   "1017907757187630742": {
      "message": "Моји фонтови"
   },
   "1029072043275376320": {
      "message": "Није пронађен ниједан календар."
   },
   "1030781695901615026": {
      "message": "Дно"
   },
   "103870949919613488": {
      "message": "Белешка је архивирана"
   },
   "1039394921418415681": {
      "message": "Пријавите се"
   },
   "1083918249169198626": {
      "message": "Тастерске пречице су онемогућене."
   },
   "1090919586152138659": {
      "message": "Сток"
   },
   "1101371910696766077": {
      "message": "Направи копију"
   },
   "1107413433574576014": {
      "message": "Наслов је превелик. Истакнути текст неће бити сачуван."
   },
   "1127320433256851404": {
      "message": "Видео плејер"
   },
   "1162642135048988280": {
      "message": "Преименовање документа"
   },
   "1166244120191806795": {
      "message": "Пошаљи повратне информације"
   },
   "1179891706526242218": {
      "message": "Следеће"
   },
   "1185164838496022543": {
      "message": "Кликните овде да бисте поново учитали страницу."
   },
   "1185644932132585290": {
      "message": "Преосталих знакова: $1​"
   },
   "1213005208968286932": {
      "message": "Означено је као решено"
   },
   "1263557413037343589": {
      "message": "Организујте слике"
   },
   "1263685395252160366": {
      "message": "LaTeX"
   },
   "1311350045083871503": {
      "message": "Откажи"
   },
   "1311729747516144362": {
      "message": "Црвена"
   },
   "1315844696796851207": {
      "message": "Sans Serif"
   },
   "1319037146426591038": {
      "message": "или"
   },
   "132822872080714863": {
      "message": "Потврди"
   },
   "133192954417440569": {
      "message": "Није пронађен ниједан резултат."
   },
   "1349697396109290623": {
      "message": "Приказује се $1​ у већој резолуцији"
   },
   "1376126796144976437": {
      "message": "Сви фонтови"
   },
   "139942704574044780": {
      "message": "Прихватам"
   },
   "141491180325662484": {
      "message": "Google диск је једно место за чување свих датотека како бисте могли да им приступате са сваког места и уређаја. Када будете имали слике на Google диску, моћи ћете одмах да их делите са круговима овде."
   },
   "1418114637490664392": {
      "message": "LIFE архива слика"
   },
   "1419896259743862406": {
      "message": "Отвори помоћу"
   },
   "1440171352837969028": {
      "message": "Видео/звук"
   },
   "1441487391064925653": {
      "message": "Прикажи све пречице у центру за помоћ"
   },
   "1446829548948002072": {
      "message": "зарез"
   },
   "1454684154234137497": {
      "message": "pause"
   },
   "1459765068821943106": {
      "message": "{VIEWER_GENDER,select, female{Овде налепите URL YouTube видео снимка:}male{Овде налепите URL YouTube видео снимка:}other{Овде налепите URL YouTube видео снимка:}}"
   },
   "1463079206290378085": {
      "message": "Orkut слике"
   },
   "1463389029497634261": {
      "message": "Смањи јачину звука"
   },
   "1475179211173444554": {
      "message": "Сви на домену са линком"
   },
   "1492360016907725281": {
      "message": "{VIEWER_GENDER,select, female{Овде налепите URL видео снимка:}male{Овде налепите URL видео снимка:}other{Овде налепите URL видео снимка:}}"
   },
   "1493251742569121894": {
      "message": "Белешка је превелика. Истакнути текст неће бити сачуван."
   },
   "1493384967280942491": {
      "message": "Розе"
   },
   "1499433769420882987": {
      "message": "Приказује се $1​"
   },
   "1505876360160857231": {
      "message": "$1​ TB"
   },
   "1521707405717823409": {
      "message": "Љубичаста"
   },
   "153439508598626384": {
      "message": "Ваше слике"
   },
   "1536051766421561160": {
      "message": "једнако"
   },
   "156992719062713230": {
      "message": "Сива"
   },
   "1586968957182554447": {
      "message": "Онемогући"
   },
   "1588268697057804046": {
      "message": "пре $1​ сата(и)"
   },
   "1603139897109307706": {
      "message": "Грешка, покушајте поново"
   },
   "1604359562654146902": {
      "message": "Слика"
   },
   "1633370388224271051": {
      "message": "Није пронађена ниједна особа."
   },
   "1633798963327779260": {
      "message": "Сутра"
   },
   "1654222450095043962": {
      "message": "Звук"
   },
   "1656911987308166143": {
      "message": "Избришите"
   },
   "1665821947855814052": {
      "message": "Величина"
   },
   "1692901784886701962": {
      "message": "Белешка је превелика."
   },
   "1697160643589236962": {
      "message": "$1​ PB"
   },
   "1700522311470719738": {
      "message": "Подсети ме"
   },
   "1701312243672511585": {
      "message": "Премести текст у нову белешку &raquo;"
   },
   "1709410429018687341": {
      "message": "Јутро ($1​)"
   },
   "1715552550526864429": {
      "message": "Претражи блогове"
   },
   "171683163267149669": {
      "message": "$1​ GB"
   },
   "1739900012825270238": {
      "message": "Иди на претходну ставку"
   },
   "1756171223417807431": {
      "message": "Уверите се да је слика јавна. Ако је слика заштићена лозинком или се налази на интерној мрежи, нећемо моћи да је прочитамо."
   },
   "1759957963056319953": {
      "message": "Назад са $1​"
   },
   "1783719421893050637": {
      "message": "Димензије"
   },
   "178927681797742562": {
      "message": "Пријави ме"
   },
   "1791115075948268631": {
      "message": "Отворите помоћ за тастерске пречице"
   },
   "1808245543551507519": {
      "message": "Аудио"
   },
   "1816851800848432562": {
      "message": "Уклони"
   },
   "1818306025747564729": {
      "message": "Иди на линк"
   },
   "1823222042913714987": {
      "message": "Пошаљите лозинку"
   },
   "1823854753950594157": {
      "message": "Не мењај место"
   },
   "1830157062072535681": {
      "message": "Приказује се $1​"
   },
   "185012928288875755": {
      "message": "Ниједна ставка не одговара критеријумима."
   },
   "1856444915090632305": {
      "message": "Документ је шифрован. Унесите лозинку."
   },
   "1866863108233180413": {
      "message": "Директоријуми"
   },
   "187077078156858455": {
      "message": "Аудио белешка"
   },
   "189303170370862360": {
      "message": "$1​. ставка од $2​"
   },
   "1900571668686750716": {
      "message": "vCard"
   },
   "1901351411358749070": {
      "message": "Дељено са мном"
   },
   "1913425963149828429": {
      "message": "Издвојите ову архиву у Диск."
   },
   "1918176455405610789": {
      "message": "Готово"
   },
   "1920189655549476211": {
      "message": "непозната дужина"
   },
   "1929603188252533075": {
      "message": "Није могуће избрисати видео. Покушајте поново."
   },
   "1951810091681076784": {
      "message": "{COUNT_1,plural, =1{1 белешка која се подудара}one{{COUNT_2} белешка која се подудара}few{{COUNT_2} белешке које се подударају}other{{COUNT_2} бележака које се подударају}}"
   },
   "1956794332842050061": {
      "message": "Следећа страница"
   },
   "1965626377712226216": {
      "message": "Keynote"
   },
   "1968405748623909021": {
      "message": "Покушајте да отворите или измените ову ставку помоћу неке од апликација у наставку"
   },
   "1974063091619095703": {
      "message": "Људи"
   },
   "1988244842147989817": {
      "message": "Белешке у отпаду се бришу после 7 дана."
   },
   "1993674829873313178": {
      "message": "Имате проблема са отпремањем? Тренутно је у току одржавање, али би ствари ускоро требало поново да функционишу нормално."
   },
   "2003845117979929469": {
      "message": "Детаљи"
   },
   "2048322072989992494": {
      "message": "Нико још увек не дели датотеке са вама!"
   },
   "2055836117545582610": {
      "message": "Подешавања листе"
   },
   "2059084517358086391": {
      "message": "Затворите траку за тражење"
   },
   "2061440050632248160": {
      "message": "Архивирајте"
   },
   "2068023589621557589": {
      "message": "TrueType фонт"
   },
   "2073035325657060696": {
      "message": "Преглед није доступан."
   },
   "2073322475696388995": {
      "message": "Прескочи унапред"
   },
   "207810168108507460": {
      "message": "пре $1​ сат"
   },
   "2109272338124379867": {
      "message": "Последња измена"
   },
   "2116013171202209313": {
      "message": "Изабери"
   },
   "2122256657192674586": {
      "message": "Претражи видео снимке"
   },
   "2125135092719715773": {
      "message": "Отпремање"
   },
   "212796670323571824": {
      "message": "Потврди"
   },
   "213665695896111861": {
      "message": "Напомене"
   },
   "2138593281154109183": {
      "message": "Архива"
   },
   "2147952938331523160": {
      "message": "Преименујте..."
   },
   "2154372123324862271": {
      "message": "коса црта"
   },
   "2154940358270068005": {
      "message": "Задржите избрисане белешке нешто дуже"
   },
   "2184278444368405837": {
      "message": "$1​ ставкe(и)"
   },
   "2187239650627580457": {
      "message": "Пошаљи"
   },
   "2198096971937872560": {
      "message": "Подсетник:"
   },
   "220168959069469607": {
      "message": "Још радњи"
   },
   "221715292685577880": {
      "message": "Да"
   },
   "2220005860896049129": {
      "message": "Жао нам је, проналажење документа у оригиналном извору је трајало предуго."
   },
   "2228413078211839077": {
      "message": "Жао нам је, имамо привремени проблем са генерисањем приказа документа."
   },
   "2235097878790803849": {
      "message": "Збогом, прилози. Здраво, Google диску."
   },
   "2257303402199718039": {
      "message": "Жао нам је, нисмо могли да пронађемо документ у оригиналном извору. Проверите да ли документ још увек постоји."
   },
   "2274436793504233543": {
      "message": "Откажи"
   },
   "2278224983638451454": {
      "message": "Набавите одмах"
   },
   "2280650195464600721": {
      "message": "Навигација"
   },
   "2285069188138705005": {
      "message": "Повезане апликације"
   },
   "2289534534793293486": {
      "message": "Опозовите архивирање"
   },
   "2289812403593835836": {
      "message": "Pages"
   },
   "229177484946387188": {
      "message": "Google Earth"
   },
   "2292696732672795285": {
      "message": "Повећај јачину звука"
   },
   "230180475614658119": {
      "message": "Готово"
   },
   "2304293593067358316": {
      "message": "Клипарт"
   },
   "2310145944356900158": {
      "message": "Означене"
   },
   "2311880726221661199": {
      "message": "Учитавање већих резолуција"
   },
   "2329167963662998826": {
      "message": "Google Keep жели да користи вашу локацију да би побољшао предлоге за места у подсетницима за локацију."
   },
   "234046557601727809": {
      "message": "Нема слика ни видео снимака."
   },
   "2349912757088764940": {
      "message": "Видљиво за:"
   },
   "2359614137862708172": {
      "message": "Shift"
   },
   "2370463380397641604": {
      "message": "Популарне тастерске пречице"
   },
   "2370656573843123707": {
      "message": "десна угласта заграда"
   },
   "2393487423640708285": {
      "message": "URL није важећи. Уверите се да почиње са http:// или https://."
   },
   "2405795704816921421": {
      "message": "Датотека $1​"
   },
   "2412314804333167252": {
      "message": "Ова табела је превелика. Кликните да бисте је $3​преузели$1​ или $4​изменили у Google табелама$1​."
   },
   "2418104318933043113": {
      "message": "Google претрага слика"
   },
   "2433429041384246549": {
      "message": "Искључите звук"
   },
   "2449254824382583885": {
      "message": "Прикажи у искачућем прозору"
   },
   "2452522051596946166": {
      "message": "Упс! Дошло је до проблема при приказивању прегледа за $1​. Покушавамо поново."
   },
   "2454642351139428112": {
      "message": "Опозови"
   },
   "2466251465475184755": {
      "message": "Желите ли да испразните отпад? Све белешке у отпаду биће трајно избрисане."
   },
   "2475181823688399272": {
      "message": "Следеће"
   },
   "2484568559152875936": {
      "message": "Нема фото-албума."
   },
   "2504232652631703202": {
      "message": "Повезана је"
   },
   "251025074207413762": {
      "message": "Додајте опис"
   },
   "2510929871271209216": {
      "message": "Ова табела је превелика. Кликните $2​овде$1​ да бисте је преузели."
   },
   "2513437337377210144": {
      "message": "end"
   },
   "2524021436052870191": {
      "message": "Није могуће отпремити ову датотеку. Можете да отпремате само $1​ датотеке мање од $2​ MB."
   },
   "2532280782491328445": {
      "message": "Пронађите претходно"
   },
   "2538080331309772448": {
      "message": "Сортирај: $1​"
   },
   "2538462904124380434": {
      "message": "Белешка је премештена у отпад"
   },
   "2546225293834487484": {
      "message": "Белешка"
   },
   "2558480112329900136": {
      "message": "Сива"
   },
   "257317112834806705": {
      "message": "Пребацујте између приказа листе и мреже"
   },
   "2579679351920691492": {
      "message": "Прескочи уназад"
   },
   "2587566920590457715": {
      "message": "Maps Engine Lite"
   },
   "2609409316752026806": {
      "message": "PDF"
   },
   "2609750184896485102": {
      "message": "Видео са телефона"
   },
   "2615188670181508661": {
      "message": "Нисте ништа бирали у последње време!"
   },
   "2623861453769098676": {
      "message": "Дошло је до проблема при приказивању прегледа овог документа."
   },
   "2628268670001557269": {
      "message": "Квота"
   },
   "2643241712502664984": {
      "message": "Ваши YouTube видео снимци"
   },
   "2661850177130037208": {
      "message": "Отвори ставку"
   },
   "2681830832355823748": {
      "message": "Претражите све пречице"
   },
   "2687303256387847763": {
      "message": "Популарност"
   },
   "2702485557996900362": {
      "message": "Исправите неусаглашене измене"
   },
   "2705842902318123127": {
      "message": "Идите на следећу/претходну белешку/листу"
   },
   "272948685355798518": {
      "message": "Изабрали сте неважећи тип датотеке."
   },
   "2731144323070245943": {
      "message": "Подешавања листе"
   },
   "2742719907061406418": {
      "message": "XML"
   },
   "2750830436677712001": {
      "message": "{VIEWER_GENDER,select, female{Директоријум {FOLDER_NAME} није направљен.}male{Директоријум {FOLDER_NAME} није направљен.}other{Директоријум {FOLDER_NAME} није направљен.}}"
   },
   "2752123004911547510": {
      "message": "У тренду"
   },
   "2758125083752925237": {
      "message": "(власник)"
   },
   "277430914014962533": {
      "message": "Упс! Дошло је до проблема при приказивању прегледа за $1​."
   },
   "2774713922589657910": {
      "message": "Сви на домену"
   },
   "2786560864906393383": {
      "message": "Слике са телефона"
   },
   "2789687492331041935": {
      "message": "Изабери време"
   },
   "2790446494460492805": {
      "message": "Задатак издвајања је започет. Поруке из архиве ће се појавити на налогу за пошту под ознаком „Увезено $1​“."
   },
   "2793841261389879255": {
      "message": "Претходна страница"
   },
   "2801153442808430222": {
      "message": "Мој диск"
   },
   "2817277146396981386": {
      "message": "по подне"
   },
   "2818020101821669029": {
      "message": "Направљено"
   },
   "2818135503416309545": {
      "message": "Снимите видео"
   },
   "2827039933590757722": {
      "message": "Windows пречица"
   },
   "2829226075651806940": {
      "message": "Увећајте"
   },
   "2860188519781080944": {
      "message": "Наранџаста"
   },
   "2861568351294148466": {
      "message": "Скрипте"
   },
   "2864281852037732729": {
      "message": "Мање"
   },
   "2873089307546162154": {
      "message": "Потврди"
   },
   "2877285560485318801": {
      "message": "Паузирајте"
   },
   "2878874627361086801": {
      "message": "преглед"
   },
   "2879276552944958066": {
      "message": "Врати се на директоријум $1​."
   },
   "289798573180023043": {
      "message": "Потврди"
   },
   "2902747751281161248": {
      "message": "Примени на нове листе"
   },
   "2905147317995482841": {
      "message": "Ажурирали смо доживљај прегледања за све датотеке на Google диску. Сада је лепши и лако се користи! Надамо се да ћете уживати у новом изгледу."
   },
   "2917498437550635075": {
      "message": "Икона"
   },
   "2964778642459027786": {
      "message": "Нема бележака у отпаду"
   },
   "2974598228601710262": {
      "message": "Додај"
   },
   "2979466412944870220": {
      "message": "Учитавање прегледа..."
   },
   "2982511431742033448": {
      "message": "Нема презентација."
   },
   "298817883481775869": {
      "message": "Учитава се..."
   },
   "3000689173481666334": {
      "message": "Измените круг"
   },
   "3029395493413607486": {
      "message": "Није могуће учитати видео плејер. Покушајте поново да учитате страницу.$1​Ако и даље буде проблема, $3​погледајте центар за помоћ$2​."
   },
   "3043961722025425136": {
      "message": "Опис"
   },
   "306516303501625305": {
      "message": "Потврда аутентичности није успела."
   },
   "3073005748126521632": {
      "message": "Подсетник се активирао у $1​"
   },
   "3074184819310272351": {
      "message": "Отпремљене слике"
   },
   "3084372889071691504": {
      "message": "{VIEWER_GENDER,select, female{Овде налепите URL:}male{Овде налепите URL:}other{Овде налепите URL:}}"
   },
   "3095645856215493958": {
      "message": "Пронађите штампани текст на сликама"
   },
   "31018542656161389": {
      "message": "Зумирајте и уклопите"
   },
   "3109321241584918345": {
      "message": "Повежи још апликација..."
   },
   "3121560585545725724": {
      "message": "$1​ $2​"
   },
   "3140236589681731084": {
      "message": "за $1​ сата(и)"
   },
   "3189854932778515441": {
      "message": "Белешка је у архиви"
   },
   "3207670492626476064": {
      "message": "Табеле"
   },
   "3211163842850942567": {
      "message": "Увећај"
   },
   "3222929029344613957": {
      "message": "Жао нам је, дошло је до грешке при отварању ове датотеке. Покушајте поново."
   },
   "3233388241926683100": {
      "message": "Претражите белешке"
   },
   "3243829462528324248": {
      "message": "Браон"
   },
   "3250489229749307913": {
      "message": "Електронска публикација"
   },
   "3256928852560591255": {
      "message": "Није могуће уносити измене у отпаду"
   },
   "3261131345401321392": {
      "message": "Може да оставља коментаре"
   },
   "3265524298292280681": {
      "message": "esc"
   },
   "3267563602179728277": {
      "message": "delete"
   },
   "3272496516667407797": {
      "message": "Дошло је до проблема при учитавању детаља."
   },
   "3275029321588462173": {
      "message": "Ниједна"
   },
   "3278237562147211998": {
      "message": "Сток фотографије"
   },
   "330603631583186798": {
      "message": "Word"
   },
   "3306487262690341751": {
      "message": "Датум и време"
   },
   "3312545971976531405": {
      "message": "Порука"
   },
   "3319087486907616296": {
      "message": "Пребаците ову ставку"
   },
   "3328129883064940351": {
      "message": "Фонтови"
   },
   "3335409796971631780": {
      "message": "Издвајање у Диск."
   },
   "3343451103608774400": {
      "message": "Представљамо $3​нове Моје мапе.$2​$1​Боље алатке за прављење мапа."
   },
   "3354260708176476985": {
      "message": "Учитавање&hellip;"
   },
   "3357778055650785985": {
      "message": "Ставка је превелика. Истакнути текст неће бити сачуван."
   },
   "3364679383274077479": {
      "message": "Доступно је ажурирање за апликацију"
   },
   "3368639944474272225": {
      "message": "Жао нам је, не можемо да преузмемо документ за приказивање или немате дозволу да погледате документ."
   },
   "3381619429606029445": {
      "message": "Visio"
   },
   "3382236845597426718": {
      "message": "Отворите"
   },
   "3408219901032480508": {
      "message": "$2​; $1​"
   },
   "3409257542937182842": {
      "message": "Поновно покушавање..."
   },
   "3409483962000136213": {
      "message": "Пусти/паузирај"
   },
   "3418767079436101103": {
      "message": "Дошло је до проблема при учитавању ове странице."
   },
   "3421685394169412932": {
      "message": "Свака промена коју направите се аутоматски чува"
   },
   "3422389100099960864": {
      "message": "Нема слика."
   },
   "3428726060007577698": {
      "message": "Листа је превелика."
   },
   "3430885603500576146": {
      "message": "Изаберите само слике за које сте потврдили да имате лиценцу да их користите."
   },
   "3440534675925634227": {
      "message": "У прозору Chrome прегледача идите на chrome://settings, уверите се да сте пријављени, па опет кликните на Пријави ме."
   },
   "3446158485617778228": {
      "message": "Опозовите"
   },
   "3448234415275521882": {
      "message": "Опште информације"
   },
   "3448684788258660606": {
      "message": "Ваше слике"
   },
   "3450585781337676327": {
      "message": "Учитава се..."
   },
   "3457279184692206825": {
      "message": "Слике ће бити видљиве свакоме (јавно на вебу)."
   },
   "3468441711253011521": {
      "message": "Google табеле"
   },
   "3473620774713000513": {
      "message": "Решено"
   },
   "3483438888494819423": {
      "message": "Ново у Google Keep-у"
   },
   "3511274344439521198": {
      "message": "Радње"
   },
   "3518073392823563581": {
      "message": "Тастерске пречице"
   },
   "3531603810713611778": {
      "message": "Премашена је максимална величина датотека. Опозовите избор једне или више њих."
   },
   "3543475399174940144": {
      "message": "и још $1​"
   },
   "3547194749488601916": {
      "message": "Ажурирање..."
   },
   "354828103903104581": {
      "message": "Изабране ставке"
   },
   "3561658662634401836": {
      "message": "Наслов"
   },
   "357172711168973843": {
      "message": "Недавно унете белешке и промене нису сачуване. Направите сопствену копију садржаја, па учитајте поново."
   },
   "3586705906700410505": {
      "message": "Цртеж"
   },
   "3587798318180902863": {
      "message": "{NUM_SELECTED,plural, =1{ ставка је изабрана »}one{ ставка је изабрана »}few{ ставке су изабране »}other{ ставки је изабрано »}}"
   },
   "3595000514985906359": {
      "message": "Excel"
   },
   "3602920441714068008": {
      "message": "Подсетник се активирао $1​ у $2​"
   },
   "3608606849109645545": {
      "message": "Унесите нови назив документа:"
   },
   "361202495024972887": {
      "message": "Отпремите видео снимке"
   },
   "361630518611593946": {
      "message": "Сакриј поља за потврду"
   },
   "3625886392901506764": {
      "message": "или"
   },
   "3643146117250542609": {
      "message": "Нема PDF датотека."
   },
   "3645728163953189422": {
      "message": "Жао нам је, не можемо да преузмемо документ за приказивање зато што је превелик."
   },
   "3651893685901703652": {
      "message": "..."
   },
   "3657386785336906042": {
      "message": "обрнута коса црта"
   },
   "3659554681396757189": {
      "message": "Oтворио/ла сам"
   },
   "3663571259791438207": {
      "message": "Пријавите злоупотребу"
   },
   "3664842788764635265": {
      "message": "Ништа"
   },
   "3666123569747918021": {
      "message": "Овај документ има несачуване промене. Желите ли да напустите страницу и одбаците промене?"
   },
   "3673346558112798837": {
      "message": "Нема позадине"
   },
   "3674811252904549204": {
      "message": "Насловне слике"
   },
   "3678477908297567934": {
      "message": "доња црта"
   },
   "3681747688524363195": {
      "message": "Врх"
   },
   "3690515530505404607": {
      "message": "Дошло је до проблема при пуштању овог видео снимка."
   },
   "369764661829607970": {
      "message": "{NUM_ITEMS,plural, =0{Нема ставки}=1{1 ставка}one{# ставка}few{# ставке}other{# ставки}}"
   },
   "3712215972250917265": {
      "message": "Коментари"
   },
   "3717138719704492547": {
      "message": "Проверите да ли у адреси постоје грешке у куцању."
   },
   "374088101949877889": {
      "message": "Затвори"
   },
   "3745308627628779133": {
      "message": "Нови директоријум"
   },
   "3748461364828242354": {
      "message": "Изаберите боју"
   },
   "3770795578481676514": {
      "message": "Жута"
   },
   "3771958676925493302": {
      "message": "Уклони филтер: $1​"
   },
   "3779945546806941187": {
      "message": "Монохроматска"
   },
   "3793086499925031123": {
      "message": "Отвори траку за претрагу/пронађи претходно"
   },
   "37992665410817181": {
      "message": "Поново отворено"
   },
   "3801617971018550169": {
      "message": "Јуче"
   },
   "3808213429720572062": {
      "message": "Врати"
   },
   "381100310424863459": {
      "message": "Illustrator"
   },
   "3842411126100113634": {
      "message": "pg-up"
   },
   "3844047145949375230": {
      "message": "Документи"
   },
   "3858324058837632381": {
      "message": "Дошло је до проблема при пуштању ове аудио датотеке."
   },
   "3864575916269080329": {
      "message": "Претраживе слике"
   },
   "3866373087987934712": {
      "message": "Отпремање није успело: $1​"
   },
   "3869166581651870488": {
      "message": "Завршите са изменама"
   },
   "3873215756962047275": {
      "message": "АРХИВА"
   },
   "3873467440437675460": {
      "message": "Жао нам је! Нисмо могли да пронађемо фонтове које сте претходно изабрали."
   },
   "3897281533382850749": {
      "message": "Укључите звук"
   },
   "3936153839186254186": {
      "message": "Прикажи: $1​"
   },
   "3955760658925284765": {
      "message": "Покушај поново"
   },
   "3974064131130689245": {
      "message": "Приказ мреже"
   },
   "3977699855735576796": {
      "message": "Дошло је до проблема при учитавању додатних страница."
   },
   "3988418762222300024": {
      "message": "тачка"
   },
   "3989552504822984034": {
      "message": "Google цртеж"
   },
   "4005725939358875643": {
      "message": "Радња је опозвана."
   },
   "4014287326684608407": {
      "message": "Плавозелена"
   },
   "4048275292053012394": {
      "message": "Контакти"
   },
   "4059387791040010947": {
      "message": "Meta"
   },
   "4067915791853673774": {
      "message": "{VIEWER_GENDER,select, female{Затвори}male{Затвори}other{Затвори}}"
   },
   "4078179869358383373": {
      "message": "Није пронађен ниједан резултат."
   },
   "4087667435414545203": {
      "message": "Нисте више пријављени. Да бисте уносили измене, учитајте поново."
   },
   "4093134637041332383": {
      "message": "САЗНАЈТЕ ВИШЕ"
   },
   "4097007735221462946": {
      "message": "Цртежи"
   },
   "4097921967754832323": {
      "message": "цртица"
   },
   "4100504115801514799": {
      "message": "Белешка је враћена"
   },
   "4119294114251628099": {
      "message": "Није могуће преузети URL слике који сте навели. Можда је у питању приватан URL коме наши сервери не могу да приступе. Покушајте са другим URL-ом."
   },
   "4134385041569168669": {
      "message": "Учитава се..."
   },
   "4148564423510181521": {
      "message": "Обришите претрагу"
   },
   "4152315289461886": {
      "message": "Контроле докумената"
   },
   "4168280976997555951": {
      "message": "Нема докумената."
   },
   "4174786386751618325": {
      "message": "Сликовна белешка"
   },
   "4182427157920112948": {
      "message": "тилда"
   },
   "4200426647595470259": {
      "message": "Пoчни репродукцију аудио датотеке"
   },
   "4200911267543705377": {
      "message": "Откуцајте упит за претрагу у горенаведеном пољу да бисте пронашли резултате блогова помоћу Google претраге блогова."
   },
   "4205329094859140439": {
      "message": "пре подне"
   },
   "4211182812451835307": {
      "message": "Може да мења"
   },
   "4211806608204126222": {
      "message": "$2​Услови коришћења услуге$1​"
   },
   "4214190403999219403": {
      "message": "Зумирај"
   },
   "4230101516585408149": {
      "message": "Напишите нову белешку"
   },
   "4253741616909644861": {
      "message": "Претражите термине"
   },
   "4280747719095153198": {
      "message": "Решен коментар"
   },
   "4286663890332754386": {
      "message": "Отпремање није успело."
   },
   "4299690446455033653": {
      "message": "Works"
   },
   "4314643310615423802": {
      "message": "Одјављени сте."
   },
   "4318861667254318892": {
      "message": "Google видео"
   },
   "4319229296464464147": {
      "message": "Датум додавања"
   },
   "4320831042030778": {
      "message": "Откажи"
   },
   "4332252081504252077": {
      "message": "Упс!"
   },
   "4338991104991831337": {
      "message": "Слике"
   },
   "4339705658383891586": {
      "message": "У боји"
   },
   "4343825450663233452": {
      "message": "Може да прегледа"
   },
   "4343836986248234462": {
      "message": "Ставка листе"
   },
   "435214284915110062": {
      "message": "Отвори траку за претрагу"
   },
   "4372755508519489521": {
      "message": "Приказ мреже"
   },
   "4391715930031906467": {
      "message": "Пронађите следеће"
   },
   "4395845663892873002": {
      "message": "home"
   },
   "4422985761498356257": {
      "message": "Отворите помоћу"
   },
   "4430062722430863019": {
      "message": "Желите ли да заувек избришете белешку?"
   },
   "4439812492856303238": {
      "message": "Жао нам је! Дошло је до неочекиване грешке при обради избора. Покушајте поново касније."
   },
   "4444571967705751871": {
      "message": "Отпад"
   },
   "4466605492523079635": {
      "message": "Сачувај"
   },
   "4468872996560163913": {
      "message": "Одмах испразни отпад"
   },
   "4473912481270012588": {
      "message": "Сачувано на Диску – Премести у:"
   },
   "45228242181482134": {
      "message": "Пустите"
   },
   "4536519876526589338": {
      "message": "Аватар за $1​."
   },
   "4552045407215325033": {
      "message": "Није могуће учитати URL видео снимка који сте унели изнад. Проверите да ли је тачан и да ли потиче са подржаног сајта."
   },
   "4564682305303579317": {
      "message": "Настави"
   },
   "456498742882714639": {
      "message": "Премести у:"
   },
   "4588500131398315347": {
      "message": "Направите круг"
   },
   "4604402426271704651": {
      "message": "Без слике"
   },
   "4620034373159179678": {
      "message": "$1​. страница од $2​"
   },
   "4630690108252818511": {
      "message": "Није пронађена ниједна слика."
   },
   "468283184702431827": {
      "message": "Радња је почела"
   },
   "4695897771458936174": {
      "message": "Делите слике са Google диска на Google+"
   },
   "4740100782728373253": {
      "message": "Сачувајте на Диску"
   },
   "4748046231232264180": {
      "message": "Google упитници"
   },
   "4767722428137216885": {
      "message": "Откажи"
   },
   "477328789314249432": {
      "message": "Претражите белешке"
   },
   "4775368111547931093": {
      "message": "Нема описа"
   },
   "4781742940361705258": {
      "message": "Одбаци"
   },
   "4783695823456312682": {
      "message": "Премести на дно"
   },
   "47844150329705564": {
      "message": "Резултати претраге за „$1​“"
   },
   "4798897505978458661": {
      "message": "Није пронађен ниједан видео снимак."
   },
   "4805047680716507619": {
      "message": " – Премести у:"
   },
   "4806763987633034948": {
      "message": "PKCS7 потпис"
   },
   "4833214200453019325": {
      "message": "$1​ од $2​"
   },
   "4846720038197420778": {
      "message": "Повежи још апликација"
   },
   "4853788427396558692": {
      "message": "$1​ MB"
   },
   "4858389278403807208": {
      "message": "Белешка је у отпаду"
   },
   "4888104357342241891": {
      "message": "Подсетници"
   },
   "4889853674709731963": {
      "message": "Све белешке су сачуване офлајн"
   },
   "4901386320110714275": {
      "message": "Лозинка је нетачна. Покушајте поново."
   },
   "490372259452655427": {
      "message": "Жао нам је, документ још увек није доступан за приказивање."
   },
   "4906669330059413958": {
      "message": "Пошаљите лозинку"
   },
   "4908614808966678155": {
      "message": "Нема резултата претраге за „$1​“"
   },
   "4926020998477695737": {
      "message": "Пређи у директоријум $1​"
   },
   "4943176738805484221": {
      "message": "измени"
   },
   "4956678140555659175": {
      "message": "backspace"
   },
   "4957674814179289955": {
      "message": "Идите на следећу/претходну ставку листе"
   },
   "4963784280521435720": {
      "message": "Чување..."
   },
   "4969219890884320840": {
      "message": "Ажурирај"
   },
   "4983125135476400111": {
      "message": "Баците белешку/листу"
   },
   "4988132901627446385": {
      "message": "Табла са детаљима је проширена."
   },
   "4998757387516632837": {
      "message": "Приказани резултати су означени за поновну употребу уз измену."
   },
   "5006225450559627366": {
      "message": "и још $1​"
   },
   "501475221876543407": {
      "message": "Овде се појављују белешке које додајете"
   },
   "5023525794410110078": {
      "message": "Додајте текст слици"
   },
   "5026241297254150381": {
      "message": "Додajте белешку"
   },
   "5046371569383796818": {
      "message": "Задржи"
   },
   "5055418092354683641": {
      "message": "Serif"
   },
   "5095987896933771566": {
      "message": "Штампај документ"
   },
   "5096751700090310607": {
      "message": "Нема слика."
   },
   "509815948423424872": {
      "message": "Навигација"
   },
   "5099245668405591445": {
      "message": "Претражи"
   },
   "512429649443191386": {
      "message": "$2​Помоћ$1​"
   },
   "5124522868502261563": {
      "message": "Табеле"
   },
   "5130903421326358933": {
      "message": "Дошло је до проблема при чувању прилога на Google диску."
   },
   "5149937870346466591": {
      "message": "Приказ листе"
   },
   "5169187962228219813": {
      "message": "Слике из часописа Life"
   },
   "5180454621500142444": {
      "message": "Врати"
   },
   "5180989337128758117": {
      "message": "лева угласта заграда"
   },
   "5184692850089055965": {
      "message": "Сними текст са слике"
   },
   "5197718200713913936": {
      "message": "C++"
   },
   "5201670213497642487": {
      "message": "Трака са картицама табле са детаљима. Притискајте тастере са стрелицама налево и надесно да бисте пребацивали између картица."
   },
   "5204391636475413312": {
      "message": "Сачувај"
   },
   "5213411023807957844": {
      "message": "Претражите Google Keep"
   },
   "5213974294317036409": {
      "message": "{numPages,plural, =0{}=1{1 страница}one{# страница}few{# страницe}other{ # страницa}}"
   },
   "5226470917948786938": {
      "message": "По абецеди"
   },
   "5238003680997310998": {
      "message": "Више"
   },
   "5238371081785912565": {
      "message": "Отворите помоћу $1​"
   },
   "5275493935807628890": {
      "message": "Не можемо да пронађемо слику на том URL-у."
   },
   "5281121179861637423": {
      "message": "Потребна је лозинка да бисте приступили $1​. Унесите лозинку"
   },
   "5288037028604092288": {
      "message": "XPS"
   },
   "5291153964865714504": {
      "message": "Нема одговарајућих бележака"
   },
   "5299648222246616124": {
      "message": "краткоузлазни акценат"
   },
   "5304869088141363028": {
      "message": "Истакнуте слике"
   },
   "5316658541831864803": {
      "message": "Жао нам је, овај тип документа није подржан за приказивање."
   },
   "5319313176242717957": {
      "message": "Обрађују се слике..."
   },
   "5336801339221383042": {
      "message": "Javascript"
   },
   "534228323125524312": {
      "message": "Умањи"
   },
   "5353129315502554762": {
      "message": "Style Sheet"
   },
   "5372143986724491245": {
      "message": "пре $1​ дан"
   },
   "5372160981898991853": {
      "message": "Publisher"
   },
   "5399553230649155346": {
      "message": "за $1​ сат"
   },
   "5403830377590414208": {
      "message": "Бела"
   },
   "5408091115193390231": {
      "message": "AutoCAD"
   },
   "5438481737351808090": {
      "message": "Рано поподне ($1​)"
   },
   "544377415081282702": {
      "message": "Извините."
   },
   "5447119197363232006": {
      "message": "Погледајте на Диску"
   },
   "5465323999933375616": {
      "message": "Достигли сте ограничење пропусног опсега за приказивање или преузимање датотека које нису у формату Google докумената."
   },
   "5472312735475866917": {
      "message": "Коментар аутора $1​."
   },
   "547865385964196102": {
      "message": "пре $1​ минута"
   },
   "5482872484546230111": {
      "message": "Претражи књиге"
   },
   "5494181290179470995": {
      "message": "Избриши"
   },
   "5500117709595533163": {
      "message": "Откуцајте упит за претрагу у горенаведеном пољу да бисте пронашли резултате е-књига помоћу Google књига."
   },
   "5514516347328112388": {
      "message": "Можете и да покушате да преузмете оригинални документ ако кликнете $2​овде$1​."
   },
   "5529532831767466284": {
      "message": "{VIEWER_GENDER,select, female{{DEGREES}° {MINUTES}' {SECONDS}\"}male{{DEGREES}° {MINUTES}' {SECONDS}\"}other{{DEGREES}° {MINUTES}' {SECONDS}\"}}"
   },
   "5555182241047709329": {
      "message": "Изаберите локацију"
   },
   "5555599189512365009": {
      "message": "ВАЖИ"
   },
   "5571842632470308750": {
      "message": "Сви типови"
   },
   "5588597116382648727": {
      "message": "Почетак задатка издвајања."
   },
   "5598649706113950710": {
      "message": "Уређивач"
   },
   "5609727719971819773": {
      "message": "{VIEWER_GENDER,select, female{Назад}male{Назад}other{Назад}}"
   },
   "5627470193961862490": {
      "message": "Овде се појављују белешке са предстојећим подсетницима"
   },
   "5631086126416409232": {
      "message": "Плава"
   },
   "564165666160590723": {
      "message": "Windows Media Player"
   },
   "5660422479531064559": {
      "message": "Нема упитника."
   },
   "5675154446465700699": {
      "message": "PDF датотеке"
   },
   "568072913338360182": {
      "message": "HTML"
   },
   "5707549724380589079": {
      "message": "Желите ли да избришете изабране ставке?"
   },
   "5714240424645614611": {
      "message": "Android пакет"
   },
   "5728640851616538925": {
      "message": "Зелена"
   },
   "5744491383087191878": {
      "message": "URL слике који сте унели изнад није тачан или га није могуће учитати."
   },
   "5747728324987383020": {
      "message": "Лице"
   },
   "5783875011049188612": {
      "message": "Текст са слике је снимљен"
   },
   "5785010887521443923": {
      "message": "Уклони"
   },
   "5834678297024555032": {
      "message": "Дозволи"
   },
   "5840330517914556080": {
      "message": "Умањите"
   },
   "5842536098490298653": {
      "message": "Није пронађен ниједан фонт."
   },
   "5865680764501413616": {
      "message": "Није могуће препознати текст."
   },
   "5871966496153339793": {
      "message": "Приказивање сличице видеа $1​"
   },
   "5875004331736681428": {
      "message": "Издвајање на налог за пошту."
   },
   "587666071025645113": {
      "message": "Претражи"
   },
   "5877526626743756786": {
      "message": "Повратне информације"
   },
   "5889725440363483648": {
      "message": "Сви у групи"
   },
   "5911012384539794869": {
      "message": "Није успело покретање задатка издвајања."
   },
   "5916010927050975496": {
      "message": "$1​ kB"
   },
   "5949528478488617689": {
      "message": "Дозвола за преузимање"
   },
   "5950887255133612666": {
      "message": "Није покренуто."
   },
   "5969696744752069015": {
      "message": "Преглед није доступан."
   },
   "5971400924847413790": {
      "message": "Поред тога, можете да погледате $2​чисти HTML$1​ (аутоматско преусмеравање)."
   },
   "5972111804366033138": {
      "message": "Преузмите"
   },
   "5975031149676029214": {
      "message": "Сви"
   },
   "5976369213680241300": {
      "message": "Претражи слике"
   },
   "5980081664136280513": {
      "message": "Зелена"
   },
   "5984398071085567332": {
      "message": "Google Fusion Tables"
   },
   "6009962986062136164": {
      "message": "Учитава се $1​."
   },
   "60305871484579258": {
      "message": "Alt"
   },
   "6043068172993241858": {
      "message": "Нема никога у овом кругу."
   },
   "604883455412617728": {
      "message": "Ниједан контакт не одговара претрази."
   },
   "6051386830221821025": {
      "message": "Пријављивање..."
   },
   "6064654062949366878": {
      "message": "Пусти"
   },
   "6070475007374165567": {
      "message": "Чување..."
   },
   "6083586461434260179": {
      "message": "Нови доживљај прегледања"
   },
   "6087078248621415351": {
      "message": "Измењено је $1​"
   },
   "6091926883608250483": {
      "message": "Још"
   },
   "6105571474005679446": {
      "message": "Дошло је до проблема са прегледом."
   },
   "6113237889871930608": {
      "message": "Празна белешка"
   },
   "6118623991445349480": {
      "message": "$1​. страница"
   },
   "6122643025527543706": {
      "message": "Ctrl"
   },
   "6131822680770571276": {
      "message": "PowerPoint"
   },
   "6140634664402328750": {
      "message": "Листа апликација"
   },
   "6149175749937815029": {
      "message": "Погледајте све ставке"
   },
   "6160805346274626656": {
      "message": "Избриши заувек"
   },
   "616807262818311711": {
      "message": "Тип"
   },
   "6175043905327075444": {
      "message": "Претходно изабрано"
   },
   "6177107655089301674": {
      "message": "Преузмите апликацију Google Keep за Android"
   },
   "6185886893933834031": {
      "message": "Задржи изабране"
   },
   "6186290899408627510": {
      "message": "enter"
   },
   "6189891414154673003": {
      "message": "Моје мапе"
   },
   "6203260615455347677": {
      "message": "Numbers"
   },
   "6223207695466118454": {
      "message": "YouTube"
   },
   "6224687211096863620": {
      "message": "Сви"
   },
   "623118860067088424": {
      "message": "Видео снимци"
   },
   "6231401379881217113": {
      "message": "insert"
   },
   "6252259197986158120": {
      "message": "Јуче"
   },
   "6253076263700695984": {
      "message": "Грешка при потврди аутентичности. Поново учитајте."
   },
   "6255475144867830247": {
      "message": "Изаберите са друге картице за навигацију."
   },
   "6267063643272327592": {
      "message": "Покушајте поново касније."
   },
   "6290270819062517523": {
      "message": "Изабрали сте превише ставки. Опозовите избор неких."
   },
   "6305748545202493254": {
      "message": "Прикажи/сакриј окно са детаљима"
   },
   "6324768448533022780": {
      "message": "$1​ $2​."
   },
   "6331677437567501421": {
      "message": "Дошло је до проблема при ажурирању дозволе за преузимање."
   },
   "6333496730738019575": {
      "message": "Учитава се..."
   },
   "634900089121611600": {
      "message": "Нема видео снимака."
   },
   "6362170008350775214": {
      "message": "Подсетник у $1​"
   },
   "6375395544374251820": {
      "message": "Дошло је до проблема при учитавању додатних страница. Покушавамо поново..."
   },
   "6376739025584042564": {
      "message": "Опсеците слику"
   },
   "6386587519843563719": {
      "message": "Бинарна датотека"
   },
   "6416495701611778255": {
      "message": "Предложене апликације трећих страна"
   },
   "6419411265907669340": {
      "message": "Данас"
   },
   "6436479735235889890": {
      "message": "Подсетник у $2​, $1​"
   },
   "6450508807204492448": {
      "message": "Икона $1​"
   },
   "6457802200418354862": {
      "message": "Гледаоци могу да преузимају"
   },
   "6459405233858728718": {
      "message": "Google презентације"
   },
   "6464761738227651511": {
      "message": "пре $1​ минут"
   },
   "6466736813846482957": {
      "message": "Претходно"
   },
   "6479216014938929613": {
      "message": "Увече ($1​)"
   },
   "6482358947077977110": {
      "message": "Слике из Google претраге"
   },
   "6487403767449360463": {
      "message": "Желите ли да поново учитате Keep?"
   },
   "6488225756782357866": {
      "message": "Слика коју сте истакли је пронађена помоћу Google претраге слика на овој страници:"
   },
   "6510131849363684615": {
      "message": "Сутра"
   },
   "6516256764288947999": {
      "message": "Означите људе"
   },
   "6522917155620379865": {
      "message": "Преузми"
   },
   "6524849072392100692": {
      "message": "Директоријум Google диска"
   },
   "6551588617715293696": {
      "message": "Опције сортирања"
   },
   "6570921376519753466": {
      "message": "Наслови"
   },
   "6571686604846453345": {
      "message": "Дошло је до проблема при додавању ове ставке на Диск."
   },
   "6582286158693833652": {
      "message": "Сазнајте више"
   },
   "6588176324871799870": {
      "message": "Google Apps скрипта"
   },
   "6602430002978098812": {
      "message": "Рукопис"
   },
   "6614046405230762587": {
      "message": "Није пронађен ниједан контакт."
   },
   "6622304228074863427": {
      "message": "Апликација"
   },
   "6624754161346656119": {
      "message": "Аватар за $1​."
   },
   "6644861766016503644": {
      "message": "Потребна је лозинка"
   },
   "6650600936729710500": {
      "message": "Одговори."
   },
   "666311703374681171": {
      "message": "Слике и видео снимци"
   },
   "6666820082708870349": {
      "message": "Уклони"
   },
   "6707173584987026005": {
      "message": "Данас"
   },
   "6709984792949009238": {
      "message": "Ставке без отварања после мог"
   },
   "6726462693927865256": {
      "message": "Детаљи"
   },
   "6726879257388338969": {
      "message": "Штампајте"
   },
   "6726925393892510846": {
      "message": "Дошло је до грешке. Покушајте поново."
   },
   "6741759391888465238": {
      "message": "Чување на Диску – Премести у:"
   },
   "6744457949320515234": {
      "message": "Празна белешка је одбачена"
   },
   "6757218172402086688": {
      "message": "Претражи белешке..."
   },
   "6780628488957834429": {
      "message": "Наранџаста"
   },
   "6784073265197389491": {
      "message": "Сазнајте више"
   },
   "681598652078493281": {
      "message": "Сазнајте више"
   },
   "6818286476757207074": {
      "message": "Изаберите само слике за које сте потврдили да имате лиценцу да их користите."
   },
   "682070933835616121": {
      "message": "Нема табела."
   },
   "6822338149422461362": {
      "message": "Google диск"
   },
   "6827821461670731013": {
      "message": "Прикажи поља за потврду"
   },
   "6828581947433060251": {
      "message": "Дошло је до проблема при преименовању ставке."
   },
   "6833760103261954639": {
      "message": "Дошло је до проблема при учитавању ове странице. Покушавамо поново..."
   },
   "6841020391100928352": {
      "message": "Премашена је максимална величина датотеке."
   },
   "6851307437837490686": {
      "message": "Спречи гледаоце да преузимају"
   },
   "6856672816797218730": {
      "message": "Приложи"
   },
   "6891563484025164308": {
      "message": "Претходно"
   },
   "6893687445500687349": {
      "message": "Сајтови"
   },
   "6898823203505321799": {
      "message": "Детаљи"
   },
   "6904351530369058983": {
      "message": "Власник"
   },
   "6905021988981026920": {
      "message": "Претрага видео снимака"
   },
   "6922953828399110511": {
      "message": "Затвори приказивач"
   },
   "6929958461954697067": {
      "message": "Слике на којима се налазите"
   },
   "6939782595426687411": {
      "message": "Додавање..."
   },
   "6940998537415516791": {
      "message": "у"
   },
   "695253297035211081": {
      "message": "Испразни отпад"
   },
   "6967244066810487978": {
      "message": "ОТПАД"
   },
   "6970167488058122005": {
      "message": "непознати аутор"
   },
   "6976414863987386971": {
      "message": "Упитници"
   },
   "7001938470263404128": {
      "message": "Отпреми"
   },
   "7002768663714031226": {
      "message": "Ажурирај"
   },
   "7004919150329996187": {
      "message": "Није пронађена ниједна одговарајућа особа у овом кругу."
   },
   "7054631817922169541": {
      "message": "Google Keep има несачуване промене. Желите ли да напустите страницу и одбаците промене?"
   },
   "7059437903473652416": {
      "message": "Пусти YouTube видео $1​"
   },
   "7080196430479494775": {
      "message": "Покушај поново"
   },
   "7084324152376766809": {
      "message": "пре $1​ дана"
   },
   "7084991134824194740": {
      "message": "Подсетник"
   },
   "7092062731478679314": {
      "message": "Није пронађен ниједан круг."
   },
   "7117183622067702162": {
      "message": "Захваљујући Google диску више не морате да шаљете прилоге имејлом. Делите линк до било које датотеке коју чувате на Google диску. На тај начин свако има приступ истој датотеци, истој верзији – аутоматски."
   },
   "713754035716193665": {
      "message": "Нова листа"
   },
   "7146242673022399081": {
      "message": "Текст"
   },
   "7148992630785407972": {
      "message": "Ова датотека је заштићена лозинком и није могуће приказати њен преглед."
   },
   "7151987668860086450": {
      "message": "Веб-претрага"
   },
   "7153847618034547771": {
      "message": "Омогући"
   },
   "7161134329606048317": {
      "message": "Затвори"
   },
   "7164532930742017984": {
      "message": "Сви са линком"
   },
   "7174189954350964804": {
      "message": "Покушај поново"
   },
   "7177591028189992523": {
      "message": "Премести"
   },
   "7188754206068648188": {
      "message": "Подаци раздвојени зарезима"
   },
   "7225837680381806920": {
      "message": "Поподне ($1​)"
   },
   "722702934847795304": {
      "message": "Project"
   },
   "7236199858216720905": {
      "message": "Мапе"
   },
   "7247530225058410142": {
      "message": "$2​ $1​"
   },
   "7259352906118493156": {
      "message": "Нема сајтова."
   },
   "7282548567245878869": {
      "message": "Ставка је избрисана"
   },
   "7295712436136900176": {
      "message": "Поново учитај"
   },
   "7310311230493556740": {
      "message": "URL"
   },
   "7339696241980105410": {
      "message": "Видео који сте изабрали више не постоји. Власник га је можда уклонио."
   },
   "7342923890755029722": {
      "message": "Затворите"
   },
   "734478884582426793": {
      "message": "Компримована архива"
   },
   "7357017164339332230": {
      "message": "Ове слике су доступне за гледање и дељење и у $2​Picasa веб-албумима$1​, бесплатној Google-овој услузи за хостовање слика."
   },
   "736105042796745909": {
      "message": "{VIEWER_GENDER,select, female{Направи директоријум}male{Направи директоријум}other{Направи директоријум}}"
   },
   "7362061801920948830": {
      "message": "Отпреми још"
   },
   "7364571366369083618": {
      "message": "Видео"
   },
   "7377239345926788722": {
      "message": "Радње"
   },
   "7380785991026002613": {
      "message": "Приказани резултати су означени за поновну употребу."
   },
   "7382688299146249119": {
      "message": "Преузмите ставку"
   },
   "7383706174467122149": {
      "message": "Белешка је избрисана"
   },
   "7388342865555961406": {
      "message": "за $1​ дан"
   },
   "7393771571081973549": {
      "message": "C"
   },
   "740507516967994591": {
      "message": "Отвори"
   },
   "7422452809590461532": {
      "message": "Црвена"
   },
   "7426603384368095928": {
      "message": "Поново учитајте страницу да бисте се поново пријавили и наставили да радите."
   },
   "7429084719905985261": {
      "message": "Objective C"
   },
   "7432956605646331928": {
      "message": "SQL"
   },
   "7440735091552109962": {
      "message": "$2​ (измењено $1​)"
   },
   "7441891675459021164": {
      "message": "Чување на Диску"
   },
   "7451573821837395189": {
      "message": "Ставка је додата на $2​Диск$1​."
   },
   "7468322419516352788": {
      "message": "Дошло је до проблема при ажурирању описа."
   },
   "7488945223835574498": {
      "message": "Postscript"
   },
   "7492710087472140422": {
      "message": "Сазнајте више"
   },
   "7493919863870655172": {
      "message": "Веб-камера"
   },
   "7500786109708143683": {
      "message": "Аудио снимак је избрисан"
   },
   "7501027876827009022": {
      "message": "Приказани резултати су означени као комерцијални за поновну употребу."
   },
   "7521272923988336579": {
      "message": "Будите у току тако што ћете одмах поново учитати Keep."
   },
   "7532552995569296274": {
      "message": "Обриши претрагу"
   },
   "7546994163355383999": {
      "message": "Све белешке су сачуване"
   },
   "7559208209275370228": {
      "message": "Ставке без измена после мојих"
   },
   "7565383798249439151": {
      "message": "за $1​ дана"
   },
   "7565870443143407759": {
      "message": "Пронађите у документу"
   },
   "7586291841734385643": {
      "message": "Погледајте на новој картици"
   },
   "7598582624136632660": {
      "message": "Отвори траку за претрагу/пронађи следеће"
   },
   "7602870977118971161": {
      "message": "Поново учитај"
   },
   "7610654194202731772": {
      "message": "Избриши"
   },
   "761925792744044896": {
      "message": "Постави као слику профила"
   },
   "7630723924002267143": {
      "message": "Тастерске пречице су омогућене."
   },
   "7640546114686970497": {
      "message": "Није могуће додати још ставки"
   },
   "7669846901402551021": {
      "message": "Данас"
   },
   "7691521283331762131": {
      "message": "Овде се појављују архивиране белешке"
   },
   "772000107335590599": {
      "message": "за $1​ минута"
   },
   "7734578122414851725": {
      "message": "PHP"
   },
   "7745005220197261896": {
      "message": "Претрага књига"
   },
   "7759846028901235026": {
      "message": "Архивирање белешке је опозвано"
   },
   "776065748745885880": {
      "message": "размак"
   },
   "7770982082843341533": {
      "message": "У овом директоријуму нема ставки."
   },
   "779472474101127362": {
      "message": "Прављење снимка"
   },
   "7800318069267901681": {
      "message": "Измењено"
   },
   "7805487598105530487": {
      "message": "У тексту"
   },
   "7814778057875152792": {
      "message": "Дошло је до проблема при премештању прилога у изабрани директоријум на Google диску."
   },
   "7820417126206702946": {
      "message": "Приказани резултати су доступни за личну или комерцијалну употребу само на Google диску и не смете да их независно редистрибуирате нити продајете."
   },
   "7822364282298323175": {
      "message": "Листа је избрисана"
   },
   "7830513726270865588": {
      "message": "Календар"
   },
   "7845751753397906805": {
      "message": "Пронађене су неусаглашене измене"
   },
   "7852396628465259068": {
      "message": "Слика профила"
   },
   "7859526172011446452": {
      "message": "Зауставите пребацивање"
   },
   "78870906674150830": {
      "message": "$3​$1​$2​"
   },
   "7895643887742936844": {
      "message": "тачка и зарез"
   },
   "7899833760457194273": {
      "message": "Претрага слика"
   },
   "7899913952063063825": {
      "message": "Слика је избрисана"
   },
   "7906726367011430855": {
      "message": "Повежи"
   },
   "7910518224461588465": {
      "message": "Жута"
   },
   "7953603850004320936": {
      "message": "Преглед је недоступан."
   },
   "7957306528733096600": {
      "message": "Радња је завршена"
   },
   "7960528690514646841": {
      "message": "{moreCount,plural, =0{unused plural form}=1{и још 1}one{и још {moreCount}}few{и још {moreCount}}other{и још {moreCount}}}"
   },
   "7973635145070803181": {
      "message": "Отпремите слике"
   },
   "7987180255015869513": {
      "message": "Или налепите веб-адресу овде:"
   },
   "8011497727123874703": {
      "message": "Дугме директоријума $1​"
   },
   "8016231262233952856": {
      "message": "Плавозелена"
   },
   "8019402848412685977": {
      "message": "„$2​“ је преименовано у „$1​“."
   },
   "8023466614826324314": {
      "message": "Слике ће се делити са широком публиком."
   },
   "8043514121228710092": {
      "message": "Додај слику"
   },
   "8044700199531805239": {
      "message": "Апликација $3​$1​$2​ је повезана."
   },
   "8069384932934428393": {
      "message": "за $1​ минут"
   },
   "8081927474846706026": {
      "message": "Нема цртежа."
   },
   "8090743714060857028": {
      "message": "Гледаоци не могу да преузимају"
   },
   "8095838445486198080": {
      "message": "{FILE_SIZE,plural, =0{0 бајтова}=1{1 бајт}one{# бајт}few{# бајта}other{# бајтова}}"
   },
   "8099047958506869131": {
      "message": "{VIEWER_GENDER,select, female{Нови директоријум}male{Нови директоријум}other{Нови директоријум}}"
   },
   "8100558294600077150": {
      "message": "Претрага блогова"
   },
   "8105635255693472607": {
      "message": "Додај нове ставке листе"
   },
   "8106780183458743723": {
      "message": "Фото-албуми"
   },
   "8112699352770418817": {
      "message": "Није пронађена ниједна књига."
   },
   "8132410616064087953": {
      "message": "Видео је предугачак (максимално трајање је $1​ сек)."
   },
   "8135145577663029437": {
      "message": "Задржи обе"
   },
   "8146560259680897627": {
      "message": "Откажи"
   },
   "8158191101452862916": {
      "message": "Уметни слике"
   },
   "8159493406018222636": {
      "message": "Слање повратних информација"
   },
   "8172945196588870035": {
      "message": "Догађаји"
   },
   "8174654098152723289": {
      "message": "Измените опис"
   },
   "8178754379486173416": {
      "message": "{VIEWER_GENDER,select, female{Изабрали сте премало ставки. Изаберите још неке.}male{Изабрали сте премало ставки. Изаберите још неке.}other{Изабрали сте премало ставки. Изаберите још неке.}}"
   },
   "8192378456655629049": {
      "message": "Обрађује се видео..."
   },
   "8193991135666622583": {
      "message": "Keep"
   },
   "821942580510564685": {
      "message": "Унесите лозинку овог документа да бисте га прегледали"
   },
   "8239237134193392595": {
      "message": "Обавештења за подсетнике за локације појављују се само на мобилним уређајима."
   },
   "8267458240960831780": {
      "message": "Потврђивање аутентичности..."
   },
   "8281141013543828574": {
      "message": "Raw слика"
   },
   "8281678863271800533": {
      "message": "Филтер слика"
   },
   "8283103456188558313": {
      "message": "Презентације"
   },
   "8290434443655418968": {
      "message": "{filesCount,plural, =0{unused plural form}=1{Отпремање изабране датотеке [{file}] није подржано.}one{Отпремање изабраних датотека [{files}] није подржано.}few{Отпремање изабраних датотека [{files}] није подржано.}other{Отпремање изабраних датотека [{files}] није подржано.}}"
   },
   "8304474373444239435": {
      "message": "Одговор аутора $1​."
   },
   "8322416564157128458": {
      "message": "Дељење"
   },
   "8324195080917648153": {
      "message": "Видео не може да стане овде. Мало повећајте прозор прегледача."
   },
   "8337582740675387693": {
      "message": "Java"
   },
   "8342684858400436871": {
      "message": "tab"
   },
   "8379952094517631162": {
      "message": "Не"
   },
   "8409393124758970712": {
      "message": "$2​×$1​"
   },
   "8412684147928483084": {
      "message": "Црна"
   },
   "8435544675017330861": {
      "message": "Ниједна ставка не одговара претрази."
   },
   "8436817383042650304": {
      "message": "caps-lock"
   },
   "8451184312655705174": {
      "message": "Ако је URL исправан, овде ћете видети преглед. Приказивање великих слика може да потраје неколико минута."
   },
   "8467894483369467251": {
      "message": "Flash"
   },
   "8506198918368329269": {
      "message": "Приказани резултати су означени за комерцијалну поновну употребу уз измену."
   },
   "8571315158566081191": {
      "message": "Нема табела."
   },
   "8580600056399054303": {
      "message": "Подесите где се шаљу нове или изабране ставке"
   },
   "8595175575778060149": {
      "message": "Још"
   },
   "8596257056433048992": {
      "message": "Добро дошли у"
   },
   "8616342546716995946": {
      "message": "Важи"
   },
   "8621067185485606452": {
      "message": "ECMAScript"
   },
   "8638281560898810401": {
      "message": "{MINUTES,plural, =0{0 минута }=1{1 минут }one{# минут }few{# минута }other{# минута }}{SECONDS,plural, =0{0 секунди.}=1{1 секунда.}one{# секунда.}few{# секунде.}other{# секунди.}}"
   },
   "863955692838281739": {
      "message": "Затвори"
   },
   "8643398764569428530": {
      "message": "Желите ли да дозволите Google Keep-у да приказује обавештења?"
   },
   "8652566647088230560": {
      "message": "Поверљива интерна верзија"
   },
   "8660016472468563221": {
      "message": "две тачке"
   },
   "8663507590720636709": {
      "message": "$1​ и још $2​"
   },
   "8666643061920113075": {
      "message": "{VIEWER_GENDER,select, female{Овде налепите URL слике:}male{Овде налепите URL слике:}other{Овде налепите URL слике:}}"
   },
   "8674222789100049233": {
      "message": "Затвори"
   },
   "86815590954366945": {
      "message": "Листа архивираног садржаја"
   },
   "8709611758728645225": {
      "message": "pg-down"
   },
   "8711002053494037632": {
      "message": "Уклоњене су ознаке за све ставке"
   },
   "8748281640412284111": {
      "message": "Сток слике"
   },
   "8759520888087120926": {
      "message": "Нема скрипти."
   },
   "8775097441636640256": {
      "message": "$2​ – $1​"
   },
   "8780212274435014958": {
      "message": "Кругови"
   },
   "8781837301864053001": {
      "message": "Rich Text"
   },
   "8792038552136453044": {
      "message": "Упс! Дошло је до грешке"
   },
   "8793166064242077041": {
      "message": "Дошло је до проблема при приказивању ове слике."
   },
   "8813101408630252335": {
      "message": "$1​ сек"
   },
   "8820281478062782578": {
      "message": "Претражи"
   },
   "8822326207328431952": {
      "message": "Отпремања слика нису доступна"
   },
   "8840223453482998505": {
      "message": "Изабрани директоријум $1​"
   },
   "8845176264121061589": {
      "message": "Уклони ознаку за све ставке"
   },
   "8850238112725591771": {
      "message": "пречица $1​"
   },
   "8852550049823214385": {
      "message": "па"
   },
   "8883744193208363722": {
      "message": "Доступно је ажурирање за апликацију."
   },
   "8884900765322249670": {
      "message": "Приказ листе"
   },
   "8889019648958415451": {
      "message": "Непозната датотека"
   },
   "8911996820409711834": {
      "message": "Премести текст у нову ставку листе &raquo;"
   },
   "8916237870980173557": {
      "message": "Повезивање..."
   },
   "8917554093651202032": {
      "message": "Пусти $1​"
   },
   "8919660666733306860": {
      "message": "Слика"
   },
   "8930959387403789939": {
      "message": "Подсетник"
   },
   "8943760679396635042": {
      "message": "Приказује се $1​."
   },
   "8953555255469284376": {
      "message": "Отпустите слике овде"
   },
   "8979615310931291676": {
      "message": "Измењено $1​"
   },
   "8986044948621891903": {
      "message": "Откуцајте упит за претрагу у горенаведеном пољу да бисте пронашли веб-резултате помоћу Google веб-претраге."
   },
   "901615442107785480": {
      "message": "Архивирајте белешку/листу"
   },
   "9024023699330078373": {
      "message": "Ако отворите ову ставку, биће додата на Диск"
   },
   "9028041601596584772": {
      "message": "Локација"
   },
   "9058308423774656474": {
      "message": "Hangul Word Processor"
   },
   "9083935734710258396": {
      "message": "Одбијам"
   },
   "9094248058931620597": {
      "message": "Табла са детаљима је скупљена."
   },
   "9114674068220302553": {
      "message": "Као прилог"
   },
   "911586799466052745": {
      "message": "OpenOffice Draw"
   },
   "9130962320402467249": {
      "message": "Сток фотографије"
   },
   "9146716987301178362": {
      "message": "Дошло је до грешке. Поново учитајте."
   },
   "9165877886714239857": {
      "message": "Није могуће снимити текст са слике. Покушајте поново касније."
   },
   "916773043895242978": {
      "message": "URL слике који сте унели изнад није тачан или га није могуће учитати. Унесите исправан URL слике."
   },
   "9173629944963872598": {
      "message": "Није пронађен ниједан догађај."
   },
   "9182500445937900938": {
      "message": "Затвори"
   },
   "9195941533351099011": {
      "message": "Отпрема се $1​. од $2​"
   },
   "9197837492705576727": {
      "message": "Иди на следећу ставку"
   },
   "919969969251998566": {
      "message": "Издвојите ову архиву на налог за пошту."
   },
   "9203542510134660095": {
      "message": "Задатак издвајања је започет. Садржај архиве ће се приказати у Диску у директоријуму „$1​“."
   },
   "940276535015195877": {
      "message": "Нема директоријума."
   },
   "943493480163896757": {
      "message": "{resultCount,plural, =1{# белешка која се подудара}one{# белешка која се подудара}few{# белешке које се подударају}other{# бележака које се подударају}}"
   },
   "951963820437151566": {
      "message": "Google сајтови"
   },
   "95809842507987016": {
      "message": "Избриши"
   },
   "963611681085757795": {
      "message": "Жао нам је, тренутно не можемо да генеришемо приказ документа."
   },
   "96556988207614774": {
      "message": "Календари"
   },
   "974042541427403929": {
      "message": "Плава"
   },
   "980395722421409371": {
      "message": "Није пронађена ниједна мапа."
   },
   "982187142411651629": {
      "message": "Одбаци"
   },
   "985197728509875956": {
      "message": "Chemical Model"
   },
   "996381410993745580": {
      "message": "Photoshop"
   },
   "998727788921602971": {
      "message": "Видео снимци"
   },
   "appDesc": {
      "description": "App description",
      "message": "Брзо забележите оно што вам је на уму и лако се подсетите било кад и било где. "
   },
   "appName": {
      "description": "App name.",
      "message": "Google Keep – белешке и листе"
   }
}
