{
   "1006787209796778126": {
      "message": "Hifadhi Yangu"
   },
   "1017907757187630742": {
      "message": "Fonti zangu"
   },
   "1029072043275376320": {
      "message": "Hakuna kalenda zilizopatikana."
   },
   "1030781695901615026": {
      "message": "Chini"
   },
   "103870949919613488": {
      "message": "Dokezo limewekwa kwenye kumbukumbu"
   },
   "1039394921418415681": {
      "message": "Ingia katika akaunti"
   },
   "1083918249169198626": {
      "message": "Mikato ya kibodi imezimwa."
   },
   "1090919586152138659": {
      "message": "Akiba"
   },
   "1101371910696766077": {
      "message": "Unda nakala"
   },
   "1107413433574576014": {
      "message": "Kichwa ni kikubwa mno. Maandishi yaliyoangaziwa hayatahifadhiwa."
   },
   "1127320433256851404": {
      "message": "Kicheza video"
   },
   "1162642135048988280": {
      "message": "Badilisha jina la hati"
   },
   "1166244120191806795": {
      "message": "Toa Maoni"
   },
   "1179891706526242218": {
      "message": "Inayofuata"
   },
   "1185164838496022543": {
      "message": "Tafadhali bofya hapa ili kupakia ukurasa upya."
   },
   "1185644932132585290": {
      "message": "Herufi $1​ zimesalia"
   },
   "1213005208968286932": {
      "message": "Imetiwa alama kuwa imetatuliwa"
   },
   "1263557413037343589": {
      "message": "Panga picha"
   },
   "1263685395252160366": {
      "message": "LaTex"
   },
   "1311350045083871503": {
      "message": "Ghairi"
   },
   "1311729747516144362": {
      "message": "Nyekundu"
   },
   "1315844696796851207": {
      "message": "Sans Serif"
   },
   "1319037146426591038": {
      "message": "au"
   },
   "132822872080714863": {
      "message": "SAWA"
   },
   "133192954417440569": {
      "message": "Hakuna matokeo yaliyopatikana."
   },
   "1349697396109290623": {
      "message": "Inaonyesha ubora wa juu wa $1​"
   },
   "1376126796144976437": {
      "message": "Fonti zote"
   },
   "139942704574044780": {
      "message": "Kubali"
   },
   "141491180325662484": {
      "message": "Hifadhi ya Google ni mahala pamoja pa kuweka faili zako zote ili uweze kuzifikia ukiwa popote, kwenye kifaa chochote. Pindi tu unapokuwa na picha ndani ya Hifadhi ya Google, unaweza kuzishiriki papo hapo na miduara yako hapa."
   },
   "1418114637490664392": {
      "message": "Kumbukumbu ya Picha za LIFE"
   },
   "1419896259743862406": {
      "message": "Fungua ukitumia"
   },
   "1440171352837969028": {
      "message": "Video/Sauti"
   },
   "1441487391064925653": {
      "message": "Angalia mikato yote katika Kituo cha Usaidizi"
   },
   "1446829548948002072": {
      "message": "koma"
   },
   "1454684154234137497": {
      "message": "pause"
   },
   "1459765068821943106": {
      "message": "{VIEWER_GENDER,select, female{Bandika URL ya YouTube hapa:}male{Bandika URL ya YouTube hapa:}other{Bandika URL ya YouTube hapa:}}"
   },
   "1463079206290378085": {
      "message": "Picha za Orkut"
   },
   "1463389029497634261": {
      "message": "Punguza sauti"
   },
   "1475179211173444554": {
      "message": "Mtu yeyote aliye na kiungo kwenye kikoa"
   },
   "1492360016907725281": {
      "message": "{VIEWER_GENDER,select, female{Bandika URL ya video hapa:}male{Bandika URL ya video hapa:}other{Bandika URL ya video hapa:}}"
   },
   "1493251742569121894": {
      "message": "Dokezo ni kubwa mno. Maandishi yaliyoangaziwa hayatahifadhiwa."
   },
   "1493384967280942491": {
      "message": "Rangi ya waridi"
   },
   "1499433769420882987": {
      "message": "Inaonyesha $1​"
   },
   "1505876360160857231": {
      "message": "TB $1​"
   },
   "1521707405717823409": {
      "message": "Zambarau"
   },
   "153439508598626384": {
      "message": "Picha zako"
   },
   "1536051766421561160": {
      "message": "alama sawa"
   },
   "156992719062713230": {
      "message": "Kijivu"
   },
   "1586968957182554447": {
      "message": "Zima"
   },
   "1588268697057804046": {
      "message": "Saa $1​ zilizopita"
   },
   "1603139897109307706": {
      "message": "Hitilafu, tafadhali jaribu tena"
   },
   "1604359562654146902": {
      "message": "Picha"
   },
   "1633370388224271051": {
      "message": "Hakuna watu waliopatikana."
   },
   "1633798963327779260": {
      "message": "Kesho"
   },
   "1654222450095043962": {
      "message": "Sauti"
   },
   "1656911987308166143": {
      "message": "Futa"
   },
   "1665821947855814052": {
      "message": "Ukubwa"
   },
   "1692901784886701962": {
      "message": "Dokezo ni kubwa mno."
   },
   "1697160643589236962": {
      "message": "PB $1​"
   },
   "1700522311470719738": {
      "message": "Nikumbushe"
   },
   "1701312243672511585": {
      "message": "Ruhusu maandisha yaende kwenye dokezo jipya »"
   },
   "1709410429018687341": {
      "message": "Asubuhi ($1​)"
   },
   "1715552550526864429": {
      "message": "Tafuta blogu"
   },
   "171683163267149669": {
      "message": "GB $1​"
   },
   "1739900012825270238": {
      "message": "Nenda kwenye kipengee kilichotangulia"
   },
   "1756171223417807431": {
      "message": "Hakikisha picha inaonekana hadharani. Kama picha yako imelindwa na nenosiri, au kama iko kwenye mtandao wa ndani, hatutaweza kuisoma."
   },
   "1759957963056319953": {
      "message": "Rudi kutoka $1​"
   },
   "1783719421893050637": {
      "message": "Vipimo"
   },
   "178927681797742562": {
      "message": "Ingia katika akaunti"
   },
   "1791115075948268631": {
      "message": "Fungua usaidizi wa mikato ya kibodi"
   },
   "1808245543551507519": {
      "message": "Sauti"
   },
   "1816851800848432562": {
      "message": "Ondoa"
   },
   "1818306025747564729": {
      "message": "Nenda kwenye kiungo"
   },
   "1823222042913714987": {
      "message": "Wasilisha nenosiri"
   },
   "1823854753950594157": {
      "message": "Vikae mahali vilipo"
   },
   "1830157062072535681": {
      "message": "Inaonyesha $1​"
   },
   "185012928288875755": {
      "message": "Hakuna vipengee vilivyolingana na kigezo chako."
   },
   "1856444915090632305": {
      "message": "Hati hii imesimbwa kwa njia fiche. Tafadhali ingiza nenosiri."
   },
   "1866863108233180413": {
      "message": "Folda"
   },
   "187077078156858455": {
      "message": "Kidokezo cha sauti"
   },
   "189303170370862360": {
      "message": "Vipengee $1​ kati ya $2​"
   },
   "1900571668686750716": {
      "message": "vCard"
   },
   "1901351411358749070": {
      "message": "Zilizoshirikiwa nami"
   },
   "1913425963149828429": {
      "message": "Toa kumbukumbu hii kwenda kwenye Hifadhi."
   },
   "1918176455405610789": {
      "message": "Nimemaliza"
   },
   "1920189655549476211": {
      "message": "urefu usiojulikana"
   },
   "1929603188252533075": {
      "message": "Video yako haikuweza kufutwa. Tafadhali jaribu tena."
   },
   "1951810091681076784": {
      "message": "{COUNT_1,plural, =1{Dokezo 1 linalolingana}other{Madokezo {COUNT_2} yanayolingana}}"
   },
   "1956794332842050061": {
      "message": "Ukurasa unaofuata"
   },
   "1965626377712226216": {
      "message": "Keynote"
   },
   "1968405748623909021": {
      "message": "Jaribu moja ya programu zilizo hapa chini ili ufungue au ubadilishe kipengee hiki"
   },
   "1974063091619095703": {
      "message": "Programu ya watu"
   },
   "1988244842147989817": {
      "message": "Madokezo yaliyo katika Tupio hufutwa baada ya siku 7."
   },
   "1993674829873313178": {
      "message": "Unatatizika kupakia? Tunafanya ukarabati, lakini mambo yatarejea shwari hivi karibuni."
   },
   "2003845117979929469": {
      "message": "Maelezo"
   },
   "2048322072989992494": {
      "message": "Bado hakuna mtu yeyote aliyeshiriki faili nawe!"
   },
   "2055836117545582610": {
      "message": "Mipangilio ya orodha"
   },
   "2059084517358086391": {
      "message": "Funga pau la utafutaji"
   },
   "2061440050632248160": {
      "message": "Hifadhi kwenye kumbukumbu"
   },
   "2068023589621557589": {
      "message": "Fonti ya TrueType"
   },
   "2073035325657060696": {
      "message": "Hakuna onyesho la kuchungulia linalopatikana."
   },
   "2073322475696388995": {
      "message": "Ruka kuelekea mbele"
   },
   "207810168108507460": {
      "message": "Saa $1​ iliyopita"
   },
   "2109272338124379867": {
      "message": "Mara ya mwisho kubadilishwa"
   },
   "2116013171202209313": {
      "message": "Chagua"
   },
   "2122256657192674586": {
      "message": "Tafuta video"
   },
   "2125135092719715773": {
      "message": "Pakia"
   },
   "212796670323571824": {
      "message": "Sawa"
   },
   "213665695896111861": {
      "message": "Madokezo"
   },
   "2138593281154109183": {
      "message": "Kumbukumbu"
   },
   "2147952938331523160": {
      "message": "Badilisha jina..."
   },
   "2154372123324862271": {
      "message": "mkwaju"
   },
   "2154940358270068005": {
      "message": "Weka madokezo yaliyofutwa kwa muda mrefu zaidi"
   },
   "2184278444368405837": {
      "message": "Vipengee $1​"
   },
   "2187239650627580457": {
      "message": "Wasilisha"
   },
   "2198096971937872560": {
      "message": "Kikumbusho:"
   },
   "220168959069469607": {
      "message": "Chaguo zaidi"
   },
   "221715292685577880": {
      "message": "Ndiyo"
   },
   "2220005860896049129": {
      "message": "Samahani, ilichukua muda mrefu sana kupata hati katika chanzo asili."
   },
   "2228413078211839077": {
      "message": "Samahani, kuna tatizo la muda linaotuzuia kukuonyesha hati."
   },
   "2235097878790803849": {
      "message": "Viambatisho kwaheri. Karibu Hifadhi ya Google."
   },
   "2257303402199718039": {
      "message": "Samahani, hatukuweza kupata hati katika chanzo asili. Thibitisha kuwa hati bado ipo."
   },
   "2274436793504233543": {
      "message": "Ghairi"
   },
   "2278224983638451454": {
      "message": "Jipatie sasa"
   },
   "2280650195464600721": {
      "message": "Usogezaji"
   },
   "2285069188138705005": {
      "message": "Programu zilizounganishwa"
   },
   "2289534534793293486": {
      "message": "Ondoa kwenye kumbukumbu"
   },
   "2289812403593835836": {
      "message": "Pages"
   },
   "229177484946387188": {
      "message": "Google Earth"
   },
   "2292696732672795285": {
      "message": "Ongeza sauti"
   },
   "230180475614658119": {
      "message": "Imemaliza"
   },
   "2304293593067358316": {
      "message": "Klipu ya sanaa"
   },
   "2310145944356900158": {
      "message": "Vilivyowekewa alama"
   },
   "2311880726221661199": {
      "message": "Inapakia ubora wa juu"
   },
   "2329167963662998826": {
      "message": "Google Keep ingependa kutumia eneo lako kuboresha mapendekezo ya maeneo kwa ajili ya vikumbusho vya eneo."
   },
   "234046557601727809": {
      "message": "Hakuna picha au video."
   },
   "2349912757088764940": {
      "message": "Zitaonekana kwa:"
   },
   "2359614137862708172": {
      "message": "Shift"
   },
   "2370463380397641604": {
      "message": "Njia maarufu za mikato ya kibodi"
   },
   "2370656573843123707": {
      "message": "bano la kulia"
   },
   "2393487423640708285": {
      "message": "URL si sahihi. Hakikisha inaanza kwa http:// au https://"
   },
   "2405795704816921421": {
      "message": "Faili ya $1​"
   },
   "2412314804333167252": {
      "message": "Lahajedwali hii ni kubwa sana. Bofya ili $3​uipakue$1​ au $4​ubadilishe katika Majedwali ya Google$1​."
   },
   "2418104318933043113": {
      "message": "Tafuta Picha na Google"
   },
   "2433429041384246549": {
      "message": "Nyamazisha"
   },
   "2449254824382583885": {
      "message": "Chomoza nje"
   },
   "2452522051596946166": {
      "message": "Lo! Kulikuwa na tatizo la kuchungulia $1​. Inajaribu tena..."
   },
   "2454642351139428112": {
      "message": "Tendua"
   },
   "2466251465475184755": {
      "message": "Ungependa kusafisha tupio? Madokezo yote yaliyo katika Tupio yatafutwa."
   },
   "2475181823688399272": {
      "message": "Kifuatacho"
   },
   "2484568559152875936": {
      "message": "Hakuna albamu za picha."
   },
   "2504232652631703202": {
      "message": "Imeunganishwa"
   },
   "251025074207413762": {
      "message": "Ongeza maelezo"
   },
   "2510929871271209216": {
      "message": "Lahajedwali hii ni kubwa sana. Bofya $2​hapa$1​ ili uipakue."
   },
   "2513437337377210144": {
      "message": "end"
   },
   "2524021436052870191": {
      "message": "Haiwezi kupakia faili hii. Ni faili za $1​ zisizozidi MB $2​ pekee zitakazofanya kazi."
   },
   "2532280782491328445": {
      "message": "Tafuta iliyotangulia"
   },
   "2538080331309772448": {
      "message": "Panga: $1​"
   },
   "2538462904124380434": {
      "message": "Dokezo limehamishwa hadi tupio"
   },
   "2546225293834487484": {
      "message": "Dokezo"
   },
   "2555961950726197809": {
      "message": "Inaonyesha anayeangalia."
   },
   "2558480112329900136": {
      "message": "Kijivu"
   },
   "257317112834806705": {
      "message": "Geuza kati ya mwonekano wa orodha na gridi"
   },
   "2579679351920691492": {
      "message": "Ruka kuelekea nyuma"
   },
   "2587566920590457715": {
      "message": "Maps Engine Lite"
   },
   "2609409316752026806": {
      "message": "PDF"
   },
   "2609750184896485102": {
      "message": "Video kutoka kwenye simu"
   },
   "2615188670181508661": {
      "message": "Hujachukua chochote hivi karibuni!"
   },
   "2623861453769098676": {
      "message": "Kuliwa na tatizo la kuchungulia kwanza hati hii."
   },
   "2628268670001557269": {
      "message": "Kiasi"
   },
   "2643241712502664984": {
      "message": "Video zako za YouTube"
   },
   "2661850177130037208": {
      "message": "Fungua kipengee"
   },
   "2681830832355823748": {
      "message": "Tafuta njia zote za mkato"
   },
   "2687303256387847763": {
      "message": "Umaarufu"
   },
   "2702485557996900362": {
      "message": "Rekebisha mabadiliko yanayokinzana"
   },
   "2705842902318123127": {
      "message": "Nenda kwenye dafatri/orodha inayofuata/iliyotangulia"
   },
   "272948685355798518": {
      "message": "Aina ya faili iliyochaguliwa si sahihi."
   },
   "2731144323070245943": {
      "message": "Mipangilio ya orodha"
   },
   "2742719907061406418": {
      "message": "XML"
   },
   "2750830436677712001": {
      "message": "{VIEWER_GENDER,select, female{Uundaji wa {FOLDER_NAME} haukufaulu.}male{Uundaji wa {FOLDER_NAME} haukufaulu.}other{Uundaji wa {FOLDER_NAME} haukufaulu.}}"
   },
   "2752123004911547510": {
      "message": "Inayovuma"
   },
   "2758125083752925237": {
      "message": "(Mmiliki)"
   },
   "277430914014962533": {
      "message": "Lo! Kulikuwa na tatizo la kuchungulia $1​."
   },
   "2774713922589657910": {
      "message": "Mtu yeyote kwenye kikoa"
   },
   "2786560864906393383": {
      "message": "Picha kutoka kwenye simu"
   },
   "2789687492331041935": {
      "message": "Chagua muda"
   },
   "2790446494460492805": {
      "message": "Kazi ya kutoa imeanza. Ujumbe wa kumbukumbu utaonekana katika akaunti yako ya barua pepe chini ya lebo ya \"Ingiza: $1​\"."
   },
   "2793841261389879255": {
      "message": "Ukurasa uliotangulia"
   },
   "2801153442808430222": {
      "message": "Hifadhi Yangu"
   },
   "2817277146396981386": {
      "message": "als"
   },
   "2818020101821669029": {
      "message": "Iliundwa"
   },
   "2818135503416309545": {
      "message": "Rekodi video"
   },
   "2827039933590757722": {
      "message": "Mikato ya Windows"
   },
   "2829226075651806940": {
      "message": "Kuza"
   },
   "2860188519781080944": {
      "message": "Rangi ya machungwa"
   },
   "2861568351294148466": {
      "message": "Hati"
   },
   "2864281852037732729": {
      "message": "Chache"
   },
   "2873089307546162154": {
      "message": "Sawa"
   },
   "2877285560485318801": {
      "message": "Sitisha"
   },
   "2878874627361086801": {
      "message": "onyesho la kuchungulia"
   },
   "2879276552944958066": {
      "message": "Rudi kwenye Folda ya $1​."
   },
   "289798573180023043": {
      "message": "Sawa"
   },
   "2902747751281161248": {
      "message": "Tumia kwenye orodha mpya"
   },
   "2905147317995482841": {
      "message": "Tumesasisha hali ya kutazama kwa faili zote katika Hifadhi ya Google. Sasa inapendeza na ni rahisi zaidi kutumia. Tunatumai utafurahia mwonekano huu mpya."
   },
   "2917498437550635075": {
      "message": "Ikoni"
   },
   "2964778642459027786": {
      "message": "Hakuna madokezo katika Tupio"
   },
   "2974598228601710262": {
      "message": "Ongeza"
   },
   "2979466412944870220": {
      "message": "Inapakia onyesho la kuchungulia..."
   },
   "2982511431742033448": {
      "message": "Hakuna mawasilisho."
   },
   "298817883481775869": {
      "message": "Inapakia..."
   },
   "3000689173481666334": {
      "message": "Hariri mduara wako"
   },
   "3029395493413607486": {
      "message": "Haikuweza kupakia kicheza-video. Jaribu kupakia tena ukurasa.$1​Ikiwa tatizo litaendelea, $3​pata ushauri kutoka kituo cha usaidizi$2​."
   },
   "3043961722025425136": {
      "message": "Maelezo"
   },
   "306516303501625305": {
      "message": "Uthibitishaji umeshindwa."
   },
   "3073005748126521632": {
      "message": "Ulikumbushwa katika $1​"
   },
   "3074184819310272351": {
      "message": "Picha zilizopakiwa"
   },
   "3084372889071691504": {
      "message": "{VIEWER_GENDER,select, female{Bandika URL hapa:}male{Bandika URL hapa:}other{Bandika URL hapa:}}"
   },
   "3095645856215493958": {
      "message": "Pata maandishi yaliyochapishwa katika picha"
   },
   "31018542656161389": {
      "message": "Kuza itoshee"
   },
   "3109321241584918345": {
      "message": "Unganisha programu zaidi..."
   },
   "3121560585545725724": {
      "message": "$1​, $2​"
   },
   "3140236589681731084": {
      "message": "baada ya saa $1​"
   },
   "3189854932778515441": {
      "message": "Dokezo lililowekwa katika Kumbukumbu"
   },
   "3207670492626476064": {
      "message": "Majedwali"
   },
   "3211163842850942567": {
      "message": "Kuza"
   },
   "3222929029344613957": {
      "message": "Samahani, hitilafu ilitokea wakati wa kufungua faili hii. Tafadhali jaribu tena."
   },
   "3233388241926683100": {
      "message": "Tafuta madokezo"
   },
   "3243829462528324248": {
      "message": "Kahawia"
   },
   "3250489229749307913": {
      "message": "Chapisho la Kielektroniki"
   },
   "3256928852560591255": {
      "message": "Hauwezi kubadilisha ikiwa katika Tupio"
   },
   "3261131345401321392": {
      "message": "Anaweza kutoa Maoni"
   },
   "3265524298292280681": {
      "message": "esc"
   },
   "3267563602179728277": {
      "message": "delete"
   },
   "3272496516667407797": {
      "message": "Kulikuwa na tatizo la kupakia maelezo."
   },
   "3275029321588462173": {
      "message": "Hamna"
   },
   "3278237562147211998": {
      "message": "Picha za matumizi ya kibiashara"
   },
   "330603631583186798": {
      "message": "Word"
   },
   "3306487262690341751": {
      "message": "Tarehe na saa"
   },
   "3312545971976531405": {
      "message": "Ujumbe"
   },
   "3319087486907616296": {
      "message": "Tuma kipengee hiki"
   },
   "3328129883064940351": {
      "message": "Fonti"
   },
   "3335409796971631780": {
      "message": "Inaota kwenda kwenye Hifadhi."
   },
   "3343451103608774400": {
      "message": "Tunatambulisha $3​Ramani Yangu mpya. $2​ $1​ Zana bora kwa ramani."
   },
   "3354260708176476985": {
      "message": "Inapakia;"
   },
   "3357778055650785985": {
      "message": "Kipengee ni kikubwa mno. Maandishi yaliyoangaziwa hayatahifadhiwa."
   },
   "3364679383274077479": {
      "message": "Sasisho la programu linapatikana"
   },
   "3368639944474272225": {
      "message": "Samahani, hatuwezi kuepua hati ili uangalie au huna idhini ya kuangalia hati hii."
   },
   "3381619429606029445": {
      "message": "Visio"
   },
   "3382236845597426718": {
      "message": "Imefunguliwa"
   },
   "3408219901032480508": {
      "message": "$2​; $1​"
   },
   "3409257542937182842": {
      "message": "Inajaribu..."
   },
   "3409483962000136213": {
      "message": "Cheza/Sitisha"
   },
   "3418767079436101103": {
      "message": "Kulikuwa na tatizo la kupakia ukurasa huu."
   },
   "3421685394169412932": {
      "message": "Mabadiliko yote unayofanya yanahifadhiwa moja kwa moja"
   },
   "3422389100099960864": {
      "message": "Hakuna picha."
   },
   "3428726060007577698": {
      "message": "Orodha ni kubwa mno."
   },
   "3430885603500576146": {
      "message": "Chagua picha ambazo umethibitisha kuwa una leseni ya kuzitumia pekee."
   },
   "3440534675925634227": {
      "message": "Katika dirisha la kivinjari cha Chrome, nenda kwenye chrome://settings na uhakikishe umeingia katika akaunti. Kisha ubofye Ingia katika akaunti tena."
   },
   "3446158485617778228": {
      "message": "Tendua"
   },
   "3448234415275521882": {
      "message": "Maelezo ya Jumla"
   },
   "3448684788258660606": {
      "message": "Picha zako"
   },
   "3450585781337676327": {
      "message": "Inapakia..."
   },
   "3457279184692206825": {
      "message": "Picha zitaonekana kwa yeyote (hadharani kwenye wavuti)."
   },
   "3468441711253011521": {
      "message": "Majedwali ya Google"
   },
   "3473620774713000513": {
      "message": "Imetatuliwa"
   },
   "3483438888494819423": {
      "message": "Mapya katika Google Keep"
   },
   "3511274344439521198": {
      "message": "Vitendo"
   },
   "3518073392823563581": {
      "message": "Mikato ya kibodi"
   },
   "3531603810713611778": {
      "message": "Ukubwa wa faili umezidi kiwango cha juu kinachokubalika. Tafadhali ondoa moja au zaidi."
   },
   "3543475399174940144": {
      "message": "$1​+"
   },
   "3547194749488601916": {
      "message": "Inasasisha..."
   },
   "354828103903104581": {
      "message": "Vipengee vilivyochaguliwa"
   },
   "3561658662634401836": {
      "message": "Mada"
   },
   "357172711168973843": {
      "message": "Madokezo au mabadiliko yoyote yaliyoongezwa hivi karibuni hayakuhifadhiwa. Toa nakala yako mwenyewe ya maudhui, kisha upakie upya."
   },
   "3586705906700410505": {
      "message": "Michoro ya mstari"
   },
   "3587798318180902863": {
      "message": "{NUM_SELECTED,plural, =1{ zilizochaguliwa »}other{ zilizochaguliwa »}}"
   },
   "3595000514985906359": {
      "message": "Excel"
   },
   "3602920441714068008": {
      "message": "Ulikumbushwa mnamo $1​ saa $2​"
   },
   "3608606849109645545": {
      "message": "Ingiza jina jipya la hati:"
   },
   "361202495024972887": {
      "message": "Pakia video"
   },
   "361630518611593946": {
      "message": "Ficha visanduku vya kuteua"
   },
   "3625886392901506764": {
      "message": "au"
   },
   "3643146117250542609": {
      "message": "Hakuna PDF."
   },
   "3645728163953189422": {
      "message": "Samahani, hatuwezi kuepua hati hii ili uangalie kwa sababu ni mkubwa sana."
   },
   "3651893685901703652": {
      "message": "..."
   },
   "3657386785336906042": {
      "message": "mkwajunyuma"
   },
   "3659554681396757189": {
      "message": "Niliifungua"
   },
   "3663571259791438207": {
      "message": "Ripoti matumizi mabaya"
   },
   "3664842788764635265": {
      "message": "Hamna"
   },
   "3666123569747918021": {
      "message": "Hati hii ina mabadiliko ambayo hayajahifadhiwa. Unataka kutoka kwenye ukurasa huu na uyatupe mabadiliko yako?"
   },
   "3673346558112798837": {
      "message": "Hakuna mandharinyuma"
   },
   "3674811252904549204": {
      "message": "Picha za jalada"
   },
   "3678477908297567934": {
      "message": "mstari chini"
   },
   "3681747688524363195": {
      "message": "Juu"
   },
   "3690515530505404607": {
      "message": "Kulikuwa na tatizo la kucheza video hii."
   },
   "369764661829607970": {
      "message": "{NUM_ITEMS,plural, =0{Hakuna vipengee}=1{Kipengee 1}other{Vipengee #}}"
   },
   "3712215972250917265": {
      "message": "Maoni"
   },
   "3717138719704492547": {
      "message": "Tafadhali angalia kama anwani ina hitilafu za kuchapa."
   },
   "374088101949877889": {
      "message": "Funga"
   },
   "3745308627628779133": {
      "message": "Folda mpya"
   },
   "3748461364828242354": {
      "message": "Chagua rangi"
   },
   "3770795578481676514": {
      "message": "Njano"
   },
   "3771958676925493302": {
      "message": "Ondoa kichujio: $1​"
   },
   "3779945546806941187": {
      "message": "Rangi moja"
   },
   "3793086499925031123": {
      "message": "Fungua upau wa kutafutia / tafuta lililotangulia"
   },
   "37992665410817181": {
      "message": "Imefunguliwa upya"
   },
   "3801617971018550169": {
      "message": "Jana"
   },
   "3808213429720572062": {
      "message": "Rejesha"
   },
   "381100310424863459": {
      "message": "Illustrator"
   },
   "3842411126100113634": {
      "message": "pg-up"
   },
   "3844047145949375230": {
      "message": "Hati"
   },
   "3858324058837632381": {
      "message": "Kulikuwa na tatizo la kucheza faili hii ya sauti."
   },
   "3864575916269080329": {
      "message": "Picha unazoweza kutafuta yaliyomo"
   },
   "3866373087987934712": {
      "message": "Haikuweza kupakiwa: $1​"
   },
   "3869166581651870488": {
      "message": "Maliza kuhariri"
   },
   "3873215756962047275": {
      "message": "KUMBUKUMBU"
   },
   "3873467440437675460": {
      "message": "Samahani! Hatukuweza kupata fonti ulizoteua awali."
   },
   "3897281533382850749": {
      "message": "Washa"
   },
   "3936153839186254186": {
      "message": "Onyesha: $1​"
   },
   "3955760658925284765": {
      "message": "Jaribu tena"
   },
   "3974064131130689245": {
      "message": "Mwonekano gridi"
   },
   "3977699855735576796": {
      "message": "Kulikuwa na tatizo la kupakia kurasa zaidi."
   },
   "3988418762222300024": {
      "message": "nukta"
   },
   "3989552504822984034": {
      "message": "Mchoro kwenye Google"
   },
   "4005725939358875643": {
      "message": "Kitendo kimetenduliwa."
   },
   "4014287326684608407": {
      "message": "Tili"
   },
   "4048275292053012394": {
      "message": "Anwani"
   },
   "4059387791040010947": {
      "message": "Meta"
   },
   "4067915791853673774": {
      "message": "{VIEWER_GENDER,select, female{Funga}male{Funga}other{Funga}}"
   },
   "4078179869358383373": {
      "message": "Hakuna matokeo yaliyopatikana."
   },
   "4087667435414545203": {
      "message": "Haupo katika akaunti tena. Ili kufanya mabadiliko, pakia upya."
   },
   "4093134637041332383": {
      "message": "PATA MAELEZO ZAIDI"
   },
   "4097007735221462946": {
      "message": "Michoro"
   },
   "4097921967754832323": {
      "message": "kistari"
   },
   "4100504115801514799": {
      "message": "Dokezo limerejeshwa"
   },
   "4119294114251628099": {
      "message": "URL ya picha haikuweza kurejeshwa. Inaweza kuwa URL ya kibinafsi ambayo seva zetu haziwezi kufikia. Tafadhali jaribu URL tofauti."
   },
   "4134385041569168669": {
      "message": "Inapakia..."
   },
   "4148564423510181521": {
      "message": "Futa utafutaji"
   },
   "4152315289461886": {
      "message": "Vidhibiti vya hati"
   },
   "4168280976997555951": {
      "message": "Hakuna hati."
   },
   "4174786386751618325": {
      "message": "Dokezo la picha"
   },
   "4182427157920112948": {
      "message": "kiwimbi"
   },
   "4200426647595470259": {
      "message": "Anza kucheza faili ya sauti"
   },
   "4200911267543705377": {
      "message": "Andika hoja unayotaka kutafuta kwenye kisanduku kilicho hapo juu ili upate matokeo ya blogu kwa kutumia kipengele cha Google cha Kutafuta Blogu."
   },
   "4205329094859140439": {
      "message": "asb"
   },
   "4211182812451835307": {
      "message": "Anaweza Kubadilisha"
   },
   "4211806608204126222": {
      "message": "$2​Sheria na Masharti$1​"
   },
   "4214190403999219403": {
      "message": "Kuza"
   },
   "4230101516585408149": {
      "message": "Andika dokezo jipya"
   },
   "4253741616909644861": {
      "message": "Hoja za utafutaji"
   },
   "4280747719095153198": {
      "message": "Maoni Yameshughulikiwa"
   },
   "4286663890332754386": {
      "message": "Haikupakiwa."
   },
   "4299690446455033653": {
      "message": "Works"
   },
   "4314643310615423802": {
      "message": "Umeondoka kwenye akaunti"
   },
   "4318861667254318892": {
      "message": "Google Video"
   },
   "4319229296464464147": {
      "message": "Tarehe ilipoongezwa"
   },
   "4320831042030778": {
      "message": "Ghairi"
   },
   "4332252081504252077": {
      "message": "Lo!"
   },
   "4338991104991831337": {
      "message": "Picha"
   },
   "4339705658383891586": {
      "message": "Rangi kamili"
   },
   "4343825450663233452": {
      "message": "Anaweza Kuona"
   },
   "4343836986248234462": {
      "message": "Kipengee cha orodha"
   },
   "435214284915110062": {
      "message": "Fungua upau wa kutafutia"
   },
   "4372755508519489521": {
      "message": "Mwonekano Gridi"
   },
   "4391715930031906467": {
      "message": "Tafuta inayofuata"
   },
   "4395845663892873002": {
      "message": "home"
   },
   "4422985761498356257": {
      "message": "Fungua ukitumia"
   },
   "4430062722430863019": {
      "message": "Ungependa kufuta dokezo kabisa?"
   },
   "4439812492856303238": {
      "message": "Samahani! Hitilafu isiyojulikana imetokea wakati wa kuchakata uteuzi wako. Tafadhali jaribu tena baadaye."
   },
   "4444571967705751871": {
      "message": "Tupio"
   },
   "4466605492523079635": {
      "message": "Hifadhi"
   },
   "4468872996560163913": {
      "message": "Safisha Tupio sasa"
   },
   "4473912481270012588": {
      "message": "Imewekwa kwenye Hifadhi - Hamisha hadi kwenye:"
   },
   "45228242181482134": {
      "message": "Cheza"
   },
   "4536519876526589338": {
      "message": "Ishara ya $1​."
   },
   "4552045407215325033": {
      "message": "URL ya video uliyoingiza hapo juu haiwezi kupakiwa. Tafadhali hakikisha kuwa iko sahihi na inatoka kwa tovuti ambayo inatumika."
   },
   "4564682305303579317": {
      "message": "Endelea"
   },
   "456498742882714639": {
      "message": "Hamisha hadi:"
   },
   "4588500131398315347": {
      "message": "Unda mduara"
   },
   "4604402426271704651": {
      "message": "Hakuna picha"
   },
   "4620034373159179678": {
      "message": "Ukurasa wa $1​ kati ya $2​"
   },
   "4630690108252818511": {
      "message": "Hakuna picha zilizopatikana."
   },
   "468283184702431827": {
      "message": "Shu"
   },
   "4695897771458936174": {
      "message": "Shiriki picha kutoka kwenye Hifadhi ya Google katika Google+"
   },
   "4740100782728373253": {
      "message": "Weka kwenye Hifadhi"
   },
   "4748046231232264180": {
      "message": "Fomu za Google"
   },
   "4767722428137216885": {
      "message": "Ghairi"
   },
   "477328789314249432": {
      "message": "Tafuta madokezo"
   },
   "4775368111547931093": {
      "message": "Hakuna maelezo"
   },
   "4781742940361705258": {
      "message": "Ondoa"
   },
   "4783695823456312682": {
      "message": "Hamisha chini"
   },
   "47844150329705564": {
      "message": "Matokeo ya utafutaji ya \"$1​\""
   },
   "4798897505978458661": {
      "message": "Hakuna video zilizopatikana."
   },
   "4805047680716507619": {
      "message": " - Hamisha hadi kwenye:"
   },
   "4806763987633034948": {
      "message": "Sahihi ya PKCS7"
   },
   "4833214200453019325": {
      "message": "$1​ kati ya $2​"
   },
   "4846720038197420778": {
      "message": "Unganisha programu zaidi"
   },
   "4853788427396558692": {
      "message": "MB $1​"
   },
   "4858389278403807208": {
      "message": "Dokezo lililo katika Tupio"
   },
   "4888104357342241891": {
      "message": "Vikumbusho"
   },
   "4889853674709731963": {
      "message": "Madokezo yote yamehifadhiwa nje ya mtandao"
   },
   "4901386320110714275": {
      "message": "Nenosiri sio sahihi. Tafadhali jaribu tena."
   },
   "490372259452655427": {
      "message": "Samahani, bado hati haipatikani ili kutazamwa."
   },
   "4906669330059413958": {
      "message": "Wasilisha nenosiri"
   },
   "4908614808966678155": {
      "message": "Hakuna matokeo ya utafutaji ya \"$1​\""
   },
   "4926020998477695737": {
      "message": "Nenda kwenye folda ya $1​"
   },
   "4943176738805484221": {
      "message": "badilisha"
   },
   "4956678140555659175": {
      "message": "backspace"
   },
   "4957674814179289955": {
      "message": "Nenda kwenye kipengee cha orodha kinachofuata/kilichotangulia"
   },
   "4963784280521435720": {
      "message": "Inahifadhi..."
   },
   "4969219890884320840": {
      "message": "Sasisha"
   },
   "4983125135476400111": {
      "message": "Tupa dokezo/orodha"
   },
   "4988132901627446385": {
      "message": "Paneli ya maelezo imepanuliwa."
   },
   "4998757387516632837": {
      "message": "Matokeo yaliyoonyeshwa yamewekwa lebo kuwa yanaweza kutumika tena yakifanyiwa marekebisho."
   },
   "5006225450559627366": {
      "message": "$1​+ zaidi"
   },
   "501475221876543407": {
      "message": "Madokezo unayoongeza huonekana hapa"
   },
   "5023525794410110078": {
      "message": "Ongeza maandishi kwenye picha"
   },
   "5026241297254150381": {
      "message": "Ongeza dokezo"
   },
   "5046371569383796818": {
      "message": "Usiondoe"
   },
   "5055418092354683641": {
      "message": "Serif"
   },
   "5095987896933771566": {
      "message": "Chapisha hati"
   },
   "5096751700090310607": {
      "message": "Hakuna picha."
   },
   "509815948423424872": {
      "message": "Usogezaji"
   },
   "5099245668405591445": {
      "message": "Tafuta"
   },
   "512429649443191386": {
      "message": "$2​Usaidizi$1​"
   },
   "5124522868502261563": {
      "message": "Lahajedwali"
   },
   "5130903421326358933": {
      "message": "Kulikuwa na tatizo la kuhifadhi kiambatisho kwenye Hifadhi ya Google."
   },
   "5149937870346466591": {
      "message": "Mwonekano orodha"
   },
   "5169187962228219813": {
      "message": "Picha za maisha"
   },
   "5180454621500142444": {
      "message": "Rejesha"
   },
   "5180989337128758117": {
      "message": "bano la kushoto"
   },
   "5184692850089055965": {
      "message": "Nakili maandishi ya picha"
   },
   "5197718200713913936": {
      "message": "C++"
   },
   "5201670213497642487": {
      "message": "Upau wa kichupo cha paneli ya maelezo. Bonyeza vitufe vya kushoto na kulia ili kubadili kutoka kichupo kimoja hadi kingine."
   },
   "5204391636475413312": {
      "message": "Hifadhi"
   },
   "5213411023807957844": {
      "message": "Tafuta Google Keep"
   },
   "5213974294317036409": {
      "message": "{numPages,plural, =0{}=1{Ukurasa  1}other{Kurasa #}}"
   },
   "5226470917948786938": {
      "message": "Kialfabeti"
   },
   "5238003680997310998": {
      "message": "Zaidi"
   },
   "5238371081785912565": {
      "message": "Fungua ukitumia $1​"
   },
   "5275493935807628890": {
      "message": "Tumeshindwa kupata picha katika URL hiyo."
   },
   "5281121179861637423": {
      "message": "Nenosiri linahitajika ili ufikie $1​. Tafadhali ingiza nenosiri"
   },
   "5288037028604092288": {
      "message": "XPS"
   },
   "5291153964865714504": {
      "message": "Hakuna madokezo yanayolingana"
   },
   "5299648222246616124": {
      "message": "alama ya mtajo"
   },
   "5304869088141363028": {
      "message": "Picha zilizoangaziwa"
   },
   "5316658541831864803": {
      "message": "Samahani, aina hii ya hati haiwezi kuonyeshwa."
   },
   "5319313176242717957": {
      "message": "Inachakata picha..."
   },
   "5336801339221383042": {
      "message": "Javascript"
   },
   "534228323125524312": {
      "message": "Fifiza"
   },
   "5353129315502554762": {
      "message": "Jedwali la Mtindo"
   },
   "5372143986724491245": {
      "message": "Siku $1​ iliyopita"
   },
   "5372160981898991853": {
      "message": "Publisher"
   },
   "5399553230649155346": {
      "message": "baada ya saa $1​"
   },
   "5403830377590414208": {
      "message": "Nyeupe"
   },
   "5408091115193390231": {
      "message": "AutoCAD"
   },
   "5438481737351808090": {
      "message": "Alasiri ($1​)"
   },
   "544377415081282702": {
      "message": "Samahani."
   },
   "5447119197363232006": {
      "message": "Onyesha kwenye Hifadhi"
   },
   "5465323999933375616": {
      "message": "Umefikia upeo wa kipimo data wa kuangalia au kupakua faili ambazo haziko katika muundo wa Hati za Google."
   },
   "5472312735475866917": {
      "message": "Maoni ya $1​."
   },
   "547865385964196102": {
      "message": "Dakika $1​ zilizopita"
   },
   "5482872484546230111": {
      "message": "Tafuta vitabu"
   },
   "5494181290179470995": {
      "message": "Futa"
   },
   "5500117709595533163": {
      "message": "Andika hoja unayotaka kutafuta kwenye kisanduku kilicho hapo juu ili upate matokeo ya vitabu pepe kwa kutumia Vitabu vya Google."
   },
   "5514516347328112388": {
      "message": "Unaweza pia kujaribu kupakua hati asili kwa kubofya $2​hapa$1​."
   },
   "5529532831767466284": {
      "message": "{VIEWER_GENDER,select, female{{DEGREES}° {MINUTES}' {SECONDS}\"}male{{DEGREES}° {MINUTES}' {SECONDS}\"}other{{DEGREES}° {MINUTES}' {SECONDS}\" }}"
   },
   "5555182241047709329": {
      "message": "Chagua eneo"
   },
   "5555599189512365009": {
      "message": "NIMEELEWA"
   },
   "5571842632470308750": {
      "message": "Aina yoyote"
   },
   "5588597116382648727": {
      "message": "Inaanzisha kazi ya kutoa."
   },
   "5598649706113950710": {
      "message": "Kihariri"
   },
   "5609727719971819773": {
      "message": "{VIEWER_GENDER,select, female{Nyuma}male{Nyuma}other{Nyuma}}"
   },
   "5627470193961862490": {
      "message": "Madokezo yaliyo na vikumbusho vijavyo huonekana hapa"
   },
   "5631086126416409232": {
      "message": "Samawati"
   },
   "564165666160590723": {
      "message": "Kichezaji cha Windows Media"
   },
   "5660422479531064559": {
      "message": "Hakuna fomu."
   },
   "5675154446465700699": {
      "message": "PDF"
   },
   "568072913338360182": {
      "message": "HTML"
   },
   "5707549724380589079": {
      "message": "Ungependa kufuta vipengee vilivyowekewa alama?"
   },
   "5714240424645614611": {
      "message": "Kifurushi cha Android"
   },
   "5728640851616538925": {
      "message": "Kijani"
   },
   "5744491383087191878": {
      "message": "URL ya picha ambayo umeingiza hapo juu si sahihi au haiwezi kupakiwa."
   },
   "5747728324987383020": {
      "message": "Sura"
   },
   "5783875011049188612": {
      "message": "Maandishi ya picha yamenakiliwa"
   },
   "5785010887521443923": {
      "message": "Ondoa"
   },
   "5834678297024555032": {
      "message": "Ruhusu"
   },
   "5840330517914556080": {
      "message": "Fifiza"
   },
   "5842536098490298653": {
      "message": "Hakuna fonti zilizopatikana."
   },
   "5865680764501413616": {
      "message": "Haiwezi kutambua maandishi."
   },
   "5871966496153339793": {
      "message": "Inaonyesha kijipicha cha video $1​"
   },
   "5875004331736681428": {
      "message": "Inatoa kwenda kwenye akaunti yako ya barua pepe."
   },
   "587666071025645113": {
      "message": "Utafutaji"
   },
   "5877526626743756786": {
      "message": "Maoni"
   },
   "5889725440363483648": {
      "message": "Mtu yeyote kwenye kundi"
   },
   "5911012384539794869": {
      "message": "Haikuweza kuanzisha kazi ya kutoa."
   },
   "5916010927050975496": {
      "message": "KB $1​"
   },
   "5949528478488617689": {
      "message": "Ruhusa ya Kupakua"
   },
   "5950887255133612666": {
      "message": "Haijaanza."
   },
   "5969696744752069015": {
      "message": "Hakuna onyesho la kuchungulia."
   },
   "5971400924847413790": {
      "message": "Au, unaweza kuangalia$2​HTML ghafi$1​ (inaelekezwa kiotomatiki)."
   },
   "5972111804366033138": {
      "message": "Pakua"
   },
   "5975031149676029214": {
      "message": "Kila mtu"
   },
   "5976369213680241300": {
      "message": "Tafuta picha"
   },
   "5980081664136280513": {
      "message": "Kijani"
   },
   "5984398071085567332": {
      "message": "Google Fusion Tables"
   },
   "6009962986062136164": {
      "message": "Inapakia $1​."
   },
   "60305871484579258": {
      "message": "Alt"
   },
   "6043068172993241858": {
      "message": "Hamna mtu katika mduara huu."
   },
   "604883455412617728": {
      "message": "Hakuna anwani zinazolingana na utafutajii wako."
   },
   "6051386830221821025": {
      "message": "Inaingia katika akaunti ..."
   },
   "6064654062949366878": {
      "message": "Cheza"
   },
   "6070475007374165567": {
      "message": "Inahifadhi..."
   },
   "6083586461434260179": {
      "message": "Hali mpya ya kutazama"
   },
   "6087078248621415351": {
      "message": "Ilirekebishwa $1​"
   },
   "6091926883608250483": {
      "message": "Zaidi"
   },
   "6105571474005679446": {
      "message": "Kulikuwa na tatizo la onyesho la kuchungulia."
   },
   "6113237889871930608": {
      "message": "Dokezo lisilo na chochote"
   },
   "6118623991445349480": {
      "message": "Ukurasa $1​"
   },
   "6122643025527543706": {
      "message": "Ctrl"
   },
   "6131822680770571276": {
      "message": "PowerPoint"
   },
   "6140634664402328750": {
      "message": "Orodha ya programu"
   },
   "6149175749937815029": {
      "message": "Angalia vipengee vyote"
   },
   "6160805346274626656": {
      "message": "Futa kabisa"
   },
   "616807262818311711": {
      "message": "Aina"
   },
   "6175043905327075444": {
      "message": "Iliyochaguliwa awali"
   },
   "6177107655089301674": {
      "message": "Pakua programu ya Google Keep ya Android"
   },
   "6185886893933834031": {
      "message": "Weka iliyoteuliwa"
   },
   "6186290899408627510": {
      "message": "enter"
   },
   "6189891414154673003": {
      "message": "Ramani Zangu"
   },
   "6203260615455347677": {
      "message": "Numbers"
   },
   "6223207695466118454": {
      "message": "YouTube"
   },
   "6224687211096863620": {
      "message": "Mtu yeyote"
   },
   "623118860067088424": {
      "message": "Video"
   },
   "6231401379881217113": {
      "message": "insert"
   },
   "6252259197986158120": {
      "message": "Jana"
   },
   "6253076263700695984": {
      "message": "Hitilafu ya uthibitishaji. Tafadhali pakia upya."
   },
   "6255475144867830247": {
      "message": "Chagua kutoka vichupo vingine vya kusogeza."
   },
   "6267063643272327592": {
      "message": "Tafadhali jaribu tena baadaye."
   },
   "6290270819062517523": {
      "message": "Vipengee vingi sana vimechaguliwa. Tafadhali ondoa kipengee kimoja au zaidi."
   },
   "6305748545202493254": {
      "message": "Onyesha/Ficha kidirisha cha maelezo"
   },
   "6324768448533022780": {
      "message": "$1​ $2​"
   },
   "6331677437567501421": {
      "message": "Kulikuwa na tatizo la kusasisha ruhusa ya kupakua."
   },
   "6333496730738019575": {
      "message": "Inapakia..."
   },
   "634900089121611600": {
      "message": "Hakuna video."
   },
   "6362170008350775214": {
      "message": "Kikumbusho katika $1​"
   },
   "6375395544374251820": {
      "message": "Kulikuwa na tatizo la kupakia kurasa zaidi. Inajaribu tena..."
   },
   "6376739025584042564": {
      "message": "Punguza picha"
   },
   "6386587519843563719": {
      "message": "Faili za mfumo wa jozi"
   },
   "6416495701611778255": {
      "message": "Programu za wengine zinazopendekezwa"
   },
   "6419411265907669340": {
      "message": "Leo"
   },
   "6436479735235889890": {
      "message": "Kikumbusho cha saa $2​, $1​"
   },
   "6450508807204492448": {
      "message": "ikoni ya $1​"
   },
   "6457802200418354862": {
      "message": "Wanaoangalia wanaweza kupakua"
   },
   "6459405233858728718": {
      "message": "Slaidi za Google"
   },
   "6464761738227651511": {
      "message": "Dakika $1​ iliyopita"
   },
   "6466736813846482957": {
      "message": "Kilichotangulia"
   },
   "6479216014938929613": {
      "message": "Usiku ($1​)"
   },
   "6482358947077977110": {
      "message": "Picha za huduma ya tafuta na Google"
   },
   "6487403767449360463": {
      "message": "Ungependa kupakia Google Keep upya?"
   },
   "6488225756782357866": {
      "message": "Picha uliyoangazia ilipatikana na Tafuta Picha na Google katika ukurasa huu:"
   },
   "6510131849363684615": {
      "message": "Kesho"
   },
   "6516256764288947999": {
      "message": "Tambulisha watu"
   },
   "6522917155620379865": {
      "message": "Pakua"
   },
   "6524849072392100692": {
      "message": "Folda ya Hifadhi ya Google"
   },
   "6551588617715293696": {
      "message": "Panga chaguo"
   },
   "6570921376519753466": {
      "message": "Onyesho"
   },
   "6571686604846453345": {
      "message": "Kulikuwa na tatizo la kuongeza kipengee hiki kwenye Hifadhi ya Google."
   },
   "6582286158693833652": {
      "message": "Pata maelezo zaidi"
   },
   "6588176324871799870": {
      "message": "Hati za Programu za Google"
   },
   "6602430002978098812": {
      "message": "Mwandiko"
   },
   "6614046405230762587": {
      "message": "Hakuna anwani zilizopatikana."
   },
   "6622304228074863427": {
      "message": "Programu"
   },
   "6624754161346656119": {
      "message": "Ishara ya $1​."
   },
   "6644861766016503644": {
      "message": "Nenosiri Linahitajika"
   },
   "6650600936729710500": {
      "message": "Majibu."
   },
   "666311703374681171": {
      "message": "Picha na video"
   },
   "6666820082708870349": {
      "message": "Ondoa"
   },
   "6707173584987026005": {
      "message": "Leo"
   },
   "6709984792949009238": {
      "message": "Mwisho nilipofungua"
   },
   "6726462693927865256": {
      "message": "Maelezo"
   },
   "6726879257388338969": {
      "message": "Chapisha"
   },
   "6726925393892510846": {
      "message": "Hitilafu imetokea. Tafadhali jaribu tena."
   },
   "6741759391888465238": {
      "message": "Inaweka kwenye Hifadhi - Hamisha hadi kwenye:"
   },
   "6744457949320515234": {
      "message": "Dokezo lisilo na chochote limetupwa"
   },
   "6757218172402086688": {
      "message": "Tafuta Madokezo..."
   },
   "6780628488957834429": {
      "message": "Rangi ya machungwa"
   },
   "6784073265197389491": {
      "message": "Pata maelezo zaidi"
   },
   "681598652078493281": {
      "message": "Pata maelezo zaidi"
   },
   "6818286476757207074": {
      "message": "Chagua picha ambazo umethibitisha kuwa una leseni ya kuzitumia pekee."
   },
   "682070933835616121": {
      "message": "Hakuna majedwali."
   },
   "6822338149422461362": {
      "message": "Hifadhi ya Google"
   },
   "6827821461670731013": {
      "message": "Onyesha visanduku vya kuteua"
   },
   "6828581947433060251": {
      "message": "Kulikuwa na tatizo la kukipa kipengee jina lingine."
   },
   "6833760103261954639": {
      "message": "Kulikuwa na tatizo la kupakia ukurasa huu. Inajaribu tena..."
   },
   "6841020391100928352": {
      "message": "Ukubwa wa faili umezidi kiwango cha juu kinachokubalika."
   },
   "6851307437837490686": {
      "message": "Zuia wanaoangalia wasipakue"
   },
   "6856672816797218730": {
      "message": "Ambatisha"
   },
   "6891563484025164308": {
      "message": "Iliyotangulia"
   },
   "6893687445500687349": {
      "message": "Tovuti"
   },
   "6898823203505321799": {
      "message": "Maelezo"
   },
   "6904351530369058983": {
      "message": "Mmiliki"
   },
   "6905021988981026920": {
      "message": "Utafutaji wa video"
   },
   "6922953828399110511": {
      "message": "Funga kitazamaji"
   },
   "6929958461954697067": {
      "message": "Picha ulizopigwa"
   },
   "6939782595426687411": {
      "message": "Inaongeza..."
   },
   "6940998537415516791": {
      "message": "saa"
   },
   "695253297035211081": {
      "message": "Safisha Tupio"
   },
   "6967244066810487978": {
      "message": "TUPIO"
   },
   "6970167488058122005": {
      "message": "mwandishi hajulikani"
   },
   "6976414863987386971": {
      "message": "Fomu"
   },
   "7001938470263404128": {
      "message": "Pakia"
   },
   "7002768663714031226": {
      "message": "Sasisha"
   },
   "7004919150329996187": {
      "message": "Hakuna watu wanaolingana waliopatikana katika mduara huu."
   },
   "7054631817922169541": {
      "message": "Google Keep ina mabadiliko ambayo hayajahifadhiwa. Unataka kutoka katika ukurasa huu na utupe mabadiliko yako?"
   },
   "7059437903473652416": {
      "message": "Cheza video kwenye YouTube $1​"
   },
   "7080196430479494775": {
      "message": "Jaribu tena"
   },
   "7084324152376766809": {
      "message": "Siku $1​ zilizopita"
   },
   "7084991134824194740": {
      "message": "Nikumbushe"
   },
   "7092062731478679314": {
      "message": "Hakuna miduara iliyopatikana."
   },
   "7117183622067702162": {
      "message": "Ukiwa na Hifadhi ya Google, huhitaji tena kutuma kiambatisho kingine cha barua pepe. Shiriki tu kiungo cha faili yoyote uliyohifadhi kwenye Hifadhi ya Google. Kwa kufanya hivyo kila mtu anaweza kufikia faili na toleo sawa - kiotomatiki."
   },
   "713754035716193665": {
      "message": "Orodha mpya"
   },
   "7146242673022399081": {
      "message": "Matini"
   },
   "7148992630785407972": {
      "message": "Faili hii imelindwa kwa nenosiri na haiwezi kuchunguliwa kwanza."
   },
   "7151987668860086450": {
      "message": "Utafutaji wavuti"
   },
   "7153847618034547771": {
      "message": "Washa"
   },
   "7161134329606048317": {
      "message": "Funga"
   },
   "7164532930742017984": {
      "message": "Mtu yeyote aliye na kiungo."
   },
   "7174189954350964804": {
      "message": "Jaribu tena"
   },
   "7177591028189992523": {
      "message": "Hamisha"
   },
   "7188754206068648188": {
      "message": "Data Iliyotenganishwa kwa Koma"
   },
   "7225837680381806920": {
      "message": "Jioni ($1​)"
   },
   "722702934847795304": {
      "message": "Project"
   },
   "7236199858216720905": {
      "message": "Ramani"
   },
   "7247530225058410142": {
      "message": "$2​ $1​"
   },
   "7259352906118493156": {
      "message": "Hakuna tovuti."
   },
   "7282548567245878869": {
      "message": "Kipengee kimefutwa"
   },
   "7295712436136900176": {
      "message": "Pakia upya"
   },
   "7310311230493556740": {
      "message": "URL"
   },
   "7339696241980105410": {
      "message": "Video uliyochagua haipo tena. Mmliki anaweza kuwa ameindoa."
   },
   "7342923890755029722": {
      "message": "Funga"
   },
   "734478884582426793": {
      "message": "Kumbukumbu Iliyofupishwa"
   },
   "7357017164339332230": {
      "message": "Picha hizi pia zinapatikana kwa ajili ya kutazamwa na kushirikiwa katika$2​Albamu za Wavuti za Picasa$1​, huduma ya Google ya upangishaji picha bila malipo."
   },
   "736105042796745909": {
      "message": "{VIEWER_GENDER,select, female{Unda folda}male{Unda folda}other{Unda folda}}"
   },
   "7362061801920948830": {
      "message": "Pakia Mengine"
   },
   "7364571366369083618": {
      "message": "Video"
   },
   "7377239345926788722": {
      "message": "Vitendo"
   },
   "7380785991026002613": {
      "message": "Matokeo yanayoonyeshwa yamewekwa lebo kuwa yanaweza kutumika tena."
   },
   "7382688299146249119": {
      "message": "Pakua kipengee"
   },
   "7383706174467122149": {
      "message": "Dokezo limefutwa"
   },
   "7388342865555961406": {
      "message": "baada ya siku $1​"
   },
   "7393771571081973549": {
      "message": "C"
   },
   "740507516967994591": {
      "message": "Fungua"
   },
   "7422452809590461532": {
      "message": "Nyekundu"
   },
   "7426603384368095928": {
      "message": "Tafadhali pakia upya ukurasa ili kuingia tena na kuendelea kufanya kazi."
   },
   "7429084719905985261": {
      "message": "Objective-C"
   },
   "7432956605646331928": {
      "message": "SQL"
   },
   "7440735091552109962": {
      "message": "$2​ (ilibadilishwa $1​ )"
   },
   "7441891675459021164": {
      "message": "Inaweka kwenye Hifadhi"
   },
   "7451573821837395189": {
      "message": "Kipengee kimeongezwa kwenye $2​Hifadhi yako$1​."
   },
   "7468322419516352788": {
      "message": "Kulikuwa na tatizo la kusasisha maelezo."
   },
   "7488945223835574498": {
      "message": "Postscript"
   },
   "7492710087472140422": {
      "message": "Pata maelezo zaidi"
   },
   "7493919863870655172": {
      "message": "Kamera ya wavuti"
   },
   "7500786109708143683": {
      "message": "Rekodi ya kusikiliza imefutwa"
   },
   "7501027876827009022": {
      "message": "Matokeo yanayoonyeshwa yameweka lebo kuwa yanaweza kutumika kibiashara tena."
   },
   "7521272923988336579": {
      "message": "Pata sasisho mpya kwa kupakia Google Keep upya sasa."
   },
   "7532552995569296274": {
      "message": "Futa matokeo ya utafutaji"
   },
   "7546994163355383999": {
      "message": "Madokezo yote yamehifadhiwa"
   },
   "7559208209275370228": {
      "message": "Mara ya mwisho nilipoibadilisha"
   },
   "7565383798249439151": {
      "message": "baada ya siku $1​"
   },
   "7565870443143407759": {
      "message": "Tafuta katika hati"
   },
   "7586291841734385643": {
      "message": "Chomoza nje"
   },
   "7598582624136632660": {
      "message": "Fungua upau wa kutafutia / tafuta linalofuata"
   },
   "7602870977118971161": {
      "message": "Pakia upya"
   },
   "7610654194202731772": {
      "message": "Futa"
   },
   "761925792744044896": {
      "message": "Weka iwe picha ya wasifu"
   },
   "7630723924002267143": {
      "message": "Mikato ya kibodi imewashwa."
   },
   "7640546114686970497": {
      "message": "Hauwezi kuongeza vipengee zaidi"
   },
   "7669846901402551021": {
      "message": "Leo"
   },
   "7691521283331762131": {
      "message": "Madokezo yaliyohifadhiwa kwenye kumbukumbu huonekana hapa"
   },
   "772000107335590599": {
      "message": "baada ya dakika $1​"
   },
   "7734578122414851725": {
      "message": "PHP"
   },
   "7745005220197261896": {
      "message": "Utafutaji Vitabu"
   },
   "7759846028901235026": {
      "message": "Dokezo limeondolewa kwenye kumbukumbu"
   },
   "776065748745885880": {
      "message": "space"
   },
   "7770982082843341533": {
      "message": "Hakuna vipengee kwenye folda hii."
   },
   "779472474101127362": {
      "message": "Piga picha ya haraka"
   },
   "7800318069267901681": {
      "message": "Ilibadilishwa"
   },
   "7805487598105530487": {
      "message": "Kulingana na maandishi"
   },
   "7814778057875152792": {
      "message": "Kulikuwa na tatizo la kuhamisha kiambatisho kwenda kwenye folda iliyochaguliwa katika Hifadhi ya Google."
   },
   "7820417126206702946": {
      "message": "Matokeo yanayoonyeshwa yanapatikana kwa matumizi ya kibinafsi au kibiashara katika Hifadhi ya Google tu, na hayawezi kusambazwa upya au kuuzwa pekee."
   },
   "7822364282298323175": {
      "message": "Orodha imefutwa"
   },
   "7830513726270865588": {
      "message": "Kalenda"
   },
   "7845751753397906805": {
      "message": "Mabadiliko yanayokinzana yamepatikana"
   },
   "7852396628465259068": {
      "message": "Picha ya wasifu"
   },
   "7859526172011446452": {
      "message": "Acha kutuma"
   },
   "78870906674150830": {
      "message": "$3​$1​$2​"
   },
   "7895643887742936844": {
      "message": "nukta mkato"
   },
   "7899833760457194273": {
      "message": "Utafutaji wa picha"
   },
   "7899913952063063825": {
      "message": "Picha imefutwa"
   },
   "7906726367011430855": {
      "message": "Unganisha"
   },
   "7910518224461588465": {
      "message": "Njano"
   },
   "7953603850004320936": {
      "message": "Onyesho la kuchungulia halipo."
   },
   "7957306528733096600": {
      "message": "Shughuli Imekamilika"
   },
   "7960528690514646841": {
      "message": "{moreCount,plural, =0{unused plural form}=1{+ 1 zaidi}other{+ {moreCount} zaidi}}"
   },
   "7973635145070803181": {
      "message": "Pakia picha"
   },
   "7987180255015869513": {
      "message": "Au bandika anwani ya wavuti hapa:"
   },
   "8011497727123874703": {
      "message": "Kitufe cha Folda ya $1​"
   },
   "8016231262233952856": {
      "message": "Tili"
   },
   "8019402848412685977": {
      "message": "\" $2​ \" kilipewa jina jipya la \" $1​ \"."
   },
   "8023466614826324314": {
      "message": "Picha zitashirikiwa kwa hadhira kubwa."
   },
   "8043514121228710092": {
      "message": "Ongeza picha"
   },
   "8044700199531805239": {
      "message": "$3​ $1​ $2​ imeunganishwa."
   },
   "8069384932934428393": {
      "message": "baada ya dakika $1​"
   },
   "8081927474846706026": {
      "message": "Hakuna michoro."
   },
   "8090743714060857028": {
      "message": "Wanaoangalia hawawezi kupakua"
   },
   "8095838445486198080": {
      "message": "{FILE_SIZE,plural, =0{Baiti 0}=1{Baiti 1 }other{Baiti # }}"
   },
   "8099047958506869131": {
      "message": "{VIEWER_GENDER,select, female{Folda Mpya}male{Folda Mpya}other{Folda Mpya}}"
   },
   "8100558294600077150": {
      "message": "Tafuta Blogu"
   },
   "8105635255693472607": {
      "message": "Ongeza vipengee vipya kwenye orodha"
   },
   "8106780183458743723": {
      "message": "Albamu za picha"
   },
   "8112699352770418817": {
      "message": "Hakuna vitabu vilivyopatikana."
   },
   "8132410616064087953": {
      "message": "Video ni ndefu sana (upeo wa muda ni sekunde $1​)."
   },
   "8135145577663029437": {
      "message": "Hifadhi yote mawili"
   },
   "8146560259680897627": {
      "message": "Ghairi"
   },
   "8158191101452862916": {
      "message": "Ingiza picha"
   },
   "8159493406018222636": {
      "message": "Tuma maoni"
   },
   "8172945196588870035": {
      "message": "Matukio"
   },
   "8174654098152723289": {
      "message": "Badilisha Maelezo"
   },
   "8178754379486173416": {
      "message": "{VIEWER_GENDER,select, female{Vipengee vichache sana vimechaguliwa. Tafadhali chagua zaidi.}male{Vipengee vichache sana vimechaguliwa. Tafadhali chagua zaidi.}other{Vipengee vichache sana vimechaguliwa. Tafadhali chagua zaidi.}}"
   },
   "8192378456655629049": {
      "message": "Inachakata video..."
   },
   "8193991135666622583": {
      "message": "Google Keep"
   },
   "821942580510564685": {
      "message": "Tafadhali ingiza nenosiri la hati hii ili uitazame"
   },
   "8239237134193392595": {
      "message": "Arifa za vikumbusho vya mahali hutokea kwenye vifaa vya mkononi pekee."
   },
   "8267458240960831780": {
      "message": "Inathibitisha..."
   },
   "8281141013543828574": {
      "message": "Picha Ghafi"
   },
   "8281678863271800533": {
      "message": "Kichujio cha picha"
   },
   "8283103456188558313": {
      "message": "Mawasilisho"
   },
   "8290434443655418968": {
      "message": "{filesCount,plural, =0{unused plural form}=1{Faili[{file}] iliyochaguliwa haiwezi kupakiwa.}other{Faili [{files}] zilizochaguliwa haziwezi kupakiwa.}}"
   },
   "8304474373444239435": {
      "message": "Jibu la $1​."
   },
   "8322416564157128458": {
      "message": "Kushiriki"
   },
   "8324195080917648153": {
      "message": "Video haiwezi kutoshea hapa. Tafadhali kifanye kidirisha cha kivinjari chako kiwe kikubwa kiasi."
   },
   "8337582740675387693": {
      "message": "Java"
   },
   "8342684858400436871": {
      "message": "tab"
   },
   "8379952094517631162": {
      "message": "La"
   },
   "8409393124758970712": {
      "message": "$2​ x $1​"
   },
   "8412684147928483084": {
      "message": "Nyeusi"
   },
   "8435544675017330861": {
      "message": "Hakuna vipengee vinavyolingana na ulichotafuta."
   },
   "8436817383042650304": {
      "message": "caps-lock"
   },
   "8451184312655705174": {
      "message": "Kama URL yako ni sahihi, utaona onyesho la kuchungulia hapa. Picha kubwa huenda zikachukuwa dakika kadhaa kabla zionekane."
   },
   "8467894483369467251": {
      "message": "Flash"
   },
   "8506198918368329269": {
      "message": "Matokeo yanayoonyeshwa yamewekwa lebo kuwa yanaweza kutumika tena kibiashara yakifanyiwa marekebisho."
   },
   "8571315158566081191": {
      "message": "Hakuna lahajedwali."
   },
   "8580600056399054303": {
      "message": "Weka mahali pa kuhifadhi vipengee vipya au vilivyochaguliwa"
   },
   "8595175575778060149": {
      "message": "Zaidi"
   },
   "8596257056433048992": {
      "message": "Karibu."
   },
   "8616342546716995946": {
      "message": "Nimeelewa"
   },
   "8621067185485606452": {
      "message": "ECMAScript"
   },
   "8638281560898810401": {
      "message": "{MINUTES,plural, =0{Dakika 0  }=1{Dakika 1  }other{Dakika #  }}{SECONDS,plural, =0{Sekunde 0.}=1{Sekunde 1.}other{Sekunde #.}}"
   },
   "863955692838281739": {
      "message": "Funga"
   },
   "8643398764569428530": {
      "message": "Ungependa kutaruhusu Google Keep ionyeshe arifa?"
   },
   "8652566647088230560": {
      "message": "Jaribio la Kindani Halifai Kufichuliwa"
   },
   "8660016472468563221": {
      "message": "nukta pacha"
   },
   "8663507590720636709": {
      "message": "$1​ + $2​ zaidi"
   },
   "8666643061920113075": {
      "message": "{VIEWER_GENDER,select, female{Bandika URL ya picha hapa:}male{Bandika URL ya picha hapa:}other{Bandika URL ya picha hapa:}}"
   },
   "8674222789100049233": {
      "message": "Funga"
   },
   "86815590954366945": {
      "message": "Orodha ya maudhui iliyowekwa kwenye kumbukumbu"
   },
   "8709611758728645225": {
      "message": "pg-down"
   },
   "8711002053494037632": {
      "message": "Vipengee vyote vimeondolewa alama"
   },
   "8748281640412284111": {
      "message": "Picha za akiba"
   },
   "8759520888087120926": {
      "message": "Hakuna hati."
   },
   "8775097441636640256": {
      "message": "$2​ - $1​"
   },
   "8780212274435014958": {
      "message": "Miduara"
   },
   "8781837301864053001": {
      "message": "Matini Tondoti"
   },
   "8792038552136453044": {
      "message": "Lo! Kuna tatizo ambalo limetokea."
   },
   "8793166064242077041": {
      "message": "Kulikuwa na tatizo la kuonyesha picha hii."
   },
   "8813101408630252335": {
      "message": "sekunde $1​"
   },
   "8820281478062782578": {
      "message": "Tafuta"
   },
   "8822326207328431952": {
      "message": "Upakiaji wa picha haupatikani"
   },
   "8840223453482998505": {
      "message": "Folda iliyochaguliwa $1​"
   },
   "8845176264121061589": {
      "message": "Usichague yoyote"
   },
   "8850238112725591771": {
      "message": "njia mkato $1​"
   },
   "8852550049823214385": {
      "message": "kisha"
   },
   "8883744193208363722": {
      "message": "Sasisho la programu linapatikana."
   },
   "8884900765322249670": {
      "message": "Mwonekano Orodha"
   },
   "8889019648958415451": {
      "message": "Faili Isiyojulikana"
   },
   "8911996820409711834": {
      "message": "Hamisha maandishi kwenda kwenye orodha mpya ya vipengee »"
   },
   "8916237870980173557": {
      "message": "Inaunganisha..."
   },
   "8917554093651202032": {
      "message": "Cheza $1​"
   },
   "8919660666733306860": {
      "message": "Picha"
   },
   "8930959387403789939": {
      "message": "Kikumbusho"
   },
   "8943760679396635042": {
      "message": "Inaonyesha $1​."
   },
   "8953555255469284376": {
      "message": "Dondosha picha hapa"
   },
   "8979615310931291676": {
      "message": "Ilibadilishwa $1​"
   },
   "8986044948621891903": {
      "message": "Andika hoja unayotaka kutafuta kwenye kisanduku kilicho hapo juu ili upate matokeo ya wavuti kwa kutumia kipengele cha Tafuta Wavuti na Google."
   },
   "901615442107785480": {
      "message": "Weka dokezo/orodha kwenye kumbukumbu"
   },
   "9024023699330078373": {
      "message": "Kufungua kipengee hiki kutakiongeza kwenye Hifadhi yako"
   },
   "9028041601596584772": {
      "message": "Eneo"
   },
   "9058308423774656474": {
      "message": "Kichakata Matini cha Hangul"
   },
   "9083935734710258396": {
      "message": "Kataa"
   },
   "9094248058931620597": {
      "message": "Paneli ya maelezo imekunjwa."
   },
   "9114674068220302553": {
      "message": "Kama kiambatisho"
   },
   "911586799466052745": {
      "message": "Uchoraji wa OpenOffice"
   },
   "9130962320402467249": {
      "message": "Picha za matumizi ya kibiashara"
   },
   "9146716987301178362": {
      "message": "Imekumbana na hitilafu. Tafadhali pakia upya."
   },
   "9165877886714239857": {
      "message": "Haiwezi kunakili maandishi ya picha. Jaribu tena baadaye."
   },
   "916773043895242978": {
      "message": "URL ya picha ambayo umeingiza hapo juu si sahihi au haiwezi kupakiwa. Tafadhali ingiza URL sahihi ya picha."
   },
   "9173629944963872598": {
      "message": "Hakuna matukio yaliyopatikana."
   },
   "9182500445937900938": {
      "message": "Funga"
   },
   "9195941533351099011": {
      "message": "Inapakia $1​ kati ya $2​"
   },
   "9197837492705576727": {
      "message": "Nenda kwenye kipengee kinachofuata"
   },
   "919969969251998566": {
      "message": "Toa kumbukumbu hii kwenda kwenye akaunti yako ya barua pepe."
   },
   "9203542510134660095": {
      "message": "Kazi ya kutoa imeanza. Maudhui ya kumbukumbu yataonyeshwa kwenye Hifadhi chini ya folda ya \"$1​\"."
   },
   "940276535015195877": {
      "message": "Hakuna folda."
   },
   "943493480163896757": {
      "message": "{resultCount,plural, =1{Dokezo # linalolingana}other{Madokezo # yanayolingana}}"
   },
   "951963820437151566": {
      "message": "Tovuti za Google"
   },
   "95809842507987016": {
      "message": "Futa"
   },
   "963611681085757795": {
      "message": "Samahani, hatuwezi kukuonyesha hati hii kwa sasa."
   },
   "96556988207614774": {
      "message": "Kalenda"
   },
   "974042541427403929": {
      "message": "Samawati"
   },
   "980395722421409371": {
      "message": "Hakuna ramani zilizopatikana."
   },
   "982187142411651629": {
      "message": "Ondoa"
   },
   "985197728509875956": {
      "message": "Chemical Model"
   },
   "996381410993745580": {
      "message": "Photoshop"
   },
   "998727788921602971": {
      "message": "Video"
   },
   "appDesc": {
      "description": "App description",
      "message": "Nakili kwa haraka yaliyomo akilini mwako na ukumbushwe mahali au wakati sahihi."
   },
   "appName": {
      "description": "App name.",
      "message": "Google Keep - madokezo na orodha"
   }
}
