{
   "1006787209796778126": {
      "message": "ไดรฟ์ของฉัน"
   },
   "1017907757187630742": {
      "message": "แบบอักษรของฉัน"
   },
   "1029072043275376320": {
      "message": "ไม่พบปฏิทิน"
   },
   "1030781695901615026": {
      "message": "ด้านล่าง"
   },
   "103870949919613488": {
      "message": "เก็บโน้ตถาวรแล้ว"
   },
   "1039394921418415681": {
      "message": "ลงชื่อเข้าใช้"
   },
   "1083918249169198626": {
      "message": "ปิดใช้แป้นพิมพ์ลัด"
   },
   "1090919586152138659": {
      "message": "คลังภาพ"
   },
   "1101371910696766077": {
      "message": "ทำสำเนา"
   },
   "1107413433574576014": {
      "message": "ชื่อใหญ่เกินไป  จึงไม่สามารถบันทึกข้อความที่ไฮไลต์ได้"
   },
   "1127320433256851404": {
      "message": "โปรแกรมเล่นวิดีโอ"
   },
   "1162642135048988280": {
      "message": "เปลี่ยนชื่อเอกสาร"
   },
   "1166244120191806795": {
      "message": "แสดงความคิดเห็น"
   },
   "1179891706526242218": {
      "message": "ถัดไป"
   },
   "1185164838496022543": {
      "message": "โปรดคลิกที่นี่เพื่อโหลดหน้าซ้ำ"
   },
   "1185644932132585290": {
      "message": "เหลือ $1​ อักขระ"
   },
   "1213005208968286932": {
      "message": "ทำเครื่องหมายว่าแก้ปัญหาแล้ว"
   },
   "1263557413037343589": {
      "message": "จัดระเบียบรูปภาพ"
   },
   "1263685395252160366": {
      "message": "LaTeX"
   },
   "1311350045083871503": {
      "message": "ยกเลิก"
   },
   "1311729747516144362": {
      "message": "แดง"
   },
   "1315844696796851207": {
      "message": "Sans Serif"
   },
   "1319037146426591038": {
      "message": "หรือ"
   },
   "132822872080714863": {
      "message": "ตกลง"
   },
   "133192954417440569": {
      "message": "ไม่พบผลลัพธ์"
   },
   "1349697396109290623": {
      "message": "กำลังแสดง $1​ ด้วยความละเอียดที่สูงขึ้น"
   },
   "1376126796144976437": {
      "message": "แบบอักษรทั้งหมด"
   },
   "139942704574044780": {
      "message": "ยอมรับ"
   },
   "141491180325662484": {
      "message": "Google ไดรฟ์เป็นศูนย์รวมไฟล์ทั้งหมดของคุณ ทำให้คุณสามารถเข้าถึงได้จากทุกที่ ด้วยอุปกรณ์ทุกประเภท เมื่อคุณมีรูปภาพใน Google ไดรฟ์แล้ว คุณจะสามารถแชร์กับคนในแวดวงของคุณได้ในทันทีที่นี่"
   },
   "1418114637490664392": {
      "message": "ฐานข้อมูลรูปภาพ LIFE"
   },
   "1419896259743862406": {
      "message": "เปิดด้วย"
   },
   "1440171352837969028": {
      "message": "วิดีโอ/เสียง"
   },
   "1441487391064925653": {
      "message": "ดูทางลัดทั้งหมดในศูนย์ช่วยเหลือ"
   },
   "1446829548948002072": {
      "message": "จุลภาค (,)"
   },
   "1454684154234137497": {
      "message": "หยุดชั่วคราว"
   },
   "1459765068821943106": {
      "message": "{VIEWER_GENDER,select, female{วาง URL ของ YouTube ที่นี่:}male{วาง URL ของ YouTube ที่นี่:}other{วาง URL ของ YouTube ที่นี่:}}"
   },
   "1463079206290378085": {
      "message": "รูปภาพจาก orkut"
   },
   "1463389029497634261": {
      "message": "ลดเสียง"
   },
   "1475179211173444554": {
      "message": "ทุกคนที่มีลิงก์ในโดเมน"
   },
   "1492360016907725281": {
      "message": "{VIEWER_GENDER,select, female{วาง URL ของวิดีโอที่นี่:}male{วาง URL ของวิดีโอที่นี่:}other{วาง URL ของวิดีโอที่นี่:}}"
   },
   "1493251742569121894": {
      "message": "โน้ตใหญ่เกินไป จึงไม่สามารถบันทึกข้อความที่ไฮไลต์ได้"
   },
   "1493384967280942491": {
      "message": "ชมพู"
   },
   "1499433769420882987": {
      "message": "กำลังแสดง $1​"
   },
   "1505876360160857231": {
      "message": "$1​ TB"
   },
   "1521707405717823409": {
      "message": "ม่วง"
   },
   "153439508598626384": {
      "message": "รูปภาพของคุณ"
   },
   "1536051766421561160": {
      "message": "เท่ากับ (=)"
   },
   "156992719062713230": {
      "message": "เทา"
   },
   "1586968957182554447": {
      "message": "ปิดใช้"
   },
   "1588268697057804046": {
      "message": "$1​ ชั่วโมงที่ผ่านมา"
   },
   "1603139897109307706": {
      "message": "ข้อผิดพลาด โปรดลองอีกครั้ง"
   },
   "1604359562654146902": {
      "message": "รูปภาพ"
   },
   "1633370388224271051": {
      "message": "ไม่พบใครเลย"
   },
   "1633798963327779260": {
      "message": "พรุ่งนี้"
   },
   "1654222450095043962": {
      "message": "เสียง"
   },
   "1656911987308166143": {
      "message": "ลบ"
   },
   "1665821947855814052": {
      "message": "ขนาด"
   },
   "1692901784886701962": {
      "message": "โน้ตมีขนาดใหญ่เกินไป"
   },
   "1697160643589236962": {
      "message": "$1​ PB"
   },
   "1700522311470719738": {
      "message": "เตือนฉัน"
   },
   "1701312243672511585": {
      "message": "ย้ายข้อความไปยังโน้ตใหม่ &raquo;"
   },
   "1709410429018687341": {
      "message": "เช้า ($1​)"
   },
   "1715552550526864429": {
      "message": "ค้นหาบล็อก"
   },
   "171683163267149669": {
      "message": "$1​ GB"
   },
   "1739900012825270238": {
      "message": "ไปที่รายการก่อนหน้า"
   },
   "1756171223417807431": {
      "message": "โปรดตรวจสอบว่าภาพเป็นแบบสาธารณะ ถ้าภาพของคุณมีการป้องกันด้วยรหัสผ่าน หรืออยู่ในเครือข่ายภายในองค์กร เราจะไม่สามารถอ่านได้"
   },
   "1759957963056319953": {
      "message": "กลับมาจาก $1​"
   },
   "1783719421893050637": {
      "message": "ขนาด"
   },
   "178927681797742562": {
      "message": "ลงชื่อเข้าใช้"
   },
   "1791115075948268631": {
      "message": "เปิดความช่วยเหลือสำหรับแป้นพิมพ์ลัด"
   },
   "1808245543551507519": {
      "message": "เสียง"
   },
   "1816851800848432562": {
      "message": "นำออก"
   },
   "1818306025747564729": {
      "message": "ไปที่ลิงก์"
   },
   "1823222042913714987": {
      "message": "ส่งรหัสผ่าน"
   },
   "1823854753950594157": {
      "message": "คงไว้กับที่"
   },
   "1830157062072535681": {
      "message": "กำลังแสดง $1​"
   },
   "185012928288875755": {
      "message": "ไม่มีรายการที่ตรงกับเงื่อนไขของคุณ"
   },
   "1856444915090632305": {
      "message": "เอกสารนี้มีการเข้ารหัส โปรดป้อนรหัสผ่าน"
   },
   "1866863108233180413": {
      "message": "โฟลเดอร์"
   },
   "187077078156858455": {
      "message": "กระดาษโน้ตเสียง"
   },
   "189303170370862360": {
      "message": "$1​ จาก $2​ รายการ"
   },
   "1900571668686750716": {
      "message": "vCard"
   },
   "1901351411358749070": {
      "message": "แชร์กับฉัน"
   },
   "1913425963149828429": {
      "message": "แยกไฟล์ที่บีบอัดข้อมูลนี้ลงในไดรฟ์"
   },
   "1918176455405610789": {
      "message": "เสร็จสิ้น"
   },
   "1920189655549476211": {
      "message": "ไม่ทราบความยาว"
   },
   "1929603188252533075": {
      "message": "ไม่สามารถลบวิดีโอของคุณได้ โปรดลองอีกครั้ง"
   },
   "1951810091681076784": {
      "message": "{COUNT_1,plural, =1{โน้ตที่ตรงกัน 1 ฉบับ}other{โน้ตที่ตรงกัน {COUNT_2} ฉบับ}}"
   },
   "1956794332842050061": {
      "message": "หน้าถัดไป"
   },
   "1965626377712226216": {
      "message": "Keynote"
   },
   "1968405748623909021": {
      "message": "ลองใช้แอปใดแอปหนึ่งด้านล่างเพื่อเปิดหรือแก้ไขรายการนี้"
   },
   "1974063091619095703": {
      "message": "บุคคล"
   },
   "1988244842147989817": {
      "message": "โน้ตในถังขยะจะถูกลบออกหลังจาก 7 วัน"
   },
   "1993674829873313178": {
      "message": "ถ้าคุณประสบปัญหาในการอัปโหลด นั่นเป็นเพราะเรากำลังดำเนินการบำรุงรักษา แต่การทำงานจะกลับสู่สภาวะปกติในไม่ช้า"
   },
   "2003845117979929469": {
      "message": "รายละเอียด"
   },
   "2048322072989992494": {
      "message": "ยังไม่มีใครแชร์ไฟล์กับคุณเลย"
   },
   "2055836117545582610": {
      "message": "การตั้งค่ารายการ"
   },
   "2059084517358086391": {
      "message": "ปิดแถบค้นหา"
   },
   "2061440050632248160": {
      "message": "เก็บถาวร"
   },
   "2068023589621557589": {
      "message": "แบบอักษร TrueType"
   },
   "2073035325657060696": {
      "message": "ไม่มีภาพตัวอย่าง"
   },
   "2073322475696388995": {
      "message": "ข้ามไปข้างหน้า"
   },
   "207810168108507460": {
      "message": "$1​ ชั่วโมงที่ผ่านมา"
   },
   "2109272338124379867": {
      "message": "แก้ไขล่าสุด"
   },
   "2116013171202209313": {
      "message": "เลือก"
   },
   "2122256657192674586": {
      "message": "ค้นหาวิดีโอ"
   },
   "2125135092719715773": {
      "message": "อัปโหลด"
   },
   "212796670323571824": {
      "message": "ตกลง"
   },
   "213665695896111861": {
      "message": "โน้ต"
   },
   "2138593281154109183": {
      "message": "เก็บถาวร"
   },
   "2147952938331523160": {
      "message": "เปลี่ยนชื่อ..."
   },
   "2154372123324862271": {
      "message": "เครื่องหมายทับ (/)"
   },
   "2154940358270068005": {
      "message": "เก็บโน้ตที่ลบแล้วนานขึ้นอีกนิด"
   },
   "2184278444368405837": {
      "message": "$1​ รายการ"
   },
   "2187239650627580457": {
      "message": "ส่ง"
   },
   "2198096971937872560": {
      "message": "การแจ้งเตือน:"
   },
   "220168959069469607": {
      "message": "การทำงานเพิ่มเติม"
   },
   "221715292685577880": {
      "message": "ใช่"
   },
   "2220005860896049129": {
      "message": "ขออภัย การค้นหาเอกสารในตำแหน่งเดิมใช้เวลานานเกินไป"
   },
   "2228413078211839077": {
      "message": "ขออภัย เรากำลังมีปัญหาชั่วคราวในการสร้างมุมมองสำหรับเอกสารนี้"
   },
   "2235097878790803849": {
      "message": "เบื่อแนบไฟล์แล้ว ใช้ Google ไดรฟ์ดีกว่า"
   },
   "2257303402199718039": {
      "message": "ขออภัย เราไม่พบเอกสารที่ตำแหน่งเดิม โปรดยืนยันว่ายังมีเอกสารนี้อยู่"
   },
   "2274436793504233543": {
      "message": "ยกเลิก"
   },
   "2278224983638451454": {
      "message": "โหลดเลย"
   },
   "2280650195464600721": {
      "message": "การนำทาง"
   },
   "2285069188138705005": {
      "message": "แอปที่เชื่อมต่อ"
   },
   "2289534534793293486": {
      "message": "ยกเลิกการเก็บ"
   },
   "2289812403593835836": {
      "message": "Pages"
   },
   "229177484946387188": {
      "message": "Google Earth"
   },
   "2292696732672795285": {
      "message": "เพิ่มเสียง"
   },
   "230180475614658119": {
      "message": "เสร็จสิ้น"
   },
   "2304293593067358316": {
      "message": "คลิปอาร์ต"
   },
   "2310145944356900158": {
      "message": "ตรวจสอบแล้ว"
   },
   "2311880726221661199": {
      "message": "กำลังโหลดความละเอียดที่สูงกว่า"
   },
   "2329167963662998826": {
      "message": "Google Keep ต้องการใช้ข้อมูลตำแหน่งของคุณ เพื่อปรับปรุงคำแนะนำสถานที่ของการแจ้งเตือนตำแหน่ง"
   },
   "234046557601727809": {
      "message": "ไม่มีรูปภาพหรือวิดีโอ"
   },
   "2349912757088764940": {
      "message": "เปิดเผยต่อ:"
   },
   "2359614137862708172": {
      "message": "Shift"
   },
   "2370463380397641604": {
      "message": "แป้นพิมพ์ลัดที่นิยม"
   },
   "2370656573843123707": {
      "message": "วงเล็บปิด"
   },
   "2393487423640708285": {
      "message": "URL ไม่ถูกต้อง โปรดตรวจสอบว่าขึ้นต้นด้วย http:// หรือ https://"
   },
   "2405795704816921421": {
      "message": "ไฟล์ $1​"
   },
   "2412314804333167252": {
      "message": "สเปรดชีตนี้ใหญ่เกินไป คลิกเพื่อ$3​ดาวน์โหลด$1​ หรือ$4​แก้ไขใน Google สเปรดชีต$1​"
   },
   "2418104318933043113": {
      "message": "Google ค้นรูป"
   },
   "2433429041384246549": {
      "message": "ปิดเสียง"
   },
   "2449254824382583885": {
      "message": "จอใหญ่"
   },
   "2452522051596946166": {
      "message": "อ้าว! เกิดปัญหาในการแสดงตัวอย่าง $1​ กำลังลองใหม่"
   },
   "2454642351139428112": {
      "message": "เลิกทำ"
   },
   "2466251465475184755": {
      "message": "หากล้างข้อมูลในถังขยะ โน้ตทั้งหมดในถังขยะจะถูกลบทิ้งถาวร"
   },
   "2475181823688399272": {
      "message": "ถัดไป"
   },
   "2484568559152875936": {
      "message": "ไม่มีอัลบั้มรูปภาพ"
   },
   "2504232652631703202": {
      "message": "เชื่อมต่อแล้ว"
   },
   "251025074207413762": {
      "message": "เพิ่มคำอธิบาย"
   },
   "2510929871271209216": {
      "message": "สเปรดชีตนี้ใหญ่เกินไป คลิก$2​ที่นี่$1​ เพื่อดาวน์โหลด"
   },
   "2513437337377210144": {
      "message": "end"
   },
   "2524021436052870191": {
      "message": "ไม่สามารถอัปโหลดไฟล์นี้ เฉพาะไฟล์ $1​ ที่มีขนาดเล็กกว่า $2​ MB เท่านั้นที่ใช้ได้"
   },
   "2532280782491328445": {
      "message": "ค้นหาก่อนหน้านี้"
   },
   "2538080331309772448": {
      "message": "จัดเรียง: $1​"
   },
   "2538462904124380434": {
      "message": "ย้ายโน้ตลงถังขยะแล้ว"
   },
   "2546225293834487484": {
      "message": "โน้ต"
   },
   "2558480112329900136": {
      "message": "เทา"
   },
   "257317112834806705": {
      "message": "สลับระหว่างมุมมองแบบรายการและแบบตาราง"
   },
   "2579679351920691492": {
      "message": "ข้ามไปข้างหลัง"
   },
   "2587566920590457715": {
      "message": "Maps Engine Lite"
   },
   "2609409316752026806": {
      "message": "PDF"
   },
   "2609750184896485102": {
      "message": "วิดีโอจากโทรศัพท์"
   },
   "2615188670181508661": {
      "message": "คุณยังไม่ได้เลือกอะไรเลย"
   },
   "2623861453769098676": {
      "message": "เกิดปัญหาในการแสดงตัวอย่างเอกสารนี้"
   },
   "2628268670001557269": {
      "message": "โควต้า"
   },
   "2643241712502664984": {
      "message": "วิดีโอ YouTube ของคุณ"
   },
   "2661850177130037208": {
      "message": "เปิดรายการ"
   },
   "2681830832355823748": {
      "message": "ค้นหาทางลัดทั้งหมด"
   },
   "2687303256387847763": {
      "message": "ความนิยม"
   },
   "2702485557996900362": {
      "message": "แก้ไขการแก้ไขที่ขัดแย้ง"
   },
   "2705842902318123127": {
      "message": "นำทางไปยัง โน้ต/รายการ ถัดไป/ก่อนหน้า"
   },
   "272948685355798518": {
      "message": "ประเภทไฟล์ที่เลือกไม่ถูกต้อง"
   },
   "2731144323070245943": {
      "message": "การตั้งค่ารายการ"
   },
   "2742719907061406418": {
      "message": "XML"
   },
   "2750830436677712001": {
      "message": "{VIEWER_GENDER,select, female{การสร้าง {FOLDER_NAME} ล้มเหลว}male{การสร้าง {FOLDER_NAME} ล้มเหลว}other{การสร้าง {FOLDER_NAME} ล้มเหลว}}"
   },
   "2752123004911547510": {
      "message": "มาแรง"
   },
   "2758125083752925237": {
      "message": "(เจ้าของ)"
   },
   "277430914014962533": {
      "message": "อ้าว! เกิดปัญหาในการแสดงตัวอย่าง $1​"
   },
   "2774713922589657910": {
      "message": "ทุกคนในโดเมน"
   },
   "2786560864906393383": {
      "message": "รูปภาพจากโทรศัพท์"
   },
   "2789687492331041935": {
      "message": "เลือกเวลา"
   },
   "2790446494460492805": {
      "message": "เริ่มการแตกไฟล์แล้ว ข้อความที่เก็บไว้จะปรากฏในบัญชีอีเมลของคุณภายใต้ป้ายกำกับ \"นำเข้า: $1​\""
   },
   "2793841261389879255": {
      "message": "หน้าที่แล้ว"
   },
   "2801153442808430222": {
      "message": "ไดรฟ์ของฉัน"
   },
   "2817277146396981386": {
      "message": "pm"
   },
   "2818020101821669029": {
      "message": "สร้าง"
   },
   "2818135503416309545": {
      "message": "บันทึกวิดีโอ"
   },
   "2827039933590757722": {
      "message": "Windows Shortcut"
   },
   "2829226075651806940": {
      "message": "ซูมเข้า"
   },
   "2860188519781080944": {
      "message": "ส้ม"
   },
   "2861568351294148466": {
      "message": "สคริปต์"
   },
   "2864281852037732729": {
      "message": "น้อยลง"
   },
   "2873089307546162154": {
      "message": "ตกลง"
   },
   "2877285560485318801": {
      "message": "หยุดชั่วคราว"
   },
   "2878874627361086801": {
      "message": "แสดงตัวอย่าง"
   },
   "2879276552944958066": {
      "message": "กลับไปยังโฟลเดอร์ $1​"
   },
   "289798573180023043": {
      "message": "ตกลง"
   },
   "2902747751281161248": {
      "message": "นำไปใช้กับรายการใหม่"
   },
   "2905147317995482841": {
      "message": "เราได้อัปเดตประสบการณ์การดูสำหรับไฟล์ทั้งหมดใน Google ไดรฟ์ให้สวยงามและใช้งานง่ายยิ่งขึ้น! เราหวังว่าคุณจะชื่นชอบรูปลักษณ์ใหม่นี้"
   },
   "2917498437550635075": {
      "message": "ไอคอน"
   },
   "2964778642459027786": {
      "message": "ไม่มีโน้ตในถังขยะ"
   },
   "2974598228601710262": {
      "message": "เพิ่ม"
   },
   "2979466412944870220": {
      "message": "กำลังโหลดหน้าตัวอย่าง..."
   },
   "2982511431742033448": {
      "message": "ไม่มีงานนำเสนอ"
   },
   "298817883481775869": {
      "message": "กำลังโหลด..."
   },
   "3000689173481666334": {
      "message": "แก้ไขแวดวง"
   },
   "3029395493413607486": {
      "message": "ไม่สามารถโหลดเครื่องเล่นวิดีโอได้ ลองโหลดหน้านี้ใหม่$1​หากยังคงพบปัญหา $3​โปรดดูศูนย์ช่วยเหลือ$2​"
   },
   "3043961722025425136": {
      "message": "คำอธิบาย"
   },
   "306516303501625305": {
      "message": "การตรวจสอบสิทธิ์ล้มเหลว"
   },
   "3073005748126521632": {
      "message": "เตือนแล้วที่ $1​"
   },
   "3074184819310272351": {
      "message": "รูปภาพที่อัปโหลด"
   },
   "3084372889071691504": {
      "message": "{VIEWER_GENDER,select, female{วาง URL ที่นี่:}male{วาง URL ที่นี่:}other{วาง URL ที่นี่:}}"
   },
   "3095645856215493958": {
      "message": "ค้นหาข้อความที่พิมพ์ในรูปภาพ"
   },
   "31018542656161389": {
      "message": "ซูมให้พอดี"
   },
   "3109321241584918345": {
      "message": "เชื่อมต่อแอปเพิ่มเติม..."
   },
   "3121560585545725724": {
      "message": "$1​, $2​"
   },
   "3140236589681731084": {
      "message": "ใน $1​ ชั่วโมง"
   },
   "3189854932778515441": {
      "message": "โน้ตในที่เก็บถาวร"
   },
   "3207670492626476064": {
      "message": "ตาราง"
   },
   "3211163842850942567": {
      "message": "ซูมเข้า"
   },
   "3222929029344613957": {
      "message": "ขออภัย เกิดข้อผิดพลาดขณะเปิดไฟล์นี้ โปรดลองอีกครั้ง"
   },
   "3233388241926683100": {
      "message": "ค้นหาโน้ต"
   },
   "3243829462528324248": {
      "message": "น้ำตาล"
   },
   "3250489229749307913": {
      "message": "สิ่งพิมพ์อิเล็กทรอนิกส์"
   },
   "3256928852560591255": {
      "message": "ไม่สามารถแก้ไขในถังขยะ"
   },
   "3261131345401321392": {
      "message": "แสดงความคิดเห็นได้"
   },
   "3265524298292280681": {
      "message": "ESC"
   },
   "3267563602179728277": {
      "message": "Delete"
   },
   "3272496516667407797": {
      "message": "เกิดปัญหาในการโหลดรายละเอียด"
   },
   "3275029321588462173": {
      "message": "ไม่มี"
   },
   "3278237562147211998": {
      "message": "คลังภาพ"
   },
   "330603631583186798": {
      "message": "Word"
   },
   "3306487262690341751": {
      "message": "วันที่และเวลา"
   },
   "3312545971976531405": {
      "message": "ข้อความ"
   },
   "3319087486907616296": {
      "message": "ส่งรายการนี้ไป Chromecast"
   },
   "3328129883064940351": {
      "message": "แบบอักษร"
   },
   "3335409796971631780": {
      "message": "กำลังแยกลงในไดรฟ์"
   },
   "3343451103608774400": {
      "message": "แนะนำ$3​คุณลักษณะใหม่ \"แผนที่ของฉัน\"$2​$1​เครื่องมือการใช้แผนที่ที่ดีกว่าเดิม"
   },
   "3354260708176476985": {
      "message": "กำลังโหลด…"
   },
   "3357778055650785985": {
      "message": "รายการใหญ่เกินไป  จึงไม่สามารถบันทึกข้อความที่ไฮไลต์ได้"
   },
   "3364679383274077479": {
      "message": "มีการอัปเดตแอปให้บริการ"
   },
   "3368639944474272225": {
      "message": "ขออภัย เราไม่สามารถเรียกเอกสารเพื่อดู หรือคุณไม่มีสิทธิ์ในการเปิดเอกสารนี้"
   },
   "3381619429606029445": {
      "message": "Visio"
   },
   "3382236845597426718": {
      "message": "เปิด"
   },
   "3408219901032480508": {
      "message": "$2​; $1​"
   },
   "3409257542937182842": {
      "message": "กำลังลองใหม่..."
   },
   "3409483962000136213": {
      "message": "เล่น/หยุดชั่วคราว"
   },
   "3418767079436101103": {
      "message": "เกิดปัญหาในการโหลดหน้านี้"
   },
   "3421685394169412932": {
      "message": "การเปลี่ยนแปลงทุกอย่างจะได้รับการบันทึกโดยอัตโนมัติ"
   },
   "3422389100099960864": {
      "message": "ไม่มีรูปภาพ"
   },
   "3428726060007577698": {
      "message": "รายการมีขนาดใหญ่เกินไป"
   },
   "3430885603500576146": {
      "message": "เลือกเฉพาะรูปที่คุณได้ยืนยันแล้วว่ามีสิทธิ์นำไปใช้ได้"
   },
   "3440534675925634227": {
      "message": "ในหน้าต่างเบราว์เซอร์ Chrome ไปที่ chrome://settings โดยต้องลงชื่อเข้าใช้ก่อน จากนั้นคลิกลงชื่อเข้าใช้อีกครั้ง"
   },
   "3446158485617778228": {
      "message": "เลิกทำ"
   },
   "3448234415275521882": {
      "message": "ข้อมูลทั่วไป"
   },
   "3448684788258660606": {
      "message": "รูปภาพของคุณ"
   },
   "3450585781337676327": {
      "message": "กำลังโหลด..."
   },
   "3457279184692206825": {
      "message": "ทุกคนสามารถเห็นรูปภาพได้ (สาธารณะบนอินเทอร์เน็ต)"
   },
   "3468441711253011521": {
      "message": "Google สเปรดชีต"
   },
   "3473620774713000513": {
      "message": "แก้ไขแล้ว"
   },
   "3483438888494819423": {
      "message": "มีอะไรใหม่ใน Google Keep"
   },
   "3511274344439521198": {
      "message": "การทำงาน"
   },
   "3518073392823563581": {
      "message": "แป้นพิมพ์ลัด"
   },
   "3531603810713611778": {
      "message": "เกินขนาดไฟล์สูงสุด โปรดยกเลิกการเลือกอย่างน้อย 1 ไฟล์"
   },
   "3543475399174940144": {
      "message": "+$1​"
   },
   "3547194749488601916": {
      "message": "กำลังอัปเดต..."
   },
   "354828103903104581": {
      "message": "รายการที่ทำเครื่องหมายแล้ว"
   },
   "3561658662634401836": {
      "message": "ชื่อ"
   },
   "357172711168973843": {
      "message": "ไม่ได้บันทึกโน้ตหรือการเปลี่ยนแปลงที่เพิ่มเติมไปล่าสุด โปรดทำสำเนาเนื้อหาเองแล้วโหลดซ้ำ"
   },
   "3586705906700410505": {
      "message": "ภาพวาดลายเส้น"
   },
   "3587798318180902863": {
      "message": "{NUM_SELECTED,plural, =1{ เลือกไว้ »}other{ เลือกไว้ »}}"
   },
   "3595000514985906359": {
      "message": "Excel"
   },
   "3602920441714068008": {
      "message": "เตือนแล้วในวันที่ $1​ เวลา $2​"
   },
   "3608606849109645545": {
      "message": "ป้อนชื่อเอกสารใหม่:"
   },
   "361202495024972887": {
      "message": "อัปโหลดวิดีโอ"
   },
   "361630518611593946": {
      "message": "ซ่อนช่องทำเครื่องหมาย"
   },
   "3625886392901506764": {
      "message": "หรือ"
   },
   "3643146117250542609": {
      "message": "ไม่มี PDF"
   },
   "3645728163953189422": {
      "message": "ขออภัย เราไม่สามารถเรียกเอกสารเพื่อดูเนื่องจากเอกสารมีขนาดใหญ่เกินไป"
   },
   "3651893685901703652": {
      "message": "..."
   },
   "3657386785336906042": {
      "message": "Backslash (\\)"
   },
   "3659554681396757189": {
      "message": "เปิดโดยฉัน"
   },
   "3663571259791438207": {
      "message": "รายงานการละเมิด"
   },
   "3664842788764635265": {
      "message": "ไม่มี"
   },
   "3666123569747918021": {
      "message": "เอกสารนี้มีการเปลี่ยนแปลงที่ยังไม่ได้บันทึก คุณต้องการออกจากหน้านี้และยกเลิกการเปลี่ยนแปลงไหม"
   },
   "3673346558112798837": {
      "message": "ไม่มีพื้นหลัง"
   },
   "3674811252904549204": {
      "message": "รูปภาพปก"
   },
   "3678477908297567934": {
      "message": "ขีดเส้นใต้ (_)"
   },
   "3681747688524363195": {
      "message": "ด้านบน"
   },
   "3690515530505404607": {
      "message": "เกิดปัญหาในการเล่นวิดีโอนี้"
   },
   "369764661829607970": {
      "message": "{NUM_ITEMS,plural, =0{ไม่มีรายการ}=1{1 รายการ}other{# รายการ}}"
   },
   "3712215972250917265": {
      "message": "ความคิดเห็น"
   },
   "3717138719704492547": {
      "message": "โปรดตรวจสอบที่อยู่เพื่อดูข้อผิดพลาดของการพิมพ์"
   },
   "374088101949877889": {
      "message": "ปิด"
   },
   "3745308627628779133": {
      "message": "โฟลเดอร์ใหม่"
   },
   "3748461364828242354": {
      "message": "เลือกสี"
   },
   "3770795578481676514": {
      "message": "เหลือง"
   },
   "3771958676925493302": {
      "message": "นำตัวกรองออก: $1​"
   },
   "3779945546806941187": {
      "message": "โมโนโครม"
   },
   "3793086499925031123": {
      "message": "เปิดแถบค้นหา/ค้นหาก่อนหน้า"
   },
   "37992665410817181": {
      "message": "ถูกเปิดอีกครั้ง"
   },
   "3801617971018550169": {
      "message": "เมื่อวานนี้"
   },
   "3808213429720572062": {
      "message": "กู้คืน"
   },
   "381100310424863459": {
      "message": "Illustrator"
   },
   "3842411126100113634": {
      "message": "pg-up"
   },
   "3844047145949375230": {
      "message": "เอกสาร"
   },
   "3858324058837632381": {
      "message": "เกิดปัญหาในการเล่นไฟล์เสียงนี้"
   },
   "3864575916269080329": {
      "message": "รูปภาพที่สามารถค้นหาได้"
   },
   "3866373087987934712": {
      "message": "อัปโหลดล้มเหลว: $1​"
   },
   "3869166581651870488": {
      "message": "แก้ไขเสร็จสิ้นแล้ว"
   },
   "3873215756962047275": {
      "message": "เก็บ"
   },
   "3873467440437675460": {
      "message": "ขออภัย เราไม่พบแบบอักษรที่คุณเลือกไว้ก่อนหน้านี้"
   },
   "3897281533382850749": {
      "message": "เปิดเสียง"
   },
   "3936153839186254186": {
      "message": "แสดง: $1​"
   },
   "3955760658925284765": {
      "message": "ลองใหม่"
   },
   "3974064131130689245": {
      "message": "มุมมองตาราง"
   },
   "3977699855735576796": {
      "message": "เกิดปัญหาในการโหลดหน้าเพิ่ม"
   },
   "3988418762222300024": {
      "message": "มหัพภาค (.)"
   },
   "3989552504822984034": {
      "message": "Google วาดเขียน"
   },
   "4005725939358875643": {
      "message": "เลิกทำแล้ว"
   },
   "4014287326684608407": {
      "message": "น้ำเงินอมเขียว"
   },
   "4048275292053012394": {
      "message": "ที่อยู่ติดต่อ"
   },
   "4059387791040010947": {
      "message": "เมตา"
   },
   "4067915791853673774": {
      "message": "{VIEWER_GENDER,select, female{ปิด}male{ปิด}other{ปิด}}"
   },
   "4078179869358383373": {
      "message": "ไม่พบผลลัพธ์"
   },
   "4087667435414545203": {
      "message": "คุณไม่ได้ลงชื่อเข้าใช้อีกต่อไป หากต้องการเปลี่ยนแปลง โปรดโหลดซ้ำ"
   },
   "4093134637041332383": {
      "message": "เรียนรู้เพิ่มเติม"
   },
   "4097007735221462946": {
      "message": "ภาพวาด"
   },
   "4097921967754832323": {
      "message": "ยัติภังค์ (-)"
   },
   "4100504115801514799": {
      "message": "กู้โน้ตคืนแล้ว"
   },
   "4119294114251628099": {
      "message": "ไม่สามารถเรียก URL ภาพที่คุณระบุ URL นี้อาจเป็นแบบส่วนตัว และเซิร์ฟเวอร์ของเราไม่สามารถเข้าถึง โปรดลองใช้ URL อื่น"
   },
   "4134385041569168669": {
      "message": "กำลังโหลด..."
   },
   "4148564423510181521": {
      "message": "ล้างการค้นหา"
   },
   "4152315289461886": {
      "message": "การควบคุมเอกสาร"
   },
   "4168280976997555951": {
      "message": "ไม่มีเอกสาร"
   },
   "4174786386751618325": {
      "message": "โน้ตรูปภาพ"
   },
   "4182427157920112948": {
      "message": "Tilde (~)"
   },
   "4200426647595470259": {
      "message": "เริ่มเล่นไฟล์เสียง"
   },
   "4200911267543705377": {
      "message": "พิมพ์คำค้นหาลงในช่องด้านบน เพื่อค้นหาผลลัพธ์ของบล็อกโดยใช้ Google ค้นบล็อก"
   },
   "4205329094859140439": {
      "message": "am"
   },
   "4211182812451835307": {
      "message": "แก้ไขได้"
   },
   "4211806608204126222": {
      "message": "$2​ข้อกำหนดในการให้บริการ$1​"
   },
   "4214190403999219403": {
      "message": "ซูม"
   },
   "4230101516585408149": {
      "message": "เขียนโน้ตใหม่"
   },
   "4253741616909644861": {
      "message": "ข้อความค้นหา"
   },
   "4280747719095153198": {
      "message": "ความคิดเห็นที่แก้ไขแล้ว"
   },
   "4286663890332754386": {
      "message": "การอัปโหลดล้มเหลว"
   },
   "4299690446455033653": {
      "message": "Works"
   },
   "4314643310615423802": {
      "message": "คุณออกจากระบบแล้ว"
   },
   "4318861667254318892": {
      "message": "Google วิดีโอ"
   },
   "4319229296464464147": {
      "message": "วันที่เพิ่ม"
   },
   "4320831042030778": {
      "message": "ยกเลิก"
   },
   "4332252081504252077": {
      "message": "อ๊ะ!"
   },
   "4338991104991831337": {
      "message": "รูปภาพ"
   },
   "4339705658383891586": {
      "message": "ทุกสี"
   },
   "4343825450663233452": {
      "message": "ดูได้"
   },
   "4343836986248234462": {
      "message": "รายการ"
   },
   "435214284915110062": {
      "message": "เปิดแถบค้นหา"
   },
   "4372755508519489521": {
      "message": "มุมมองตาราง"
   },
   "4391715930031906467": {
      "message": "ค้นหาถัดไป"
   },
   "4395845663892873002": {
      "message": "home"
   },
   "4422985761498356257": {
      "message": "เปิดด้วย"
   },
   "4430062722430863019": {
      "message": "ลบโน้ตนี้ถาวรไหม"
   },
   "4439812492856303238": {
      "message": "ขออภัย เกิดข้อผิดพลาดขณะประมวลผลรายการที่คุณเลือก โปรดลองอีกครั้งในภายหลัง"
   },
   "4444571967705751871": {
      "message": "ถังขยะ"
   },
   "4466605492523079635": {
      "message": "บันทึก"
   },
   "4468872996560163913": {
      "message": "ล้างถังขยะเลย"
   },
   "4473912481270012588": {
      "message": "บันทึกไปที่ไดรฟ์แล้ว - ย้ายไปที่:"
   },
   "45228242181482134": {
      "message": "เล่น"
   },
   "4536519876526589338": {
      "message": "อวาตาร์ของ $1​"
   },
   "4552045407215325033": {
      "message": "ไม่สามารถโหลด URL ของวิดีโอที่คุณป้อนด้านบน โปรดตรวจสอบว่า URL นั้นถูกต้องและมาจากไซต์ที่สนับสนุน"
   },
   "4564682305303579317": {
      "message": "ดำเนินการต่อ"
   },
   "456498742882714639": {
      "message": "ย้ายไปที่:"
   },
   "4588500131398315347": {
      "message": "สร้างแวดวง"
   },
   "4604402426271704651": {
      "message": "ไม่มีรูปภาพ"
   },
   "4620034373159179678": {
      "message": "หน้า $1​ จาก $2​"
   },
   "4630690108252818511": {
      "message": "ไม่พบภาพ"
   },
   "468283184702431827": {
      "message": "เริ่มดำเนินการแล้ว"
   },
   "4695897771458936174": {
      "message": "แชร์รูปภาพจาก Google ไดรฟ์ใน Google+"
   },
   "4740100782728373253": {
      "message": "บันทึกลงในไดรฟ์"
   },
   "4748046231232264180": {
      "message": "Google ฟอร์ม"
   },
   "4767722428137216885": {
      "message": "ยกเลิก"
   },
   "477328789314249432": {
      "message": "ค้นหาโน้ต"
   },
   "4775368111547931093": {
      "message": "ไม่มีคำอธิบาย"
   },
   "4781742940361705258": {
      "message": "ปิด"
   },
   "4783695823456312682": {
      "message": "ย้ายไปด้านล่างสุด"
   },
   "47844150329705564": {
      "message": "ผลการค้นหาสำหรับ \"$1​\""
   },
   "4798897505978458661": {
      "message": "ไม่พบวิดีโอ"
   },
   "4805047680716507619": {
      "message": " - ย้ายไปที่:"
   },
   "4806763987633034948": {
      "message": "PKCS7 Signature"
   },
   "4833214200453019325": {
      "message": "$1​ จาก $2​"
   },
   "4846720038197420778": {
      "message": "เชื่อมต่อแอปเพิ่มเติม"
   },
   "4853788427396558692": {
      "message": "$1​ MB"
   },
   "4858389278403807208": {
      "message": "โน้ตในถังขยะ"
   },
   "4888104357342241891": {
      "message": "การแจ้งเตือน"
   },
   "4889853674709731963": {
      "message": "โน้ตทั้งหมดที่เก็บแบบออฟไลน์"
   },
   "4901386320110714275": {
      "message": "รหัสผ่านไม่ถูกต้อง โปรดลองอีกครั้ง"
   },
   "490372259452655427": {
      "message": "ขออภัย ไม่สามารถดูเอกสารนี้ได้ในขณะนี้"
   },
   "4906669330059413958": {
      "message": "ส่งรหัสผ่าน"
   },
   "4908614808966678155": {
      "message": "ไม่พบผลการค้นหาสำหรับ \"$1​\""
   },
   "4926020998477695737": {
      "message": "สลับไปที่โฟลเดอร์ $1​"
   },
   "4943176738805484221": {
      "message": "แก้ไข"
   },
   "4956678140555659175": {
      "message": "backspace"
   },
   "4957674814179289955": {
      "message": "ไปยังรายการถัดไป/ก่อนหน้า"
   },
   "4963784280521435720": {
      "message": "กำลังบันทึก..."
   },
   "4969219890884320840": {
      "message": "อัปเดต"
   },
   "4983125135476400111": {
      "message": "ทิ้งโน้ต/รายการลงถังขยะ"
   },
   "4988132901627446385": {
      "message": "ขยายแผงรายละเอียดแล้ว"
   },
   "4998757387516632837": {
      "message": "ผลลัพธ์ที่ปรากฏมีป้ายกำกับสำหรับการใช้งานซ้ำพร้อมการแก้ไข"
   },
   "5006225450559627366": {
      "message": "และอีก $1​"
   },
   "501475221876543407": {
      "message": "โน้ตที่คุณเพิ่มปรากฏที่นี่"
   },
   "5023525794410110078": {
      "message": "เพิ่มข้อความในรูปภาพ"
   },
   "5026241297254150381": {
      "message": "เพิ่มโน้ต"
   },
   "5046371569383796818": {
      "message": "เก็บไว้"
   },
   "5055418092354683641": {
      "message": "Serif"
   },
   "5095987896933771566": {
      "message": "พิมพ์เอกสาร"
   },
   "5096751700090310607": {
      "message": "ไม่มีรูปภาพ"
   },
   "509815948423424872": {
      "message": "การนำทาง"
   },
   "5099245668405591445": {
      "message": "ค้นหา"
   },
   "512429649443191386": {
      "message": "$2​ความช่วยเหลือ$1​"
   },
   "5124522868502261563": {
      "message": "สเปรดชีต"
   },
   "5130903421326358933": {
      "message": "เกิดปัญหาในการบันทึกไฟล์แนบไปยัง Google ไดรฟ์"
   },
   "5149937870346466591": {
      "message": "มุมมองรายการ"
   },
   "5169187962228219813": {
      "message": "รูปภาพจาก Life"
   },
   "5180454621500142444": {
      "message": "กู้คืน"
   },
   "5180989337128758117": {
      "message": "วงเล็บเปิด"
   },
   "5184692850089055965": {
      "message": "จับข้อความจากรูปภาพ"
   },
   "5197718200713913936": {
      "message": "C++"
   },
   "5201670213497642487": {
      "message": "แถบแท็บแผงรายละเอียด กดปุ่มลูกศรซ้ายและขวาเพื่อสลับไปมาระหว่างแท็บ"
   },
   "5204391636475413312": {
      "message": "บันทึก"
   },
   "5213411023807957844": {
      "message": "ค้นหา Google Keep"
   },
   "5213974294317036409": {
      "message": "{numPages,plural, =0{}=1{1 หน้า}other{# หน้า}}"
   },
   "5226470917948786938": {
      "message": "ตามตัวอักษร"
   },
   "5238003680997310998": {
      "message": "เพิ่มเติม"
   },
   "5238371081785912565": {
      "message": "เปิดด้วย $1​"
   },
   "5275493935807628890": {
      "message": "ไม่พบภาพที่ URL ดังกล่าว"
   },
   "5281121179861637423": {
      "message": "ต้องมีรหัสผ่านเพื่อเข้าถึง $1​ โปรดป้อนรหัสผ่าน"
   },
   "5288037028604092288": {
      "message": "XPS"
   },
   "5291153964865714504": {
      "message": "ไม่มีโน้ตที่ตรงกัน"
   },
   "5299648222246616124": {
      "message": "Backtick (`)"
   },
   "5304869088141363028": {
      "message": "รูปภาพแนะนำ"
   },
   "5316658541831864803": {
      "message": "ขออภัย ไม่สามารถดูเอกสารประเภทนี้ได้ในขณะนี้"
   },
   "5319313176242717957": {
      "message": "กำลังดำเนินการกับรูปภาพ..."
   },
   "5336801339221383042": {
      "message": "Javascript"
   },
   "534228323125524312": {
      "message": "ซูมออก"
   },
   "5353129315502554762": {
      "message": "Style Sheet"
   },
   "5372143986724491245": {
      "message": "$1​ วันที่ผ่านมา"
   },
   "5372160981898991853": {
      "message": "Publisher"
   },
   "5399553230649155346": {
      "message": "ใน $1​ ชั่วโมง"
   },
   "5403830377590414208": {
      "message": "ขาว"
   },
   "5408091115193390231": {
      "message": "AutoCAD"
   },
   "5438481737351808090": {
      "message": "บ่าย ($1​)"
   },
   "544377415081282702": {
      "message": "ขออภัย"
   },
   "5447119197363232006": {
      "message": "แสดงในไดรฟ์"
   },
   "5465323999933375616": {
      "message": "คุณใช้แบนด์วิดท์ถึงขีดจำกัดสำหรับการดูหรือดาวน์โหลดไฟล์ที่ไม่อยู่ในรูปแบบ Google เอกสารแล้ว"
   },
   "5472312735475866917": {
      "message": "แสดงความคิดเห็นโดย $1​"
   },
   "547865385964196102": {
      "message": "$1​ นาทีที่ผ่านมา"
   },
   "5482872484546230111": {
      "message": "ค้นหาหนังสือ"
   },
   "5494181290179470995": {
      "message": "ลบ"
   },
   "5500117709595533163": {
      "message": "พิมพ์คำค้นหาของคุณในช่องด้านบนเพื่อค้นหาผลลัพธ์ทางเว็บโดยใช้ Google หนังสือ"
   },
   "5514516347328112388": {
      "message": "คุณอาจลองดาวน์โหลดเอกสารต้นฉบับ โดยคลิก$2​ที่นี่$1​"
   },
   "5529532831767466284": {
      "message": "{VIEWER_GENDER,select, female{{DEGREES}° {MINUTES}' {SECONDS}\"}male{{DEGREES}° {MINUTES}' {SECONDS}\"}other{{DEGREES}° {MINUTES}' {SECONDS}\"}}"
   },
   "5555182241047709329": {
      "message": "เลือกตำแหน่ง"
   },
   "5555599189512365009": {
      "message": "รับทราบ"
   },
   "5571842632470308750": {
      "message": "ประเภทใดก็ได้"
   },
   "5588597116382648727": {
      "message": "กำลังเริ่มงานแยกไฟล์"
   },
   "5598649706113950710": {
      "message": "เครื่องมือแก้ไข"
   },
   "5609727719971819773": {
      "message": "{VIEWER_GENDER,select, female{กลับ}male{กลับ}other{กลับ}}"
   },
   "5627470193961862490": {
      "message": "โน้ตที่กำลังจะมีการแจ้งเตือนจะปรากฏที่นี่"
   },
   "5631086126416409232": {
      "message": "สีน้ำเงิน"
   },
   "564165666160590723": {
      "message": "Windows Media Player"
   },
   "5660422479531064559": {
      "message": "ไม่มีฟอร์ม"
   },
   "5675154446465700699": {
      "message": "PDF"
   },
   "568072913338360182": {
      "message": "HTML"
   },
   "5707549724380589079": {
      "message": "ลบรายการที่ทำเครื่องหมายแล้วไหม"
   },
   "5714240424645614611": {
      "message": "แพ็กเกจ Android "
   },
   "5728640851616538925": {
      "message": "เขียว"
   },
   "5744491383087191878": {
      "message": "URL รูปภาพที่คุณป้อนด้านบนไม่ถูกต้องหรือไม่สามารถโหลดได้"
   },
   "5747728324987383020": {
      "message": "ใบหน้า"
   },
   "5783875011049188612": {
      "message": "จับข้อความจากรูปภาพแล้ว"
   },
   "5785010887521443923": {
      "message": "นำออก"
   },
   "5834678297024555032": {
      "message": "อนุญาต"
   },
   "5840330517914556080": {
      "message": "ซูมออก"
   },
   "5842536098490298653": {
      "message": "ไม่พบแบบอักษร"
   },
   "5865680764501413616": {
      "message": "ไม่พบข้อความ"
   },
   "5871966496153339793": {
      "message": "กำลังแสดงภาพขนาดย่อของวิดีโอ $1​"
   },
   "5875004331736681428": {
      "message": "กำลังแตกไฟล์ลงในบัญชีอีเมลของคุณ"
   },
   "587666071025645113": {
      "message": "ค้นหา"
   },
   "5877526626743756786": {
      "message": "ความคิดเห็น"
   },
   "5889725440363483648": {
      "message": "ทุกคนในกลุ่ม"
   },
   "5911012384539794869": {
      "message": "ไม่สามารถเริ่มงานแยกไฟล์ได้"
   },
   "5916010927050975496": {
      "message": "$1​ KB"
   },
   "5949528478488617689": {
      "message": "สิทธิ์การดาวน์โหลด"
   },
   "5950887255133612666": {
      "message": "ยังไม่เริ่ม"
   },
   "5969696744752069015": {
      "message": "ไม่มีหน้าตัวอย่าง"
   },
   "5971400924847413790": {
      "message": "หรืออาจดูเอกสารในแบบ $2​HTML ธรรมดา$1​ (เปลี่ยนเส้นทางโดยอัตโนมัติ)"
   },
   "5972111804366033138": {
      "message": "ดาวน์โหลด"
   },
   "5975031149676029214": {
      "message": "ทุกคน"
   },
   "5976369213680241300": {
      "message": "ค้นหาภาพ"
   },
   "5980081664136280513": {
      "message": "เขียว"
   },
   "5984398071085567332": {
      "message": "Google ตารางฟิวชัน"
   },
   "6009962986062136164": {
      "message": "กำลังโหลด $1​"
   },
   "60305871484579258": {
      "message": "Alt"
   },
   "6043068172993241858": {
      "message": "ไม่มีใครอยู่ในแวดวงนี้เลย"
   },
   "604883455412617728": {
      "message": "ไม่มีที่อยู่ติดต่อที่ตรงกับการค้นหาของคุณ"
   },
   "6051386830221821025": {
      "message": "กำลังลงชื่อเข้าใช้ ..."
   },
   "6064654062949366878": {
      "message": "เล่น"
   },
   "6070475007374165567": {
      "message": "กำลังบันทึก..."
   },
   "6083586461434260179": {
      "message": "ประสบการณ์การดูแบบใหม่"
   },
   "6087078248621415351": {
      "message": "แก้ไขเมื่อ $1​"
   },
   "6091926883608250483": {
      "message": "เพิ่มเติม"
   },
   "6105571474005679446": {
      "message": "เกิดปัญหากับการแสดงตัวอย่าง"
   },
   "6113237889871930608": {
      "message": "โน้ตเปล่า"
   },
   "6118623991445349480": {
      "message": "หน้า $1​"
   },
   "6122643025527543706": {
      "message": "Ctrl"
   },
   "6131822680770571276": {
      "message": "PowerPoint"
   },
   "6140634664402328750": {
      "message": "รายการแอป"
   },
   "6149175749937815029": {
      "message": "ดูรายการทั้งหมด"
   },
   "6160805346274626656": {
      "message": "ลบทิ้งถาวร"
   },
   "616807262818311711": {
      "message": "ประเภท"
   },
   "6175043905327075444": {
      "message": "เลือกไว้ก่อนหน้านี้"
   },
   "6177107655089301674": {
      "message": "ดาวน์โหลดแอป Google Keep สำหรับ Android "
   },
   "6185886893933834031": {
      "message": "เก็บรายการที่เลือก"
   },
   "6186290899408627510": {
      "message": "Enter"
   },
   "6189891414154673003": {
      "message": "แผนที่ของฉัน"
   },
   "6203260615455347677": {
      "message": "ตัวเลข"
   },
   "6223207695466118454": {
      "message": "YouTube"
   },
   "6224687211096863620": {
      "message": "ทุกคน"
   },
   "623118860067088424": {
      "message": "วิดีโอ"
   },
   "6231401379881217113": {
      "message": "Insert"
   },
   "6252259197986158120": {
      "message": "เมื่อวานนี้"
   },
   "6253076263700695984": {
      "message": "เกิดข้อผิดพลาดในการตรวจสอบสิทธิ์ โปรดโหลดซ้ำ"
   },
   "6255475144867830247": {
      "message": "เลือกจากแท็บการนำทางอื่นๆ"
   },
   "6267063643272327592": {
      "message": "โปรดลองใหม่ในภายหลัง"
   },
   "6290270819062517523": {
      "message": "เลือกหลายรายการเกินไป โปรดยกเลิกอย่างน้อยหนึ่งรายการ"
   },
   "6305748545202493254": {
      "message": "แสดง/ซ่อนแผงรายละเอียด"
   },
   "6324768448533022780": {
      "message": "$1​ $2​"
   },
   "6331677437567501421": {
      "message": "เกิดปัญหาในการอัปเดตสิทธิ์การดาวน์โหลด"
   },
   "6333496730738019575": {
      "message": "กำลังโหลด..."
   },
   "634900089121611600": {
      "message": "ไม่มีวิดีโอ"
   },
   "6362170008350775214": {
      "message": "แจ้งเตือนที่ $1​"
   },
   "6375395544374251820": {
      "message": "เกิดปัญหาในการโหลดหน้าเพิ่ม กำลังลองใหม่..."
   },
   "6376739025584042564": {
      "message": "ครอบตัดรูปภาพ"
   },
   "6386587519843563719": {
      "message": "ไฟล์ไบนารี"
   },
   "6416495701611778255": {
      "message": "แอปของบุคคลที่สามที่แนะนำ"
   },
   "6419411265907669340": {
      "message": "วันนี้"
   },
   "6436479735235889890": {
      "message": "แจ้งเตือนเวลา $2​ วันที่ $1​"
   },
   "6450508807204492448": {
      "message": "ไอคอน $1​"
   },
   "6457802200418354862": {
      "message": "ผู้ดูสามารถดาวน์โหลดได้"
   },
   "6459405233858728718": {
      "message": "Google สไลด์"
   },
   "6464761738227651511": {
      "message": "$1​ นาทีที่ผ่านมา"
   },
   "6466736813846482957": {
      "message": "ก่อนหน้า"
   },
   "6479216014938929613": {
      "message": "กลางคืน ($1​)"
   },
   "6482358947077977110": {
      "message": "รูปภาพจาก Google Search"
   },
   "6487403767449360463": {
      "message": "โหลด Keep ซ้ำไหม"
   },
   "6488225756782357866": {
      "message": "Google ค้นรูปพบรูปภาพที่คุณเลือกในหน้านี้:"
   },
   "6510131849363684615": {
      "message": "พรุ่งนี้"
   },
   "6516256764288947999": {
      "message": "แท็กบุคคล"
   },
   "6522917155620379865": {
      "message": "ดาวน์โหลด"
   },
   "6524849072392100692": {
      "message": "โฟลเดอร์ Google ไดรฟ์"
   },
   "6551588617715293696": {
      "message": "ตัวเลือกการจัดเรียง"
   },
   "6570921376519753466": {
      "message": "ดิสเพลย์"
   },
   "6571686604846453345": {
      "message": "เกิดปัญหาในการเพิ่มรายการนี้ไปยังไดรฟ์"
   },
   "6582286158693833652": {
      "message": "เรียนรู้เพิ่มเติม"
   },
   "6588176324871799870": {
      "message": "Google Apps Script"
   },
   "6602430002978098812": {
      "message": "ลายมือ"
   },
   "6614046405230762587": {
      "message": "ไม่พบที่อยู่ติดต่อ"
   },
   "6622304228074863427": {
      "message": "แอปพลิเคชัน"
   },
   "6624754161346656119": {
      "message": "อวาตาร์ของ $1​"
   },
   "6644861766016503644": {
      "message": "ต้องมีรหัสผ่าน"
   },
   "6650600936729710500": {
      "message": "คำตอบ"
   },
   "666311703374681171": {
      "message": "รูปภาพและวิดีโอ"
   },
   "6666820082708870349": {
      "message": "นำออก"
   },
   "6707173584987026005": {
      "message": "วันนี้"
   },
   "6709984792949009238": {
      "message": "เปิดล่าสุดโดยฉัน"
   },
   "6726462693927865256": {
      "message": "รายละเอียด"
   },
   "6726879257388338969": {
      "message": "พิมพ์"
   },
   "6726925393892510846": {
      "message": "เกิดข้อผิดพลาด โปรดลองอีกครั้ง"
   },
   "6741759391888465238": {
      "message": "กำลังบันทึกไปที่ไดรฟ์ - ย้ายไปที่:"
   },
   "6744457949320515234": {
      "message": "ยกเลิกโน้ตที่ว่างเปล่าแล้ว"
   },
   "6757218172402086688": {
      "message": "ค้นหาโน้ต..."
   },
   "6780628488957834429": {
      "message": "ส้ม"
   },
   "6784073265197389491": {
      "message": "เรียนรู้เพิ่มเติม"
   },
   "681598652078493281": {
      "message": "เรียนรู้เพิ่มเติม"
   },
   "6818286476757207074": {
      "message": "เลือกเฉพาะรูปที่คุณได้ยืนยันแล้วว่ามีสิทธิ์นำไปใช้ได้"
   },
   "682070933835616121": {
      "message": "ไม่มีตาราง"
   },
   "6822338149422461362": {
      "message": "Google ไดรฟ์"
   },
   "6827821461670731013": {
      "message": "แสดงช่องทำเครื่องหมาย"
   },
   "6828581947433060251": {
      "message": "เกิดปัญหาในการเปลี่ยนชื่อรายการ"
   },
   "6833760103261954639": {
      "message": "เกิดปัญหาในการโหลดหน้านี้ กำลังลองใหม่..."
   },
   "6841020391100928352": {
      "message": "เกินขนาดไฟล์สูงสุด"
   },
   "6851307437837490686": {
      "message": "กำหนดให้ผู้ดูไม่สามารถดาวน์โหลด"
   },
   "6856672816797218730": {
      "message": "แนบ"
   },
   "6891563484025164308": {
      "message": "ก่อนหน้า"
   },
   "6893687445500687349": {
      "message": "เว็บไซต์"
   },
   "6898823203505321799": {
      "message": "รายละเอียด"
   },
   "6904351530369058983": {
      "message": "เจ้าของ"
   },
   "6905021988981026920": {
      "message": "ค้นหาวิดีโอ"
   },
   "6922953828399110511": {
      "message": "ปิดโปรแกรมดูเอกสาร"
   },
   "6929958461954697067": {
      "message": "รูปภาพของคุณ"
   },
   "6939782595426687411": {
      "message": "กำลังเพิ่ม..."
   },
   "6940998537415516791": {
      "message": "เวลา"
   },
   "695253297035211081": {
      "message": "ล้างถังขยะ"
   },
   "6967244066810487978": {
      "message": "ถังขยะ"
   },
   "6970167488058122005": {
      "message": "ไม่ทราบผู้เขียน"
   },
   "6976414863987386971": {
      "message": "ฟอร์ม"
   },
   "7001938470263404128": {
      "message": "อัปโหลด"
   },
   "7002768663714031226": {
      "message": "อัปเดต"
   },
   "7004919150329996187": {
      "message": "ไม่พบบุคคลที่ต้องการในแวดวงนี้"
   },
   "7054631817922169541": {
      "message": "Google Keep มีการเปลี่ยนแปลงที่ยังไม่ได้บันทึก คุณต้องการออกจากหน้านี้และยกเลิกการเปลี่ยนแปลงไหม"
   },
   "7059437903473652416": {
      "message": "เล่นวิดีโอ YouTube $1​"
   },
   "7080196430479494775": {
      "message": "ลองใหม่"
   },
   "7084324152376766809": {
      "message": "$1​ วันที่ผ่านมา"
   },
   "7084991134824194740": {
      "message": "เตือนฉัน"
   },
   "7092062731478679314": {
      "message": "ไม่พบแวดวง"
   },
   "7117183622067702162": {
      "message": "ใช้ Google ไดรฟ์แล้วคุณจะไม่ต้องส่งไฟล์แนบไปกับอีเมลอีกเลย แค่แชร์ลิงก์สำหรับไฟล์ที่เก็บไว้ใน Google ไดรฟ์ แค่นี้ทุกคนก็สามารถเข้าถึงไฟล์เดียวกัน เวอร์ชันเดียวกันได้โดยอัตโนมัติ"
   },
   "713754035716193665": {
      "message": "รายการใหม่"
   },
   "7146242673022399081": {
      "message": "ข้อความ"
   },
   "7148992630785407972": {
      "message": "ไฟล์นี้ได้รับการป้องกันด้วยรหัสผ่านและไม่สามารถแสดงตัวอย่างได้"
   },
   "7151987668860086450": {
      "message": "ค้นเว็บ"
   },
   "7153847618034547771": {
      "message": "เปิดใช้"
   },
   "7161134329606048317": {
      "message": "ปิด"
   },
   "7164532930742017984": {
      "message": "ทุกคนที่มีลิงก์"
   },
   "7174189954350964804": {
      "message": "ลองใหม่"
   },
   "7177591028189992523": {
      "message": "ย้าย"
   },
   "7188754206068648188": {
      "message": "ข้อมูลที่คั่นด้วยเครื่องหมายจุลภาค"
   },
   "7225837680381806920": {
      "message": "เย็น ($1​)"
   },
   "722702934847795304": {
      "message": "Project"
   },
   "7236199858216720905": {
      "message": "แผนที่"
   },
   "7247530225058410142": {
      "message": "$2​ $1​"
   },
   "7259352906118493156": {
      "message": "ไม่มีไซต์"
   },
   "7282548567245878869": {
      "message": "ลบรายการแล้ว"
   },
   "7295712436136900176": {
      "message": "โหลดซ้ำ"
   },
   "7310311230493556740": {
      "message": "URL"
   },
   "7339696241980105410": {
      "message": "ไม่มีวิดีโอที่คุณเลือกอยู่ในขณะนี้ เจ้าของวิดีโออาจนำออกแล้ว"
   },
   "7342923890755029722": {
      "message": "ปิด"
   },
   "734478884582426793": {
      "message": "ไฟล์บีบอัด"
   },
   "7357017164339332230": {
      "message": "รูปภาพเหล่านี้สามารถดูและแชร์ได้ใน $2​Picasa Web Albums$1​ และบริการฝากรูปฟรีของ Google"
   },
   "736105042796745909": {
      "message": "{VIEWER_GENDER,select, female{สร้างโฟลเดอร์}male{สร้างโฟลเดอร์}other{สร้างโฟลเดอร์}}"
   },
   "7362061801920948830": {
      "message": "อัปโหลดเพิ่มเติม"
   },
   "7364571366369083618": {
      "message": "วิดีโอ"
   },
   "7377239345926788722": {
      "message": "การทำงาน"
   },
   "7380785991026002613": {
      "message": "ผลลัพธ์ที่ปรากฏมีป้ายกำกับสำหรับการใช้งานซ้ำ"
   },
   "7382688299146249119": {
      "message": "ดาวน์โหลดรายการ"
   },
   "7383706174467122149": {
      "message": "ลบโน้ตแล้ว"
   },
   "7388342865555961406": {
      "message": "ใน $1​ วัน"
   },
   "7393771571081973549": {
      "message": "C"
   },
   "740507516967994591": {
      "message": "เปิด"
   },
   "7422452809590461532": {
      "message": "แดง"
   },
   "7426603384368095928": {
      "message": "โปรดโหลดหน้าเว็บซ้ำ เพื่อลงชื่อเข้าใช้อีกครั้งและทำงานต่อ"
   },
   "7429084719905985261": {
      "message": "Objective C"
   },
   "7432956605646331928": {
      "message": "SQL"
   },
   "7440735091552109962": {
      "message": "$2​ (แก้ไขเมื่อ $1​)"
   },
   "7441891675459021164": {
      "message": "กำลังบันทึกลงในไดรฟ์"
   },
   "7451573821837395189": {
      "message": "เพิ่มรายการไปยัง$2​ไดรฟ์ของคุณ$1​แล้ว"
   },
   "7468322419516352788": {
      "message": "เกิดปัญหาในการอัปเดตรายละเอียด"
   },
   "7488945223835574498": {
      "message": "Postscript"
   },
   "7492710087472140422": {
      "message": "เรียนรู้เพิ่มเติม"
   },
   "7493919863870655172": {
      "message": "เว็บแคม"
   },
   "7500786109708143683": {
      "message": "ลบเสียงแล้ว"
   },
   "7501027876827009022": {
      "message": "ผลลัพธ์ที่ปรากฏมีป้ายกำกับสำหรับการใช้งานซ้ำเพื่อการพาณิชย์"
   },
   "7521272923988336579": {
      "message": "ดูข้อมูลล่าสุดด้วยการโหลด Keep ซ้ำเลย"
   },
   "7532552995569296274": {
      "message": "ล้างการค้นหา"
   },
   "7546994163355383999": {
      "message": "โน้ตทั้งหมดที่บันทึกไว้"
   },
   "7559208209275370228": {
      "message": "แก้ไขล่าสุดโดยฉัน"
   },
   "7565383798249439151": {
      "message": "ใน $1​ วัน"
   },
   "7565870443143407759": {
      "message": "ค้นหาในเอกสาร"
   },
   "7586291841734385643": {
      "message": "เปิดในแท็บใหม่"
   },
   "7598582624136632660": {
      "message": "เปิดแถบค้นหา/ค้นหาถัดไป"
   },
   "7602870977118971161": {
      "message": "โหลดซ้ำ"
   },
   "7610654194202731772": {
      "message": "ลบ"
   },
   "761925792744044896": {
      "message": "ตั้งเป็นรูปโปรไฟล์"
   },
   "7630723924002267143": {
      "message": "เปิดใช้แป้นพิมพ์ลัด"
   },
   "7640546114686970497": {
      "message": "ไม่สามารถเพิ่มรายการได้อีก"
   },
   "7669846901402551021": {
      "message": "วันนี้"
   },
   "7691521283331762131": {
      "message": "โน้ตที่คุณเก็บถาวรจะปรากฏที่นี่"
   },
   "772000107335590599": {
      "message": "ใน $1​ นาที"
   },
   "7734578122414851725": {
      "message": "PHP"
   },
   "7745005220197261896": {
      "message": "ค้นหนังสือ"
   },
   "7759846028901235026": {
      "message": "เลิกเก็บโน้ตถาวรแล้ว"
   },
   "776065748745885880": {
      "message": "วรรค"
   },
   "7770982082843341533": {
      "message": "ไม่มีรายการในโฟลเดอร์นี้"
   },
   "779472474101127362": {
      "message": "ถ่ายสแนปชอต"
   },
   "7800318069267901681": {
      "message": "แก้ไข"
   },
   "7805487598105530487": {
      "message": "แทรกในบรรทัด"
   },
   "7814778057875152792": {
      "message": "เกิดปัญหาในการย้ายไฟล์แนบไปยังโฟลเดอร์ที่เลือกใน Google ไดรฟ์"
   },
   "7820417126206702946": {
      "message": "ผลลัพธ์ที่แสดงสามารถนำไปใช้เป็นการส่วนตัวหรือเชิงพาณิชย์เฉพาะใน Google ไดรฟ์เท่านั้น และห้ามนำไปเผยแพร่ต่อหรือจำหน่ายในที่อื่นๆ"
   },
   "7822364282298323175": {
      "message": "ลบรายการแล้ว"
   },
   "7830513726270865588": {
      "message": "ปฏิทิน"
   },
   "7845751753397906805": {
      "message": "พบการแก้ไขที่ขัดแย้งกัน"
   },
   "7852396628465259068": {
      "message": "รูปโปรไฟล์"
   },
   "7859526172011446452": {
      "message": "หยุดการส่ง"
   },
   "78870906674150830": {
      "message": "$3​$1​$2​"
   },
   "7895643887742936844": {
      "message": "อัฒภาค (;)"
   },
   "7899833760457194273": {
      "message": "ค้นหารูปภาพ"
   },
   "7899913952063063825": {
      "message": "ลบรูปภาพแล้ว"
   },
   "7906726367011430855": {
      "message": "เชื่อมต่อ"
   },
   "7910518224461588465": {
      "message": "เหลือง"
   },
   "7953603850004320936": {
      "message": "ไม่สามารถดูตัวอย่าง"
   },
   "7957306528733096600": {
      "message": "ดำเนินการเรียบร้อยแล้ว"
   },
   "7960528690514646841": {
      "message": "{moreCount,plural, =0{unused plural form}=1{+ อีก 1}other{+ อีก {moreCount}}}"
   },
   "7973635145070803181": {
      "message": "อัปโหลดรูปภาพ"
   },
   "7987180255015869513": {
      "message": "หรือวางที่อยู่เว็บที่นี่:"
   },
   "8011497727123874703": {
      "message": "ปุ่มโฟลเดอร์ $1​"
   },
   "8016231262233952856": {
      "message": "น้ำเงินอมเขียว"
   },
   "8019402848412685977": {
      "message": "เปลี่ยนชื่อ \"$2​\" เป็น \"$1​\" แล้ว"
   },
   "8023466614826324314": {
      "message": "รูปภาพจะถูกแชร์กับผู้ชมจำนวนมาก"
   },
   "8043514121228710092": {
      "message": "เพิ่มรูปภาพ"
   },
   "8044700199531805239": {
      "message": "$3​$1​$2​ เชื่อมต่อแล้ว"
   },
   "8069384932934428393": {
      "message": "ใน $1​ นาที"
   },
   "8081927474846706026": {
      "message": "ไม่มีภาพวาด"
   },
   "8090743714060857028": {
      "message": "ผู้ดูไม่สามารถดาวน์โหลด"
   },
   "8095838445486198080": {
      "message": "{FILE_SIZE,plural, =0{0 ไบต์}=1{1 ไบต์}other{# ไบต์}}"
   },
   "8099047958506869131": {
      "message": "{VIEWER_GENDER,select, female{โฟลเดอร์ใหม่}male{โฟลเดอร์ใหม่}other{โฟลเดอร์ใหม่}}"
   },
   "8100558294600077150": {
      "message": "ค้นบล็อก"
   },
   "8105635255693472607": {
      "message": "เพิ่มรายการใหม่"
   },
   "8106780183458743723": {
      "message": "อัลบั้มรูปภาพ"
   },
   "8112699352770418817": {
      "message": "ไม่พบหนังสือ"
   },
   "8132410616064087953": {
      "message": "วิดีโอยาวเกินไป (ระยะเวลาสูงสุดคือ $1​ วินาที)"
   },
   "8135145577663029437": {
      "message": "เก็บไว้ทั้งคู่"
   },
   "8146560259680897627": {
      "message": "ยกเลิก"
   },
   "8158191101452862916": {
      "message": "แทรกรูปภาพ"
   },
   "8159493406018222636": {
      "message": "ส่งความคิดเห็น"
   },
   "8172945196588870035": {
      "message": "กิจกรรม"
   },
   "8174654098152723289": {
      "message": "แก้ไขคำอธิบาย"
   },
   "8178754379486173416": {
      "message": "{VIEWER_GENDER,select, female{จำนวนรายการที่เลือกน้อยเกินไป กรุณาเลือกมากกว่านี้}male{จำนวนรายการที่เลือกน้อยเกินไป กรุณาเลือกมากกว่านี้}other{จำนวนรายการที่เลือกน้อยเกินไป กรุณาเลือกมากกว่านี้}}"
   },
   "8192378456655629049": {
      "message": "กำลังประมวลผลวิดีโอ..."
   },
   "8193991135666622583": {
      "message": "Keep"
   },
   "821942580510564685": {
      "message": "โปรดป้อนรหัสผ่านของเอกสารนี้เพื่อดู"
   },
   "8239237134193392595": {
      "message": "การแจ้งเตือนสถานที่จะปรากฏบนอุปกรณ์เคลื่อนที่เท่านั้น"
   },
   "8267458240960831780": {
      "message": "กำลังตรวจสอบสิทธิ์..."
   },
   "8281141013543828574": {
      "message": "Raw Image"
   },
   "8281678863271800533": {
      "message": "ตัวกรองภาพ"
   },
   "8283103456188558313": {
      "message": "งานนำเสนอ"
   },
   "8290434443655418968": {
      "message": "{filesCount,plural, =0{unused plural form}=1{ไม่สนับสนุนไฟล์ที่เลือก [{file}] สำหรับการอัปโหลด}other{ไม่สนับสนุนไฟล์ที่เลือก [{files}] สำหรับการอัปโหลด}}"
   },
   "8304474373444239435": {
      "message": "ตอบโดย $1​"
   },
   "8322416564157128458": {
      "message": "การแชร์"
   },
   "8324195080917648153": {
      "message": "ไม่สามารถใส่วิดีโอที่นี่ กรุณาขยายหน้าต่างเบราว์เซอร์อีกนิด"
   },
   "8337582740675387693": {
      "message": "Java"
   },
   "8342684858400436871": {
      "message": "Tab"
   },
   "8379952094517631162": {
      "message": "ไม่"
   },
   "8409393124758970712": {
      "message": "$2​ x $1​"
   },
   "8412684147928483084": {
      "message": "ดำ"
   },
   "8435544675017330861": {
      "message": "ไม่มีรายการที่ตรงกับการค้นหาของคุณ"
   },
   "8436817383042650304": {
      "message": "Caps-lock"
   },
   "8451184312655705174": {
      "message": "ถ้า URL ของคุณถูกต้อง คุณจะเห็นหน้าตัวอย่างที่นี่ ภาพขนาดใหญ่อาจใช้เวลาสักครู่ในการแสดง"
   },
   "8467894483369467251": {
      "message": "แฟลช"
   },
   "8506198918368329269": {
      "message": "ผลลัพธ์ที่ปรากฏมีป้ายกำกับสำหรับการใช้งานซ้ำเพื่อการพาณิชย์พร้อมการแก้ไข"
   },
   "8571315158566081191": {
      "message": "ไม่มีสเปรดชีต"
   },
   "8580600056399054303": {
      "message": "ตั้งค่าตำแหน่งที่จะแสดงรายการใหม่หรือรายการที่ทำเสร็จแล้ว"
   },
   "8595175575778060149": {
      "message": "เพิ่มเติม"
   },
   "8596257056433048992": {
      "message": "ยินดีต้อนรับสู่"
   },
   "8616342546716995946": {
      "message": "รับทราบ"
   },
   "8621067185485606452": {
      "message": "ECMAScript"
   },
   "8638281560898810401": {
      "message": "{MINUTES,plural, =0{0 นาที }=1{1 นาที }other{# นาที }}{SECONDS,plural, =0{0 วินาที}=1{1 วินาที}other{# วินาที}}"
   },
   "863955692838281739": {
      "message": "ปิด"
   },
   "8643398764569428530": {
      "message": "อนุญาตให้ Google Keep แสดงการแจ้งเตือนไหม"
   },
   "8652566647088230560": {
      "message": "ข้อมูลลับการลองใช้"
   },
   "8660016472468563221": {
      "message": "ทวิภาค (:)"
   },
   "8663507590720636709": {
      "message": "$1​ + อีก $2​"
   },
   "8666643061920113075": {
      "message": "{VIEWER_GENDER,select, female{วาง URL ของรูปภาพที่นี่:}male{วาง URL ของรูปภาพที่นี่:}other{วาง URL ของรูปภาพที่นี่:}}"
   },
   "8674222789100049233": {
      "message": "ปิด"
   },
   "86815590954366945": {
      "message": "รายการเนื้อหาที่เก็บไว้"
   },
   "8709611758728645225": {
      "message": "pg-down"
   },
   "8711002053494037632": {
      "message": "ยกเลิกการทำเครื่องหมายรายการทั้งหมดแล้ว"
   },
   "8748281640412284111": {
      "message": "คลังภาพ"
   },
   "8759520888087120926": {
      "message": "ไม่มีสคริปต์"
   },
   "8775097441636640256": {
      "message": "$2​ - $1​"
   },
   "8780212274435014958": {
      "message": "แวดวง"
   },
   "8781837301864053001": {
      "message": "ข้อความแบบ Rich"
   },
   "8792038552136453044": {
      "message": "อ๊ะ! เกิดข้อผิดพลาดบางอย่าง"
   },
   "8793166064242077041": {
      "message": "เกิดปัญหาในการแสดงรูปภาพนี้"
   },
   "8813101408630252335": {
      "message": "$1​ วินาที"
   },
   "8820281478062782578": {
      "message": "ค้นหา"
   },
   "8822326207328431952": {
      "message": "ไม่สามารถอัปโหลดรูปได้"
   },
   "8840223453482998505": {
      "message": "โฟลเดอร์ที่เลือก $1​"
   },
   "8845176264121061589": {
      "message": "ยกเลิกการทำเครื่องหมายรายการทั้งหมด"
   },
   "8850238112725591771": {
      "message": "แป้นพิมพ์ลัด $1​"
   },
   "8852550049823214385": {
      "message": "แล้ว"
   },
   "8883744193208363722": {
      "message": "มีการอัปเดตแอปให้บริการ"
   },
   "8884900765322249670": {
      "message": "มุมมองรายการ"
   },
   "8889019648958415451": {
      "message": "ไฟล์ที่ไม่รู้จัก"
   },
   "8911996820409711834": {
      "message": "ย้ายข้อความไปยังรายการใหม่ &raquo;"
   },
   "8916237870980173557": {
      "message": "กำลังเชื่อมต่อ..."
   },
   "8917554093651202032": {
      "message": "เล่น $1​"
   },
   "8919660666733306860": {
      "message": "รูปภาพ"
   },
   "8930959387403789939": {
      "message": "การแจ้งเตือน"
   },
   "8943760679396635042": {
      "message": "กำลังแสดง $1​"
   },
   "8953555255469284376": {
      "message": "วางภาพที่นี่"
   },
   "8979615310931291676": {
      "message": "แก้ไขเมื่อ $1​"
   },
   "8986044948621891903": {
      "message": "พิมพ์คำค้นหาในช่องด้านบน เพื่อค้นหาผลลัพธ์ทางเว็บโดยใช้ Google ค้นเว็บ"
   },
   "901615442107785480": {
      "message": "เก็บโน้ต/รายการ"
   },
   "9024023699330078373": {
      "message": "การเปิดรายการนี้จะเพิ่มรายการไปที่ไดรฟ์ของคุณ"
   },
   "9028041601596584772": {
      "message": "ตำแหน่ง"
   },
   "9058308423774656474": {
      "message": "Hangul Word Processor"
   },
   "9083935734710258396": {
      "message": "ปฏิเสธ"
   },
   "9094248058931620597": {
      "message": "ยุบแผงรายละเอียดแล้ว"
   },
   "9114674068220302553": {
      "message": "เป็นไฟล์แนบ"
   },
   "911586799466052745": {
      "message": "OpenOffice Draw"
   },
   "9130962320402467249": {
      "message": "คลังภาพ"
   },
   "9146716987301178362": {
      "message": "เกิดข้อผิดพลาด โปรดโหลดซ้ำ"
   },
   "9165877886714239857": {
      "message": "ไม่สามารถจับข้อความจากรูปภาพ โปรดลองอีกครั้งในภายหลัง"
   },
   "916773043895242978": {
      "message": "URL รูปภาพที่คุณป้อนด้านบนไม่ถูกต้องหรือไม่สามารถโหลดได้ โปรดป้อน URL รูปภาพที่ถูกต้อง"
   },
   "9173629944963872598": {
      "message": "ไม่พบกิจกรรมใดๆ"
   },
   "9182500445937900938": {
      "message": "ปิด"
   },
   "9195941533351099011": {
      "message": "กำลังอัปโหลด $1​ จาก $2​"
   },
   "9197837492705576727": {
      "message": "ไปที่รายการถัดไป"
   },
   "919969969251998566": {
      "message": "แตกไฟล์ที่บีบอัดนี้ลงในบัญชีอีเมลของคุณ"
   },
   "9203542510134660095": {
      "message": "เริ่มงานแยกไฟล์แล้ว เนื้อหาจากไฟล์ที่บีบอัดจะปรากฏในไดรฟ์ภายใต้โฟลเดอร์ \"$1​\""
   },
   "940276535015195877": {
      "message": "ไม่มีโฟลเดอร์"
   },
   "943493480163896757": {
      "message": "{resultCount,plural, =1{โน้ตที่ตรงกัน # ฉบับ}other{โน้ตที่ตรงกัน # ฉบับ}}"
   },
   "951963820437151566": {
      "message": "Google Sites"
   },
   "95809842507987016": {
      "message": "ลบ"
   },
   "963611681085757795": {
      "message": "ขออภัย เราไม่สามารถสร้างมุมมองเอกสารได้ในขณะนี้"
   },
   "96556988207614774": {
      "message": "ปฏิทิน"
   },
   "974042541427403929": {
      "message": "น้ำเงิน"
   },
   "980395722421409371": {
      "message": "ไม่พบแผนที่"
   },
   "982187142411651629": {
      "message": "ปิด"
   },
   "985197728509875956": {
      "message": "Chemical Model"
   },
   "996381410993745580": {
      "message": "Photoshop"
   },
   "998727788921602971": {
      "message": "วิดีโอ"
   },
   "appDesc": {
      "description": "App description",
      "message": "เก็บไอเดียดีๆ ในทุกนาทีที่คิดได้และรับการแจ้งเตือนได้ถูกที่ ถูกเวลา"
   },
   "appName": {
      "description": "App name.",
      "message": "Google Keep - โน้ตและรายการ"
   }
}
