{
   "1006787209796778126": {
      "message": "Drive'ım"
   },
   "1017907757187630742": {
      "message": "Yazı tiplerim"
   },
   "1029072043275376320": {
      "message": "Takvim bulunamadı."
   },
   "1030781695901615026": {
      "message": "Alta"
   },
   "103870949919613488": {
      "message": "Not arşivlendi"
   },
   "1039394921418415681": {
      "message": "Oturum aç"
   },
   "1083918249169198626": {
      "message": "Klavye kısayolları devre dışı."
   },
   "1090919586152138659": {
      "message": "Stok"
   },
   "1101371910696766077": {
      "message": "Kopya oluştur"
   },
   "1107413433574576014": {
      "message": "Başlık çok büyük. Vurgulanan metin kaydedilmeyecek."
   },
   "1127320433256851404": {
      "message": "Video oynatıcı"
   },
   "1162642135048988280": {
      "message": "Dokümanı yeniden adlandır"
   },
   "1166244120191806795": {
      "message": "Geri Bildirim Gönder"
   },
   "1179891706526242218": {
      "message": "Sonraki"
   },
   "1185164838496022543": {
      "message": "Sayfayı yeniden yüklemek için lütfen burayı tıklayın."
   },
   "1185644932132585290": {
      "message": "$1​ karakter kaldı"
   },
   "1213005208968286932": {
      "message": "Çözüldü olarak işaretlendi"
   },
   "1263557413037343589": {
      "message": "Fotoğrafları düzenleyin"
   },
   "1263685395252160366": {
      "message": "LaTeX"
   },
   "1311350045083871503": {
      "message": "İptal"
   },
   "1311729747516144362": {
      "message": "Kırmızı"
   },
   "1315844696796851207": {
      "message": "Sans Serif"
   },
   "1319037146426591038": {
      "message": "veya"
   },
   "132822872080714863": {
      "message": "Tamam"
   },
   "133192954417440569": {
      "message": "Sonuç bulunamadı."
   },
   "1349697396109290623": {
      "message": "$1​ adlı resim dosyası daha yüksek çözünürlükte gösteriliyor"
   },
   "1376126796144976437": {
      "message": "Tüm yazı tipleri"
   },
   "139942704574044780": {
      "message": "Kabul et"
   },
   "141491180325662484": {
      "message": "Google Drive, dosyalarınıza istediğiniz yerden ve istediğiniz cihazdan erişebileceğiniz şekilde tüm dosyalarınızı tutabileceğiniz tek yerdir. Google Drive'da fotoğraflarınız varsa bu fotoğrafları çevrelerinizle buradan anında paylaşabilirsiniz."
   },
   "1418114637490664392": {
      "message": "LIFE Fotoğraf Arşivi"
   },
   "1419896259743862406": {
      "message": "Birlikte aç"
   },
   "1440171352837969028": {
      "message": "Video/Ses"
   },
   "1441487391064925653": {
      "message": "Yardım Merkezi'nde tüm kısayolları görüntüle"
   },
   "1446829548948002072": {
      "message": "virgül"
   },
   "1454684154234137497": {
      "message": "pause"
   },
   "1459765068821943106": {
      "message": "{VIEWER_GENDER,select, female{Buraya YouTube URL'sini yapıştırın:}male{Buraya YouTube URL'sini yapıştırın:}other{Buraya YouTube URL'sini yapıştırın:}}"
   },
   "1463079206290378085": {
      "message": "Orkut fotoğrafları"
   },
   "1463389029497634261": {
      "message": "Ses düzeyini azalt"
   },
   "1475179211173444554": {
      "message": "Alan adında bulunan ve bağlantıya sahip olan herkes"
   },
   "1492360016907725281": {
      "message": "{VIEWER_GENDER,select, female{Buraya bir video URL'si yapıştırın:}male{Buraya bir video URL'si yapıştırın:}other{Buraya bir video URL'si yapıştırın:}}"
   },
   "1493251742569121894": {
      "message": "Not çok büyük. Vurgulanan metin kaydedilmeyecek."
   },
   "1493384967280942491": {
      "message": "Pembe"
   },
   "1499433769420882987": {
      "message": "$1​ görüntüleniyor"
   },
   "1505876360160857231": {
      "message": "$1​ TB"
   },
   "1521707405717823409": {
      "message": "Mor"
   },
   "153439508598626384": {
      "message": "Fotoğraflarınız"
   },
   "1536051766421561160": {
      "message": "eşittir"
   },
   "156992719062713230": {
      "message": "Gri"
   },
   "1586968957182554447": {
      "message": "Devre dışı bırak"
   },
   "1588268697057804046": {
      "message": "$1​ saat önce"
   },
   "1603139897109307706": {
      "message": "Hata, lütfen tekrar deneyin"
   },
   "1604359562654146902": {
      "message": "Fotoğraf"
   },
   "1633370388224271051": {
      "message": "Kullanıcı bulunamadı."
   },
   "1633798963327779260": {
      "message": "Yarın"
   },
   "1654222450095043962": {
      "message": "Ses"
   },
   "1656911987308166143": {
      "message": "Sil"
   },
   "1665821947855814052": {
      "message": "Boyut"
   },
   "1692901784886701962": {
      "message": "Not çok büyük."
   },
   "1697160643589236962": {
      "message": "$1​ PB"
   },
   "1700522311470719738": {
      "message": "Hatırlat"
   },
   "1701312243672511585": {
      "message": "Metni yeni nota taşı &raquo;"
   },
   "1709410429018687341": {
      "message": "Sabah ($1​)"
   },
   "1715552550526864429": {
      "message": "Blog'larda ara"
   },
   "171683163267149669": {
      "message": "$1​ GB"
   },
   "1739900012825270238": {
      "message": "Önceki öğeye git"
   },
   "1756171223417807431": {
      "message": "Resmin herkese açık olduğundan emin olun. Resminiz bir şifre ile korunuyorsa veya dahili ağ içindeyse, okumamız mümkün olmaz."
   },
   "1759957963056319953": {
      "message": "$1​ görünümünden geri dön"
   },
   "1783719421893050637": {
      "message": "Boyutlar"
   },
   "178927681797742562": {
      "message": "Oturum Aç"
   },
   "1791115075948268631": {
      "message": "Klavye kısayolu yardımını aç"
   },
   "1808245543551507519": {
      "message": "Ses"
   },
   "1816851800848432562": {
      "message": "Kaldır"
   },
   "1818306025747564729": {
      "message": "Bağlantıya git"
   },
   "1823222042913714987": {
      "message": "Şifreyi gönder"
   },
   "1823854753950594157": {
      "message": "Yerinde bırak"
   },
   "1830157062072535681": {
      "message": "$1​ görüntüleniyor"
   },
   "185012928288875755": {
      "message": "Kriterlerinize uygun öğe bulunamadı."
   },
   "1856444915090632305": {
      "message": "Doküman şifreli. Lütfen şifre girin."
   },
   "1866863108233180413": {
      "message": "Klasörler"
   },
   "187077078156858455": {
      "message": "Sesli not"
   },
   "189303170370862360": {
      "message": "$1​ / $2​ öğe"
   },
   "1900571668686750716": {
      "message": "vCard"
   },
   "1901351411358749070": {
      "message": "Benimle paylaşılanlar"
   },
   "1913425963149828429": {
      "message": "Bu arşivi Drive'a çıkart."
   },
   "1918176455405610789": {
      "message": "Tamamlandı"
   },
   "1920189655549476211": {
      "message": "uzunluk bilinmiyor"
   },
   "1929603188252533075": {
      "message": "Videonuz silinemedi. Lütfen tekrar deneyin."
   },
   "1951810091681076784": {
      "message": "{COUNT_1,plural, =1{Eşleşen 1 not}other{Eşleşen {COUNT_2} not}}"
   },
   "1956794332842050061": {
      "message": "Sonraki sayfa"
   },
   "1965626377712226216": {
      "message": "Keynote"
   },
   "1968405748623909021": {
      "message": "Bu öğeyi açmak veya düzenlemek için aşağıdaki uygulamalardan birini deneyin"
   },
   "1974063091619095703": {
      "message": "Kişiler"
   },
   "1988244842147989817": {
      "message": "Çöp kutusundaki notlar 7 gün sonra silinir."
   },
   "1993674829873313178": {
      "message": "Yükleme sorunlarınız mı var? Bakım çalışması yapıyoruz, ancak her şey kısa süre sonra normale dönecek."
   },
   "2003845117979929469": {
      "message": "Ayrıntılar"
   },
   "2048322072989992494": {
      "message": "Henüz kimse sizinle dosya paylaşmadı!"
   },
   "2055836117545582610": {
      "message": "Liste ayarları"
   },
   "2059084517358086391": {
      "message": "Bulma çubuğunu kapat"
   },
   "2061440050632248160": {
      "message": "Arşivle"
   },
   "2068023589621557589": {
      "message": "TrueType Yazı Tipi"
   },
   "2073035325657060696": {
      "message": "Bu öğenin önizlemesi yok."
   },
   "2073322475696388995": {
      "message": "İleriye atla"
   },
   "207810168108507460": {
      "message": "$1​ saat önce"
   },
   "2109272338124379867": {
      "message": "Son değiştirilme"
   },
   "2116013171202209313": {
      "message": "Seç"
   },
   "2122256657192674586": {
      "message": "Videolarda ara"
   },
   "2125135092719715773": {
      "message": "Yükleyin"
   },
   "212796670323571824": {
      "message": "Tamam"
   },
   "213665695896111861": {
      "message": "Notlar"
   },
   "2138593281154109183": {
      "message": "Arşiv"
   },
   "2147952938331523160": {
      "message": "Yeniden adlandır…"
   },
   "2154372123324862271": {
      "message": "eğik çizgi"
   },
   "2154940358270068005": {
      "message": "Silinen notları bir süre daha saklayabilirsiniz"
   },
   "2184278444368405837": {
      "message": "$1​ öğe"
   },
   "2187239650627580457": {
      "message": "Gönder"
   },
   "2198096971937872560": {
      "message": "Hatırlatıcı:"
   },
   "220168959069469607": {
      "message": "Daha fazla işlem"
   },
   "221715292685577880": {
      "message": "Evet"
   },
   "2220005860896049129": {
      "message": "Maalesef dokümanı orijinal kaynağında bulmak çok uzun sürdü."
   },
   "2228413078211839077": {
      "message": "Maalesef dokümanın görünümünü oluşturma konusunda geçici bir sorun yaşıyoruz."
   },
   "2235097878790803849": {
      "message": "E-posta eklerine veda edin. Google Drive'a merhaba deyin."
   },
   "2257303402199718039": {
      "message": "Maalesef dokümanı orijinal kaynağında bulamadık. Lütfen dokümanın hâlâ var olduğunu doğrulayın."
   },
   "2274436793504233543": {
      "message": "İptal"
   },
   "2278224983638451454": {
      "message": "Şimdi indir"
   },
   "2280650195464600721": {
      "message": "Gezinme"
   },
   "2285069188138705005": {
      "message": "Bağlı uygulamalar"
   },
   "2289534534793293486": {
      "message": "Arşivden kaldır"
   },
   "2289812403593835836": {
      "message": "Pages"
   },
   "229177484946387188": {
      "message": "Google Earth"
   },
   "2292696732672795285": {
      "message": "Ses düzeyini artır"
   },
   "230180475614658119": {
      "message": "Tamam"
   },
   "2304293593067358316": {
      "message": "Küçük resim"
   },
   "2310145944356900158": {
      "message": "İşaretliler"
   },
   "2311880726221661199": {
      "message": "Daha yüksek çözünürlükler yükleniyor"
   },
   "2329167963662998826": {
      "message": "Google Keep, konum hatırlatıcıları için yer önerilerini iyileştirmek üzere konum bilgilerinizi kullanmak istiyor."
   },
   "234046557601727809": {
      "message": "Resim veya video yok."
   },
   "2349912757088764940": {
      "message": "Şunlara görünür:"
   },
   "2359614137862708172": {
      "message": "Üst Karakter"
   },
   "2370463380397641604": {
      "message": "Popüler klavye kısayolları"
   },
   "2370656573843123707": {
      "message": "sağ parantez"
   },
   "2393487423640708285": {
      "message": "URL geçerli değil. Lütfen http:// veya https:// ile başladığından emin olun."
   },
   "2405795704816921421": {
      "message": "$1​ Dosyası"
   },
   "2412314804333167252": {
      "message": "Bu e-tablo çok büyük. $3​İndir$1​'i tıklayın veya $4​Google E-Tablolar'da düzenleyin$1​."
   },
   "2418104318933043113": {
      "message": "Google Görsel Arama"
   },
   "2433429041384246549": {
      "message": "Sesi kapat"
   },
   "2449254824382583885": {
      "message": "Yeni pencerede aç"
   },
   "2452522051596946166": {
      "message": "Hata! $1​ önizlenirken bir sorun oluştu. Yeniden deneniyor."
   },
   "2454642351139428112": {
      "message": "Geri al"
   },
   "2466251465475184755": {
      "message": "Çöp kutusu boşaltılsın mı? Çöp kutusundaki tüm notlar kalıcı olarak silinecektir."
   },
   "2475181823688399272": {
      "message": "Sonraki"
   },
   "2484568559152875936": {
      "message": "Fotoğraf albümü yok."
   },
   "2504232652631703202": {
      "message": "Bağlandı"
   },
   "251025074207413762": {
      "message": "Açıklama·ekleyin"
   },
   "2510929871271209216": {
      "message": "Bu e-tablo çok büyük. İndirmek için $2​burayı$1​ tıklayın."
   },
   "2513437337377210144": {
      "message": "end"
   },
   "2524021436052870191": {
      "message": "Bu dosya yüklenemiyor. Yalnızca $2​ MB'den küçük $1​ dosyaları desteklenir."
   },
   "2532280782491328445": {
      "message": "Öncekini bul"
   },
   "2538080331309772448": {
      "message": "Sırala: $1​"
   },
   "2538462904124380434": {
      "message": "Not Çöp Kutusu'na taşındı"
   },
   "2546225293834487484": {
      "message": "Not"
   },
   "2558480112329900136": {
      "message": "Gri"
   },
   "257317112834806705": {
      "message": "Liste ve tablo görünümü arasında geçiş yap"
   },
   "2579679351920691492": {
      "message": "Geriye atla"
   },
   "2587566920590457715": {
      "message": "Maps Engine Hafif Sürüm"
   },
   "2609409316752026806": {
      "message": "PDF"
   },
   "2609750184896485102": {
      "message": "Telefondaki videolar"
   },
   "2615188670181508661": {
      "message": "Yakın zamanda bir şey seçmediniz!"
   },
   "2623861453769098676": {
      "message": "Bu doküman önizlenirken bir sorun oluştu."
   },
   "2628268670001557269": {
      "message": "Kota"
   },
   "2643241712502664984": {
      "message": "YouTube videolarınız"
   },
   "2661850177130037208": {
      "message": "Öğeyi aç"
   },
   "2681830832355823748": {
      "message": "Tüm kısayolları arayın"
   },
   "2687303256387847763": {
      "message": "Popülerlik"
   },
   "2702485557996900362": {
      "message": "Çakışan düzenlemeleri düzeltin"
   },
   "2705842902318123127": {
      "message": "Sonraki/önceki nota/listeye git"
   },
   "272948685355798518": {
      "message": "Geçersiz dosya türü seçildi."
   },
   "2731144323070245943": {
      "message": "Liste ayarları"
   },
   "2742719907061406418": {
      "message": "XML"
   },
   "2750830436677712001": {
      "message": "{VIEWER_GENDER,select, female{{FOLDER_NAME} oluşturulamadı.}male{{FOLDER_NAME} oluşturulamadı.}other{{FOLDER_NAME} oluşturulamadı.}}"
   },
   "2752123004911547510": {
      "message": "Trend Olanlar"
   },
   "2758125083752925237": {
      "message": "(Sahibi)"
   },
   "277430914014962533": {
      "message": "Hata! $1​ önizlenirken bir sorun oluştu."
   },
   "2774713922589657910": {
      "message": "Alan adında bulunan herkes"
   },
   "2786560864906393383": {
      "message": "Telefondaki fotoğraflar"
   },
   "2789687492331041935": {
      "message": "Saat seçin"
   },
   "2790446494460492805": {
      "message": "Çıkarma işi başlatıldı. Arşiv iletileri posta hesabınızdaki \"İçe aktarma: $1​\" etiketinin altında görünecektir."
   },
   "2793841261389879255": {
      "message": "Önceki sayfa"
   },
   "2801153442808430222": {
      "message": "Drive'ım"
   },
   "2817277146396981386": {
      "message": "ös"
   },
   "2818020101821669029": {
      "message": "Oluşturulma"
   },
   "2818135503416309545": {
      "message": "Video kaydedin"
   },
   "2827039933590757722": {
      "message": "Windows Kısayol"
   },
   "2829226075651806940": {
      "message": "Yakınlaştır"
   },
   "2860188519781080944": {
      "message": "Turuncu"
   },
   "2861568351294148466": {
      "message": "Komut dosyaları"
   },
   "2864281852037732729": {
      "message": "Daha az"
   },
   "2873089307546162154": {
      "message": "Tamam"
   },
   "2877285560485318801": {
      "message": "Duraklat"
   },
   "2878874627361086801": {
      "message": "önizleme"
   },
   "2879276552944958066": {
      "message": "$1​ Klasörüne dön"
   },
   "289798573180023043": {
      "message": "Tamam"
   },
   "2902747751281161248": {
      "message": "Yeni listelere uygula"
   },
   "2905147317995482841": {
      "message": "Google Drive'daki tüm dosyalar için görüntüleme deneyimini güncelledik. Artık daha güzel görünüyor ve kullanımı daha kolay! Bu yeni görünümü beğeneceğinizi umarız."
   },
   "2917498437550635075": {
      "message": "Simge"
   },
   "2964778642459027786": {
      "message": "Çöp Kutusu'nda not yok"
   },
   "2974598228601710262": {
      "message": "Ekle"
   },
   "2979466412944870220": {
      "message": "Önizleme yükleniyor..."
   },
   "2982511431742033448": {
      "message": "Sunu yok."
   },
   "298817883481775869": {
      "message": "Yükleniyor..."
   },
   "3000689173481666334": {
      "message": "Çevrenizi düzenleyin"
   },
   "3029395493413607486": {
      "message": "Video oynatıcı yüklenemedi. Sayfayı yeniden yüklemeyi deneyin.$1​Bu sorun devam ederse $3​yardım merkezine başvurun$2​."
   },
   "3043961722025425136": {
      "message": "Açıklama"
   },
   "306516303501625305": {
      "message": "Kimlik doğrulaması başarısız oldu."
   },
   "3073005748126521632": {
      "message": "$1​ adlı yerde hatırlatıldı"
   },
   "3074184819310272351": {
      "message": "Yüklenen fotoğraflar"
   },
   "3084372889071691504": {
      "message": "{VIEWER_GENDER,select, female{Buraya bir URL yapıştırın:}male{Buraya bir URL yapıştırın:}other{Buraya bir URL yapıştırın:}}"
   },
   "3095645856215493958": {
      "message": "Fotoğraflardaki yazılı metinleri bulabilirsiniz"
   },
   "31018542656161389": {
      "message": "Ekrana sığdır"
   },
   "3109321241584918345": {
      "message": "Daha fazla uygulama bağla..."
   },
   "3121560585545725724": {
      "message": "$1​, $2​"
   },
   "3140236589681731084": {
      "message": "$1​ saat içinde"
   },
   "3189854932778515441": {
      "message": "Not, Arşiv'de"
   },
   "3207670492626476064": {
      "message": "Tablolar"
   },
   "3211163842850942567": {
      "message": "Yakınlaştır"
   },
   "3222929029344613957": {
      "message": "Maalesef bu dosya açılırken hata oluştu. Lütfen tekrar deneyin."
   },
   "3233388241926683100": {
      "message": "Notlarda ara"
   },
   "3243829462528324248": {
      "message": "Kahverengi"
   },
   "3250489229749307913": {
      "message": "Elektronik Yayın"
   },
   "3256928852560591255": {
      "message": "Çöp Kutusu'nda düzenlenemez"
   },
   "3261131345401321392": {
      "message": "Yorum Yapabilir"
   },
   "3265524298292280681": {
      "message": "esc"
   },
   "3267563602179728277": {
      "message": "delete"
   },
   "3272496516667407797": {
      "message": "Ayrıntılar yüklenirken bir sorun oluştu."
   },
   "3275029321588462173": {
      "message": "Yok"
   },
   "3278237562147211998": {
      "message": "Stok fotoğraflar"
   },
   "330603631583186798": {
      "message": "Word"
   },
   "3306487262690341751": {
      "message": "Tarih ve saat"
   },
   "3312545971976531405": {
      "message": "İleti"
   },
   "3319087486907616296": {
      "message": "Bu öğeyi yayınla"
   },
   "3328129883064940351": {
      "message": "Yazı tipleri"
   },
   "3335409796971631780": {
      "message": "Drive'a çıkartılıyor."
   },
   "3343451103608774400": {
      "message": "$3​Yeni Haritalarım$2​ ile tanışın.$1​Haritalama için daha iyi araçlar."
   },
   "3354260708176476985": {
      "message": "Yükleniyor&hellip;"
   },
   "3357778055650785985": {
      "message": "Öğe çok büyük. Vurgulana metin kaydedilmeyecek."
   },
   "3364679383274077479": {
      "message": "Uygulama güncellemesi mevcut"
   },
   "3368639944474272225": {
      "message": "Maalesef görüntülenecek dokümanı alamıyoruz veya dokümanı görüntüleme izniniz yok."
   },
   "3381619429606029445": {
      "message": "Visio"
   },
   "3382236845597426718": {
      "message": "Aç"
   },
   "3408219901032480508": {
      "message": "$2​; $1​"
   },
   "3409257542937182842": {
      "message": "Yeniden deneniyor..."
   },
   "3409483962000136213": {
      "message": "Oynat/Duraklat"
   },
   "3418767079436101103": {
      "message": "Bu sayfa yüklenirken bir sorun oluştu."
   },
   "3421685394169412932": {
      "message": "Yaptığınız her değişiklik otomatik olarak kaydedilir"
   },
   "3422389100099960864": {
      "message": "Resim yok."
   },
   "3428726060007577698": {
      "message": "Liste çok büyük."
   },
   "3430885603500576146": {
      "message": "Kullanmaya yasal izniniz olduğundan emin olduğunuz resimleri seçin."
   },
   "3440534675925634227": {
      "message": "Bir Chrome tarayıcı penceresinde chrome://settings adresine gidin ve oturum açmış olduğunuzdan emin olun. Ardından tekrar Oturum aç'ı tıklayın."
   },
   "3446158485617778228": {
      "message": "Geri al"
   },
   "3448234415275521882": {
      "message": "Genel Bilgiler"
   },
   "3448684788258660606": {
      "message": "Fotoğraflarınız"
   },
   "3450585781337676327": {
      "message": "Yükleniyor..."
   },
   "3457279184692206825": {
      "message": "Fotoğraflar herkese görünür (web'de herkese açık) olacak."
   },
   "3468441711253011521": {
      "message": "Google E-Tablolar"
   },
   "3473620774713000513": {
      "message": "Çözüldü"
   },
   "3483438888494819423": {
      "message": "Google Keep'teki yenilikler"
   },
   "3511274344439521198": {
      "message": "İşlemler"
   },
   "3518073392823563581": {
      "message": "Klavye kısayolları"
   },
   "3531603810713611778": {
      "message": "Maksimum dosya boyutu aşıldı. Lütfen bir veya birden fazla seçimi kaldırın."
   },
   "3543475399174940144": {
      "message": "+$1​"
   },
   "3547194749488601916": {
      "message": "Güncelleniyor..."
   },
   "354828103903104581": {
      "message": "Seçili öğeler"
   },
   "3561658662634401836": {
      "message": "Başlık"
   },
   "357172711168973843": {
      "message": "Son eklenen notlar veya değişiklikler kaydedilmedi. İçerikler için kendi kopyanızı oluşturun ve sonra yeniden yükleyin."
   },
   "3586705906700410505": {
      "message": "Çizim"
   },
   "3587798318180902863": {
      "message": "{NUM_SELECTED,plural, =1{ öğe seçildi »}other{ öğe seçildi »}}"
   },
   "3595000514985906359": {
      "message": "Excel"
   },
   "3602920441714068008": {
      "message": "$1​ $2​ tarihinde hatırlatıldı"
   },
   "3608606849109645545": {
      "message": "Yeni bir doküman adı girin:"
   },
   "361202495024972887": {
      "message": "Video yükleyin"
   },
   "361630518611593946": {
      "message": "Onay kutularını gizle"
   },
   "3625886392901506764": {
      "message": "veya"
   },
   "3643146117250542609": {
      "message": "PDF yok."
   },
   "3645728163953189422": {
      "message": "Maalesef çok büyük olduğu için dokümanı görüntüleyemiyoruz."
   },
   "3651893685901703652": {
      "message": "..."
   },
   "3657386785336906042": {
      "message": "ters eğik çizgi"
   },
   "3659554681396757189": {
      "message": "Benim açtıklarım"
   },
   "3663571259791438207": {
      "message": "Kötüye kullanım bildirin"
   },
   "3664842788764635265": {
      "message": "Yok"
   },
   "3666123569747918021": {
      "message": "Bu dokümanda kaydedilmemiş değişiklikler var. Sayfadan ayrılıp değişikliklerin yoksayılmasını istiyor musunuz?"
   },
   "3673346558112798837": {
      "message": "Arka plan yok"
   },
   "3674811252904549204": {
      "message": "Kapak fotoğrafları"
   },
   "3678477908297567934": {
      "message": "alt çizgi"
   },
   "3681747688524363195": {
      "message": "Üste"
   },
   "3690515530505404607": {
      "message": "Bu video oynatılırken bir sorun oluştu."
   },
   "369764661829607970": {
      "message": "{NUM_ITEMS,plural, =0{Hiç öğe yok}=1{1 öğe}other{# öğe}}"
   },
   "3712215972250917265": {
      "message": "Yorumlar"
   },
   "3717138719704492547": {
      "message": "Lütfen adresi düzgün yazdığınızdan emin olun."
   },
   "374088101949877889": {
      "message": "Kapat"
   },
   "3745308627628779133": {
      "message": "Yeni Klasör"
   },
   "3748461364828242354": {
      "message": "Renk seçin"
   },
   "3770795578481676514": {
      "message": "Sarı"
   },
   "3771958676925493302": {
      "message": "Şu filtreyi kaldır: $1​"
   },
   "3779945546806941187": {
      "message": "Tek renkli"
   },
   "3793086499925031123": {
      "message": "Arama çubuğunu aç/öncekini bul"
   },
   "37992665410817181": {
      "message": "Yeniden açıldı"
   },
   "3801617971018550169": {
      "message": "Dün"
   },
   "3808213429720572062": {
      "message": "Geri yükle"
   },
   "381100310424863459": {
      "message": "Illustrator"
   },
   "3842411126100113634": {
      "message": "pg-up"
   },
   "3844047145949375230": {
      "message": "Dokümanlar"
   },
   "3858324058837632381": {
      "message": "Bu ses dosyası çalınırken bir sorun oluştu."
   },
   "3864575916269080329": {
      "message": "Arama yapılabilir resimler"
   },
   "3866373087987934712": {
      "message": "Yüklenemedi: $1​"
   },
   "3869166581651870488": {
      "message": "Düzenlemeyi bitir"
   },
   "3873215756962047275": {
      "message": "ARŞİV"
   },
   "3873467440437675460": {
      "message": "Maalesef daha önceden seçtiğiniz yazı tiplerini bulamadık."
   },
   "3897281533382850749": {
      "message": "Sesi aç"
   },
   "3936153839186254186": {
      "message": "Göster: $1​"
   },
   "3955760658925284765": {
      "message": "Tekrar deneyin"
   },
   "3974064131130689245": {
      "message": "Tablo görünümü"
   },
   "3977699855735576796": {
      "message": "Diğer sayfalar yüklenirken bir sorun oluştu."
   },
   "3988418762222300024": {
      "message": "nokta"
   },
   "3989552504822984034": {
      "message": "Google Çizimler"
   },
   "4005725939358875643": {
      "message": "İşlem geri alındı."
   },
   "4014287326684608407": {
      "message": "Turkuvaz"
   },
   "4048275292053012394": {
      "message": "Kişiler"
   },
   "4059387791040010947": {
      "message": "Meta"
   },
   "4067915791853673774": {
      "message": "{VIEWER_GENDER,select, female{Kapat}male{Kapat}other{Kapat}}"
   },
   "4078179869358383373": {
      "message": "Hiçbir sonuç bulunamadı."
   },
   "4087667435414545203": {
      "message": "Oturum artık açık değil. Değişiklik yapmak için yeniden yükleyin."
   },
   "4093134637041332383": {
      "message": "DAHA FAZLA BİLGİ EDİNİN"
   },
   "4097007735221462946": {
      "message": "Çizimler"
   },
   "4097921967754832323": {
      "message": "kısa çizgi"
   },
   "4100504115801514799": {
      "message": "Not geri yüklendi"
   },
   "4119294114251628099": {
      "message": "Belirttiğiniz resim URL'si alınamadı. Sunucularımızın erişemediği gizli bir URL olabilir. Lütfen farklı bir URL deneyin."
   },
   "4134385041569168669": {
      "message": "Yükleniyor..."
   },
   "4148564423510181521": {
      "message": "Aramayı temizle"
   },
   "4152315289461886": {
      "message": "Doküman kontrolleri"
   },
   "4168280976997555951": {
      "message": "Doküman yok."
   },
   "4174786386751618325": {
      "message": "Fotoğraflı not"
   },
   "4182427157920112948": {
      "message": "yaklaşık işareti"
   },
   "4200426647595470259": {
      "message": "Ses dosyasını çalmaya başla"
   },
   "4200911267543705377": {
      "message": "Google Blog Arama'yı kullanarak blog sonuçlarını görüntülemek için aramak istediğiniz terimi yukarıdaki kutuya yazın."
   },
   "4205329094859140439": {
      "message": "öö"
   },
   "4211182812451835307": {
      "message": "Düzenleyebilir"
   },
   "4211806608204126222": {
      "message": "$2​Hizmet Şartları$1​"
   },
   "4214190403999219403": {
      "message": "Zum"
   },
   "4230101516585408149": {
      "message": "Yeni not oluşturun"
   },
   "4253741616909644861": {
      "message": "Arama terimleri"
   },
   "4280747719095153198": {
      "message": "Yorum Çözüldü Olarak İşaretlendi"
   },
   "4286663890332754386": {
      "message": "Yükleme başarısız oldu."
   },
   "4299690446455033653": {
      "message": "Works"
   },
   "4314643310615423802": {
      "message": "Oturumunuz kapatıldı."
   },
   "4318861667254318892": {
      "message": "Google Video"
   },
   "4319229296464464147": {
      "message": "Eklenme tarihi"
   },
   "4320831042030778": {
      "message": "İptal"
   },
   "4332252081504252077": {
      "message": "Hata!"
   },
   "4338991104991831337": {
      "message": "Resimler"
   },
   "4339705658383891586": {
      "message": "Tam renkli"
   },
   "4343825450663233452": {
      "message": "Görüntüleyebilir"
   },
   "4343836986248234462": {
      "message": "Liste öğesi"
   },
   "435214284915110062": {
      "message": "Arama çubuğunu aç"
   },
   "4372755508519489521": {
      "message": "Tablo Görünümü"
   },
   "4391715930031906467": {
      "message": "Sonrakini bul"
   },
   "4395845663892873002": {
      "message": "home"
   },
   "4422985761498356257": {
      "message": "Şununla aç"
   },
   "4430062722430863019": {
      "message": "Not kalıcı olarak silinsin mi?"
   },
   "4439812492856303238": {
      "message": "Maalesef seçiminiz işlenirken beklenmeyen bir hata oluştu. Lütfen daha sonra tekrar deneyin."
   },
   "4444571967705751871": {
      "message": "Çöp kutusu"
   },
   "4466605492523079635": {
      "message": "Kaydet"
   },
   "4468872996560163913": {
      "message": "Çöp kutusunu şimdi boşalt"
   },
   "4473912481270012588": {
      "message": "Drive'a kaydedildi. Şuraya taşı:"
   },
   "45228242181482134": {
      "message": "Oynat"
   },
   "4536519876526589338": {
      "message": "$1​ avatarı."
   },
   "4552045407215325033": {
      "message": "Yukarıya girilen video URL'si yanlış veya yüklenemiyor. Lütfen doğru olduğundan ve desteklenen bir siteye ait olduğundan emin olun."
   },
   "4564682305303579317": {
      "message": "Devam"
   },
   "456498742882714639": {
      "message": "Şuraya taşı:"
   },
   "4588500131398315347": {
      "message": "Çevre oluşturun"
   },
   "4604402426271704651": {
      "message": "Fotoğraf yok"
   },
   "4620034373159179678": {
      "message": "Sayfa $1​/$2​"
   },
   "4630690108252818511": {
      "message": "Resim bulunamadı."
   },
   "468283184702431827": {
      "message": "İşlem Başlatıldı"
   },
   "4695897771458936174": {
      "message": "Google Drive'daki fotoğrafları Google+'da paylaşın"
   },
   "4740100782728373253": {
      "message": "Drive'a kaydet"
   },
   "4748046231232264180": {
      "message": "Google Formlar"
   },
   "4767722428137216885": {
      "message": "İptal"
   },
   "477328789314249432": {
      "message": "Notlarda ara"
   },
   "4775368111547931093": {
      "message": "Açıklama yok"
   },
   "4781742940361705258": {
      "message": "Kapat"
   },
   "4783695823456312682": {
      "message": "En alta taşı"
   },
   "47844150329705564": {
      "message": "\"$1​\" için arama sonuçları"
   },
   "4798897505978458661": {
      "message": "Video bulunamadı."
   },
   "4805047680716507619": {
      "message": " - Şuraya taşı:"
   },
   "4806763987633034948": {
      "message": "PKCS7 Signature"
   },
   "4833214200453019325": {
      "message": "$1​ / $2​"
   },
   "4846720038197420778": {
      "message": "Daha fazla uygulama bağla"
   },
   "4853788427396558692": {
      "message": "$1​ MB"
   },
   "4858389278403807208": {
      "message": "Not, Çöp Kutusu'nda"
   },
   "4888104357342241891": {
      "message": "Hatırlatıcılar"
   },
   "4889853674709731963": {
      "message": "Tüm notlar çevrimdışı kaydedildi"
   },
   "4901386320110714275": {
      "message": "Şifre hatalı. Lütfen tekrar deneyin."
   },
   "490372259452655427": {
      "message": "Maalesef doküman görüntülenmek için hazır değil."
   },
   "4906669330059413958": {
      "message": "Şifreyi gönder"
   },
   "4908614808966678155": {
      "message": "\"$1​\" için arama sonucu yok"
   },
   "4926020998477695737": {
      "message": "$1​ klasörüne geç"
   },
   "4943176738805484221": {
      "message": "düzenle"
   },
   "4956678140555659175": {
      "message": "geri tuşu"
   },
   "4957674814179289955": {
      "message": "Sonraki/önceki liste öğesine git"
   },
   "4963784280521435720": {
      "message": "Kaydediliyor..."
   },
   "4969219890884320840": {
      "message": "Güncelle"
   },
   "4983125135476400111": {
      "message": "Notu/listeyi çöp kutusuna at"
   },
   "4988132901627446385": {
      "message": "Ayrıntılar paneli genişletildi."
   },
   "4998757387516632837": {
      "message": "Gösterilen sonuçlar değiştirilerek yeniden kullanılabilir."
   },
   "5006225450559627366": {
      "message": "+$1​ resim daha"
   },
   "501475221876543407": {
      "message": "Eklediğiniz notlar burada görünür"
   },
   "5023525794410110078": {
      "message": "Fotoğrafa metin ekleyin"
   },
   "5026241297254150381": {
      "message": "Not ekle"
   },
   "5046371569383796818": {
      "message": "Sakla"
   },
   "5055418092354683641": {
      "message": "Serif"
   },
   "5095987896933771566": {
      "message": "Dokümanı yazdır"
   },
   "5096751700090310607": {
      "message": "Fotoğraf yok."
   },
   "509815948423424872": {
      "message": "Gezinme"
   },
   "5099245668405591445": {
      "message": "Ara"
   },
   "512429649443191386": {
      "message": "$2​Yardım$1​"
   },
   "5124522868502261563": {
      "message": "E-tablolar"
   },
   "5130903421326358933": {
      "message": "Bu ek, Google Drive'a kaydedilirken bir sorun oluştu."
   },
   "5149937870346466591": {
      "message": "Liste görünümü"
   },
   "5169187962228219813": {
      "message": "Life fotoğrafları"
   },
   "5180454621500142444": {
      "message": "Geri yükle"
   },
   "5180989337128758117": {
      "message": "sol parantez"
   },
   "5184692850089055965": {
      "message": "Resimdeki metni yakala"
   },
   "5197718200713913936": {
      "message": "C++"
   },
   "5201670213497642487": {
      "message": "Ayrıntılar paneli sekme çubuğu. Sekmeler arasında geçiş yapmak için sağ ve sol ok tuşlarına basın."
   },
   "5204391636475413312": {
      "message": "Kaydet"
   },
   "5213411023807957844": {
      "message": "Google Keep'te ara"
   },
   "5213974294317036409": {
      "message": "{numPages,plural, =0{}=1{1 sayfa}other{# sayfa}}"
   },
   "5226470917948786938": {
      "message": "Alfabetik"
   },
   "5238003680997310998": {
      "message": "Daha fazla"
   },
   "5238371081785912565": {
      "message": "$1​ ile aç"
   },
   "5275493935807628890": {
      "message": "Resim söz konusu URL'de bulunamıyor."
   },
   "5281121179861637423": {
      "message": "$1​ öğesine erişim için şifre gerekli. Lütfen şifreyi girin"
   },
   "5288037028604092288": {
      "message": "XPS"
   },
   "5291153964865714504": {
      "message": "Eşleşen not yok"
   },
   "5299648222246616124": {
      "message": "vurgu işareti"
   },
   "5304869088141363028": {
      "message": "Öne çıkan fotoğraflar"
   },
   "5316658541831864803": {
      "message": "Maalesef bu türdeki dokümanların görüntülenmesi desteklenmiyor."
   },
   "5319313176242717957": {
      "message": "Resimler işleniyor..."
   },
   "5336801339221383042": {
      "message": "JavaScript"
   },
   "534228323125524312": {
      "message": "Uzaklaştır"
   },
   "5353129315502554762": {
      "message": "Stil Sayfası"
   },
   "5372143986724491245": {
      "message": "$1​ gün önce"
   },
   "5372160981898991853": {
      "message": "Publisher"
   },
   "5399553230649155346": {
      "message": "$1​ saat içinde"
   },
   "5403830377590414208": {
      "message": "Beyaz"
   },
   "5408091115193390231": {
      "message": "AutoCAD"
   },
   "5438481737351808090": {
      "message": "Öğleden sonra ($1​)"
   },
   "544377415081282702": {
      "message": "Özür dileriz."
   },
   "5447119197363232006": {
      "message": "Drive'da göster"
   },
   "5465323999933375616": {
      "message": "Google Dokümanlar biçiminde olmayan dosyaları görüntülemek veya indirmek için belirlenen bant genişliği sınırına eriştiniz."
   },
   "5472312735475866917": {
      "message": "$1​ olarak yorum yapın."
   },
   "547865385964196102": {
      "message": "$1​ dakika önce"
   },
   "5482872484546230111": {
      "message": "Kitap ara"
   },
   "5494181290179470995": {
      "message": "Sil"
   },
   "5500117709595533163": {
      "message": "Google Kitap Arama'yı kullanarak e-Kitap bulmak için arama sorgunuzu yukarıdaki kutuya yazın."
   },
   "5514516347328112388": {
      "message": "$2​Burayı$1​ tıklayarak orijinal dokümanı indirmeyi de deneyebilirsiniz."
   },
   "5529532831767466284": {
      "message": "{VIEWER_GENDER,select, female{{DEGREES}° {MINUTES}' {SECONDS}\"}male{{DEGREES}° {MINUTES}' {SECONDS}\"}other{{DEGREES}° {MINUTES}' {SECONDS}\"}}"
   },
   "5555182241047709329": {
      "message": "Bir konum seçin"
   },
   "5555599189512365009": {
      "message": "TAMAM"
   },
   "5571842632470308750": {
      "message": "Tüm türler"
   },
   "5588597116382648727": {
      "message": "Çıkartma işi başlatılıyor."
   },
   "5598649706113950710": {
      "message": "Düzenleyici"
   },
   "5609727719971819773": {
      "message": "{VIEWER_GENDER,select, female{Geri}male{Geri}other{Geri}}"
   },
   "5627470193961862490": {
      "message": "Yaklaşan hatırlatıcıları olan notlar burada görünür"
   },
   "5631086126416409232": {
      "message": "Mavi"
   },
   "564165666160590723": {
      "message": "Windows Media Player"
   },
   "5660422479531064559": {
      "message": "Form yok."
   },
   "5675154446465700699": {
      "message": "PDF'ler"
   },
   "568072913338360182": {
      "message": "HTML"
   },
   "5707549724380589079": {
      "message": "İşaretli öğeler silinsin mi?"
   },
   "5714240424645614611": {
      "message": "Android Paketi"
   },
   "5728640851616538925": {
      "message": "Yeşil"
   },
   "5744491383087191878": {
      "message": "Yukarıda girdiğiniz resim URL'si hatalı veya yüklenemiyor."
   },
   "5747728324987383020": {
      "message": "Yüz"
   },
   "5783875011049188612": {
      "message": "Resimdeki metni yakalandı"
   },
   "5785010887521443923": {
      "message": "Kaldır"
   },
   "5834678297024555032": {
      "message": "İzin ver"
   },
   "5840330517914556080": {
      "message": "Uzaklaştır"
   },
   "5842536098490298653": {
      "message": "Yazı tipi bulunamadı."
   },
   "5865680764501413616": {
      "message": "Metin tanınamıyor."
   },
   "5871966496153339793": {
      "message": "$1​ adlı videonun küçük resmi görüntüleniyor"
   },
   "5875004331736681428": {
      "message": "Posta hesabınıza çıkarılıyor."
   },
   "587666071025645113": {
      "message": "Ara"
   },
   "5877526626743756786": {
      "message": "Geri bildirim"
   },
   "5889725440363483648": {
      "message": "Grupta bulunan herkes"
   },
   "5911012384539794869": {
      "message": "Çıkartma işi başlatılamadı."
   },
   "5916010927050975496": {
      "message": "$1​ KB"
   },
   "5949528478488617689": {
      "message": "İndirme İzni"
   },
   "5950887255133612666": {
      "message": "Başlatılmadı."
   },
   "5969696744752069015": {
      "message": "Önizleme yok."
   },
   "5971400924847413790": {
      "message": "İsterseniz $2​düz HTML$1​'yi de görüntüleyebilirsiniz (otomatik yönlendirilir)."
   },
   "5972111804366033138": {
      "message": "İndir"
   },
   "5975031149676029214": {
      "message": "Herkes"
   },
   "5976369213680241300": {
      "message": "Görsellerde ara"
   },
   "5980081664136280513": {
      "message": "Yeşil"
   },
   "5984398071085567332": {
      "message": "Google Füzyon Tabloları"
   },
   "6009962986062136164": {
      "message": "$1​ yükleniyor."
   },
   "60305871484579258": {
      "message": "Alt"
   },
   "6043068172993241858": {
      "message": "Bu çevrede kimse yok."
   },
   "604883455412617728": {
      "message": "Aramanızla eşleşen kişi bulunamadı."
   },
   "6051386830221821025": {
      "message": "Oturum açılıyor..."
   },
   "6064654062949366878": {
      "message": "Çal"
   },
   "6070475007374165567": {
      "message": "Kaydediliyor..."
   },
   "6083586461434260179": {
      "message": "Yeni görüntüleme deneyimi"
   },
   "6087078248621415351": {
      "message": "Değiştirilme tarihi: $1​"
   },
   "6091926883608250483": {
      "message": "Diğer"
   },
   "6105571474005679446": {
      "message": "Önizlemeyle ilgili bir sorun oluştu."
   },
   "6113237889871930608": {
      "message": "Boş not"
   },
   "6118623991445349480": {
      "message": "Sayfa $1​"
   },
   "6122643025527543706": {
      "message": "Ctrl"
   },
   "6131822680770571276": {
      "message": "PowerPoint"
   },
   "6140634664402328750": {
      "message": "Uygulama listesi"
   },
   "6149175749937815029": {
      "message": "Tüm öğeleri görüntüle"
   },
   "6160805346274626656": {
      "message": "Tamamıyla sil"
   },
   "616807262818311711": {
      "message": "Tür"
   },
   "6175043905327075444": {
      "message": "Daha önce seçilenler"
   },
   "6177107655089301674": {
      "message": "Android için Google Keep uygulamasını indirin"
   },
   "6185886893933834031": {
      "message": "Seçileni sakla"
   },
   "6186290899408627510": {
      "message": "enter"
   },
   "6189891414154673003": {
      "message": "Haritalarım"
   },
   "6203260615455347677": {
      "message": "Numbers"
   },
   "6223207695466118454": {
      "message": "YouTube"
   },
   "6224687211096863620": {
      "message": "Herkes"
   },
   "623118860067088424": {
      "message": "Videolar"
   },
   "6231401379881217113": {
      "message": "insert"
   },
   "6252259197986158120": {
      "message": "Dün"
   },
   "6253076263700695984": {
      "message": "Kimlik doğrulama hatası. Lütfen yeniden yükleyin."
   },
   "6255475144867830247": {
      "message": "Diğer gezime sekmelerinden seçin."
   },
   "6267063643272327592": {
      "message": "Lütfen daha sonra tekrar deneyin."
   },
   "6290270819062517523": {
      "message": "Çok fazla öğe seçildi. Lütfen bir veya daha fazla öğenin seçimini kaldırın."
   },
   "6305748545202493254": {
      "message": "Ayrıntılar bölmesini göster/gizle"
   },
   "6324768448533022780": {
      "message": "$1​ $2​"
   },
   "6331677437567501421": {
      "message": "İndirme izni güncellenirken bir sorun oluştu."
   },
   "6333496730738019575": {
      "message": "Yükleniyor..."
   },
   "634900089121611600": {
      "message": "Video yok."
   },
   "6362170008350775214": {
      "message": "$1​ adlı yerde hatırlatıcı"
   },
   "6375395544374251820": {
      "message": "Diğer sayfalar yüklenirken bir sorun oluştu. Yeniden deneniyor..."
   },
   "6376739025584042564": {
      "message": "Fotoğraf kırpma"
   },
   "6386587519843563719": {
      "message": "İkili Dosya"
   },
   "6416495701611778255": {
      "message": "Önerilen üçüncü taraf uygulamalar"
   },
   "6419411265907669340": {
      "message": "Bugün"
   },
   "6436479735235889890": {
      "message": "$2​, $1​ tarihinde hatırlatıcı"
   },
   "6450508807204492448": {
      "message": "$1​ simgesi"
   },
   "6457802200418354862": {
      "message": "Görüntüleyenler indirebilir"
   },
   "6459405233858728718": {
      "message": "Google Slaytlar"
   },
   "6464761738227651511": {
      "message": "$1​ dakika önce"
   },
   "6466736813846482957": {
      "message": "Önceki"
   },
   "6479216014938929613": {
      "message": "Gece ($1​)"
   },
   "6482358947077977110": {
      "message": "Google Arama fotoğrafları"
   },
   "6487403767449360463": {
      "message": "Keep yeniden yüklensin mi?"
   },
   "6488225756782357866": {
      "message": "Vurguladığınız resim Google Görsel Arama tarafından şu sayfada bulundu:"
   },
   "6510131849363684615": {
      "message": "Yarın"
   },
   "6516256764288947999": {
      "message": "Kişileri etiketleyin"
   },
   "6522917155620379865": {
      "message": "İndir"
   },
   "6524849072392100692": {
      "message": "Google Drive Klasörü"
   },
   "6551588617715293696": {
      "message": "Sıralama seçenekleri"
   },
   "6570921376519753466": {
      "message": "Ekran"
   },
   "6571686604846453345": {
      "message": "Bu öğe, Drive'a eklenirken bir sorun oluştu."
   },
   "6582286158693833652": {
      "message": "Daha fazla bilgi edinin"
   },
   "6588176324871799870": {
      "message": "Google Apps Komut Dosyası"
   },
   "6602430002978098812": {
      "message": "El yazısı"
   },
   "6614046405230762587": {
      "message": "Kişi bulunamadı."
   },
   "6622304228074863427": {
      "message": "Uygulama"
   },
   "6624754161346656119": {
      "message": "$1​ avatarı."
   },
   "6644861766016503644": {
      "message": "Şifre Gerekli"
   },
   "6650600936729710500": {
      "message": "Yanıtlar."
   },
   "666311703374681171": {
      "message": "Resimler ve videolar"
   },
   "6666820082708870349": {
      "message": "Kaldır"
   },
   "6707173584987026005": {
      "message": "Bugün"
   },
   "6709984792949009238": {
      "message": "Son açtıklarım"
   },
   "6726462693927865256": {
      "message": "Ayrıntılar"
   },
   "6726879257388338969": {
      "message": "Yazdır"
   },
   "6726925393892510846": {
      "message": "Bir hata oluştu. Lütfen tekrar deneyin."
   },
   "6741759391888465238": {
      "message": "Drive'a kaydediliyor. Şuraya taşı:"
   },
   "6744457949320515234": {
      "message": "Boş not yoksayıldı"
   },
   "6757218172402086688": {
      "message": "Notlarda Ara..."
   },
   "6780628488957834429": {
      "message": "Turuncu"
   },
   "6784073265197389491": {
      "message": "Daha fazla bilgi edinin"
   },
   "681598652078493281": {
      "message": "Daha fazla bilgi edinin"
   },
   "6818286476757207074": {
      "message": "Kullanmaya yasal izniniz olduğundan emin olduğunuz resimleri seçin."
   },
   "682070933835616121": {
      "message": "Tablo yok."
   },
   "6822338149422461362": {
      "message": "Google Drive"
   },
   "6827821461670731013": {
      "message": "Onay kutularını göster"
   },
   "6828581947433060251": {
      "message": "Öğe yeniden adlandırılırken bir sorun oluştu."
   },
   "6833760103261954639": {
      "message": "Bu sayfa yüklenirken bir sorun oluştu. Yeniden deneniyor..."
   },
   "6841020391100928352": {
      "message": "Maksimum dosya boyutu aşıldı."
   },
   "6851307437837490686": {
      "message": "Görüntüleyenlerin indirmesini engelle"
   },
   "6856672816797218730": {
      "message": "Ekle"
   },
   "6891563484025164308": {
      "message": "Önceki"
   },
   "6893687445500687349": {
      "message": "Siteler"
   },
   "6898823203505321799": {
      "message": "Ayrıntılar"
   },
   "6904351530369058983": {
      "message": "Sahibi"
   },
   "6905021988981026920": {
      "message": "Video arayın"
   },
   "6922953828399110511": {
      "message": "Görüntüleyiciyi kapat"
   },
   "6929958461954697067": {
      "message": "Sizin fotoğraflarınız"
   },
   "6939782595426687411": {
      "message": "Ekleniyor..."
   },
   "6940998537415516791": {
      "message": ","
   },
   "695253297035211081": {
      "message": "Çöp kutusunu boşalt"
   },
   "6967244066810487978": {
      "message": "ÇÖP KUTUSUNDAKİLER"
   },
   "6970167488058122005": {
      "message": "yazarı bilinmiyor"
   },
   "6976414863987386971": {
      "message": "Formlar"
   },
   "7001938470263404128": {
      "message": "Yükle"
   },
   "7002768663714031226": {
      "message": "Güncelle"
   },
   "7004919150329996187": {
      "message": "Bu çevrede eşleşen kimse bulunamadı."
   },
   "7054631817922169541": {
      "message": "Google Keep'te kaydedilmemiş değişiklikler var. Bu sayfadan ayrılmak ve değişikliklerinizi silmek istiyor musunuz?"
   },
   "7059437903473652416": {
      "message": "$1​ adlı YouTube videosunu oynat"
   },
   "7080196430479494775": {
      "message": "Tekrar dene"
   },
   "7084324152376766809": {
      "message": "$1​ gün önce"
   },
   "7084991134824194740": {
      "message": "Hatırlat"
   },
   "7092062731478679314": {
      "message": "Çevre bulunamadı."
   },
   "7117183622067702162": {
      "message": "Google Drive ile bir daha asla e-posta eki göndermek zorunda kalmayacaksınız. Google Drive'da depoladığınız herhangi bir dosyanın bağlantısını paylaşmanız yeterlidir. Bu şekilde, herkes otomatik olarak aynı dosyanın aynı sürümüne erişebilir."
   },
   "713754035716193665": {
      "message": "Yeni liste"
   },
   "7146242673022399081": {
      "message": "Metin"
   },
   "7148992630785407972": {
      "message": "Bu dosya şifre korumalıdır ve önizlenemez."
   },
   "7151987668860086450": {
      "message": "Web arama"
   },
   "7153847618034547771": {
      "message": "Etkinleştir"
   },
   "7161134329606048317": {
      "message": "Kapat"
   },
   "7164532930742017984": {
      "message": "Bağlantıya sahip olan herkes"
   },
   "7174189954350964804": {
      "message": "Tekrar dene"
   },
   "7177591028189992523": {
      "message": "Taşı"
   },
   "7188754206068648188": {
      "message": "Virgülle Ayrılmış Veriler"
   },
   "7225837680381806920": {
      "message": "Akşam ($1​)"
   },
   "722702934847795304": {
      "message": "Project"
   },
   "7236199858216720905": {
      "message": "Haritalar"
   },
   "7247530225058410142": {
      "message": "$1​ $2​"
   },
   "7259352906118493156": {
      "message": "Site yok."
   },
   "7282548567245878869": {
      "message": "Öğe silindi"
   },
   "7295712436136900176": {
      "message": "Yeniden yükle"
   },
   "7310311230493556740": {
      "message": "URL"
   },
   "7339696241980105410": {
      "message": "Seçtiğiniz video artık mevcut değil. Sahibi tarafından kaldırılmış olabilir."
   },
   "7342923890755029722": {
      "message": "Kapat"
   },
   "734478884582426793": {
      "message": "Sıkıştırılmış Arşiv"
   },
   "7357017164339332230": {
      "message": "Bu resimler Google'ın ücretsiz fotoğraf barındırma hizmeti olan $2​Picasa Web Albümleri$1​'nde de görüntülenebilir ve paylaşılabilir."
   },
   "736105042796745909": {
      "message": "{VIEWER_GENDER,select, female{Klasör oluştur}male{Klasör oluştur}other{Klasör oluştur}}"
   },
   "7362061801920948830": {
      "message": "Daha Fazla Dosya Yükle"
   },
   "7364571366369083618": {
      "message": "Video"
   },
   "7377239345926788722": {
      "message": "İşlemler"
   },
   "7380785991026002613": {
      "message": "Gösterilen sonuçlar yeniden kullanılabilir."
   },
   "7382688299146249119": {
      "message": "Öğeyi indir"
   },
   "7383706174467122149": {
      "message": "Not silindi"
   },
   "7388342865555961406": {
      "message": "$1​ gün içinde"
   },
   "7393771571081973549": {
      "message": "C"
   },
   "740507516967994591": {
      "message": "Aç"
   },
   "7422452809590461532": {
      "message": "Kırmızı"
   },
   "7426603384368095928": {
      "message": "Tekrar oturum açıp çalışmaya devam etmek için lütfen sayfayı yeniden yükleyin."
   },
   "7429084719905985261": {
      "message": "Objective C"
   },
   "7432956605646331928": {
      "message": "SQL"
   },
   "7440735091552109962": {
      "message": "$2​ (düzenlenme: $1​)"
   },
   "7441891675459021164": {
      "message": "Drive'a kaydediliyor"
   },
   "7451573821837395189": {
      "message": "Öğe $2​Drive'ınıza$1​ eklendi."
   },
   "7468322419516352788": {
      "message": "Açıklama güncellenirken bir sorun oluştu."
   },
   "7488945223835574498": {
      "message": "PostScipt"
   },
   "7492710087472140422": {
      "message": "Daha fazla bilgi edinin"
   },
   "7493919863870655172": {
      "message": "Web kamerası"
   },
   "7500786109708143683": {
      "message": "Ses silindi"
   },
   "7501027876827009022": {
      "message": "Gösterilen sonuçlar ticari amaçla yeniden kullanılabilir."
   },
   "7521272923988336579": {
      "message": "Keep'i şimdi yeniden yükleyerek güncel kalın."
   },
   "7532552995569296274": {
      "message": "Aramayı Temizle"
   },
   "7546994163355383999": {
      "message": "Tüm notlar kaydedildi"
   },
   "7559208209275370228": {
      "message": "Son düzenlediklerim"
   },
   "7565383798249439151": {
      "message": "$1​ gün içinde"
   },
   "7565870443143407759": {
      "message": "Dokümanda bul"
   },
   "7586291841734385643": {
      "message": "Yeni sekmede aç"
   },
   "7598582624136632660": {
      "message": "Arama çubuğunu aç/sonrakini bul"
   },
   "7602870977118971161": {
      "message": "Yeniden yükle"
   },
   "7610654194202731772": {
      "message": "Sil"
   },
   "761925792744044896": {
      "message": "Profil fotoğrafı yap"
   },
   "7630723924002267143": {
      "message": "Klavye kısayolları etkin."
   },
   "7640546114686970497": {
      "message": "Daha fazla öğe eklenemiyor"
   },
   "7669846901402551021": {
      "message": "Bugün"
   },
   "7691521283331762131": {
      "message": "Arşivlenen notlarınız burada görüntülenir"
   },
   "772000107335590599": {
      "message": "$1​ dakika içinde"
   },
   "7734578122414851725": {
      "message": "PHP"
   },
   "7745005220197261896": {
      "message": "Kitap arama"
   },
   "7759846028901235026": {
      "message": "Not arşivden kaldırıldı"
   },
   "776065748745885880": {
      "message": "boşluk"
   },
   "7770982082843341533": {
      "message": "Bu klasörde öğe yok."
   },
   "779472474101127362": {
      "message": "Anlık görüntü alın"
   },
   "7800318069267901681": {
      "message": "Değiştirilme"
   },
   "7805487598105530487": {
      "message": "Satır içi"
   },
   "7814778057875152792": {
      "message": "Ek, Google Drive'daki seçili klasöre taşınırken bir sorun oluştu."
   },
   "7820417126206702946": {
      "message": "Gösterilen sonuçlar yalnızca Google Drive'da kişisel ve ticari amaçla kullanılabilir ve bağımsız bir şekilde yeniden dağıtılamaz veya satılamaz."
   },
   "7822364282298323175": {
      "message": "Liste silindi"
   },
   "7830513726270865588": {
      "message": "Takvim"
   },
   "7845751753397906805": {
      "message": "Çakışan düzenlemeler bulundu"
   },
   "7852396628465259068": {
      "message": "Profil fotoğrafı"
   },
   "7859526172011446452": {
      "message": "Yayını durdur"
   },
   "78870906674150830": {
      "message": "$3​$1​$2​"
   },
   "7895643887742936844": {
      "message": "noktalı virgül"
   },
   "7899833760457194273": {
      "message": "Görsel arama"
   },
   "7899913952063063825": {
      "message": "Resim silindi"
   },
   "7906726367011430855": {
      "message": "Bağla"
   },
   "7910518224461588465": {
      "message": "Sarı"
   },
   "7953603850004320936": {
      "message": "Önizleme yapılamıyor."
   },
   "7957306528733096600": {
      "message": "İşlem Tamamlandı"
   },
   "7960528690514646841": {
      "message": "{moreCount,plural, =0{unused plural form}=1{+ 1 kişi daha}other{+ {moreCount} kişi daha}}"
   },
   "7973635145070803181": {
      "message": "Fotoğraf yükleyin"
   },
   "7987180255015869513": {
      "message": "İsterseniz buraya bir web adresi de yapıştırabilirsiniz:"
   },
   "8011497727123874703": {
      "message": "$1​ Klasör Düğmesi"
   },
   "8016231262233952856": {
      "message": "Turkuaz"
   },
   "8019402848412685977": {
      "message": "\"$2​\", \"$1​\" olarak yeniden adlandırıldı."
   },
   "8023466614826324314": {
      "message": "Fotoğraflar geniş bir kitleyle paylaşılacak."
   },
   "8043514121228710092": {
      "message": "Resim ekle"
   },
   "8044700199531805239": {
      "message": "$3​$1​$2​ bağlandı."
   },
   "8069384932934428393": {
      "message": "$1​ dakika içinde"
   },
   "8081927474846706026": {
      "message": "Çizim yok."
   },
   "8090743714060857028": {
      "message": "Görüntüleyenler indiremez"
   },
   "8095838445486198080": {
      "message": "{FILE_SIZE,plural, =0{0 bayt}=1{1 bayt}other{# bayt}}"
   },
   "8099047958506869131": {
      "message": "{VIEWER_GENDER,select, female{Yeni Klasör}male{Yeni Klasör}other{Yeni Klasör}}"
   },
   "8100558294600077150": {
      "message": "Blog arama"
   },
   "8105635255693472607": {
      "message": "Yeni liste öğeleri ekleyin"
   },
   "8106780183458743723": {
      "message": "Fotoğraf albümleri"
   },
   "8112699352770418817": {
      "message": "Kitap bulunamadı."
   },
   "8132410616064087953": {
      "message": "Video çok uzun (maksimum süre $1​ saniyedir)."
   },
   "8135145577663029437": {
      "message": "İkisini de sakla"
   },
   "8146560259680897627": {
      "message": "İzin verme"
   },
   "8158191101452862916": {
      "message": "Resim ekle"
   },
   "8159493406018222636": {
      "message": "Geri bildirim gönder"
   },
   "8172945196588870035": {
      "message": "Etkinlikler"
   },
   "8174654098152723289": {
      "message": "Açıklamayı Düzenle"
   },
   "8178754379486173416": {
      "message": "{VIEWER_GENDER,select, female{Çok az öğe seçildi. Lütfen daha fazla öğe seçin.}male{Çok az öğe seçildi. Lütfen daha fazla öğe seçin.}other{Çok az öğe seçildi. Lütfen daha fazla öğe seçin.}}"
   },
   "8192378456655629049": {
      "message": "Video işleniyor..."
   },
   "8193991135666622583": {
      "message": "Keep"
   },
   "821942580510564685": {
      "message": "Bu dokümanı görüntülemek için lütfen dokümanın şifresini girin"
   },
   "8239237134193392595": {
      "message": "Konum hatırlatıcı bildirimleri yalnızca mobil cihazlarda görüntülenir."
   },
   "8267458240960831780": {
      "message": "Kimlik doğrulaması yapılıyor..."
   },
   "8281141013543828574": {
      "message": "Raw Resim"
   },
   "8281678863271800533": {
      "message": "Resim filtresi"
   },
   "8283103456188558313": {
      "message": "Sunular"
   },
   "8290434443655418968": {
      "message": "{filesCount,plural, =0{unused plural form}=1{Seçilen dosyanın [{file}] yüklenmesi desteklenmiyor.}other{Seçilen dosyaların [{files}] yüklenmesi desteklenmiyor.}}"
   },
   "8304474373444239435": {
      "message": "$1​ olarak yanıtlayın."
   },
   "8322416564157128458": {
      "message": "Paylaşma"
   },
   "8324195080917648153": {
      "message": "Video buraya sığmıyor. Lütfen tarayıcı pencerenizi biraz daha büyütün."
   },
   "8337582740675387693": {
      "message": "Java"
   },
   "8342684858400436871": {
      "message": "sekme"
   },
   "8379952094517631162": {
      "message": "Hayır"
   },
   "8409393124758970712": {
      "message": "$2​ x $1​"
   },
   "8412684147928483084": {
      "message": "Siyah"
   },
   "8435544675017330861": {
      "message": "Aramanızla eşleşen öğe yok."
   },
   "8436817383042650304": {
      "message": "caps-lock"
   },
   "8451184312655705174": {
      "message": "URL'niz doğruysa burada bir önizleme görürsünüz. Büyük resimlerin görünmesi birkaç dakika sürebilir."
   },
   "8467894483369467251": {
      "message": "Flash"
   },
   "8506198918368329269": {
      "message": "Gösterilen sonuçlar değiştirilerek ticari amaçla yeniden kullanılabilir."
   },
   "8571315158566081191": {
      "message": "E-tablo yok."
   },
   "8580600056399054303": {
      "message": "Yeni veya işaretlenen öğelerin nereye taşınacağını ayarlayabilirsiniz"
   },
   "8595175575778060149": {
      "message": "Diğer"
   },
   "8596257056433048992": {
      "message": "Hoş Geldiniz"
   },
   "8616342546716995946": {
      "message": "Tamam"
   },
   "8621067185485606452": {
      "message": "ECMAScript"
   },
   "8638281560898810401": {
      "message": "{MINUTES,plural, =0{0 dakika }=1{1 dakika }other{# dakika }}{SECONDS,plural, =0{0 saniye.}=1{1 saniye.}other{# saniye.}}"
   },
   "863955692838281739": {
      "message": "Kapat"
   },
   "8643398764569428530": {
      "message": "Google Keep'in bildirimler görüntülemesine izin verilsin mi?"
   },
   "8652566647088230560": {
      "message": "Test Sürümü Gizli"
   },
   "8660016472468563221": {
      "message": "iki nokta"
   },
   "8663507590720636709": {
      "message": "$1​ +$2​ öğe daha"
   },
   "8666643061920113075": {
      "message": "{VIEWER_GENDER,select, female{Buraya bir resim URL'si yapıştırın:}male{Buraya bir resim URL'si yapıştırın:}other{Buraya bir resim URL'si yapıştırın:}}"
   },
   "8674222789100049233": {
      "message": "Kapat"
   },
   "86815590954366945": {
      "message": "Arşivlenmiş içerik listesi"
   },
   "8709611758728645225": {
      "message": "pg-down"
   },
   "8711002053494037632": {
      "message": "Tüm öğelerin işareti kaldırıldı"
   },
   "8748281640412284111": {
      "message": "Stok fotoğraflar"
   },
   "8759520888087120926": {
      "message": "Komut dosyası yok."
   },
   "8775097441636640256": {
      "message": "$2​ - $1​"
   },
   "8780212274435014958": {
      "message": "Çevreler"
   },
   "8781837301864053001": {
      "message": "Zengin Metin"
   },
   "8792038552136453044": {
      "message": "Hata! Bir şeyler ters gitti."
   },
   "8793166064242077041": {
      "message": "Bu resim görüntülenirken bir sorun oluştu."
   },
   "8813101408630252335": {
      "message": "$1​ sn."
   },
   "8820281478062782578": {
      "message": "Ara"
   },
   "8822326207328431952": {
      "message": "Resim yüklemeleri kullanılamıyor"
   },
   "8840223453482998505": {
      "message": "Seçili klasör: $1​"
   },
   "8845176264121061589": {
      "message": "Tüm öğelerin işaretini kaldır"
   },
   "8850238112725591771": {
      "message": "$1​ kısayolu"
   },
   "8852550049823214385": {
      "message": "sonra"
   },
   "8883744193208363722": {
      "message": "Uygulama güncellemesi mevcut."
   },
   "8884900765322249670": {
      "message": "Liste Görünümü"
   },
   "8889019648958415451": {
      "message": "Bilinmeyen Dosya"
   },
   "8911996820409711834": {
      "message": "Metni yeni liste öğesine taşı &raquo;"
   },
   "8916237870980173557": {
      "message": "Bağlantı kuruluyor..."
   },
   "8917554093651202032": {
      "message": "$1​ videosunu oynat"
   },
   "8919660666733306860": {
      "message": "Resim"
   },
   "8930959387403789939": {
      "message": "Hatırlatıcı"
   },
   "8943760679396635042": {
      "message": "$1​ görüntüleniyor."
   },
   "8953555255469284376": {
      "message": "Resimleri buraya bırakın"
   },
   "8979615310931291676": {
      "message": "Düzenlenme zamanı: $1​"
   },
   "8986044948621891903": {
      "message": "Google Web Araması'nı kullanarak web sonuçlarını bulmak için yukarıdaki kutuya arama sorgunuzu yazın."
   },
   "901615442107785480": {
      "message": "Notu/listeyi arşivle"
   },
   "9024023699330078373": {
      "message": "Bu öğe açıldığında Drive'ınıza eklenir"
   },
   "9028041601596584772": {
      "message": "Konum"
   },
   "9058308423774656474": {
      "message": "Hangul Kelime İşlemci"
   },
   "9083935734710258396": {
      "message": "Reddet"
   },
   "9094248058931620597": {
      "message": "Ayrıntılar paneli daraltıldı."
   },
   "9114674068220302553": {
      "message": "Ek olarak"
   },
   "911586799466052745": {
      "message": "Apache OpenOffice Draw"
   },
   "9130962320402467249": {
      "message": "Stok fotoğraflar"
   },
   "9146716987301178362": {
      "message": "Hata oluştu. Lütfen yeniden yükleyin."
   },
   "9165877886714239857": {
      "message": "Resimdeki metni yakalanamıyor. Daha sonra tekrar deneyin."
   },
   "916773043895242978": {
      "message": "Yukarıda girdiğiniz resim URL'si hatalı veya yüklenemiyor. Lütfen doğru resim URL'si girin."
   },
   "9173629944963872598": {
      "message": "Etkinlik yok."
   },
   "9182500445937900938": {
      "message": "Kapat"
   },
   "9195941533351099011": {
      "message": "Yükleniyor: $1​ / $2​"
   },
   "9197837492705576727": {
      "message": "Sonraki öğeye git"
   },
   "919969969251998566": {
      "message": "Bu arşivi posta hesabınıza çıkarın."
   },
   "9203542510134660095": {
      "message": "Çıkartma işi başlatıldı. Arşivin içeriği Drive'da, \"$1​\" klasörünün altında görüntülenecektir."
   },
   "940276535015195877": {
      "message": "Klasör yok."
   },
   "943493480163896757": {
      "message": "{resultCount,plural, =1{eşleşen # not}other{eşleşen # not}}"
   },
   "951963820437151566": {
      "message": "Google Sites"
   },
   "95809842507987016": {
      "message": "Sil"
   },
   "963611681085757795": {
      "message": "Maalesef şu anda dokümanın görünümünü oluşturamıyoruz."
   },
   "96556988207614774": {
      "message": "Takvimler"
   },
   "974042541427403929": {
      "message": "Mavi"
   },
   "980395722421409371": {
      "message": "Harita bulunamadı."
   },
   "982187142411651629": {
      "message": "Kapat"
   },
   "985197728509875956": {
      "message": "Kimyasal Model"
   },
   "996381410993745580": {
      "message": "Photoshop"
   },
   "998727788921602971": {
      "message": "Videolar"
   },
   "appDesc": {
      "description": "App description",
      "message": "Aklınızdakileri hızlıca kaydedin ve doğru yerde veya zamanda hatırlatma alın."
   },
   "appName": {
      "description": "App name.",
      "message": "Google Keep - notlar ve listeler"
   }
}
