{
   "1006787209796778126": {
      "message": "Мій Диск"
   },
   "1017907757187630742": {
      "message": "Мої шрифти"
   },
   "1029072043275376320": {
      "message": "Календарі не знайдено."
   },
   "1030781695901615026": {
      "message": "У кінець"
   },
   "103870949919613488": {
      "message": "Нотатку заархівовано"
   },
   "1039394921418415681": {
      "message": "Увійти"
   },
   "1083918249169198626": {
      "message": "Комбінації клавіш вимкнено."
   },
   "1090919586152138659": {
      "message": "Фотобанк"
   },
   "1101371910696766077": {
      "message": "Зробити копію"
   },
   "1107413433574576014": {
      "message": "Назва завелика. Виділений текст не буде збережено."
   },
   "1127320433256851404": {
      "message": "Відеопрогравач"
   },
   "1162642135048988280": {
      "message": "Перейменувати документ"
   },
   "1166244120191806795": {
      "message": "Залишити відгук"
   },
   "1179891706526242218": {
      "message": "Далі"
   },
   "1185164838496022543": {
      "message": "Натисніть тут, щоб оновити сторінку."
   },
   "1185644932132585290": {
      "message": "Залишилося стільки символів: $1​"
   },
   "1213005208968286932": {
      "message": "Позначено як завершену"
   },
   "1263557413037343589": {
      "message": "Упорядкування фотографій"
   },
   "1263685395252160366": {
      "message": "LaTeX"
   },
   "1311350045083871503": {
      "message": "Скасувати"
   },
   "1311729747516144362": {
      "message": "Червоні"
   },
   "1315844696796851207": {
      "message": "Sans Serif"
   },
   "1319037146426591038": {
      "message": "або"
   },
   "132822872080714863": {
      "message": "OK"
   },
   "133192954417440569": {
      "message": "Результати не знайдено."
   },
   "1349697396109290623": {
      "message": "\"$1​\" відображається з вищою роздільною здатністю"
   },
   "1376126796144976437": {
      "message": "Усі шрифти"
   },
   "139942704574044780": {
      "message": "Дозволити"
   },
   "141491180325662484": {
      "message": "Диск Google дозволяє зберігати файли в Інтернеті, тож вони завжди будуть під рукою. Додавши фотографії на Диск Google, ви зможете миттєво поділитися ними з вашими колами в Google+."
   },
   "1418114637490664392": {
      "message": "Фотоархів LIFE"
   },
   "1419896259743862406": {
      "message": "Відкрити за допомогою"
   },
   "1440171352837969028": {
      "message": "Відео/аудіо"
   },
   "1441487391064925653": {
      "message": "Переглянути всі комбінації клавіш у Довідковому центрі"
   },
   "1446829548948002072": {
      "message": "кома"
   },
   "1454684154234137497": {
      "message": "Pause"
   },
   "1459765068821943106": {
      "message": "{VIEWER_GENDER,select, female{Вставте URL-адресу з YouTube тут:}male{Вставте URL-адресу з YouTube тут:}other{Вставте URL-адресу з YouTube тут:}}"
   },
   "1463079206290378085": {
      "message": "Фотографії з Orkut"
   },
   "1463389029497634261": {
      "message": "Зменшити гучність"
   },
   "1475179211173444554": {
      "message": "Усі в цьому домені, хто має посилання"
   },
   "1492360016907725281": {
      "message": "{VIEWER_GENDER,select, female{Вставте URL-адресу відео тут:}male{Вставте URL-адресу відео тут:}other{Вставте URL-адресу відео тут:}}"
   },
   "1493251742569121894": {
      "message": "Нотатка завелика. Виділений текст не буде збережено."
   },
   "1493384967280942491": {
      "message": "Рожеві"
   },
   "1499433769420882987": {
      "message": "Показується $1​"
   },
   "1505876360160857231": {
      "message": "$1​ Тб"
   },
   "1521707405717823409": {
      "message": "Фіолетові"
   },
   "153439508598626384": {
      "message": "Мої фото"
   },
   "1536051766421561160": {
      "message": "знак рівності"
   },
   "156992719062713230": {
      "message": "Сірий"
   },
   "1586968957182554447": {
      "message": "Вимкнути"
   },
   "1588268697057804046": {
      "message": "$1​ год тому"
   },
   "1603139897109307706": {
      "message": "Сталася помилка. Повторіть спробу."
   },
   "1604359562654146902": {
      "message": "Фото"
   },
   "1633370388224271051": {
      "message": "Людей не знайдено."
   },
   "1633798963327779260": {
      "message": "Завтра"
   },
   "1654222450095043962": {
      "message": "Аудіо"
   },
   "1656911987308166143": {
      "message": "Видалити"
   },
   "1665821947855814052": {
      "message": "Розмір"
   },
   "1692901784886701962": {
      "message": "Нотатка завелика."
   },
   "1697160643589236962": {
      "message": "$1​ Пб"
   },
   "1700522311470719738": {
      "message": "Нагадати"
   },
   "1701312243672511585": {
      "message": "Перенести текст у нову нотатку &raquo;"
   },
   "1709410429018687341": {
      "message": "Уранці ($1​)"
   },
   "1715552550526864429": {
      "message": "Пошук блогів"
   },
   "171683163267149669": {
      "message": "$1​ Гб"
   },
   "1739900012825270238": {
      "message": "Перейти до попереднього елемента"
   },
   "1756171223417807431": {
      "message": "Переконайтеся, що зображення доступне для всіх. Якщо його захищено паролем або розміщено у внутрішній мережі, ми не зможемо його відкрити."
   },
   "1759957963056319953": {
      "message": "$1​: назад"
   },
   "1783719421893050637": {
      "message": "Розмір"
   },
   "178927681797742562": {
      "message": "Увійти"
   },
   "1791115075948268631": {
      "message": "Відкрити довідку щодо комбінацій клавіш"
   },
   "1808245543551507519": {
      "message": "Аудіо"
   },
   "1816851800848432562": {
      "message": "Вилучити"
   },
   "1818306025747564729": {
      "message": "Перейти за посиланням"
   },
   "1823222042913714987": {
      "message": "Надіслати пароль"
   },
   "1823854753950594157": {
      "message": "Залишити на місці"
   },
   "1830157062072535681": {
      "message": "Показується \"$1​\""
   },
   "185012928288875755": {
      "message": "Немає елементів, які відповідають указаним критеріям."
   },
   "1856444915090632305": {
      "message": "Документ зашифровано. Введіть пароль."
   },
   "1866863108233180413": {
      "message": "Папки"
   },
   "187077078156858455": {
      "message": "Аудіонотатка"
   },
   "189303170370862360": {
      "message": "$1​ з $2​"
   },
   "1900571668686750716": {
      "message": "vCard"
   },
   "1901351411358749070": {
      "message": "Відкриті для мене"
   },
   "1913425963149828429": {
      "message": "Розпакувати цей архів на Диск."
   },
   "1918176455405610789": {
      "message": "Готово"
   },
   "1920189655549476211": {
      "message": "невідома тривалість"
   },
   "1929603188252533075": {
      "message": "Не вдалося видалити відео. Повторіть спробу."
   },
   "1951810091681076784": {
      "message": "{COUNT_1,plural, =1{1 збіг}one{{COUNT_2} збіг}few{{COUNT_2} збіги}many{{COUNT_2} збігів}other{{COUNT_2} збігу}}"
   },
   "1956794332842050061": {
      "message": "Наступна сторінка"
   },
   "1965626377712226216": {
      "message": "Keynote"
   },
   "1968405748623909021": {
      "message": "Спробуйте відкрити та відредагувати цей елемент за допомогою одного з додатків нижче"
   },
   "1974063091619095703": {
      "message": "Люди"
   },
   "1988244842147989817": {
      "message": "Нотатки видаляються з кошика через 7 днів."
   },
   "1993674829873313178": {
      "message": "Проблеми із завантаженням? Зараз проводиться технічне обслуговування, проте незабаром робота служби відновиться."
   },
   "2003845117979929469": {
      "message": "Деталі"
   },
   "2048322072989992494": {
      "message": "Ще ніхто не надавав вам доступ до файлів."
   },
   "2055836117545582610": {
      "message": "Налаштування списку"
   },
   "2059084517358086391": {
      "message": "Закрити панель \"Пошук\""
   },
   "2061440050632248160": {
      "message": "Архівувати"
   },
   "2068023589621557589": {
      "message": "Шрифт TrueType"
   },
   "2073035325657060696": {
      "message": "Попередній перегляд недоступний."
   },
   "2073322475696388995": {
      "message": "Перейти вперед"
   },
   "207810168108507460": {
      "message": "$1​ годину тому"
   },
   "2109272338124379867": {
      "message": "Останні змінені"
   },
   "2116013171202209313": {
      "message": "Вибрати"
   },
   "2122256657192674586": {
      "message": "Пошук відео"
   },
   "2125135092719715773": {
      "message": "Завантажити"
   },
   "212796670323571824": {
      "message": "ОК"
   },
   "213665695896111861": {
      "message": "Нотатки"
   },
   "2138593281154109183": {
      "message": "Архів"
   },
   "2147952938331523160": {
      "message": "Перейменувати…"
   },
   "2154372123324862271": {
      "message": "скісна риска"
   },
   "2154940358270068005": {
      "message": "Зберігайте видалені нотатки довше"
   },
   "2184278444368405837": {
      "message": "Пунктів: $1​"
   },
   "2187239650627580457": {
      "message": "Надіслати"
   },
   "2198096971937872560": {
      "message": "Нагадування:"
   },
   "220168959069469607": {
      "message": "Інші дії"
   },
   "221715292685577880": {
      "message": "Так"
   },
   "2220005860896049129": {
      "message": "На жаль, пошук документа в першоджерелі тривав надто довго."
   },
   "2228413078211839077": {
      "message": "На жаль, через проблеми цей документ зараз не доступний для перегляду."
   },
   "2235097878790803849": {
      "message": "Забудьте про пересилання файлів. Використовуйте Диск Google."
   },
   "2257303402199718039": {
      "message": "На жаль, не вдалося знайти документ у першоджерелі. Переконайтеся, що документ ще існує."
   },
   "2274436793504233543": {
      "message": "Скасувати"
   },
   "2278224983638451454": {
      "message": "Завантажити"
   },
   "2280650195464600721": {
      "message": "Навігація"
   },
   "2285069188138705005": {
      "message": "Підключені програми"
   },
   "2289534534793293486": {
      "message": "Розархівувати"
   },
   "2289812403593835836": {
      "message": "Pages"
   },
   "229177484946387188": {
      "message": "Google Планета Земля"
   },
   "2292696732672795285": {
      "message": "Збільшити гучність"
   },
   "230180475614658119": {
      "message": "Готово"
   },
   "2304293593067358316": {
      "message": "Ілюстрації"
   },
   "2310145944356900158": {
      "message": "Вибрані пункти"
   },
   "2311880726221661199": {
      "message": "Завантаження версій із вищою роздільною здатністю"
   },
   "2329167963662998826": {
      "message": "Google Keep хоче використовувати ваші геодані, щоб покращити пропозиції місць у нагадуваннях."
   },
   "234046557601727809": {
      "message": "Немає зображень або відео."
   },
   "2349912757088764940": {
      "message": "Бачитимуть:"
   },
   "2359614137862708172": {
      "message": "Shift"
   },
   "2370463380397641604": {
      "message": "Популярні комбінації клавіш"
   },
   "2370656573843123707": {
      "message": "права дужка"
   },
   "2393487423640708285": {
      "message": "URL-адреса недійсна. Переконайтеся, що вона починається з http:// або https://."
   },
   "2405795704816921421": {
      "message": "Файл \"$1​\""
   },
   "2412314804333167252": {
      "message": "Ця електронна таблиця завелика. Натисніть, щоб $3​завантажити$1​ чи $4​редагувати її в Google Таблицях$1​."
   },
   "2418104318933043113": {
      "message": "Пошук зображень Google"
   },
   "2433429041384246549": {
      "message": "Вимкнути звук"
   },
   "2449254824382583885": {
      "message": "Розгорнути"
   },
   "2452522051596946166": {
      "message": "На жаль, не вдалося попередньо переглянути файл \"$1​\". Повторна спроба."
   },
   "2454642351139428112": {
      "message": "Скасувати"
   },
   "2466251465475184755": {
      "message": "Очистити кошик? Усі нотатки в кошику буде видалено назавжди."
   },
   "2475181823688399272": {
      "message": "Далі"
   },
   "2484568559152875936": {
      "message": "Немає фотоальбомів."
   },
   "2504232652631703202": {
      "message": "Підключено"
   },
   "251025074207413762": {
      "message": "Додати опис"
   },
   "2510929871271209216": {
      "message": "Ця електронна таблиця завелика. Щоб завантажити її, натисніть $2​тут$1​."
   },
   "2513437337377210144": {
      "message": "End"
   },
   "2524021436052870191": {
      "message": "Не вдається додати цей файл. Можна додавати лише файли $1​ розміром до $2​ Мб."
   },
   "2532280782491328445": {
      "message": "Знайти попередній"
   },
   "2538080331309772448": {
      "message": "Сортувати: $1​"
   },
   "2538462904124380434": {
      "message": "Нотатку переміщено в кошик"
   },
   "2546225293834487484": {
      "message": "Нотатка"
   },
   "2555961950726197809": {
      "message": "Показано засіб перегляду."
   },
   "2558480112329900136": {
      "message": "Сірі"
   },
   "257317112834806705": {
      "message": "Змінити режим перегляду (список або таблиця)"
   },
   "2579679351920691492": {
      "message": "Перейти назад"
   },
   "2587566920590457715": {
      "message": "Maps Engine Lite"
   },
   "2609409316752026806": {
      "message": "PDF"
   },
   "2609750184896485102": {
      "message": "Відео з телефону"
   },
   "2615188670181508661": {
      "message": "Останнім часом ви нічого не вибирали."
   },
   "2623861453769098676": {
      "message": "Не вдалося попередньо переглянути цей документ."
   },
   "2628268670001557269": {
      "message": "Квота"
   },
   "2643241712502664984": {
      "message": "Мої відео YouTube"
   },
   "2661850177130037208": {
      "message": "Відкрити файл"
   },
   "2681830832355823748": {
      "message": "Пошук серед усіх комбінацій клавіш"
   },
   "2687303256387847763": {
      "message": "Ступінь популярності"
   },
   "2702485557996900362": {
      "message": "Виправте конфліктні зміни"
   },
   "2705842902318123127": {
      "message": "Перейти до наступної чи попередньої нотатки або списку"
   },
   "272948685355798518": {
      "message": "Вибрано недійсний тип файлу."
   },
   "2731144323070245943": {
      "message": "Налаштування списку"
   },
   "2742719907061406418": {
      "message": "XML"
   },
   "2750830436677712001": {
      "message": "{VIEWER_GENDER,select, female{Не вдалося створити папку \"{FOLDER_NAME}\".}male{Не вдалося створити папку \"{FOLDER_NAME}\".}other{Не вдалося створити папку \"{FOLDER_NAME}\".}}"
   },
   "2752123004911547510": {
      "message": "Частота використання"
   },
   "2758125083752925237": {
      "message": "(власник)"
   },
   "277430914014962533": {
      "message": "На жаль, не вдалося попередньо переглянути файл \"$1​\"."
   },
   "2774713922589657910": {
      "message": "Усі в цьому домені"
   },
   "2786560864906393383": {
      "message": "Фотографії з телефону"
   },
   "2789687492331041935": {
      "message": "Вибрати час"
   },
   "2790446494460492805": {
      "message": "Розпакування почалося. Повідомлення з архіву з’являться в поштовому обліковому записі з міткою \"Імпорт: $1​\"."
   },
   "2793841261389879255": {
      "message": "Попередня сторінка"
   },
   "2801153442808430222": {
      "message": "Мій Диск"
   },
   "2817277146396981386": {
      "message": "пп"
   },
   "2818020101821669029": {
      "message": "Створено"
   },
   "2818135503416309545": {
      "message": "Записати відео"
   },
   "2827039933590757722": {
      "message": "Windows Shortcut (.LNK)"
   },
   "2829226075651806940": {
      "message": "Збільшити масштаб"
   },
   "2860188519781080944": {
      "message": "Жовтогарячі"
   },
   "2861568351294148466": {
      "message": "Сценарії"
   },
   "2864281852037732729": {
      "message": "Менше"
   },
   "2873089307546162154": {
      "message": "ОК"
   },
   "2877285560485318801": {
      "message": "Призупинити"
   },
   "2878874627361086801": {
      "message": "попередній перегляд"
   },
   "2879276552944958066": {
      "message": "Назад до папки \"$1​\"."
   },
   "289798573180023043": {
      "message": "ОК"
   },
   "2902747751281161248": {
      "message": "Застосовувати до нових списків"
   },
   "2905147317995482841": {
      "message": "Ми оновили способи перегляду всіх файлів на Google Диску. Служба стала гарнішою та зручнішою. Сподіваємось, вам сподобається новий вигляд."
   },
   "2917498437550635075": {
      "message": "Значок"
   },
   "2964778642459027786": {
      "message": "У кошику немає нотаток"
   },
   "2974598228601710262": {
      "message": "Додати"
   },
   "2979466412944870220": {
      "message": "Завантаження попереднього перегляду…"
   },
   "2982511431742033448": {
      "message": "Немає презентацій."
   },
   "298817883481775869": {
      "message": "Завантаження…"
   },
   "3000689173481666334": {
      "message": "Редагування кола"
   },
   "3029395493413607486": {
      "message": "Не вдалося завантажити відеопрогравач. Оновіть сторінку.$1​Якщо проблема не зникне, $3​спробуйте знайти вирішення в довідковому центрі$2​."
   },
   "3043961722025425136": {
      "message": "Опис"
   },
   "306516303501625305": {
      "message": "Помилка автентифікації."
   },
   "3073005748126521632": {
      "message": "Нагадування було в такому місці: $1​"
   },
   "3074184819310272351": {
      "message": "Завантажені фотографії"
   },
   "3084372889071691504": {
      "message": "{VIEWER_GENDER,select, female{Вставте URL-адресу тут:}male{Вставте URL-адресу тут:}other{Вставте URL-адресу тут:}}"
   },
   "3095645856215493958": {
      "message": "Знаходьте друкований текст на фотографіях"
   },
   "31018542656161389": {
      "message": "Припасувати масштаб"
   },
   "3109321241584918345": {
      "message": "Підключити інші програми…"
   },
   "3121560585545725724": {
      "message": "$1​, $2​"
   },
   "3140236589681731084": {
      "message": "за $1​ год"
   },
   "3189854932778515441": {
      "message": "Нотатка в архіві"
   },
   "3207670492626476064": {
      "message": "Fusion Tables"
   },
   "3211163842850942567": {
      "message": "Збільшити масштаб"
   },
   "3222929029344613957": {
      "message": "На жаль, під час відкривання файлу сталася помилка. Повторіть спробу."
   },
   "3233388241926683100": {
      "message": "Шукати нотатку"
   },
   "3243829462528324248": {
      "message": "Коричневі"
   },
   "3250489229749307913": {
      "message": "Електронна публікація"
   },
   "3256928852560591255": {
      "message": "Не можна редагувати в кошику"
   },
   "3261131345401321392": {
      "message": "Може коментувати"
   },
   "3265524298292280681": {
      "message": "Esc"
   },
   "3267563602179728277": {
      "message": "Delete"
   },
   "3272496516667407797": {
      "message": "Не вдалося завантажити деталі."
   },
   "3275029321588462173": {
      "message": "Немає"
   },
   "3278237562147211998": {
      "message": "Фотографії з фотобанку"
   },
   "330603631583186798": {
      "message": "Word"
   },
   "3306487262690341751": {
      "message": "Дата й час"
   },
   "3312545971976531405": {
      "message": "Повідомлення"
   },
   "3319087486907616296": {
      "message": "Транслювати цей елемент"
   },
   "3328129883064940351": {
      "message": "Шрифти"
   },
   "3335409796971631780": {
      "message": "Розпакування на Диск."
   },
   "3343451103608774400": {
      "message": "Представляємо $3​нові Мої Карти.$2​$1​Кращі картографічні інструменти."
   },
   "3354260708176476985": {
      "message": "Завантаження&hellip;"
   },
   "3357778055650785985": {
      "message": "Пункт списку завеликий. Виділений текст не буде збережено."
   },
   "3364679383274077479": {
      "message": "Доступне оновлення додатка"
   },
   "3368639944474272225": {
      "message": "На жаль, не вдалось отримати документ для перегляду або ви не маєте дозволу на перегляд цього документа."
   },
   "3381619429606029445": {
      "message": "Visio"
   },
   "3382236845597426718": {
      "message": "Відкрити"
   },
   "3408219901032480508": {
      "message": "$2​; $1​"
   },
   "3409257542937182842": {
      "message": "Повторна спроба…"
   },
   "3409483962000136213": {
      "message": "Відтворити/призупинити"
   },
   "3418767079436101103": {
      "message": "Не вдалося завантажити цю сторінку."
   },
   "3421685394169412932": {
      "message": "Кожна внесена зміна зберігається автоматично"
   },
   "3422389100099960864": {
      "message": "Немає зображень."
   },
   "3428726060007577698": {
      "message": "Список завеликий."
   },
   "3430885603500576146": {
      "message": "Вибирайте лише ті зображення, для яких ви підтвердили наявність ліцензії на використання."
   },
   "3440534675925634227": {
      "message": "У вікні веб-переглядача Chrome відкрийте сторінку chrome://settings і переконайтеся, що ви ввійшли в обліковий запис. Тоді натисніть \"Увійти\" знову."
   },
   "3446158485617778228": {
      "message": "Відмінити"
   },
   "3448234415275521882": {
      "message": "Загальна інформація"
   },
   "3448684788258660606": {
      "message": "Мої фото"
   },
   "3450585781337676327": {
      "message": "Завантаження…"
   },
   "3457279184692206825": {
      "message": "Фотографії бачитимуть усі в Інтернеті."
   },
   "3468441711253011521": {
      "message": "Google Таблиці"
   },
   "3473620774713000513": {
      "message": "Завершено"
   },
   "3483438888494819423": {
      "message": "Що нового в Google Keep"
   },
   "3511274344439521198": {
      "message": "Дії"
   },
   "3518073392823563581": {
      "message": "Комбінації клавіш"
   },
   "3531603810713611778": {
      "message": "Розмір файлів завеликий. Виберіть менше файлів."
   },
   "3543475399174940144": {
      "message": "+$1​"
   },
   "3547194749488601916": {
      "message": "Оновлення…"
   },
   "354828103903104581": {
      "message": "Вибрані елементи"
   },
   "3561658662634401836": {
      "message": "Назва"
   },
   "357172711168973843": {
      "message": "Нещодавно додані нотатки або внесені зміни не збережено. Скопіюйте вміст і оновіть сторінку."
   },
   "3586705906700410505": {
      "message": "Малюнки олівцем"
   },
   "3587798318180902863": {
      "message": "{NUM_SELECTED,plural, =1{ вибрано »}one{ вибрано »}few{ вибрано »}many{ вибрано »}other{ вибрано »}}"
   },
   "3595000514985906359": {
      "message": "Excel"
   },
   "3602920441714068008": {
      "message": "Нагадування було $1​ о $2​"
   },
   "3608606849109645545": {
      "message": "Введіть нову назву документа:"
   },
   "361202495024972887": {
      "message": "Завантаження відео"
   },
   "361630518611593946": {
      "message": "Сховати прапорці"
   },
   "3625886392901506764": {
      "message": "або"
   },
   "3643146117250542609": {
      "message": "Немає файлів PDF."
   },
   "3645728163953189422": {
      "message": "На жаль, не вдалось отримати документ для перегляду, оскільки він завеликий."
   },
   "3651893685901703652": {
      "message": "…"
   },
   "3657386785336906042": {
      "message": "зворотна скісна риска"
   },
   "3659554681396757189": {
      "message": "Відкрито мною"
   },
   "3663571259791438207": {
      "message": "Повідомити про порушення"
   },
   "3664842788764635265": {
      "message": "Нічого"
   },
   "3666123569747918021": {
      "message": "У цьому документі є незбережені зміни. Справді закрити цю сторінку та відхилити зміни?"
   },
   "3673346558112798837": {
      "message": "Без фонового зображення"
   },
   "3674811252904549204": {
      "message": "Фотографії для обкладинки"
   },
   "3678477908297567934": {
      "message": "символ підкреслення"
   },
   "3681747688524363195": {
      "message": "На початок"
   },
   "3690515530505404607": {
      "message": "Не вдалося подивитися цей відеофайл."
   },
   "369764661829607970": {
      "message": "{NUM_ITEMS,plural, =0{Немає елементів}=1{1 елемент}one{# елемент}few{# елементи}many{# елементів}other{# items}}"
   },
   "3712215972250917265": {
      "message": "Коментарі"
   },
   "3717138719704492547": {
      "message": "Перевірте, чи немає в адресі помилок."
   },
   "374088101949877889": {
      "message": "Закрити"
   },
   "3745308627628779133": {
      "message": "Нова папка"
   },
   "3748461364828242354": {
      "message": "Вибрати колір"
   },
   "3770795578481676514": {
      "message": "Жовтий"
   },
   "3771958676925493302": {
      "message": "Зняти фільтр: $1​"
   },
   "3779945546806941187": {
      "message": "Однокольорові"
   },
   "3793086499925031123": {
      "message": "Відкрити панель пошуку/знайти попередній випадок"
   },
   "37992665410817181": {
      "message": "Відкрито повторно"
   },
   "3801617971018550169": {
      "message": "Учора"
   },
   "3808213429720572062": {
      "message": "Відновити"
   },
   "381100310424863459": {
      "message": "Illustrator"
   },
   "3842411126100113634": {
      "message": "Page Up"
   },
   "3844047145949375230": {
      "message": "Документи"
   },
   "3858324058837632381": {
      "message": "Не вдалося послухати цей аудіофайл."
   },
   "3864575916269080329": {
      "message": "Доступні для пошуку зображення"
   },
   "3866373087987934712": {
      "message": "Помилка завантаження: $1​"
   },
   "3869166581651870488": {
      "message": "Закінчити редагування"
   },
   "3873215756962047275": {
      "message": "АРХІВ"
   },
   "3873467440437675460": {
      "message": "На жаль, не вдалося знайти вибрані раніше шрифти."
   },
   "3897281533382850749": {
      "message": "Увімкнути звук"
   },
   "3936153839186254186": {
      "message": "Показати: $1​"
   },
   "3955760658925284765": {
      "message": "Повторити"
   },
   "3974064131130689245": {
      "message": "Таблиця"
   },
   "3977699855735576796": {
      "message": "Не вдалося завантажити інші сторінки."
   },
   "3988418762222300024": {
      "message": "крапка"
   },
   "3989552504822984034": {
      "message": "Google Малюнки"
   },
   "4005725939358875643": {
      "message": "Дію скасовано."
   },
   "4014287326684608407": {
      "message": "Бірюзовий"
   },
   "4048275292053012394": {
      "message": "Контакти"
   },
   "4059387791040010947": {
      "message": "Meta"
   },
   "4067915791853673774": {
      "message": "{VIEWER_GENDER,select, female{Закрити}male{Закрити}other{Закрити}}"
   },
   "4078179869358383373": {
      "message": "Результати не знайдено."
   },
   "4087667435414545203": {
      "message": "Ви вийшли. Щоб внести зміни, оновіть сторінку."
   },
   "4093134637041332383": {
      "message": "ДОКЛАДНІШЕ"
   },
   "4097007735221462946": {
      "message": "Малюнки"
   },
   "4097921967754832323": {
      "message": "дефіс"
   },
   "4100504115801514799": {
      "message": "Нотатку відновлено"
   },
   "4119294114251628099": {
      "message": "Не вдається знайти вказану URL-адресу зображення. Можливо, це приватна адреса, до якої наші сервери не мають доступу. Спробуйте вказати іншу URL-адресу."
   },
   "4134385041569168669": {
      "message": "Завантаження…"
   },
   "4148564423510181521": {
      "message": "Очистити поле пошуку"
   },
   "4152315289461886": {
      "message": "Елементи керування документом"
   },
   "4168280976997555951": {
      "message": "Немає документів."
   },
   "4174786386751618325": {
      "message": "Фотонотатка"
   },
   "4182427157920112948": {
      "message": "тильда"
   },
   "4200426647595470259": {
      "message": "Почати слухати аудіофайл"
   },
   "4200911267543705377": {
      "message": "Введіть запит у полі вище, щоб шукати результати в блогах за допомогою Google Blog Search."
   },
   "4205329094859140439": {
      "message": "дп"
   },
   "4211182812451835307": {
      "message": "Може редагувати"
   },
   "4211806608204126222": {
      "message": "$2​Умови використання$1​"
   },
   "4214190403999219403": {
      "message": "Масштабувати"
   },
   "4230101516585408149": {
      "message": "Створити нотатку"
   },
   "4253741616909644861": {
      "message": "Пошукові терміни"
   },
   "4280747719095153198": {
      "message": "Розпізнаний коментар"
   },
   "4286663890332754386": {
      "message": "Помилка завантаження."
   },
   "4299690446455033653": {
      "message": "Works"
   },
   "4314643310615423802": {
      "message": "Ви вийшли."
   },
   "4318861667254318892": {
      "message": "Google Video"
   },
   "4319229296464464147": {
      "message": "Дата додавання"
   },
   "4320831042030778": {
      "message": "Скасувати"
   },
   "4332252081504252077": {
      "message": "Помилка."
   },
   "4338991104991831337": {
      "message": "Зображення"
   },
   "4339705658383891586": {
      "message": "Повнокольорові"
   },
   "4343825450663233452": {
      "message": "Може переглядати"
   },
   "4343836986248234462": {
      "message": "Пункт списку"
   },
   "435214284915110062": {
      "message": "Відкрити панель пошуку"
   },
   "4372755508519489521": {
      "message": "Таблиця"
   },
   "4391715930031906467": {
      "message": "Знайти наступний"
   },
   "4395845663892873002": {
      "message": "Home"
   },
   "4422985761498356257": {
      "message": "Відкрити за допомогою"
   },
   "4430062722430863019": {
      "message": "Видалити нотатку назавжди?"
   },
   "4439812492856303238": {
      "message": "На жаль, під час обробки сталася неочікувана помилка. Повторіть спробу пізніше."
   },
   "4444571967705751871": {
      "message": "Кошик"
   },
   "4466605492523079635": {
      "message": "Зберегти"
   },
   "4468872996560163913": {
      "message": "Очистити кошик"
   },
   "4473912481270012588": {
      "message": "Збережено на Диску – перемістити в:"
   },
   "45228242181482134": {
      "message": "Відтворити"
   },
   "4536519876526589338": {
      "message": "Аватар \"$1​\"."
   },
   "4552045407215325033": {
      "message": "Не вдається відкрити введену вище URL-адресу відео. Переконайтеся, що адреса правильна й належить сайту, який підтримується."
   },
   "4564682305303579317": {
      "message": "Продовжити"
   },
   "456498742882714639": {
      "message": "Перемістити в:"
   },
   "4588500131398315347": {
      "message": "Створення кола"
   },
   "4604402426271704651": {
      "message": "Без фотографії"
   },
   "4620034373159179678": {
      "message": "Сторінка $1​ з $2​"
   },
   "4630690108252818511": {
      "message": "Зображення не знайдено."
   },
   "468283184702431827": {
      "message": "Процес почався"
   },
   "4695897771458936174": {
      "message": "Діліться фотографіями з Google Диска у Google+"
   },
   "4740100782728373253": {
      "message": "Зберегти на Диск"
   },
   "4748046231232264180": {
      "message": "Google Форми"
   },
   "4767722428137216885": {
      "message": "Скасувати"
   },
   "477328789314249432": {
      "message": "Шукати в нотатках"
   },
   "4775368111547931093": {
      "message": "Без опису"
   },
   "4781742940361705258": {
      "message": "Відхилити"
   },
   "4783695823456312682": {
      "message": "Перенести вниз"
   },
   "47844150329705564": {
      "message": "Результати пошуку для запиту \"$1​\""
   },
   "4798897505978458661": {
      "message": "Відео не знайдено."
   },
   "4805047680716507619": {
      "message": " – перемістити в:"
   },
   "4806763987633034948": {
      "message": "Підпис стандарту PKCS#7"
   },
   "4833214200453019325": {
      "message": "$1​ з $2​"
   },
   "4846720038197420778": {
      "message": "Підключити інші програми"
   },
   "4853788427396558692": {
      "message": "$1​ Мб"
   },
   "4858389278403807208": {
      "message": "Нотатка в кошику"
   },
   "4888104357342241891": {
      "message": "Нагадування"
   },
   "4889853674709731963": {
      "message": "Усі нотатки збережено в режимі офлайн"
   },
   "4901386320110714275": {
      "message": "Неправильний пароль. Повторіть спробу."
   },
   "490372259452655427": {
      "message": "На жаль, документ ще недоступний для перегляду."
   },
   "4906669330059413958": {
      "message": "Надіслати пароль"
   },
   "4908614808966678155": {
      "message": "Немає результатів пошуку для запиту \"$1​\""
   },
   "4926020998477695737": {
      "message": "Перейти до папки \"$1​\""
   },
   "4943176738805484221": {
      "message": "редагувати"
   },
   "4956678140555659175": {
      "message": "Backspace"
   },
   "4957674814179289955": {
      "message": "Перейти до наступного чи попереднього елемента списку"
   },
   "4963784280521435720": {
      "message": "Зберігання…"
   },
   "4969219890884320840": {
      "message": "Оновити"
   },
   "4983125135476400111": {
      "message": "Перемістити нотатку або список у кошик"
   },
   "4988132901627446385": {
      "message": "Панель із деталями розгорнуто."
   },
   "4998757387516632837": {
      "message": "Показані результати можна використовувати повторно та змінювати."
   },
   "5006225450559627366": {
      "message": "+ ще $1​"
   },
   "501475221876543407": {
      "message": "Тут з’являються додані вами нотатки"
   },
   "5023525794410110078": {
      "message": "Додавання тексту до фотографій"
   },
   "5026241297254150381": {
      "message": "Додайте нотатку"
   },
   "5046371569383796818": {
      "message": "Зберегти"
   },
   "5055418092354683641": {
      "message": "Serif"
   },
   "5095987896933771566": {
      "message": "Друкувати документ"
   },
   "5096751700090310607": {
      "message": "Немає фотографій."
   },
   "509815948423424872": {
      "message": "Навігація"
   },
   "5099245668405591445": {
      "message": "Пошук"
   },
   "512429649443191386": {
      "message": "$2​Довідка$1​"
   },
   "5124522868502261563": {
      "message": "Електронні таблиці"
   },
   "5130903421326358933": {
      "message": "Не вдалося зберегти вкладений файл на Google Диску."
   },
   "5149937870346466591": {
      "message": "Список"
   },
   "5169187962228219813": {
      "message": "Зображення з журналу \"Life\""
   },
   "5180454621500142444": {
      "message": "Відновити"
   },
   "5180989337128758117": {
      "message": "ліва дужка"
   },
   "5184692850089055965": {
      "message": "Скопіювати текст зображення"
   },
   "5197718200713913936": {
      "message": "C++"
   },
   "5201670213497642487": {
      "message": "Вкладки на панелі деталей. Щоб переходити між вкладками, натискайте клавіші зі стрілками ліворуч і праворуч."
   },
   "5204391636475413312": {
      "message": "Зберегти"
   },
   "5213411023807957844": {
      "message": "Пошук у Google Keep"
   },
   "5213974294317036409": {
      "message": "{numPages,plural, =0{}=1{1 сторінка}one{# сторінка}few{# сторінки}many{# сторінок}other{# сторінки}}"
   },
   "5226470917948786938": {
      "message": "Алфавітний список"
   },
   "5238003680997310998": {
      "message": "Більше"
   },
   "5238371081785912565": {
      "message": "Відкрити за допомогою $1​"
   },
   "5275493935807628890": {
      "message": "Не вдається знайти зображення за вказаною URL-адресою."
   },
   "5281121179861637423": {
      "message": "Щоб відкрити \"$1​\", потрібен пароль. Введіть пароль"
   },
   "5288037028604092288": {
      "message": "XPS"
   },
   "5291153964865714504": {
      "message": "Немає збігів"
   },
   "5299648222246616124": {
      "message": "зворотний апостроф"
   },
   "5304869088141363028": {
      "message": "Фотографії від партнерів"
   },
   "5316658541831864803": {
      "message": "На жаль, перегляд документа цього типу не підтримується."
   },
   "5319313176242717957": {
      "message": "Обробка зображень…"
   },
   "5336801339221383042": {
      "message": "JavaScript"
   },
   "534228323125524312": {
      "message": "Зменшити масштаб"
   },
   "5353129315502554762": {
      "message": "Таблиці стилів CSS"
   },
   "5372143986724491245": {
      "message": "$1​ день тому"
   },
   "5372160981898991853": {
      "message": "Publisher"
   },
   "5399553230649155346": {
      "message": "за $1​ годину"
   },
   "5403830377590414208": {
      "message": "Білі"
   },
   "5408091115193390231": {
      "message": "AutoCAD"
   },
   "5438481737351808090": {
      "message": "Удень ($1​)"
   },
   "544377415081282702": {
      "message": "Вибачте."
   },
   "5447119197363232006": {
      "message": "Показати на Диску"
   },
   "5465323999933375616": {
      "message": "Ви перевищили пропускну спроможність для перегляду та завантаження файлів, що не мають формат Google Документи."
   },
   "5472312735475866917": {
      "message": "Коментує $1​."
   },
   "547865385964196102": {
      "message": "$1​ хв тому"
   },
   "5482872484546230111": {
      "message": "Пошук книг"
   },
   "5494181290179470995": {
      "message": "Видалити"
   },
   "5500117709595533163": {
      "message": "Введіть запит у полі вище, щоб шукати електронні книги за допомогою пошуку в Книгах Google."
   },
   "5514516347328112388": {
      "message": "Можна також спробувати завантажити оригінальний документ. Для цього натисніть $2​тут$1​."
   },
   "5529532831767466284": {
      "message": "{VIEWER_GENDER,select, female{{DEGREES}° {MINUTES}' {SECONDS}\"}male{{DEGREES}° {MINUTES}' {SECONDS}\"}other{{DEGREES}° {MINUTES}' {SECONDS}\"}}"
   },
   "5555182241047709329": {
      "message": "Виберіть місце"
   },
   "5555599189512365009": {
      "message": "ЗРОЗУМІЛО"
   },
   "5571842632470308750": {
      "message": "Будь-які"
   },
   "5588597116382648727": {
      "message": "Початок розпакування."
   },
   "5598649706113950710": {
      "message": "Редагування"
   },
   "5609727719971819773": {
      "message": "{VIEWER_GENDER,select, female{Назад}male{Назад}other{Назад}}"
   },
   "5627470193961862490": {
      "message": "Тут з’являються нотатки з майбутніми нагадуваннями"
   },
   "5631086126416409232": {
      "message": "Синій"
   },
   "564165666160590723": {
      "message": "Windows Media Player"
   },
   "5660422479531064559": {
      "message": "Немає форм."
   },
   "5675154446465700699": {
      "message": "Файли PDF"
   },
   "568072913338360182": {
      "message": "HTML"
   },
   "5707549724380589079": {
      "message": "Видалити вибрані елементи?"
   },
   "5714240424645614611": {
      "message": "Android Package"
   },
   "5728640851616538925": {
      "message": "Зелений"
   },
   "5744491383087191878": {
      "message": "Введена вище URL-адреса зображення неправильна або її неможливо відкрити."
   },
   "5747728324987383020": {
      "message": "Обличчя"
   },
   "5783875011049188612": {
      "message": "Текст зображення скопійовано"
   },
   "5785010887521443923": {
      "message": "Вилучити"
   },
   "5834678297024555032": {
      "message": "Дозволити"
   },
   "5840330517914556080": {
      "message": "Зменшити масштаб"
   },
   "5842536098490298653": {
      "message": "Шрифти не знайдено."
   },
   "5865680764501413616": {
      "message": "Не вдається розпізнати текст."
   },
   "5871966496153339793": {
      "message": "Відображається ескіз відео \"$1​\""
   },
   "5875004331736681428": {
      "message": "Розпакування в поштовий обліковий запис."
   },
   "587666071025645113": {
      "message": "Пошук"
   },
   "5877526626743756786": {
      "message": "Відгук"
   },
   "5889725440363483648": {
      "message": "Усі в цій групі"
   },
   "5911012384539794869": {
      "message": "Не вдалося розпакувати."
   },
   "5916010927050975496": {
      "message": "$1​ Кб"
   },
   "5949528478488617689": {
      "message": "Дозвіл на завантаження"
   },
   "5950887255133612666": {
      "message": "Не розпочато."
   },
   "5969696744752069015": {
      "message": "Попередній перегляд недоступний."
   },
   "5971400924847413790": {
      "message": "Також можна переглянути $2​сторінку HTML$1​ (автоматична переадресація)."
   },
   "5972111804366033138": {
      "message": "Завантажити"
   },
   "5975031149676029214": {
      "message": "Усі"
   },
   "5976369213680241300": {
      "message": "Пошук зображень"
   },
   "5980081664136280513": {
      "message": "Зелені"
   },
   "5984398071085567332": {
      "message": "Google Fusion Tables"
   },
   "6009962986062136164": {
      "message": "Завантаження \"$1​\"."
   },
   "60305871484579258": {
      "message": "Alt"
   },
   "6043068172993241858": {
      "message": "У цьому колі нікого немає."
   },
   "604883455412617728": {
      "message": "Немає контактів, які відповідають пошуковому запиту."
   },
   "6051386830221821025": {
      "message": "Вхід…"
   },
   "6064654062949366878": {
      "message": "Відтворити"
   },
   "6070475007374165567": {
      "message": "Зберігання…"
   },
   "6083586461434260179": {
      "message": "Нові способи перегляду"
   },
   "6087078248621415351": {
      "message": "Змінено $1​"
   },
   "6091926883608250483": {
      "message": "Більше"
   },
   "6105571474005679446": {
      "message": "Не вдалося попередньо переглянути."
   },
   "6113237889871930608": {
      "message": "Порожня нотатка"
   },
   "6118623991445349480": {
      "message": "Сторінка $1​"
   },
   "6122643025527543706": {
      "message": "Ctrl"
   },
   "6131822680770571276": {
      "message": "PowerPoint"
   },
   "6140634664402328750": {
      "message": "Список додатків"
   },
   "6149175749937815029": {
      "message": "Переглянути все"
   },
   "6160805346274626656": {
      "message": "Видалити назавжди"
   },
   "616807262818311711": {
      "message": "Тип"
   },
   "6175043905327075444": {
      "message": "Вибрані раніше"
   },
   "6177107655089301674": {
      "message": "Завантажте додаток Google Keep для Android"
   },
   "6185886893933834031": {
      "message": "Зберегти вибрані"
   },
   "6186290899408627510": {
      "message": "Enter"
   },
   "6189891414154673003": {
      "message": "Мої карти"
   },
   "6203260615455347677": {
      "message": "Numbers"
   },
   "6223207695466118454": {
      "message": "YouTube"
   },
   "6224687211096863620": {
      "message": "Усі"
   },
   "623118860067088424": {
      "message": "Відео"
   },
   "6231401379881217113": {
      "message": "Insert"
   },
   "6252259197986158120": {
      "message": "Учора"
   },
   "6253076263700695984": {
      "message": "Помилка автентифікації. Оновіть сторінку."
   },
   "6255475144867830247": {
      "message": "Вибрати інші вкладки навігації."
   },
   "6267063643272327592": {
      "message": "Повторіть спробу пізніше."
   },
   "6290270819062517523": {
      "message": "Вибрано забагато елементів. Виберіть менше елементів."
   },
   "6305748545202493254": {
      "message": "Показати/сховати область деталей"
   },
   "6324768448533022780": {
      "message": "$1​ $2​"
   },
   "6331677437567501421": {
      "message": "Не вдалося оновити дозвіл на завантаження."
   },
   "6333496730738019575": {
      "message": "Завантаження…"
   },
   "634900089121611600": {
      "message": "Немає відео."
   },
   "6362170008350775214": {
      "message": "Нагадати в такому місці: $1​"
   },
   "6375395544374251820": {
      "message": "Не вдалося завантажити інші сторінки. Повторна спроба…"
   },
   "6376739025584042564": {
      "message": "Обрізання фотографій"
   },
   "6386587519843563719": {
      "message": "Двійковий файл"
   },
   "6416495701611778255": {
      "message": "Пропоновані додатки сторонніх розробників"
   },
   "6419411265907669340": {
      "message": "Сьогодні"
   },
   "6436479735235889890": {
      "message": "Нагадати о $2​ $1​"
   },
   "6450508807204492448": {
      "message": "Значок \"$1​\""
   },
   "6457802200418354862": {
      "message": "Користувачі з правами перегляду можуть завантажувати файл"
   },
   "6459405233858728718": {
      "message": "Google Презентації"
   },
   "6464761738227651511": {
      "message": "$1​ хвилину тому"
   },
   "6466736813846482957": {
      "message": "Назад"
   },
   "6479216014938929613": {
      "message": "Уночі ($1​)"
   },
   "6482358947077977110": {
      "message": "Зображення з пошуку Google"
   },
   "6487403767449360463": {
      "message": "Оновити Keep?"
   },
   "6488225756782357866": {
      "message": "Виділене вами зображення знайдено службою Пошук зображень Google на цій сторінці:"
   },
   "6510131849363684615": {
      "message": "Завтра"
   },
   "6516256764288947999": {
      "message": "Позначення людей на фото"
   },
   "6522917155620379865": {
      "message": "Завантажити"
   },
   "6524849072392100692": {
      "message": "Папка Google Диска"
   },
   "6551588617715293696": {
      "message": "Параметри сортування"
   },
   "6570921376519753466": {
      "message": "Екранні"
   },
   "6571686604846453345": {
      "message": "Не вдалося додати цей файл на Диск."
   },
   "6582286158693833652": {
      "message": "Докладніше"
   },
   "6588176324871799870": {
      "message": "Google Apps Script"
   },
   "6602430002978098812": {
      "message": "Рукописні"
   },
   "6614046405230762587": {
      "message": "Контакти не знайдено."
   },
   "6622304228074863427": {
      "message": "Програма"
   },
   "6624754161346656119": {
      "message": "Аватар \"$1​\"."
   },
   "6644861766016503644": {
      "message": "Потрібен пароль"
   },
   "6650600936729710500": {
      "message": "Відповіді."
   },
   "666311703374681171": {
      "message": "Зображення та відео"
   },
   "6666820082708870349": {
      "message": "Вилучити"
   },
   "6707173584987026005": {
      "message": "Сьогодні"
   },
   "6709984792949009238": {
      "message": "Останні відкриті мною"
   },
   "6726462693927865256": {
      "message": "Деталі"
   },
   "6726879257388338969": {
      "message": "Друк"
   },
   "6726925393892510846": {
      "message": "Сталася помилка. Повторіть спробу."
   },
   "6741759391888465238": {
      "message": "Зберігання на Диску – перемістити в:"
   },
   "6744457949320515234": {
      "message": "Порожню нотатку відхилено"
   },
   "6757218172402086688": {
      "message": "Пошук нотаток…"
   },
   "6780628488957834429": {
      "message": "Оранжевий"
   },
   "6784073265197389491": {
      "message": "Докладніше"
   },
   "681598652078493281": {
      "message": "Докладніше"
   },
   "6818286476757207074": {
      "message": "Вибирайте лише ті зображення, для яких ви підтвердили наявність ліцензії на використання."
   },
   "682070933835616121": {
      "message": "Немає Fusion Tables."
   },
   "6822338149422461362": {
      "message": "Диск Google"
   },
   "6827821461670731013": {
      "message": "Показати прапорці"
   },
   "6828581947433060251": {
      "message": "Не вдалося перейменувати файл."
   },
   "6833760103261954639": {
      "message": "Не вдалося завантажити цю сторінку. Повторна спроба…"
   },
   "6841020391100928352": {
      "message": "Розмір файлів завеликий."
   },
   "6851307437837490686": {
      "message": "Заборонити користувачам із правами перегляду завантажувати файл"
   },
   "6856672816797218730": {
      "message": "Вкласти"
   },
   "6891563484025164308": {
      "message": "Назад"
   },
   "6893687445500687349": {
      "message": "Сайти"
   },
   "6898823203505321799": {
      "message": "Деталі"
   },
   "6904351530369058983": {
      "message": "Власник"
   },
   "6905021988981026920": {
      "message": "Пошук відео"
   },
   "6922953828399110511": {
      "message": "Закрити засіб перегляду"
   },
   "6929958461954697067": {
      "message": "Фотографії зі мною"
   },
   "6939782595426687411": {
      "message": "Додавання…"
   },
   "6940998537415516791": {
      "message": "о"
   },
   "695253297035211081": {
      "message": "Очистити кошик"
   },
   "6967244066810487978": {
      "message": "КОШИК"
   },
   "6970167488058122005": {
      "message": "автор невідомий"
   },
   "6976414863987386971": {
      "message": "Форми"
   },
   "7001938470263404128": {
      "message": "Завантажити"
   },
   "7002768663714031226": {
      "message": "Оновити"
   },
   "7004919150329996187": {
      "message": "У цьому колі не знайдено людей за запитом."
   },
   "7054631817922169541": {
      "message": "У Google Keep є незбережені зміни. Закрити цю сторінку та відхилити зміни?"
   },
   "7059437903473652416": {
      "message": "Відтворити відео \"$1​\" з YouTube"
   },
   "7080196430479494775": {
      "message": "Повторити"
   },
   "7084324152376766809": {
      "message": "$1​ дн. тому"
   },
   "7084991134824194740": {
      "message": "Нагадати"
   },
   "7092062731478679314": {
      "message": "Кола не знайдено."
   },
   "7117183622067702162": {
      "message": "Завдяки Диску Google більше не потрібно пересилати файли електронною поштою. Просто надішліть посилання на файл, збережений на Диску Google, і всі автоматично отримають доступ до того самого файлу в однаковій версії."
   },
   "713754035716193665": {
      "message": "Новий список"
   },
   "7146242673022399081": {
      "message": "Текст"
   },
   "7148992630785407972": {
      "message": "Цей файл захищено паролем, тому попередній перегляд недоступний."
   },
   "7151987668860086450": {
      "message": "Веб-пошук"
   },
   "7153847618034547771": {
      "message": "Увімкнути"
   },
   "7161134329606048317": {
      "message": "Закрити"
   },
   "7164532930742017984": {
      "message": "Усі, хто має посилання"
   },
   "7174189954350964804": {
      "message": "Повторити"
   },
   "7177591028189992523": {
      "message": "Перемістити"
   },
   "7188754206068648188": {
      "message": "Дані, розділені комами"
   },
   "7225837680381806920": {
      "message": "Увечері ($1​)"
   },
   "722702934847795304": {
      "message": "Project"
   },
   "7236199858216720905": {
      "message": "Карти"
   },
   "7247530225058410142": {
      "message": "$2​ $1​"
   },
   "7259352906118493156": {
      "message": "Немає сайтів."
   },
   "7282548567245878869": {
      "message": "Елемент видалено"
   },
   "7295712436136900176": {
      "message": "Оновити"
   },
   "7310311230493556740": {
      "message": "URL-адреса"
   },
   "7339696241980105410": {
      "message": "Вибране відео більше не існує. Можливо, його видалив власник."
   },
   "7342923890755029722": {
      "message": "Закрити"
   },
   "734478884582426793": {
      "message": "Стиснутий архів"
   },
   "7357017164339332230": {
      "message": "Можна також переглянути ці зображення й поділитись ними у $2​Веб-альбомах Picasa$1​, безкоштовній службі Google для розміщення фотографій."
   },
   "736105042796745909": {
      "message": "{VIEWER_GENDER,select, female{Створити папку}male{Створити папку}other{Створити папку}}"
   },
   "7362061801920948830": {
      "message": "Завантажити ще"
   },
   "7364571366369083618": {
      "message": "Відео"
   },
   "7377239345926788722": {
      "message": "Дії"
   },
   "7380785991026002613": {
      "message": "Показані результати можна використовувати повторно."
   },
   "7382688299146249119": {
      "message": "Завантажити елемент"
   },
   "7383706174467122149": {
      "message": "Нотатку видалено"
   },
   "7388342865555961406": {
      "message": "за $1​ день"
   },
   "7393771571081973549": {
      "message": "C"
   },
   "740507516967994591": {
      "message": "Відкрити"
   },
   "7422452809590461532": {
      "message": "Червоний"
   },
   "7426603384368095928": {
      "message": "Оновіть сторінку, щоб знову ввійти та продовжити роботу."
   },
   "7429084719905985261": {
      "message": "Objective C"
   },
   "7432956605646331928": {
      "message": "SQL"
   },
   "7440735091552109962": {
      "message": "$2​ (відредаговано $1​)"
   },
   "7441891675459021164": {
      "message": "Зберігання на Диск"
   },
   "7451573821837395189": {
      "message": "Документ додано на $2​ваш Диск$1​."
   },
   "7468322419516352788": {
      "message": "Не вдалося оновити опис."
   },
   "7488945223835574498": {
      "message": "PostScript"
   },
   "7492710087472140422": {
      "message": "Докладніше"
   },
   "7493919863870655172": {
      "message": "Веб-камера"
   },
   "7500786109708143683": {
      "message": "Аудіозапис видалено"
   },
   "7501027876827009022": {
      "message": "Показані результати можна використовувати повторно з комерційною метою."
   },
   "7521272923988336579": {
      "message": "Оновіть Keep, щоб отримувати найновішу інформацію."
   },
   "7532552995569296274": {
      "message": "Видалити результат пошуку"
   },
   "7546994163355383999": {
      "message": "Усі нотатки збережено"
   },
   "7559208209275370228": {
      "message": "Останні редаговані мною"
   },
   "7565383798249439151": {
      "message": "за $1​ дн."
   },
   "7565870443143407759": {
      "message": "Пошук у документі"
   },
   "7586291841734385643": {
      "message": "Відкрити в новій вкладці"
   },
   "7598582624136632660": {
      "message": "Відкрити панель пошуку/знайти наступне"
   },
   "7602870977118971161": {
      "message": "Оновити"
   },
   "7610654194202731772": {
      "message": "Видалити"
   },
   "761925792744044896": {
      "message": "Зробити фотографією профілю"
   },
   "7630723924002267143": {
      "message": "Комбінації клавіш увімкнено."
   },
   "7640546114686970497": {
      "message": "Не можна додати більше пунктів"
   },
   "7669846901402551021": {
      "message": "Сьогодні"
   },
   "7691521283331762131": {
      "message": "Тут з’являються ваші заархівовані нотатки"
   },
   "772000107335590599": {
      "message": "за $1​ хв"
   },
   "7734578122414851725": {
      "message": "PHP"
   },
   "7745005220197261896": {
      "message": "Пошук книг"
   },
   "7759846028901235026": {
      "message": "Нотатку розархівовано"
   },
   "776065748745885880": {
      "message": "пробіл"
   },
   "7770982082843341533": {
      "message": "У цій папці нічого немає."
   },
   "779472474101127362": {
      "message": "Зробити знімок"
   },
   "7800318069267901681": {
      "message": "Змінено"
   },
   "7805487598105530487": {
      "message": "Усередині листа"
   },
   "7814778057875152792": {
      "message": "Не вдалося перемістити вкладений файл у вибрану папку на Google Диску."
   },
   "7820417126206702946": {
      "message": "Показані результати можна використовувати як з особистою, так і з комерційною метою лише на Диску Google. Забороняється самовільно їх розповсюджувати чи продавати."
   },
   "7822364282298323175": {
      "message": "Список видалено"
   },
   "7830513726270865588": {
      "message": "Календар"
   },
   "7845751753397906805": {
      "message": "Знайдено конфліктні зміни"
   },
   "7852396628465259068": {
      "message": "Фотографія профілю"
   },
   "7859526172011446452": {
      "message": "Зупинити трансляцію"
   },
   "78870906674150830": {
      "message": "$3​$1​$2​"
   },
   "7895643887742936844": {
      "message": "крапка з комою"
   },
   "7899833760457194273": {
      "message": "Пошук зображень"
   },
   "7899913952063063825": {
      "message": "Зображення видалено"
   },
   "7906726367011430855": {
      "message": "Підключити"
   },
   "7910518224461588465": {
      "message": "Жовті"
   },
   "7953603850004320936": {
      "message": "Попередній перегляд не доступний."
   },
   "7957306528733096600": {
      "message": "Процес завершився"
   },
   "7960528690514646841": {
      "message": "{moreCount,plural, =0{unused plural form}=1{і ще 1}one{і ще {moreCount}}few{і ще {moreCount}}many{і ще {moreCount}}other{і ще {moreCount}}}"
   },
   "7973635145070803181": {
      "message": "Додавання фотографій"
   },
   "7987180255015869513": {
      "message": "Або вставте веб-адресу тут:"
   },
   "8011497727123874703": {
      "message": "Кнопка папки \"$1​\""
   },
   "8016231262233952856": {
      "message": "Бірюзові"
   },
   "8019402848412685977": {
      "message": "\"$2​\" перейменовано на \"$1​\"."
   },
   "8023466614826324314": {
      "message": "Фотографії бачитиме широка аудиторія."
   },
   "8043514121228710092": {
      "message": "Додати зображення"
   },
   "8044700199531805239": {
      "message": "Програму $3​$1​$2​ підключено."
   },
   "8069384932934428393": {
      "message": "за $1​ хвилину"
   },
   "8081927474846706026": {
      "message": "Немає малюнків."
   },
   "8090743714060857028": {
      "message": "Користувачі з правами перегляду не можуть завантажувати файл"
   },
   "8095838445486198080": {
      "message": "{FILE_SIZE,plural, =0{0 байтів}=1{1 байт}one{# байт}few{# байти}many{# байтів}other{# bytes}}"
   },
   "8099047958506869131": {
      "message": "{VIEWER_GENDER,select, female{Нова папка}male{Нова папка}other{Нова папка}}"
   },
   "8100558294600077150": {
      "message": "Пошук блогів"
   },
   "8105635255693472607": {
      "message": "Додати нові елементи списку"
   },
   "8106780183458743723": {
      "message": "Фотоальбоми"
   },
   "8112699352770418817": {
      "message": "Книги не знайдено."
   },
   "8132410616064087953": {
      "message": "Відео задовге (максимальна тривалість – $1​ с)."
   },
   "8135145577663029437": {
      "message": "Зберегти обидві"
   },
   "8146560259680897627": {
      "message": "Скасувати"
   },
   "8158191101452862916": {
      "message": "Вставити зображення"
   },
   "8159493406018222636": {
      "message": "Надіслати відгук"
   },
   "8172945196588870035": {
      "message": "Події"
   },
   "8174654098152723289": {
      "message": "Редагувати опис"
   },
   "8178754379486173416": {
      "message": "{VIEWER_GENDER,select, female{Вибрано замало елементів. Виберіть більше.}male{Вибрано замало елементів. Виберіть більше.}other{Вибрано замало елементів. Виберіть більше.}}"
   },
   "8192378456655629049": {
      "message": "Обробка відео…"
   },
   "8193991135666622583": {
      "message": "Keep"
   },
   "821942580510564685": {
      "message": "Щоб переглянути цей документ, введіть пароль"
   },
   "8239237134193392595": {
      "message": "Нагадування про місця відображаються лише на мобільних пристроях."
   },
   "8267458240960831780": {
      "message": "Автентифікація…"
   },
   "8281141013543828574": {
      "message": "Зображення форматів RAW"
   },
   "8281678863271800533": {
      "message": "Фільтр зображень"
   },
   "8283103456188558313": {
      "message": "Презентації"
   },
   "8290434443655418968": {
      "message": "{filesCount,plural, =0{unused plural form}=1{Вибраний файл ({file}) не можна завантажити.}one{Вибрані файли ({files}) не можна завантажити.}few{Вибрані файли ({files}) не можна завантажити.}many{Вибрані файли ({files}) не можна завантажити.}other{Selected files [{files}] are not supported for upload.}}"
   },
   "8304474373444239435": {
      "message": "Відповідає $1​."
   },
   "8322416564157128458": {
      "message": "Спільний доступ"
   },
   "8324195080917648153": {
      "message": "Це вікно веб-переглядача замале для відтворення відео. Збільште вікно."
   },
   "8337582740675387693": {
      "message": "Java"
   },
   "8342684858400436871": {
      "message": "Tab"
   },
   "8379952094517631162": {
      "message": "Ні"
   },
   "8409393124758970712": {
      "message": "$2​ x $1​"
   },
   "8412684147928483084": {
      "message": "Чорні"
   },
   "8435544675017330861": {
      "message": "Немає елементів, які відповідають пошуковому запиту."
   },
   "8436817383042650304": {
      "message": "Caps Lock"
   },
   "8451184312655705174": {
      "message": "Якщо введено правильну URL-адресу, тут ви зможете переглянути зображення. Великі зображення можуть завантажуватися декілька хвилин."
   },
   "8467894483369467251": {
      "message": "Flash"
   },
   "8506198918368329269": {
      "message": "Показані результати можна використовувати повторно та змінювати з комерційною метою."
   },
   "8571315158566081191": {
      "message": "Немає електронних таблиць."
   },
   "8580600056399054303": {
      "message": "Укажіть, куди додавати нові або переміщати позначені пункти"
   },
   "8595175575778060149": {
      "message": "Більше"
   },
   "8596257056433048992": {
      "message": "Вас вітає"
   },
   "8616342546716995946": {
      "message": "Зрозуміло"
   },
   "8621067185485606452": {
      "message": "ECMAScript"
   },
   "8638281560898810401": {
      "message": "{MINUTES,plural, =0{0 хвилин }=1{1 хвилина }one{# хвилина }few{# хвилини }many{# хвилин }other{# minutes }}{SECONDS,plural, =0{0 секунд.}=1{1 секунда.}one{# секунда.}few{# секунди.}many{# секунд.}other{# seconds.}}"
   },
   "863955692838281739": {
      "message": "Закрити"
   },
   "8643398764569428530": {
      "message": "Дозволити Google Keep показувати сповіщення?"
   },
   "8652566647088230560": {
      "message": "Конфіденційна інформація, версія для внутрішнього тестування"
   },
   "8660016472468563221": {
      "message": "двокрапка"
   },
   "8663507590720636709": {
      "message": "$1​ і ще $2​"
   },
   "8666643061920113075": {
      "message": "{VIEWER_GENDER,select, female{Вставте URL-адресу зображення тут:}male{Вставте URL-адресу зображення тут:}other{Вставте URL-адресу зображення тут:}}"
   },
   "8674222789100049233": {
      "message": "Закрити"
   },
   "86815590954366945": {
      "message": "Список вмісту в архіві"
   },
   "8709611758728645225": {
      "message": "Page Down"
   },
   "8711002053494037632": {
      "message": "Усі прапорці знято"
   },
   "8748281640412284111": {
      "message": "Зображення з фотобанку"
   },
   "8759520888087120926": {
      "message": "Немає сценаріїв."
   },
   "8775097441636640256": {
      "message": "$2​ – $1​"
   },
   "8780212274435014958": {
      "message": "Кола"
   },
   "8781837301864053001": {
      "message": "Форматований текст (RTF)"
   },
   "8792038552136453044": {
      "message": "На жаль, сталася помилка"
   },
   "8793166064242077041": {
      "message": "Не вдалося показати це зображення."
   },
   "8813101408630252335": {
      "message": "$1​ с"
   },
   "8820281478062782578": {
      "message": "Пошук"
   },
   "8822326207328431952": {
      "message": "Завантаження зображень не доступне"
   },
   "8840223453482998505": {
      "message": "Вибрано папку \"$1​\""
   },
   "8845176264121061589": {
      "message": "Зняти всі прапорці"
   },
   "8850238112725591771": {
      "message": "комбінація клавіш $1​"
   },
   "8852550049823214385": {
      "message": "потім"
   },
   "8883744193208363722": {
      "message": "Доступне оновлення додатка."
   },
   "8884900765322249670": {
      "message": "Список"
   },
   "8889019648958415451": {
      "message": "Невідомий файл"
   },
   "8911996820409711834": {
      "message": "Перенести текст у новий пункт списку &raquo;"
   },
   "8916237870980173557": {
      "message": "Під’єднання…"
   },
   "8917554093651202032": {
      "message": "Відтворити відео \"$1​\""
   },
   "8919660666733306860": {
      "message": "Зображення"
   },
   "8930959387403789939": {
      "message": "Нагадування"
   },
   "8943760679396635042": {
      "message": "Показується \"$1​\"."
   },
   "8953555255469284376": {
      "message": "Перетягніть зображення сюди"
   },
   "8979615310931291676": {
      "message": "Змінено $1​"
   },
   "8986044948621891903": {
      "message": "Введіть запит у полі вище, щоб шукати результати в Інтернеті за допомогою Пошуку Google."
   },
   "901615442107785480": {
      "message": "Архівувати нотатку чи список"
   },
   "9024023699330078373": {
      "message": "Відкривши цей продукт, ви додасте його на Диск"
   },
   "9028041601596584772": {
      "message": "Місце"
   },
   "9058308423774656474": {
      "message": "Текстовий редактор Хангиль"
   },
   "9083935734710258396": {
      "message": "Заборонити"
   },
   "9094248058931620597": {
      "message": "Панель із деталями згорнуто."
   },
   "9114674068220302553": {
      "message": "Як вкладений файл"
   },
   "911586799466052745": {
      "message": "OpenOffice Draw"
   },
   "9130962320402467249": {
      "message": "Фотографії з фотобанку"
   },
   "9146716987301178362": {
      "message": "Сталася помилка. Оновіть сторінку."
   },
   "9165877886714239857": {
      "message": "Не вдається скопіювати текст зображення. Повторіть спробу пізніше."
   },
   "916773043895242978": {
      "message": "Введена вище URL-адреса зображення неправильна або її неможливо відкрити. Введіть правильну URL-адресу зображення."
   },
   "9173629944963872598": {
      "message": "Події не знайдено."
   },
   "9182500445937900938": {
      "message": "Закрити"
   },
   "9195941533351099011": {
      "message": "Завантаження $1​ з $2​"
   },
   "9197837492705576727": {
      "message": "Перейти до наступного елемента"
   },
   "919969969251998566": {
      "message": "Розпакувати цей архів у поштовий обліковий запис."
   },
   "9203542510134660095": {
      "message": "Розпакування почалося. Вміст архіву з’явиться на Диску в папці \"$1​\"."
   },
   "940276535015195877": {
      "message": "Немає папок."
   },
   "943493480163896757": {
      "message": "{resultCount,plural, =1{# збіг}one{# збіг}few{# збіги}many{# збігів}other{# matching notes}}"
   },
   "951963820437151566": {
      "message": "Google Sites"
   },
   "95809842507987016": {
      "message": "Видалити"
   },
   "963611681085757795": {
      "message": "На жаль, цей документ зараз не доступний для перегляду."
   },
   "96556988207614774": {
      "message": "Календарі"
   },
   "974042541427403929": {
      "message": "Сині"
   },
   "980395722421409371": {
      "message": "Карти не знайдено."
   },
   "982187142411651629": {
      "message": "Закрити"
   },
   "985197728509875956": {
      "message": "Хімічні формули (Chemical Model)"
   },
   "996381410993745580": {
      "message": "Photoshop"
   },
   "998727788921602971": {
      "message": "Відео"
   },
   "appDesc": {
      "description": "App description",
      "message": "Швидко занотовуйте свої думки й отримуйте нагадування в потрібному місці або в потрібний час."
   },
   "appName": {
      "description": "App name.",
      "message": "Google Keep – нотатки та списки"
   }
}
