{
   "1006787209796778126": {
      "message": "我的云端硬盘"
   },
   "1017907757187630742": {
      "message": "我的字体"
   },
   "1029072043275376320": {
      "message": "未找到任何日历。"
   },
   "1030781695901615026": {
      "message": "底部"
   },
   "103870949919613488": {
      "message": "记事已归档"
   },
   "1039394921418415681": {
      "message": "登录"
   },
   "1083918249169198626": {
      "message": "键盘快捷键已停用。"
   },
   "1090919586152138659": {
      "message": "图库"
   },
   "1101371910696766077": {
      "message": "复制"
   },
   "1107413433574576014": {
      "message": "标题过长，突出显示的文本将无法保存。"
   },
   "1127320433256851404": {
      "message": "视频播放器"
   },
   "1162642135048988280": {
      "message": "重命名文档"
   },
   "1166244120191806795": {
      "message": "提供反馈"
   },
   "1179891706526242218": {
      "message": "下一个"
   },
   "1185164838496022543": {
      "message": "请点击此处重新加载页面。"
   },
   "1185644932132585290": {
      "message": "还可输入$1​个字符"
   },
   "1213005208968286932": {
      "message": "已标为已解决"
   },
   "1263557413037343589": {
      "message": "整理照片"
   },
   "1263685395252160366": {
      "message": "LaTeX"
   },
   "1311350045083871503": {
      "message": "取消"
   },
   "1311729747516144362": {
      "message": "红色"
   },
   "1315844696796851207": {
      "message": "Sans Serif"
   },
   "1319037146426591038": {
      "message": "或者"
   },
   "132822872080714863": {
      "message": "确定"
   },
   "133192954417440569": {
      "message": "未找到任何结果。"
   },
   "1349697396109290623": {
      "message": "显示更高分辨率版本的$1​"
   },
   "1376126796144976437": {
      "message": "所有字体"
   },
   "139942704574044780": {
      "message": "接受"
   },
   "141491180325662484": {
      "message": "Google 云端硬盘可集中保存您所有的文件，方便您随时随地通过任意设备使用。您将照片保存到 Google 云端硬盘后，可以在这里与自己的圈子便捷分享。"
   },
   "1418114637490664392": {
      "message": "LIFE 照片档案库"
   },
   "1419896259743862406": {
      "message": "打开方式"
   },
   "1440171352837969028": {
      "message": "视频/音频"
   },
   "1441487391064925653": {
      "message": "转到帮助中心查看所有快捷键"
   },
   "1446829548948002072": {
      "message": "逗号"
   },
   "1454684154234137497": {
      "message": "Pause 键"
   },
   "1459765068821943106": {
      "message": "{VIEWER_GENDER,select, female{在此处粘贴 YouTube 网址：}male{在此处粘贴 YouTube 网址：}other{在此处粘贴 YouTube 网址：}}"
   },
   "1463079206290378085": {
      "message": "Orkut 照片"
   },
   "1463389029497634261": {
      "message": "降低音量"
   },
   "1475179211173444554": {
      "message": "网域中知道链接的任何人"
   },
   "1492360016907725281": {
      "message": "{VIEWER_GENDER,select, female{在此处粘贴视频网址：}male{在此处粘贴视频网址：}other{在此处粘贴视频网址：}}"
   },
   "1493251742569121894": {
      "message": "记事过长，突出显示的文本将无法保存。"
   },
   "1493384967280942491": {
      "message": "粉红色"
   },
   "1499433769420882987": {
      "message": "当前显示的是$1​"
   },
   "1505876360160857231": {
      "message": "$1​TB"
   },
   "1521707405717823409": {
      "message": "紫色"
   },
   "153439508598626384": {
      "message": "您的照片"
   },
   "1536051766421561160": {
      "message": "等号"
   },
   "156992719062713230": {
      "message": "灰色"
   },
   "1586968957182554447": {
      "message": "停用"
   },
   "1588268697057804046": {
      "message": "$1​小时前"
   },
   "1603139897109307706": {
      "message": "出现错误，请重试"
   },
   "1604359562654146902": {
      "message": "照片"
   },
   "1633370388224271051": {
      "message": "未找到任何人。"
   },
   "1633798963327779260": {
      "message": "明天"
   },
   "1654222450095043962": {
      "message": "音频"
   },
   "1656911987308166143": {
      "message": "删除"
   },
   "1665821947855814052": {
      "message": "大小"
   },
   "1692901784886701962": {
      "message": "记事过长。"
   },
   "1697160643589236962": {
      "message": "$1​PB"
   },
   "1700522311470719738": {
      "message": "提醒我"
   },
   "1701312243672511585": {
      "message": "将多出的文本移至新的记事 &raquo;"
   },
   "1709410429018687341": {
      "message": "上午（$1​）"
   },
   "1715552550526864429": {
      "message": "搜索博客"
   },
   "171683163267149669": {
      "message": "$1​GB"
   },
   "1739900012825270238": {
      "message": "转到上一项"
   },
   "1756171223417807431": {
      "message": "请确保图片是公开的。如果您的图片受密码保护或位于内部网络中，我们将无法读取。"
   },
   "1759957963056319953": {
      "message": "从“$1​”返回"
   },
   "1783719421893050637": {
      "message": "尺寸"
   },
   "178927681797742562": {
      "message": "登录"
   },
   "1791115075948268631": {
      "message": "打开键盘快捷键帮助"
   },
   "1808245543551507519": {
      "message": "音频"
   },
   "1816851800848432562": {
      "message": "移除"
   },
   "1818306025747564729": {
      "message": "转至链接"
   },
   "1823222042913714987": {
      "message": "提交密码"
   },
   "1823854753950594157": {
      "message": "保持原位"
   },
   "1830157062072535681": {
      "message": "当前显示的是$1​"
   },
   "185012928288875755": {
      "message": "没有与您的条件匹配的内容。"
   },
   "1856444915090632305": {
      "message": "此文档已加密，请输入密码。"
   },
   "1866863108233180413": {
      "message": "文件夹"
   },
   "187077078156858455": {
      "message": "语音记事"
   },
   "189303170370862360": {
      "message": "第$1​项，共$2​项"
   },
   "1900571668686750716": {
      "message": "vCard"
   },
   "1901351411358749070": {
      "message": "与我共享"
   },
   "1913425963149828429": {
      "message": "将此压缩包解压到云端硬盘中。"
   },
   "1918176455405610789": {
      "message": "完成"
   },
   "1920189655549476211": {
      "message": "长度未知"
   },
   "1929603188252533075": {
      "message": "无法删除您的视频，请重试。"
   },
   "1951810091681076784": {
      "message": "{COUNT_1,plural, =1{1条相符的记事}other{{COUNT_2}条相符的记事}}"
   },
   "1956794332842050061": {
      "message": "下一页"
   },
   "1965626377712226216": {
      "message": "Keynote"
   },
   "1968405748623909021": {
      "message": "请尝试使用下面某个应用打开或编辑这项内容"
   },
   "1974063091619095703": {
      "message": "人脉"
   },
   "1988244842147989817": {
      "message": "回收站中的记事会在7天后删除。"
   },
   "1993674829873313178": {
      "message": "遇到了上传问题？系统正在维护中，很快就会恢复正常。"
   },
   "2003845117979929469": {
      "message": "详细信息"
   },
   "2048322072989992494": {
      "message": "还没有人与您共享任何文件！"
   },
   "2055836117545582610": {
      "message": "清单设置"
   },
   "2059084517358086391": {
      "message": "关闭查找栏"
   },
   "2061440050632248160": {
      "message": "归档"
   },
   "2068023589621557589": {
      "message": "TrueType 字体"
   },
   "2073035325657060696": {
      "message": "无法预览。"
   },
   "2073322475696388995": {
      "message": "快进"
   },
   "207810168108507460": {
      "message": "$1​小时前"
   },
   "2109272338124379867": {
      "message": "上次修改的时间"
   },
   "2116013171202209313": {
      "message": "选择"
   },
   "2122256657192674586": {
      "message": "搜索视频"
   },
   "2125135092719715773": {
      "message": "上传"
   },
   "212796670323571824": {
      "message": "确定"
   },
   "213665695896111861": {
      "message": "记事"
   },
   "2138593281154109183": {
      "message": "已归档"
   },
   "2147952938331523160": {
      "message": "重命名…"
   },
   "2154372123324862271": {
      "message": "斜杠"
   },
   "2154940358270068005": {
      "message": "删除的记事会保留一段时间"
   },
   "2184278444368405837": {
      "message": "$1​项"
   },
   "2187239650627580457": {
      "message": "提交"
   },
   "2198096971937872560": {
      "message": "提醒："
   },
   "220168959069469607": {
      "message": "更多操作"
   },
   "221715292685577880": {
      "message": "是"
   },
   "2220005860896049129": {
      "message": "抱歉，在原始来源查找此文档的时间过长。"
   },
   "2228413078211839077": {
      "message": "抱歉，我们暂时无法生成此文档的视图。"
   },
   "2235097878790803849": {
      "message": "告别烦人的附件，迎来 Google 云端硬盘时代。"
   },
   "2257303402199718039": {
      "message": "抱歉，我们在原始来源中未找到此文档。请验证此文档是否仍存在。"
   },
   "2274436793504233543": {
      "message": "取消"
   },
   "2278224983638451454": {
      "message": "立即下载"
   },
   "2280650195464600721": {
      "message": "导航"
   },
   "2285069188138705005": {
      "message": "关联的应用"
   },
   "2289534534793293486": {
      "message": "取消归档"
   },
   "2289812403593835836": {
      "message": "Pages"
   },
   "229177484946387188": {
      "message": "Google 地球"
   },
   "2292696732672795285": {
      "message": "提高音量"
   },
   "230180475614658119": {
      "message": "完成"
   },
   "2304293593067358316": {
      "message": "剪贴画"
   },
   "2310145944356900158": {
      "message": "打了勾的"
   },
   "2311880726221661199": {
      "message": "正在加载分辨率更高的图片"
   },
   "2329167963662998826": {
      "message": "Google Keep 请求使用您的位置信息，以便为地点提醒提供更完善的建议。"
   },
   "234046557601727809": {
      "message": "没有图片或视频。"
   },
   "2349912757088764940": {
      "message": "公开范围："
   },
   "2359614137862708172": {
      "message": "Shift 键"
   },
   "2370463380397641604": {
      "message": "常用键盘快捷键"
   },
   "2370656573843123707": {
      "message": "右中括号"
   },
   "2393487423640708285": {
      "message": "网址无效，请确保网址以 http:// 或 https:// 开头。"
   },
   "2405795704816921421": {
      "message": "$1​文件"
   },
   "2412314804333167252": {
      "message": "此电子表格过大。请点击$3​下载$1​，或$4​在 Google 表格中修改$1​。"
   },
   "2418104318933043113": {
      "message": "Google 图片搜索"
   },
   "2433429041384246549": {
      "message": "静音"
   },
   "2449254824382583885": {
      "message": "弹出"
   },
   "2452522051596946166": {
      "message": "糟糕！预览$1​时出现问题，正在重试。"
   },
   "2454642351139428112": {
      "message": "撤消"
   },
   "2466251465475184755": {
      "message": "要清空回收站吗？此操作会永久删除回收站中的所有记事。"
   },
   "2475181823688399272": {
      "message": "下一个"
   },
   "2484568559152875936": {
      "message": "没有相册。"
   },
   "2504232652631703202": {
      "message": "已关联"
   },
   "251025074207413762": {
      "message": "添加说明"
   },
   "2510929871271209216": {
      "message": "此电子表格过大。请点击$2​此处$1​下载。"
   },
   "2513437337377210144": {
      "message": "End 键"
   },
   "2524021436052870191": {
      "message": "无法上传此文件。只能上传小于$2​MB的$1​文件。"
   },
   "2532280782491328445": {
      "message": "上一条结果"
   },
   "2538080331309772448": {
      "message": "排序：$1​"
   },
   "2538462904124380434": {
      "message": "已将记事移到回收站"
   },
   "2546225293834487484": {
      "message": "记事"
   },
   "2558480112329900136": {
      "message": "灰色"
   },
   "257317112834806705": {
      "message": "在列表和网格视图之间切换"
   },
   "2579679351920691492": {
      "message": "快退"
   },
   "2587566920590457715": {
      "message": "Maps Engine 精简版"
   },
   "2609409316752026806": {
      "message": "PDF"
   },
   "2609750184896485102": {
      "message": "来自手机的视频"
   },
   "2615188670181508661": {
      "message": "您最近未选择任何文档！"
   },
   "2623861453769098676": {
      "message": "预览此文档时出现问题。"
   },
   "2628268670001557269": {
      "message": "配额"
   },
   "2643241712502664984": {
      "message": "您的 YouTube 视频"
   },
   "2661850177130037208": {
      "message": "打开当前项"
   },
   "2681830832355823748": {
      "message": "搜索所有快捷键"
   },
   "2687303256387847763": {
      "message": "热门程度"
   },
   "2702485557996900362": {
      "message": "解决版本冲突问题"
   },
   "2705842902318123127": {
      "message": "转至下一个/上一个记事或清单"
   },
   "272948685355798518": {
      "message": "所选文件类型无效。"
   },
   "2731144323070245943": {
      "message": "清单设置"
   },
   "2742719907061406418": {
      "message": "XML"
   },
   "2750830436677712001": {
      "message": "{VIEWER_GENDER,select, female{创建文件夹“{FOLDER_NAME}”失败。}male{创建文件夹“{FOLDER_NAME}”失败。}other{创建文件夹“{FOLDER_NAME}”失败。}}"
   },
   "2752123004911547510": {
      "message": "上升趋势"
   },
   "2758125083752925237": {
      "message": "（所有者）"
   },
   "277430914014962533": {
      "message": "糟糕！预览$1​时出现问题。"
   },
   "2774713922589657910": {
      "message": "网域中的任何人"
   },
   "2786560864906393383": {
      "message": "来自手机的照片"
   },
   "2789687492331041935": {
      "message": "选择时间"
   },
   "2790446494460492805": {
      "message": "解压任务已启动。相应邮件会出现在您邮件帐户的“导入：$1​”标签下。"
   },
   "2793841261389879255": {
      "message": "上一页"
   },
   "2801153442808430222": {
      "message": "我的云端硬盘"
   },
   "2817277146396981386": {
      "message": "下午"
   },
   "2818020101821669029": {
      "message": "创建日期"
   },
   "2818135503416309545": {
      "message": "录制视频"
   },
   "2827039933590757722": {
      "message": "Windows 快捷方式"
   },
   "2829226075651806940": {
      "message": "放大"
   },
   "2860188519781080944": {
      "message": "橙色"
   },
   "2861568351294148466": {
      "message": "脚本"
   },
   "2864281852037732729": {
      "message": "收起"
   },
   "2873089307546162154": {
      "message": "确定"
   },
   "2877285560485318801": {
      "message": "暂停"
   },
   "2878874627361086801": {
      "message": "预览"
   },
   "2879276552944958066": {
      "message": "返回$1​文件夹。"
   },
   "289798573180023043": {
      "message": "确定"
   },
   "2902747751281161248": {
      "message": "应用到新清单"
   },
   "2905147317995482841": {
      "message": "Google云端硬盘中的文件查看界面已焕然一新。新界面更美观、更易用，希望您会喜欢！"
   },
   "2917498437550635075": {
      "message": "图标"
   },
   "2964778642459027786": {
      "message": "回收站中没有任何记事"
   },
   "2974598228601710262": {
      "message": "添加"
   },
   "2979466412944870220": {
      "message": "正在加载预览…"
   },
   "2982511431742033448": {
      "message": "没有演示文稿。"
   },
   "298817883481775869": {
      "message": "正在加载…"
   },
   "3000689173481666334": {
      "message": "修改您的圈子"
   },
   "3029395493413607486": {
      "message": "无法加载视频播放器，请尝试重新加载页面。$1​如果问题仍然存在，请$3​转至帮助中心寻求解答$2​。"
   },
   "3043961722025425136": {
      "message": "说明"
   },
   "306516303501625305": {
      "message": "身份验证失败。"
   },
   "3073005748126521632": {
      "message": "已在$1​附近发出提醒"
   },
   "3074184819310272351": {
      "message": "上传的照片"
   },
   "3084372889071691504": {
      "message": "{VIEWER_GENDER,select, female{在此处粘贴网址：}male{在此处粘贴网址：}other{在此处粘贴网址：}}"
   },
   "3095645856215493958": {
      "message": "查找照片中的文字"
   },
   "31018542656161389": {
      "message": "缩放到合适大小"
   },
   "3109321241584918345": {
      "message": "关联更多应用…"
   },
   "3121560585545725724": {
      "message": "$1​$2​"
   },
   "3140236589681731084": {
      "message": "$1​小时后"
   },
   "3189854932778515441": {
      "message": "记事已归档"
   },
   "3207670492626476064": {
      "message": "表格"
   },
   "3211163842850942567": {
      "message": "放大"
   },
   "3222929029344613957": {
      "message": "抱歉，打开此文件时出错，请重试。"
   },
   "3233388241926683100": {
      "message": "搜索记事"
   },
   "3243829462528324248": {
      "message": "棕色"
   },
   "3250489229749307913": {
      "message": "电子出版物"
   },
   "3256928852560591255": {
      "message": "无法修改回收站中的记事"
   },
   "3261131345401321392": {
      "message": "可以评论"
   },
   "3265524298292280681": {
      "message": "Esc 键"
   },
   "3267563602179728277": {
      "message": "Delete 键"
   },
   "3272496516667407797": {
      "message": "加载详细信息时出现问题。"
   },
   "3275029321588462173": {
      "message": "无"
   },
   "3278237562147211998": {
      "message": "授权照片库"
   },
   "330603631583186798": {
      "message": "Word"
   },
   "3306487262690341751": {
      "message": "日期和时间"
   },
   "3312545971976531405": {
      "message": "消息"
   },
   "3319087486907616296": {
      "message": "投射此内容"
   },
   "3328129883064940351": {
      "message": "字体"
   },
   "3335409796971631780": {
      "message": "正在解压到云端硬盘。"
   },
   "3343451103608774400": {
      "message": "$3​全新“我的地图”$2​闪亮登场！$1​这是一款功能更强大的地图制作工具。"
   },
   "3354260708176476985": {
      "message": "正在加载…"
   },
   "3357778055650785985": {
      "message": "清单项过长，突出显示的文本将无法保存。"
   },
   "3364679383274077479": {
      "message": "应用有更新"
   },
   "3368639944474272225": {
      "message": "抱歉，我们无法检索此文档以供您查看，或者您无权查看此文档。"
   },
   "3381619429606029445": {
      "message": "Visio"
   },
   "3382236845597426718": {
      "message": "打开"
   },
   "3408219901032480508": {
      "message": "$2​、$1​"
   },
   "3409257542937182842": {
      "message": "正在重试…"
   },
   "3409483962000136213": {
      "message": "播放/暂停"
   },
   "3418767079436101103": {
      "message": "加载此页面时出现问题。"
   },
   "3421685394169412932": {
      "message": "您的所有更改都会自动保存。"
   },
   "3422389100099960864": {
      "message": "没有图片。"
   },
   "3428726060007577698": {
      "message": "清单过大。"
   },
   "3430885603500576146": {
      "message": "请仅选择您确认有权使用的图片。"
   },
   "3440534675925634227": {
      "message": "在Chrome浏览器窗口中，转到chrome://settings，并确认您已登录。然后再次点击“登录”。"
   },
   "3446158485617778228": {
      "message": "撤消"
   },
   "3448234415275521882": {
      "message": "基本信息"
   },
   "3448684788258660606": {
      "message": "您的照片"
   },
   "3450585781337676327": {
      "message": "正在加载…"
   },
   "3457279184692206825": {
      "message": "任何人都可看到照片（在网上公开）。"
   },
   "3468441711253011521": {
      "message": "Google 表格"
   },
   "3473620774713000513": {
      "message": "已解决"
   },
   "3483438888494819423": {
      "message": "Google Keep的新变化"
   },
   "3511274344439521198": {
      "message": "操作"
   },
   "3518073392823563581": {
      "message": "键盘快捷键"
   },
   "3531603810713611778": {
      "message": "文件大小超出上限，请取消选择一个或多个文件。"
   },
   "3543475399174940144": {
      "message": "+$1​"
   },
   "3547194749488601916": {
      "message": "正在更新…"
   },
   "354828103903104581": {
      "message": "打了勾的清单项"
   },
   "3561658662634401836": {
      "message": "标题"
   },
   "357172711168973843": {
      "message": "最近添加的记事或所做的更改尚未保存。请复制这些内容，然后重新加载。"
   },
   "3586705906700410505": {
      "message": "素描"
   },
   "3587798318180902863": {
      "message": "{NUM_SELECTED,plural, =1{项已选 »}other{项已选 »}}"
   },
   "3595000514985906359": {
      "message": "Excel"
   },
   "3602920441714068008": {
      "message": "已在$1​$2​发出提醒"
   },
   "3608606849109645545": {
      "message": "输入新文档名称："
   },
   "361202495024972887": {
      "message": "上传视频"
   },
   "361630518611593946": {
      "message": "隐藏勾选框"
   },
   "3625886392901506764": {
      "message": "或者"
   },
   "3643146117250542609": {
      "message": "没有 PDF。"
   },
   "3645728163953189422": {
      "message": "抱歉，由于此文档过大，我们无法检索文档以供您查看。"
   },
   "3651893685901703652": {
      "message": "…"
   },
   "3657386785336906042": {
      "message": "反斜杠"
   },
   "3659554681396757189": {
      "message": "我上次打开的日期"
   },
   "3663571259791438207": {
      "message": "举报滥用行为"
   },
   "3664842788764635265": {
      "message": "无"
   },
   "3666123569747918021": {
      "message": "此文档的更改尚未保存，您确定要离开此页面并舍弃更改吗？"
   },
   "3673346558112798837": {
      "message": "无背景图片"
   },
   "3674811252904549204": {
      "message": "封面照片"
   },
   "3678477908297567934": {
      "message": "下划线"
   },
   "3681747688524363195": {
      "message": "顶部"
   },
   "3690515530505404607": {
      "message": "播放此视频时出现问题。"
   },
   "369764661829607970": {
      "message": "{NUM_ITEMS,plural, =0{没有内容}=1{1项}other{#项}}"
   },
   "3712215972250917265": {
      "message": "评论"
   },
   "3717138719704492547": {
      "message": "请检查该地址是否存在输入错误。"
   },
   "374088101949877889": {
      "message": "关闭"
   },
   "3745308627628779133": {
      "message": "新文件夹"
   },
   "3748461364828242354": {
      "message": "选择颜色"
   },
   "3770795578481676514": {
      "message": "黄色"
   },
   "3771958676925493302": {
      "message": "移除过滤条件：$1​"
   },
   "3779945546806941187": {
      "message": "单色"
   },
   "3793086499925031123": {
      "message": "打开搜索栏/上一条结果"
   },
   "37992665410817181": {
      "message": "已重新提出"
   },
   "3801617971018550169": {
      "message": "昨天"
   },
   "3808213429720572062": {
      "message": "还原"
   },
   "381100310424863459": {
      "message": "Illustrator"
   },
   "3842411126100113634": {
      "message": "Page Up 键"
   },
   "3844047145949375230": {
      "message": "文档"
   },
   "3858324058837632381": {
      "message": "播放此音频文件时出现问题。"
   },
   "3864575916269080329": {
      "message": "按文搜图"
   },
   "3866373087987934712": {
      "message": "上传失败：$1​"
   },
   "3869166581651870488": {
      "message": "完成修改"
   },
   "3873215756962047275": {
      "message": "已归档"
   },
   "3873467440437675460": {
      "message": "抱歉！我们找不到您之前选择的字体。"
   },
   "3897281533382850749": {
      "message": "取消静音"
   },
   "3936153839186254186": {
      "message": "显示：$1​"
   },
   "3955760658925284765": {
      "message": "重试"
   },
   "3974064131130689245": {
      "message": "网格视图"
   },
   "3977699855735576796": {
      "message": "加载更多页面时出现问题。"
   },
   "3988418762222300024": {
      "message": "句点"
   },
   "3989552504822984034": {
      "message": "Google 绘图"
   },
   "4005725939358875643": {
      "message": "操作已撤消。"
   },
   "4014287326684608407": {
      "message": "青色"
   },
   "4048275292053012394": {
      "message": "通讯录"
   },
   "4059387791040010947": {
      "message": "Meta 键"
   },
   "4067915791853673774": {
      "message": "{VIEWER_GENDER,select, female{关闭}male{关闭}other{关闭}}"
   },
   "4078179869358383373": {
      "message": "未找到任何结果。"
   },
   "4087667435414545203": {
      "message": "您已退出帐户。要进行更改，请重新加载。"
   },
   "4093134637041332383": {
      "message": "了解详情"
   },
   "4097007735221462946": {
      "message": "绘图"
   },
   "4097921967754832323": {
      "message": "连字符"
   },
   "4100504115801514799": {
      "message": "记事已还原"
   },
   "4119294114251628099": {
      "message": "无法检索到您所指定的图片网址。该网址可能是私有网址，因此我们的服务器无法访问。请尝试其他网址。"
   },
   "4134385041569168669": {
      "message": "正在加载…"
   },
   "4148564423510181521": {
      "message": "清除搜索"
   },
   "4152315289461886": {
      "message": "文档控制"
   },
   "4168280976997555951": {
      "message": "没有文档。"
   },
   "4174786386751618325": {
      "message": "照片记事"
   },
   "4182427157920112948": {
      "message": "波形符"
   },
   "4200426647595470259": {
      "message": "开始播放音频文件"
   },
   "4200911267543705377": {
      "message": "只需在上面的框中输入您的搜索内容，即可使用 Google 博客搜索查找相关博客结果。"
   },
   "4205329094859140439": {
      "message": "上午"
   },
   "4211182812451835307": {
      "message": "可以编辑"
   },
   "4211806608204126222": {
      "message": "$2​服务条款$1​"
   },
   "4214190403999219403": {
      "message": "缩放"
   },
   "4230101516585408149": {
      "message": "新建记事"
   },
   "4253741616909644861": {
      "message": "搜索字词"
   },
   "4280747719095153198": {
      "message": "已解决的评论"
   },
   "4286663890332754386": {
      "message": "上传失败。"
   },
   "4299690446455033653": {
      "message": "Works"
   },
   "4314643310615423802": {
      "message": "您已退出帐户。"
   },
   "4318861667254318892": {
      "message": "Google 视频"
   },
   "4319229296464464147": {
      "message": "添加日期"
   },
   "4320831042030778": {
      "message": "取消"
   },
   "4332252081504252077": {
      "message": "糟糕！"
   },
   "4338991104991831337": {
      "message": "图片"
   },
   "4339705658383891586": {
      "message": "全彩"
   },
   "4343825450663233452": {
      "message": "可以查看"
   },
   "4343836986248234462": {
      "message": "清单项"
   },
   "435214284915110062": {
      "message": "打开搜索栏"
   },
   "4372755508519489521": {
      "message": "网格视图"
   },
   "4391715930031906467": {
      "message": "下一条结果"
   },
   "4395845663892873002": {
      "message": "Home 键"
   },
   "4422985761498356257": {
      "message": "打开方式"
   },
   "4430062722430863019": {
      "message": "要永久删除该记事吗？"
   },
   "4439812492856303238": {
      "message": "抱歉！处理您选择的内容时发生了意外错误，请稍后重试。"
   },
   "4444571967705751871": {
      "message": "回收站"
   },
   "4466605492523079635": {
      "message": "保存"
   },
   "4468872996560163913": {
      "message": "立即清空回收站"
   },
   "4473912481270012588": {
      "message": "已保存到云端硬盘 - 移至："
   },
   "45228242181482134": {
      "message": "播放"
   },
   "4536519876526589338": {
      "message": "$1​的头像。"
   },
   "4552045407215325033": {
      "message": "您在上方输入的视频网址无法加载。请确保该网址正确无误，并且是受支持网站的网址。"
   },
   "4564682305303579317": {
      "message": "继续"
   },
   "456498742882714639": {
      "message": "移至："
   },
   "4588500131398315347": {
      "message": "创建圈子"
   },
   "4604402426271704651": {
      "message": "没有照片"
   },
   "4620034373159179678": {
      "message": "第$1​页，共$2​页"
   },
   "4630690108252818511": {
      "message": "未找到任何图片。"
   },
   "468283184702431827": {
      "message": "已开始处理"
   },
   "4695897771458936174": {
      "message": "在 Google+ 上分享来自 Google 云端硬盘的照片"
   },
   "4740100782728373253": {
      "message": "保存到云端硬盘"
   },
   "4748046231232264180": {
      "message": "Google 表单"
   },
   "4767722428137216885": {
      "message": "取消"
   },
   "477328789314249432": {
      "message": "搜索记事"
   },
   "4775368111547931093": {
      "message": "未提供任何说明"
   },
   "4781742940361705258": {
      "message": "关闭"
   },
   "4783695823456312682": {
      "message": "移至底部"
   },
   "47844150329705564": {
      "message": "“$1​”的搜索结果"
   },
   "4798897505978458661": {
      "message": "未找到任何视频。"
   },
   "4805047680716507619": {
      "message": " - 移至："
   },
   "4806763987633034948": {
      "message": "PKCS7 签名"
   },
   "4833214200453019325": {
      "message": "$1​/$2​"
   },
   "4846720038197420778": {
      "message": "关联更多应用"
   },
   "4853788427396558692": {
      "message": "$1​MB"
   },
   "4858389278403807208": {
      "message": "记事位于回收站中"
   },
   "4888104357342241891": {
      "message": "提醒"
   },
   "4889853674709731963": {
      "message": "所有记事都已离线保存"
   },
   "4901386320110714275": {
      "message": "密码不正确，请重试。"
   },
   "490372259452655427": {
      "message": "抱歉，目前还无法查看此文档。"
   },
   "4906669330059413958": {
      "message": "提交密码"
   },
   "4908614808966678155": {
      "message": "没有与“$1​”相符的搜索结果"
   },
   "4926020998477695737": {
      "message": "切换到文件夹“$1​”"
   },
   "4943176738805484221": {
      "message": "修改"
   },
   "4956678140555659175": {
      "message": "Backspace 键"
   },
   "4957674814179289955": {
      "message": "转至下一个/上一个清单项"
   },
   "4963784280521435720": {
      "message": "正在保存…"
   },
   "4969219890884320840": {
      "message": "更新"
   },
   "4983125135476400111": {
      "message": "将记事/清单移到回收站"
   },
   "4988132901627446385": {
      "message": "已展开详细信息面板。"
   },
   "4998757387516632837": {
      "message": "显示的结果标记为可重复使用并进行修改。"
   },
   "5006225450559627366": {
      "message": "+另外$1​张"
   },
   "501475221876543407": {
      "message": "您添加的记事会显示在此处"
   },
   "5023525794410110078": {
      "message": "为照片添加说明"
   },
   "5026241297254150381": {
      "message": "添加记事"
   },
   "5046371569383796818": {
      "message": "保留"
   },
   "5055418092354683641": {
      "message": "Serif"
   },
   "5095987896933771566": {
      "message": "打印文档"
   },
   "5096751700090310607": {
      "message": "没有照片。"
   },
   "509815948423424872": {
      "message": "导航"
   },
   "5099245668405591445": {
      "message": "搜索"
   },
   "512429649443191386": {
      "message": "$2​帮助$1​"
   },
   "5124522868502261563": {
      "message": "电子表格"
   },
   "5130903421326358933": {
      "message": "将附件保存到Google云端硬盘时出现问题。"
   },
   "5149937870346466591": {
      "message": "列表视图"
   },
   "5169187962228219813": {
      "message": "Life图片"
   },
   "5180454621500142444": {
      "message": "还原"
   },
   "5180989337128758117": {
      "message": "左中括号"
   },
   "5184692850089055965": {
      "message": "抓取图片文字"
   },
   "5197718200713913936": {
      "message": "C++"
   },
   "5201670213497642487": {
      "message": "详细信息面板标签栏。按左右箭头键可切换标签。"
   },
   "5204391636475413312": {
      "message": "保存"
   },
   "5213411023807957844": {
      "message": "在Google Keep中搜索"
   },
   "5213974294317036409": {
      "message": "{numPages,plural, =0{}=1{1页}other{#页}}"
   },
   "5226470917948786938": {
      "message": "字母顺序"
   },
   "5238003680997310998": {
      "message": "展开"
   },
   "5238371081785912565": {
      "message": "用$1​打开"
   },
   "5275493935807628890": {
      "message": "我们在该网址找不到图片。"
   },
   "5281121179861637423": {
      "message": "您必须提供密码才能查看“$1​”。请输入密码"
   },
   "5288037028604092288": {
      "message": "XPS"
   },
   "5291153964865714504": {
      "message": "找不到相符的记事"
   },
   "5299648222246616124": {
      "message": "反引号"
   },
   "5304869088141363028": {
      "message": "精选照片"
   },
   "5316658541831864803": {
      "message": "抱歉，目前不支持查看此类型的文档。"
   },
   "5319313176242717957": {
      "message": "正在处理图片…"
   },
   "5336801339221383042": {
      "message": "JavaScript"
   },
   "534228323125524312": {
      "message": "缩小"
   },
   "5353129315502554762": {
      "message": "样式表"
   },
   "5372143986724491245": {
      "message": "$1​天前"
   },
   "5372160981898991853": {
      "message": "Publisher"
   },
   "5399553230649155346": {
      "message": "$1​小时后"
   },
   "5403830377590414208": {
      "message": "白色"
   },
   "5408091115193390231": {
      "message": "AutoCAD"
   },
   "5438481737351808090": {
      "message": "下午（$1​）"
   },
   "544377415081282702": {
      "message": "抱歉。"
   },
   "5447119197363232006": {
      "message": "在云端硬盘中显示"
   },
   "5465323999933375616": {
      "message": "您已达到带宽上限，无法再查看或下载非 Google 文档格式的文件。"
   },
   "5472312735475866917": {
      "message": "$1​的评论。"
   },
   "547865385964196102": {
      "message": "$1​分钟前"
   },
   "5482872484546230111": {
      "message": "搜索图书"
   },
   "5494181290179470995": {
      "message": "删除"
   },
   "5500117709595533163": {
      "message": "只需在上面的框中输入您的搜索内容，即可使用 Google 图书查找相关电子书结果。"
   },
   "5514516347328112388": {
      "message": "您也可以点击$2​此处$1​尝试下载原始文档。"
   },
   "5529532831767466284": {
      "message": "{VIEWER_GENDER,select, female{{DEGREES}° {MINUTES}' {SECONDS}\"}male{{DEGREES}° {MINUTES}' {SECONDS}\"}other{{DEGREES}° {MINUTES}' {SECONDS}\"}}"
   },
   "5555182241047709329": {
      "message": "选择地点"
   },
   "5555599189512365009": {
      "message": "知道了"
   },
   "5571842632470308750": {
      "message": "任何类型"
   },
   "5588597116382648727": {
      "message": "正在启动解压任务。"
   },
   "5598649706113950710": {
      "message": "编辑器"
   },
   "5609727719971819773": {
      "message": "{VIEWER_GENDER,select, female{返回}male{返回}other{返回}}"
   },
   "5627470193961862490": {
      "message": "内含将要发出的提醒的记事会显示在此处"
   },
   "5631086126416409232": {
      "message": "蓝色"
   },
   "564165666160590723": {
      "message": "Windows Media Player"
   },
   "5660422479531064559": {
      "message": "没有表单。"
   },
   "5675154446465700699": {
      "message": "PDF"
   },
   "568072913338360182": {
      "message": "HTML"
   },
   "5707549724380589079": {
      "message": "要删除打了勾的清单项吗？"
   },
   "5714240424645614611": {
      "message": "Android 软件包"
   },
   "5728640851616538925": {
      "message": "绿色"
   },
   "5744491383087191878": {
      "message": "您在上方输入的图片网址不正确或无法加载。"
   },
   "5747728324987383020": {
      "message": "面孔"
   },
   "5783875011049188612": {
      "message": "已抓取图片文字"
   },
   "5785010887521443923": {
      "message": "移除"
   },
   "5834678297024555032": {
      "message": "允许"
   },
   "5840330517914556080": {
      "message": "缩小"
   },
   "5842536098490298653": {
      "message": "未找到任何字体。"
   },
   "5865680764501413616": {
      "message": "找不到文字。"
   },
   "5871966496153339793": {
      "message": "显示视频“$1​”的缩略图"
   },
   "5875004331736681428": {
      "message": "正在解压到您的电子邮件帐户中。"
   },
   "587666071025645113": {
      "message": "搜索"
   },
   "5877526626743756786": {
      "message": "反馈"
   },
   "5889725440363483648": {
      "message": "群组中的任何人"
   },
   "5911012384539794869": {
      "message": "无法启动解压任务。"
   },
   "5916010927050975496": {
      "message": "$1​KB"
   },
   "5949528478488617689": {
      "message": "下载权限"
   },
   "5950887255133612666": {
      "message": "尚未开始。"
   },
   "5969696744752069015": {
      "message": "无法预览。"
   },
   "5971400924847413790": {
      "message": "此外，您还可以查看$2​纯 HTML$1​（系统将自动重定向）。"
   },
   "5972111804366033138": {
      "message": "下载"
   },
   "5975031149676029214": {
      "message": "所有人"
   },
   "5976369213680241300": {
      "message": "搜索图片"
   },
   "5980081664136280513": {
      "message": "绿色"
   },
   "5984398071085567332": {
      "message": "Google Fusion Tables"
   },
   "6009962986062136164": {
      "message": "正在加载$1​。"
   },
   "60305871484579258": {
      "message": "Alt 键"
   },
   "6043068172993241858": {
      "message": "这个圈子里没有人。"
   },
   "604883455412617728": {
      "message": "没有与您的搜索匹配的联系人。"
   },
   "6051386830221821025": {
      "message": "正在登录…"
   },
   "6064654062949366878": {
      "message": "播放"
   },
   "6070475007374165567": {
      "message": "正在保存…"
   },
   "6083586461434260179": {
      "message": "全新的文件查看界面"
   },
   "6087078248621415351": {
      "message": "上次修改时间为$1​"
   },
   "6091926883608250483": {
      "message": "更多"
   },
   "6105571474005679446": {
      "message": "预览时出现问题。"
   },
   "6113237889871930608": {
      "message": "空白记事"
   },
   "6118623991445349480": {
      "message": "第$1​页"
   },
   "6122643025527543706": {
      "message": "Ctrl 键"
   },
   "6131822680770571276": {
      "message": "PowerPoint"
   },
   "6140634664402328750": {
      "message": "应用列表"
   },
   "6149175749937815029": {
      "message": "查看所有项"
   },
   "6160805346274626656": {
      "message": "永久删除"
   },
   "616807262818311711": {
      "message": "类型"
   },
   "6175043905327075444": {
      "message": "之前所选内容"
   },
   "6177107655089301674": {
      "message": "下载Google Keep应用（Android版）"
   },
   "6185886893933834031": {
      "message": "保留所选版本"
   },
   "6186290899408627510": {
      "message": "Enter 键"
   },
   "6189891414154673003": {
      "message": "我的地图"
   },
   "6203260615455347677": {
      "message": "Numbers"
   },
   "6223207695466118454": {
      "message": "YouTube"
   },
   "6224687211096863620": {
      "message": "任何人"
   },
   "623118860067088424": {
      "message": "视频"
   },
   "6231401379881217113": {
      "message": "Insert 键"
   },
   "6252259197986158120": {
      "message": "昨天"
   },
   "6253076263700695984": {
      "message": "身份验证发生错误，请重新加载。"
   },
   "6255475144867830247": {
      "message": "选择其他导航标签。"
   },
   "6267063643272327592": {
      "message": "请稍后重试。"
   },
   "6290270819062517523": {
      "message": "选择的内容过多，请取消选择一项或多项。"
   },
   "6305748545202493254": {
      "message": "显示/隐藏详细信息面板"
   },
   "6324768448533022780": {
      "message": "$2​年$1​"
   },
   "6331677437567501421": {
      "message": "更新下载权限时出现问题。"
   },
   "6333496730738019575": {
      "message": "正在加载…"
   },
   "634900089121611600": {
      "message": "没有视频。"
   },
   "6362170008350775214": {
      "message": "在$1​附近时发出提醒"
   },
   "6375395544374251820": {
      "message": "加载更多页面时出现问题。正在重试…"
   },
   "6376739025584042564": {
      "message": "照片剪裁"
   },
   "6386587519843563719": {
      "message": "二进制文件"
   },
   "6416495701611778255": {
      "message": "推荐的第三方应用"
   },
   "6419411265907669340": {
      "message": "今天"
   },
   "6436479735235889890": {
      "message": "在$1​$2​发出提醒"
   },
   "6450508807204492448": {
      "message": "$1​图标"
   },
   "6457802200418354862": {
      "message": "查看者可以下载"
   },
   "6459405233858728718": {
      "message": "Google 幻灯片"
   },
   "6464761738227651511": {
      "message": "$1​分钟前"
   },
   "6466736813846482957": {
      "message": "上一个"
   },
   "6479216014938929613": {
      "message": "晚上（$1​）"
   },
   "6482358947077977110": {
      "message": "Google搜索图片"
   },
   "6487403767449360463": {
      "message": "重新加载Keep？"
   },
   "6488225756782357866": {
      "message": "您突出显示的图片是由 Google 图片搜索从以下页面找到的："
   },
   "6510131849363684615": {
      "message": "明天"
   },
   "6516256764288947999": {
      "message": "为人物加标签"
   },
   "6522917155620379865": {
      "message": "下载"
   },
   "6524849072392100692": {
      "message": "Google 云端硬盘文件夹"
   },
   "6551588617715293696": {
      "message": "排序选项"
   },
   "6570921376519753466": {
      "message": "大字号"
   },
   "6571686604846453345": {
      "message": "将此内容添加至云端硬盘时出现问题。"
   },
   "6582286158693833652": {
      "message": "了解详情"
   },
   "6588176324871799870": {
      "message": "Google Apps 脚本"
   },
   "6602430002978098812": {
      "message": "手写"
   },
   "6614046405230762587": {
      "message": "未找到任何联系人。"
   },
   "6622304228074863427": {
      "message": "应用"
   },
   "6624754161346656119": {
      "message": "$1​的头像。"
   },
   "6644861766016503644": {
      "message": "请输入密码"
   },
   "6650600936729710500": {
      "message": "回复。"
   },
   "666311703374681171": {
      "message": "图片和视频"
   },
   "6666820082708870349": {
      "message": "移除"
   },
   "6707173584987026005": {
      "message": "今天"
   },
   "6709984792949009238": {
      "message": "我上次打开的时间"
   },
   "6726462693927865256": {
      "message": "详细信息"
   },
   "6726879257388338969": {
      "message": "打印"
   },
   "6726925393892510846": {
      "message": "出错了，请重试。"
   },
   "6741759391888465238": {
      "message": "正在保存到云端硬盘 - 移至："
   },
   "6744457949320515234": {
      "message": "空白记事已被舍弃"
   },
   "6757218172402086688": {
      "message": "搜索记事…"
   },
   "6780628488957834429": {
      "message": "橘色"
   },
   "6784073265197389491": {
      "message": "了解详情"
   },
   "681598652078493281": {
      "message": "了解详情"
   },
   "6818286476757207074": {
      "message": "请仅选择您确认有权使用的图片。"
   },
   "682070933835616121": {
      "message": "没有表格。"
   },
   "6822338149422461362": {
      "message": "Google 云端硬盘"
   },
   "6827821461670731013": {
      "message": "显示勾选框"
   },
   "6828581947433060251": {
      "message": "重命名此内容时出现问题。"
   },
   "6833760103261954639": {
      "message": "加载此页面时出现问题。正在重试…"
   },
   "6841020391100928352": {
      "message": "文件大小超出上限。"
   },
   "6851307437837490686": {
      "message": "禁止查看者下载"
   },
   "6856672816797218730": {
      "message": "添加附件"
   },
   "6891563484025164308": {
      "message": "上一个"
   },
   "6893687445500687349": {
      "message": "协作平台"
   },
   "6898823203505321799": {
      "message": "详细信息"
   },
   "6904351530369058983": {
      "message": "所有者"
   },
   "6905021988981026920": {
      "message": "视频搜索"
   },
   "6922953828399110511": {
      "message": "关闭查看器"
   },
   "6929958461954697067": {
      "message": "里面有您的照片"
   },
   "6939782595426687411": {
      "message": "正在添加…"
   },
   "6940998537415516791": {
      "message": " "
   },
   "695253297035211081": {
      "message": "清空回收站"
   },
   "6967244066810487978": {
      "message": "回收站"
   },
   "6970167488058122005": {
      "message": "作者不详"
   },
   "6976414863987386971": {
      "message": "表单"
   },
   "7001938470263404128": {
      "message": "上传"
   },
   "7002768663714031226": {
      "message": "更新"
   },
   "7004919150329996187": {
      "message": "未在此圈子中找到任何匹配的人。"
   },
   "7054631817922169541": {
      "message": "Google Keep 中的更改尚未保存，您确定要离开此页面并舍弃更改吗？"
   },
   "7059437903473652416": {
      "message": "播放YouTube视频$1​"
   },
   "7080196430479494775": {
      "message": "重试"
   },
   "7084324152376766809": {
      "message": "$1​天前"
   },
   "7084991134824194740": {
      "message": "提醒我"
   },
   "7092062731478679314": {
      "message": "未找到任何圈子。"
   },
   "7117183622067702162": {
      "message": "有了 Google 云端硬盘，您再也无需发送电子邮件附件。只需共享存储在 Google 云端硬盘中的文件的链接，所有共享对象就都可以查看文件的最新版本（自动同步）。"
   },
   "713754035716193665": {
      "message": "新建清单"
   },
   "7146242673022399081": {
      "message": "文本文件"
   },
   "7148992630785407972": {
      "message": "此文件受密码保护，因此无法预览。"
   },
   "7151987668860086450": {
      "message": "网页搜索"
   },
   "7153847618034547771": {
      "message": "启用"
   },
   "7161134329606048317": {
      "message": "关闭"
   },
   "7164532930742017984": {
      "message": "知道链接的任何人"
   },
   "7174189954350964804": {
      "message": "重试"
   },
   "7177591028189992523": {
      "message": "移动"
   },
   "7188754206068648188": {
      "message": "逗号分隔数据"
   },
   "7225837680381806920": {
      "message": "傍晚（$1​）"
   },
   "722702934847795304": {
      "message": "Project"
   },
   "7236199858216720905": {
      "message": "地图"
   },
   "7247530225058410142": {
      "message": "$1​$2​"
   },
   "7259352906118493156": {
      "message": "没有协作平台网站。"
   },
   "7282548567245878869": {
      "message": "已删除该项"
   },
   "7295712436136900176": {
      "message": "重新加载"
   },
   "7310311230493556740": {
      "message": "网址"
   },
   "7339696241980105410": {
      "message": "您选择的视频已不存在。所有者可能已将其移除。"
   },
   "7342923890755029722": {
      "message": "关闭"
   },
   "734478884582426793": {
      "message": "压缩档案"
   },
   "7357017164339332230": {
      "message": "您还可以在 $2​Picasa 网络相册$1​（Google 的免费照片托管服务）中查看和分享这些图片。"
   },
   "736105042796745909": {
      "message": "{VIEWER_GENDER,select, female{创建文件夹}male{创建文件夹}other{创建文件夹}}"
   },
   "7362061801920948830": {
      "message": "上传更多"
   },
   "7364571366369083618": {
      "message": "视频"
   },
   "7377239345926788722": {
      "message": "操作"
   },
   "7380785991026002613": {
      "message": "显示的结果标记为可重复使用。"
   },
   "7382688299146249119": {
      "message": "下载此项内容"
   },
   "7383706174467122149": {
      "message": "记事已删除"
   },
   "7388342865555961406": {
      "message": "$1​天后"
   },
   "7393771571081973549": {
      "message": "C"
   },
   "740507516967994591": {
      "message": "打开"
   },
   "7422452809590461532": {
      "message": "红色"
   },
   "7426603384368095928": {
      "message": "请重新加载该页面，以便重新登录并继续工作。"
   },
   "7429084719905985261": {
      "message": "Objective C"
   },
   "7432956605646331928": {
      "message": "SQL"
   },
   "7440735091552109962": {
      "message": "$2​（在$1​做过修改）"
   },
   "7441891675459021164": {
      "message": "正在保存到云端硬盘"
   },
   "7451573821837395189": {
      "message": "文件已添加到$2​您的云端硬盘$1​。"
   },
   "7468322419516352788": {
      "message": "更新说明时出现问题。"
   },
   "7488945223835574498": {
      "message": "Postscript"
   },
   "7492710087472140422": {
      "message": "了解详情"
   },
   "7493919863870655172": {
      "message": "摄像头"
   },
   "7500786109708143683": {
      "message": "音频已删除"
   },
   "7501027876827009022": {
      "message": "显示的结果标记为可出于商业目的重复使用。"
   },
   "7521272923988336579": {
      "message": "立即重新加载Keep，即可进行更新。"
   },
   "7532552995569296274": {
      "message": "清除搜索结果"
   },
   "7546994163355383999": {
      "message": "所有记事都已保存"
   },
   "7559208209275370228": {
      "message": "我上次修改的时间"
   },
   "7565383798249439151": {
      "message": "$1​天后"
   },
   "7565870443143407759": {
      "message": "在文档中查找"
   },
   "7586291841734385643": {
      "message": "弹出"
   },
   "7598582624136632660": {
      "message": "打开搜索栏/下一条结果"
   },
   "7602870977118971161": {
      "message": "重新加载"
   },
   "7610654194202731772": {
      "message": "删除"
   },
   "761925792744044896": {
      "message": "设为个人资料照片"
   },
   "7630723924002267143": {
      "message": "键盘快捷键已启用。"
   },
   "7640546114686970497": {
      "message": "无法添加更多清单项"
   },
   "7669846901402551021": {
      "message": "今天"
   },
   "7691521283331762131": {
      "message": "您已归档的记事会显示在此处"
   },
   "772000107335590599": {
      "message": "$1​分钟后"
   },
   "7734578122414851725": {
      "message": "PHP"
   },
   "7745005220197261896": {
      "message": "图书搜索"
   },
   "7759846028901235026": {
      "message": "已将记事取消归档"
   },
   "776065748745885880": {
      "message": "空格键"
   },
   "7770982082843341533": {
      "message": "此文件夹中没有任何内容。"
   },
   "779472474101127362": {
      "message": "拍摄快照"
   },
   "7800318069267901681": {
      "message": "上次修改日期"
   },
   "7805487598105530487": {
      "message": "内嵌"
   },
   "7814778057875152792": {
      "message": "将附件移至Google云端硬盘中的所选文件夹时出现问题。"
   },
   "7820417126206702946": {
      "message": "显示的结果只限在 Google 云端硬盘中用于个人或商业用途，不可单独散播或销售。"
   },
   "7822364282298323175": {
      "message": "清单已删除"
   },
   "7830513726270865588": {
      "message": "日历"
   },
   "7845751753397906805": {
      "message": "发现冲突的版本"
   },
   "7852396628465259068": {
      "message": "个人资料照片"
   },
   "7859526172011446452": {
      "message": "停止投射"
   },
   "78870906674150830": {
      "message": "$3​$1​$2​"
   },
   "7895643887742936844": {
      "message": "分号"
   },
   "7899833760457194273": {
      "message": "图片搜索"
   },
   "7899913952063063825": {
      "message": "图片已删除"
   },
   "7906726367011430855": {
      "message": "关联"
   },
   "7910518224461588465": {
      "message": "黄色"
   },
   "7953603850004320936": {
      "message": "无法预览。"
   },
   "7957306528733096600": {
      "message": "已完成处理"
   },
   "7960528690514646841": {
      "message": "{moreCount,plural, =0{unused plural form}=1{+ 另外1人}other{+ 另外{moreCount}人}}"
   },
   "7973635145070803181": {
      "message": "上传照片"
   },
   "7987180255015869513": {
      "message": "或者在此粘贴网址："
   },
   "8011497727123874703": {
      "message": "$1​文件夹按钮"
   },
   "8016231262233952856": {
      "message": "青色"
   },
   "8019402848412685977": {
      "message": "“$2​”已重命名为“$1​”。"
   },
   "8023466614826324314": {
      "message": "照片将与众多对象分享。"
   },
   "8043514121228710092": {
      "message": "添加图片"
   },
   "8044700199531805239": {
      "message": "$3​$1​$2​已关联到云端硬盘。"
   },
   "8069384932934428393": {
      "message": "$1​分钟后"
   },
   "8081927474846706026": {
      "message": "没有绘图。"
   },
   "8090743714060857028": {
      "message": "查看者无法下载"
   },
   "8095838445486198080": {
      "message": "{FILE_SIZE,plural, =0{0字节}=1{1字节}other{#字节}}"
   },
   "8099047958506869131": {
      "message": "{VIEWER_GENDER,select, female{新建文件夹}male{新建文件夹}other{新建文件夹}}"
   },
   "8100558294600077150": {
      "message": "博客搜索"
   },
   "8105635255693472607": {
      "message": "新增清单项"
   },
   "8106780183458743723": {
      "message": "相册"
   },
   "8112699352770418817": {
      "message": "未找到任何图书。"
   },
   "8132410616064087953": {
      "message": "视频太长（时长上限为$1​秒）。"
   },
   "8135145577663029437": {
      "message": "保留两个版本"
   },
   "8146560259680897627": {
      "message": "取消"
   },
   "8158191101452862916": {
      "message": "插入图片"
   },
   "8159493406018222636": {
      "message": "发送反馈"
   },
   "8172945196588870035": {
      "message": "活动"
   },
   "8174654098152723289": {
      "message": "修改说明"
   },
   "8178754379486173416": {
      "message": "{VIEWER_GENDER,select, female{选择的内容太少了，请多选一些。}male{选择的内容太少了，请多选一些。}other{选择的内容太少了，请多选一些。}}"
   },
   "8192378456655629049": {
      "message": "正在处理视频…"
   },
   "8193991135666622583": {
      "message": "Keep"
   },
   "821942580510564685": {
      "message": "要查看此文档，请输入相应密码"
   },
   "8239237134193392595": {
      "message": "地点提醒通知只会在移动设备上显示。"
   },
   "8267458240960831780": {
      "message": "正在进行身份验证…"
   },
   "8281141013543828574": {
      "message": "RAW 图片"
   },
   "8281678863271800533": {
      "message": "图片过滤条件"
   },
   "8283103456188558313": {
      "message": "演示文稿"
   },
   "8290434443655418968": {
      "message": "{filesCount,plural, =0{unused plural form}=1{不支持上传所选的文件[{file}]。}other{不支持上传所选的文件[{files}]。}}"
   },
   "8304474373444239435": {
      "message": "$1​的回复。"
   },
   "8322416564157128458": {
      "message": "共享"
   },
   "8324195080917648153": {
      "message": "浏览器窗口太小，无法显示视频。请将窗口放大一点。"
   },
   "8337582740675387693": {
      "message": "Java"
   },
   "8342684858400436871": {
      "message": "Tab 键"
   },
   "8379952094517631162": {
      "message": "否"
   },
   "8409393124758970712": {
      "message": "$2​ x $1​"
   },
   "8412684147928483084": {
      "message": "黑色"
   },
   "8435544675017330861": {
      "message": "没有与您的搜索匹配的内容。"
   },
   "8436817383042650304": {
      "message": "Caps Lock 键"
   },
   "8451184312655705174": {
      "message": "如果网址正确无误，您会在此处看到预览效果。大图片可能需要过几分钟才能显示。"
   },
   "8467894483369467251": {
      "message": "Flash"
   },
   "8506198918368329269": {
      "message": "显示的结果标记为可出于商业目的重复使用并进行修改。"
   },
   "8571315158566081191": {
      "message": "没有电子表格。"
   },
   "8580600056399054303": {
      "message": "选择新清单项和打勾的清单项的存放位置"
   },
   "8595175575778060149": {
      "message": "更多"
   },
   "8596257056433048992": {
      "message": "欢迎使用"
   },
   "8616342546716995946": {
      "message": "知道了"
   },
   "8621067185485606452": {
      "message": "ECMAScript"
   },
   "8638281560898810401": {
      "message": "{MINUTES,plural, =0{0分}=1{1分}other{#分}}{SECONDS,plural, =0{0秒}=1{1秒}other{#秒}}"
   },
   "863955692838281739": {
      "message": "关闭"
   },
   "8643398764569428530": {
      "message": "是否允许Google Keep显示通知？"
   },
   "8652566647088230560": {
      "message": "Dogfood机密"
   },
   "8660016472468563221": {
      "message": "冒号"
   },
   "8663507590720636709": {
      "message": "$1​及另外$2​项"
   },
   "8666643061920113075": {
      "message": "{VIEWER_GENDER,select, female{在此处粘贴图片网址：}male{在此处粘贴图片网址：}other{在此处粘贴图片网址：}}"
   },
   "8674222789100049233": {
      "message": "关闭"
   },
   "86815590954366945": {
      "message": "已归档的内容清单"
   },
   "8709611758728645225": {
      "message": "Page Down 键"
   },
   "8711002053494037632": {
      "message": "已清除所打的勾"
   },
   "8748281640412284111": {
      "message": "图库图片"
   },
   "8759520888087120926": {
      "message": "没有脚本。"
   },
   "8775097441636640256": {
      "message": "$2​ - $1​"
   },
   "8780212274435014958": {
      "message": "圈子"
   },
   "8781837301864053001": {
      "message": "RTF"
   },
   "8792038552136453044": {
      "message": "糟糕！遇到了问题"
   },
   "8793166064242077041": {
      "message": "显示此图片时出现问题。"
   },
   "8813101408630252335": {
      "message": "$1​秒"
   },
   "8820281478062782578": {
      "message": "搜索"
   },
   "8822326207328431952": {
      "message": "无法上传图片"
   },
   "8840223453482998505": {
      "message": "已选择文件夹“$1​”"
   },
   "8845176264121061589": {
      "message": "全部不打勾"
   },
   "8850238112725591771": {
      "message": "快捷键 $1​"
   },
   "8852550049823214385": {
      "message": "然后"
   },
   "8883744193208363722": {
      "message": "应用有更新。"
   },
   "8884900765322249670": {
      "message": "列表视图"
   },
   "8889019648958415451": {
      "message": "未知文件"
   },
   "8911996820409711834": {
      "message": "将多出的文本移至新的清单项 &raquo;"
   },
   "8916237870980173557": {
      "message": "正在连接…"
   },
   "8917554093651202032": {
      "message": "播放$1​"
   },
   "8919660666733306860": {
      "message": "图片"
   },
   "8930959387403789939": {
      "message": "提醒"
   },
   "8943760679396635042": {
      "message": "当前显示的是$1​。"
   },
   "8953555255469284376": {
      "message": "将图片拖放到此处"
   },
   "8979615310931291676": {
      "message": "修改时间：$1​"
   },
   "8986044948621891903": {
      "message": "只需在上面的框中输入您的搜索内容，即可使用 Google 网页搜索查找相关网络结果。"
   },
   "901615442107785480": {
      "message": "将记事或清单归档"
   },
   "9024023699330078373": {
      "message": "打开此项内容时，系统会将其添加到您的云端硬盘中"
   },
   "9028041601596584772": {
      "message": "地点"
   },
   "9058308423774656474": {
      "message": "Hangul 文字处理程序"
   },
   "9083935734710258396": {
      "message": "拒绝"
   },
   "9094248058931620597": {
      "message": "已收起详细信息面板。"
   },
   "9114674068220302553": {
      "message": "采用附件形式"
   },
   "911586799466052745": {
      "message": "OpenOffice 绘图"
   },
   "9130962320402467249": {
      "message": "授权照片库"
   },
   "9146716987301178362": {
      "message": "遇到错误，请重新加载。"
   },
   "9165877886714239857": {
      "message": "无法抓取图片文字，请稍后重试。"
   },
   "916773043895242978": {
      "message": "您在上方输入的图片网址不正确或无法加载，请输入正确的图片网址。"
   },
   "9173629944963872598": {
      "message": "未找到任何活动。"
   },
   "9182500445937900938": {
      "message": "关闭"
   },
   "9195941533351099011": {
      "message": "正在上传 $1​ / $2​"
   },
   "9197837492705576727": {
      "message": "转到下一项"
   },
   "919969969251998566": {
      "message": "将此压缩文件解压到您的邮件帐户中。"
   },
   "9203542510134660095": {
      "message": "解压任务已启动。压缩包中的内容将会出现在云端硬盘中的“$1​”文件夹下。"
   },
   "940276535015195877": {
      "message": "没有文件夹。"
   },
   "943493480163896757": {
      "message": "{resultCount,plural, =1{#条相符的记事}other{#条相符的记事}}"
   },
   "951963820437151566": {
      "message": "Google 协作平台"
   },
   "95809842507987016": {
      "message": "删除"
   },
   "963611681085757795": {
      "message": "抱歉，我们目前无法生成此文档的视图。"
   },
   "96556988207614774": {
      "message": "日历"
   },
   "974042541427403929": {
      "message": "蓝色"
   },
   "980395722421409371": {
      "message": "未找到任何地图。"
   },
   "982187142411651629": {
      "message": "关闭"
   },
   "985197728509875956": {
      "message": "Chemical Model"
   },
   "996381410993745580": {
      "message": "Photoshop"
   },
   "998727788921602971": {
      "message": "视频"
   },
   "appDesc": {
      "description": "App description",
      "message": "快速记录所思所想，适时适地收到提醒。"
   },
   "appName": {
      "description": "App name.",
      "message": "Google Keep：记事和清单"
   }
}
