{
   "1006787209796778126": {
      "message": "我的雲端硬碟"
   },
   "1017907757187630742": {
      "message": "我的字型"
   },
   "1029072043275376320": {
      "message": "找不到日曆。"
   },
   "1030781695901615026": {
      "message": "置於底部"
   },
   "103870949919613488": {
      "message": "已封存記事"
   },
   "1039394921418415681": {
      "message": "登入"
   },
   "1083918249169198626": {
      "message": "已停用鍵盤快速鍵。"
   },
   "1090919586152138659": {
      "message": "圖庫"
   },
   "1101371910696766077": {
      "message": "建立副本"
   },
   "1107413433574576014": {
      "message": "標題過長，系統不會儲存標明的文字。"
   },
   "1127320433256851404": {
      "message": "影片播放器"
   },
   "1162642135048988280": {
      "message": "重新命名文件"
   },
   "1166244120191806795": {
      "message": "提供意見"
   },
   "1179891706526242218": {
      "message": "繼續"
   },
   "1185164838496022543": {
      "message": "請按一下這裡重新載入網頁。"
   },
   "1185644932132585290": {
      "message": "還可以輸入 $1​ 個字元"
   },
   "1213005208968286932": {
      "message": "已標示為已解決"
   },
   "1263557413037343589": {
      "message": "整理相片"
   },
   "1263685395252160366": {
      "message": "LaTeX"
   },
   "1311350045083871503": {
      "message": "取消"
   },
   "1311729747516144362": {
      "message": "紅色"
   },
   "1315844696796851207": {
      "message": "Sans Serif"
   },
   "1319037146426591038": {
      "message": "或"
   },
   "132822872080714863": {
      "message": "確定"
   },
   "133192954417440569": {
      "message": "找不到任何結果。"
   },
   "1349697396109290623": {
      "message": "目前顯示的是解析度較高的「$1​」"
   },
   "1376126796144976437": {
      "message": "所有字型"
   },
   "139942704574044780": {
      "message": "接受"
   },
   "141491180325662484": {
      "message": "Google 雲端硬碟是您存放所有檔案的線上空間，您可以隨時隨地透過任何裝置存取其中的檔案。只要在 Google 雲端硬碟中儲存相片，就能立即從中與社交圈分享。"
   },
   "1418114637490664392": {
      "message": "LIFE 相片封存檔案"
   },
   "1419896259743862406": {
      "message": "選擇開啟工具"
   },
   "1440171352837969028": {
      "message": "影片/音訊"
   },
   "1441487391064925653": {
      "message": "前往說明中心查看所有快速鍵資訊"
   },
   "1446829548948002072": {
      "message": "逗號"
   },
   "1454684154234137497": {
      "message": "Pause 鍵"
   },
   "1459765068821943106": {
      "message": "{VIEWER_GENDER,select, female{在這裡貼上 YouTube 網址：}male{在這裡貼上 YouTube 網址：}other{在這裡貼上 YouTube 網址：}}"
   },
   "1463079206290378085": {
      "message": "Orkut 相片"
   },
   "1463389029497634261": {
      "message": "調低音量"
   },
   "1475179211173444554": {
      "message": "網域中知道連結的所有人"
   },
   "1492360016907725281": {
      "message": "{VIEWER_GENDER,select, female{在這裡貼上影片網址：}male{在這裡貼上影片網址：}other{在這裡貼上影片網址：}}"
   },
   "1493251742569121894": {
      "message": "記事內容過多，系統不會儲存標明的文字。"
   },
   "1493384967280942491": {
      "message": "粉紅色"
   },
   "1499433769420882987": {
      "message": "目前顯示的是「$1​」。"
   },
   "1505876360160857231": {
      "message": "$1​ TB"
   },
   "1521707405717823409": {
      "message": "紫色"
   },
   "153439508598626384": {
      "message": "您的相片"
   },
   "1536051766421561160": {
      "message": "等號"
   },
   "156992719062713230": {
      "message": "灰色"
   },
   "1586968957182554447": {
      "message": "停用"
   },
   "1588268697057804046": {
      "message": "$1​ 小時前"
   },
   "1603139897109307706": {
      "message": "發生錯誤，請再試一次。"
   },
   "1604359562654146902": {
      "message": "相片"
   },
   "1633370388224271051": {
      "message": "找不到相符的使用者。"
   },
   "1633798963327779260": {
      "message": "明天"
   },
   "1654222450095043962": {
      "message": "音訊"
   },
   "1656911987308166143": {
      "message": "刪除"
   },
   "1665821947855814052": {
      "message": "大小"
   },
   "1692901784886701962": {
      "message": "記事內容過多。"
   },
   "1697160643589236962": {
      "message": "$1​ PB"
   },
   "1700522311470719738": {
      "message": "提醒我"
   },
   "1701312243672511585": {
      "message": "將文字移至新記事 &raquo;"
   },
   "1709410429018687341": {
      "message": "上午 ($1​)"
   },
   "1715552550526864429": {
      "message": "搜尋網誌"
   },
   "171683163267149669": {
      "message": "$1​ GB"
   },
   "1739900012825270238": {
      "message": "前往上一個項目"
   },
   "1756171223417807431": {
      "message": "確定您使用的是可公開瀏覽的圖片；如果您的圖片受密碼保護或位於內部網路，我們將無法讀取該圖片。"
   },
   "1759957963056319953": {
      "message": "從「$1​」返回"
   },
   "1783719421893050637": {
      "message": "尺寸"
   },
   "178927681797742562": {
      "message": "登入"
   },
   "1791115075948268631": {
      "message": "開啟鍵盤快速鍵說明"
   },
   "1808245543551507519": {
      "message": "音訊"
   },
   "1816851800848432562": {
      "message": "移除"
   },
   "1818306025747564729": {
      "message": "前往連結"
   },
   "1823222042913714987": {
      "message": "提交密碼"
   },
   "1823854753950594157": {
      "message": "保持不動"
   },
   "1830157062072535681": {
      "message": "目前顯示的是「$1​」"
   },
   "185012928288875755": {
      "message": "找不到與搜尋條件相符的項目。"
   },
   "1856444915090632305": {
      "message": "文件已加密，請輸入密碼。"
   },
   "1866863108233180413": {
      "message": "資料夾"
   },
   "187077078156858455": {
      "message": "語音記事"
   },
   "189303170370862360": {
      "message": "第 $1​ 項，共 $2​ 項"
   },
   "1900571668686750716": {
      "message": "vCard"
   },
   "1901351411358749070": {
      "message": "與我共用"
   },
   "1913425963149828429": {
      "message": "將這個封存檔解壓縮至雲端硬碟。"
   },
   "1918176455405610789": {
      "message": "完成"
   },
   "1920189655549476211": {
      "message": "長度不明"
   },
   "1929603188252533075": {
      "message": "無法刪除影片，請再試一次。"
   },
   "1951810091681076784": {
      "message": "{COUNT_1,plural, =1{1 則相符的記事}other{{COUNT_2} 則相符的記事}}"
   },
   "1956794332842050061": {
      "message": "下一頁"
   },
   "1965626377712226216": {
      "message": "Keynote"
   },
   "1968405748623909021": {
      "message": "建議您使用下列其中一個應用程式開啟或編輯這個項目"
   },
   "1974063091619095703": {
      "message": "使用者"
   },
   "1988244842147989817": {
      "message": "垃圾桶內的記事將於 7 天後刪除。"
   },
   "1993674829873313178": {
      "message": "無法上傳嗎？系統正在維護中，很快就會恢復正常運作。"
   },
   "2003845117979929469": {
      "message": "詳細資料"
   },
   "2048322072989992494": {
      "message": "還沒有人與您共用任何檔案！"
   },
   "2055836117545582610": {
      "message": "清單設定"
   },
   "2059084517358086391": {
      "message": "關閉尋找列"
   },
   "2061440050632248160": {
      "message": "封存"
   },
   "2068023589621557589": {
      "message": "TrueType 字型"
   },
   "2073035325657060696": {
      "message": "無法預覽。"
   },
   "2073322475696388995": {
      "message": "快轉"
   },
   "207810168108507460": {
      "message": "$1​ 小時前"
   },
   "2109272338124379867": {
      "message": "上次修改的時間"
   },
   "2116013171202209313": {
      "message": "選取"
   },
   "2122256657192674586": {
      "message": "搜尋影片"
   },
   "2125135092719715773": {
      "message": "上傳"
   },
   "212796670323571824": {
      "message": "確定"
   },
   "213665695896111861": {
      "message": "記事"
   },
   "2138593281154109183": {
      "message": "封存"
   },
   "2147952938331523160": {
      "message": "重新命名…"
   },
   "2154372123324862271": {
      "message": "斜線"
   },
   "2154940358270068005": {
      "message": "刪除的記事會保留一段時間"
   },
   "2184278444368405837": {
      "message": "$1​ 個項目"
   },
   "2187239650627580457": {
      "message": "提交"
   },
   "2198096971937872560": {
      "message": "提醒："
   },
   "220168959069469607": {
      "message": "更多動作"
   },
   "221715292685577880": {
      "message": "是"
   },
   "2220005860896049129": {
      "message": "很抱歉，系統在原始來源中尋找文件的時間過長。"
   },
   "2228413078211839077": {
      "message": "很抱歉，我們暫時無法提供這份文件的預覽畫面。"
   },
   "2235097878790803849": {
      "message": "告別煩人的附件，迎接 Google 雲端硬碟的來臨！"
   },
   "2257303402199718039": {
      "message": "很抱歉，我們在原始來源中找不到這份文件，請檢查文件是否仍然存在。"
   },
   "2274436793504233543": {
      "message": "取消"
   },
   "2278224983638451454": {
      "message": "立即下載"
   },
   "2280650195464600721": {
      "message": "導覽"
   },
   "2285069188138705005": {
      "message": "已連結的應用程式"
   },
   "2289534534793293486": {
      "message": "取消封存"
   },
   "2289812403593835836": {
      "message": "Pages"
   },
   "229177484946387188": {
      "message": "Google 地球"
   },
   "2292696732672795285": {
      "message": "調高音量"
   },
   "230180475614658119": {
      "message": "完成"
   },
   "2304293593067358316": {
      "message": "插圖"
   },
   "2310145944356900158": {
      "message": "已勾選"
   },
   "2311880726221661199": {
      "message": "正在載入解析度較高的圖片"
   },
   "2329167963662998826": {
      "message": "Google Keep 要求使用您的位置資訊，以便透過地點提醒提供更完善的地方資訊建議。"
   },
   "234046557601727809": {
      "message": "沒有圖片或影片。"
   },
   "2349912757088764940": {
      "message": "誰能看到："
   },
   "2359614137862708172": {
      "message": "Shift 鍵"
   },
   "2370463380397641604": {
      "message": "常用鍵盤快速鍵"
   },
   "2370656573843123707": {
      "message": "右括弧"
   },
   "2393487423640708285": {
      "message": "網址無效，請確定網址開頭為 http:// 或 https://。"
   },
   "2405795704816921421": {
      "message": "$1​檔案"
   },
   "2412314804333167252": {
      "message": "這份試算表過大，請按一下$3​這裡$1​下載，或$4​在 Google 試算表中編輯$1​。"
   },
   "2418104318933043113": {
      "message": "Google 圖片搜尋結果"
   },
   "2433429041384246549": {
      "message": "靜音"
   },
   "2449254824382583885": {
      "message": "彈出式視窗"
   },
   "2452522051596946166": {
      "message": "糟糕！顯示「$1​」的預覽畫面時發生問題，正在重試。"
   },
   "2454642351139428112": {
      "message": "復原"
   },
   "2466251465475184755": {
      "message": "要清空垃圾桶嗎？這個動作會永久刪除垃圾桶內的所有記事。"
   },
   "2475181823688399272": {
      "message": "下一個"
   },
   "2484568559152875936": {
      "message": "沒有相簿。"
   },
   "2504232652631703202": {
      "message": "已連線"
   },
   "251025074207413762": {
      "message": "新增說明"
   },
   "2510929871271209216": {
      "message": "這份試算表過大，請按一下$2​這裡$1​下載。"
   },
   "2513437337377210144": {
      "message": "End 鍵"
   },
   "2524021436052870191": {
      "message": "無法上傳這個檔案。系統只接受大小不超過 $2​MB 的$1​檔案。"
   },
   "2532280782491328445": {
      "message": "尋找上一個項目"
   },
   "2538080331309772448": {
      "message": "排序：$1​"
   },
   "2538462904124380434": {
      "message": "記事已移至垃圾桶"
   },
   "2546225293834487484": {
      "message": "記事"
   },
   "2558480112329900136": {
      "message": "灰色"
   },
   "257317112834806705": {
      "message": "在清單和格狀檢視之間切換"
   },
   "2579679351920691492": {
      "message": "倒轉"
   },
   "2587566920590457715": {
      "message": "Maps Engine 精簡版"
   },
   "2609409316752026806": {
      "message": "PDF"
   },
   "2609750184896485102": {
      "message": "手機中的影片"
   },
   "2615188670181508661": {
      "message": "您最近並未選取任何文件！"
   },
   "2623861453769098676": {
      "message": "顯示這份文件的預覽畫面時發生問題。"
   },
   "2628268670001557269": {
      "message": "可用空間"
   },
   "2643241712502664984": {
      "message": "您的 YouTube 影片"
   },
   "2661850177130037208": {
      "message": "開啟項目"
   },
   "2681830832355823748": {
      "message": "搜尋所有快速鍵"
   },
   "2687303256387847763": {
      "message": "熱門程度"
   },
   "2702485557996900362": {
      "message": "解決版本衝突問題"
   },
   "2705842902318123127": {
      "message": "瀏覽下一個/上一個記事或清單"
   },
   "272948685355798518": {
      "message": "所選檔案的類型無效。"
   },
   "2731144323070245943": {
      "message": "清單設定"
   },
   "2742719907061406418": {
      "message": "XML"
   },
   "2750830436677712001": {
      "message": "{VIEWER_GENDER,select, female{無法建立「{FOLDER_NAME}」。}male{無法建立「{FOLDER_NAME}」。}other{無法建立「{FOLDER_NAME}」。}}"
   },
   "2752123004911547510": {
      "message": "使用頻率"
   },
   "2758125083752925237": {
      "message": "(擁有者)"
   },
   "277430914014962533": {
      "message": "糟糕！顯示「$1​」的預覽畫面時發生問題。"
   },
   "2774713922589657910": {
      "message": "網域中的所有人"
   },
   "2786560864906393383": {
      "message": "手機中的相片"
   },
   "2789687492331041935": {
      "message": "選擇時間"
   },
   "2790446494460492805": {
      "message": "已開始執行解壓縮工作。封存郵件將顯示在您郵件帳戶中的「匯入：$1​」標籤之下。"
   },
   "2793841261389879255": {
      "message": "上一頁"
   },
   "2801153442808430222": {
      "message": "我的雲端硬碟"
   },
   "2817277146396981386": {
      "message": "PM"
   },
   "2818020101821669029": {
      "message": "建立日期"
   },
   "2818135503416309545": {
      "message": "錄影"
   },
   "2827039933590757722": {
      "message": "Windows 捷徑"
   },
   "2829226075651806940": {
      "message": "放大"
   },
   "2860188519781080944": {
      "message": "橘色"
   },
   "2861568351294148466": {
      "message": "指令碼"
   },
   "2864281852037732729": {
      "message": "較少"
   },
   "2873089307546162154": {
      "message": "確定"
   },
   "2877285560485318801": {
      "message": "暫停"
   },
   "2878874627361086801": {
      "message": "預覽"
   },
   "2879276552944958066": {
      "message": "返回$1​資料夾。"
   },
   "289798573180023043": {
      "message": "確定"
   },
   "2902747751281161248": {
      "message": "套用至新清單"
   },
   "2905147317995482841": {
      "message": "Google 雲端硬碟更新了檔案瀏覽介面，不僅更美觀也更好用！希望您喜歡我們的新版介面。"
   },
   "2917498437550635075": {
      "message": "圖示"
   },
   "2964778642459027786": {
      "message": "垃圾桶內沒有任何記事"
   },
   "2974598228601710262": {
      "message": "新增"
   },
   "2979466412944870220": {
      "message": "正在載入預覽畫面..."
   },
   "2982511431742033448": {
      "message": "沒有簡報。"
   },
   "298817883481775869": {
      "message": "載入中..."
   },
   "3000689173481666334": {
      "message": "編輯您的社交圈"
   },
   "3029395493413607486": {
      "message": "無法載入影片播放器，請試著重新載入網頁。$1​如果問題仍然存在，請$3​前往說明中心尋求解答$2​。"
   },
   "3043961722025425136": {
      "message": "說明"
   },
   "306516303501625305": {
      "message": "驗證失敗。"
   },
   "3073005748126521632": {
      "message": "已於到達$1​時發出提醒"
   },
   "3074184819310272351": {
      "message": "已上傳的相片"
   },
   "3084372889071691504": {
      "message": "{VIEWER_GENDER,select, female{在這裡貼上網址：}male{在這裡貼上網址：}other{在這裡貼上網址：}}"
   },
   "3095645856215493958": {
      "message": "搜尋相片中的印刷文字"
   },
   "31018542656161389": {
      "message": "自動縮放"
   },
   "3109321241584918345": {
      "message": "連結更多應用程式..."
   },
   "3121560585545725724": {
      "message": "$1​ $2​"
   },
   "3140236589681731084": {
      "message": "$1​ 小時後"
   },
   "3189854932778515441": {
      "message": "記事已封存"
   },
   "3207670492626476064": {
      "message": "表格"
   },
   "3211163842850942567": {
      "message": "放大"
   },
   "3222929029344613957": {
      "message": "抱歉，開啟檔案時發生錯誤，請再試一次。"
   },
   "3233388241926683100": {
      "message": "搜尋記事"
   },
   "3243829462528324248": {
      "message": "棕色"
   },
   "3250489229749307913": {
      "message": "電子出版品"
   },
   "3256928852560591255": {
      "message": "無法編輯垃圾桶內的記事"
   },
   "3261131345401321392": {
      "message": "可以註解"
   },
   "3265524298292280681": {
      "message": "Esc 鍵"
   },
   "3267563602179728277": {
      "message": "Delete 鍵"
   },
   "3272496516667407797": {
      "message": "載入詳細資料時發生問題。"
   },
   "3275029321588462173": {
      "message": "無"
   },
   "3278237562147211998": {
      "message": "圖庫相片"
   },
   "330603631583186798": {
      "message": "Word"
   },
   "3306487262690341751": {
      "message": "日期和時間"
   },
   "3312545971976531405": {
      "message": "訊息"
   },
   "3319087486907616296": {
      "message": "投放這個項目"
   },
   "3328129883064940351": {
      "message": "字型"
   },
   "3335409796971631780": {
      "message": "正在解壓縮至雲端硬碟。"
   },
   "3343451103608774400": {
      "message": "Google 正式推出$3​新版「我的地圖」$2​！$1​這是一套功能更為優異的地圖工具。"
   },
   "3354260708176476985": {
      "message": "載入中&hellip;"
   },
   "3357778055650785985": {
      "message": "項目過大，系統不會儲存標明的文字。"
   },
   "3364679383274077479": {
      "message": "可更新應用程式"
   },
   "3368639944474272225": {
      "message": "很抱歉，我們無法擷取文件供您查看，或者您沒有查看該文件的權限。"
   },
   "3381619429606029445": {
      "message": "Visio"
   },
   "3382236845597426718": {
      "message": "開啟"
   },
   "3408219901032480508": {
      "message": "$2​；$1​"
   },
   "3409257542937182842": {
      "message": "正在重試..."
   },
   "3409483962000136213": {
      "message": "播放/暫停"
   },
   "3418767079436101103": {
      "message": "載入這個頁面時發生問題。"
   },
   "3421685394169412932": {
      "message": "系統會自動儲存您所做的所有變更"
   },
   "3422389100099960864": {
      "message": "沒有圖片。"
   },
   "3428726060007577698": {
      "message": "清單太大。"
   },
   "3430885603500576146": {
      "message": "您只能選擇自己確定有權使用的圖片。"
   },
   "3440534675925634227": {
      "message": "在 Chrome 瀏覽器視窗中，前往 chrome://settings 確認您已登入。然後再按一下 [登入]。"
   },
   "3446158485617778228": {
      "message": "復原"
   },
   "3448234415275521882": {
      "message": "一般資訊"
   },
   "3448684788258660606": {
      "message": "您的相片"
   },
   "3450585781337676327": {
      "message": "載入中…"
   },
   "3457279184692206825": {
      "message": "所有人都看得到這些相片 (公開在網路上)。"
   },
   "3468441711253011521": {
      "message": "Google 試算表"
   },
   "3473620774713000513": {
      "message": "已解決"
   },
   "3483438888494819423": {
      "message": "Google Keep 最新功能"
   },
   "3511274344439521198": {
      "message": "動作"
   },
   "3518073392823563581": {
      "message": "鍵盤快速鍵"
   },
   "3531603810713611778": {
      "message": "檔案大小超過上限，請取消選取一或多個檔案。"
   },
   "3543475399174940144": {
      "message": "還有 $1​ 位共用者"
   },
   "3547194749488601916": {
      "message": "更新中…"
   },
   "354828103903104581": {
      "message": "勾選的項目"
   },
   "3561658662634401836": {
      "message": "標題"
   },
   "357172711168973843": {
      "message": "系統無法儲存最近新增的記事或變更。請自行複製這些內容，然後重新載入。"
   },
   "3586705906700410505": {
      "message": "線條藝術畫"
   },
   "3587798318180902863": {
      "message": "{NUM_SELECTED,plural, =1{ 個已選取的項目 »}other{ 個已選取的項目 »}}"
   },
   "3595000514985906359": {
      "message": "Excel"
   },
   "3602920441714068008": {
      "message": "已於 $1​ $2​ 發出提醒"
   },
   "3608606849109645545": {
      "message": "輸入新文件名稱："
   },
   "361202495024972887": {
      "message": "上傳影片"
   },
   "361630518611593946": {
      "message": "隱藏核取方塊"
   },
   "3625886392901506764": {
      "message": "或"
   },
   "3643146117250542609": {
      "message": "沒有 PDF 檔案。"
   },
   "3645728163953189422": {
      "message": "很抱歉，由於檔案過大，我們無法擷取文件供您查看。"
   },
   "3651893685901703652": {
      "message": "..."
   },
   "3657386785336906042": {
      "message": "反斜線"
   },
   "3659554681396757189": {
      "message": "我上次開啟的日期"
   },
   "3663571259791438207": {
      "message": "檢舉濫用情形"
   },
   "3664842788764635265": {
      "message": "無"
   },
   "3666123569747918021": {
      "message": "這份文件的變更尚未儲存，您確定要離開頁面並捨棄變更嗎？"
   },
   "3673346558112798837": {
      "message": "無背景"
   },
   "3674811252904549204": {
      "message": "封面相片"
   },
   "3678477908297567934": {
      "message": "底線"
   },
   "3681747688524363195": {
      "message": "置於頂端"
   },
   "3690515530505404607": {
      "message": "播放這部影片時發生問題。"
   },
   "369764661829607970": {
      "message": "{NUM_ITEMS,plural, =0{沒有任何項目}=1{1 個項目}other{# 個項目}}"
   },
   "3712215972250917265": {
      "message": "註解"
   },
   "3717138719704492547": {
      "message": "請檢查地址是否有拼寫錯誤。"
   },
   "374088101949877889": {
      "message": "關閉"
   },
   "3745308627628779133": {
      "message": "新資料夾"
   },
   "3748461364828242354": {
      "message": "選擇顏色"
   },
   "3770795578481676514": {
      "message": "黃色"
   },
   "3771958676925493302": {
      "message": "移除篩選器：$1​"
   },
   "3779945546806941187": {
      "message": "單色"
   },
   "3793086499925031123": {
      "message": "開啟搜尋列/尋找上一個項目"
   },
   "37992665410817181": {
      "message": "已重新開啟"
   },
   "3801617971018550169": {
      "message": "昨天"
   },
   "3808213429720572062": {
      "message": "還原"
   },
   "381100310424863459": {
      "message": "Illustrator"
   },
   "3842411126100113634": {
      "message": "Page Up 鍵"
   },
   "3844047145949375230": {
      "message": "文件"
   },
   "3858324058837632381": {
      "message": "播放這個音訊檔案時發生問題。"
   },
   "3864575916269080329": {
      "message": "圖片文字可供搜尋"
   },
   "3866373087987934712": {
      "message": "上傳失敗：$1​"
   },
   "3869166581651870488": {
      "message": "完成編輯"
   },
   "3873215756962047275": {
      "message": "封存"
   },
   "3873467440437675460": {
      "message": "很抱歉，我們找不到您之前選取的字型。"
   },
   "3897281533382850749": {
      "message": "取消靜音"
   },
   "3936153839186254186": {
      "message": "顯示：$1​"
   },
   "3955760658925284765": {
      "message": "重試"
   },
   "3974064131130689245": {
      "message": "格狀檢視"
   },
   "3977699855735576796": {
      "message": "載入其他頁面時發生問題。"
   },
   "3988418762222300024": {
      "message": "句號"
   },
   "3989552504822984034": {
      "message": "Google 繪圖"
   },
   "4005725939358875643": {
      "message": "動作已復原。"
   },
   "4014287326684608407": {
      "message": "藍綠色"
   },
   "4048275292053012394": {
      "message": "聯絡人"
   },
   "4059387791040010947": {
      "message": "Meta 鍵"
   },
   "4067915791853673774": {
      "message": "{VIEWER_GENDER,select, female{關閉}male{關閉}other{關閉}}"
   },
   "4078179869358383373": {
      "message": "找不到任何結果。"
   },
   "4087667435414545203": {
      "message": "您已登出帳戶。如要進行變更，請重新載入。"
   },
   "4093134637041332383": {
      "message": "瞭解詳情"
   },
   "4097007735221462946": {
      "message": "繪圖"
   },
   "4097921967754832323": {
      "message": "連字號"
   },
   "4100504115801514799": {
      "message": "記事已還原"
   },
   "4119294114251628099": {
      "message": "無法擷取您指定的圖片網址。該網址可能是私人網址，因此我們的伺服器無法存取，請改用其他網址。"
   },
   "4134385041569168669": {
      "message": "載入中..."
   },
   "4148564423510181521": {
      "message": "清除搜尋"
   },
   "4152315289461886": {
      "message": "文件控制項"
   },
   "4168280976997555951": {
      "message": "沒有文件。"
   },
   "4174786386751618325": {
      "message": "相片記事"
   },
   "4182427157920112948": {
      "message": "波浪號"
   },
   "4200426647595470259": {
      "message": "正在播放音訊檔案"
   },
   "4200911267543705377": {
      "message": "在上方的搜尋框中輸入關鍵字，即可透過 Google 網誌搜尋服務尋找相符的網誌搜尋結果。"
   },
   "4205329094859140439": {
      "message": "AM"
   },
   "4211182812451835307": {
      "message": "可以編輯"
   },
   "4211806608204126222": {
      "message": "$2​服務條款$1​"
   },
   "4214190403999219403": {
      "message": "縮放"
   },
   "4230101516585408149": {
      "message": "撰寫新記事"
   },
   "4253741616909644861": {
      "message": "搜尋字詞"
   },
   "4280747719095153198": {
      "message": "已解決的註解"
   },
   "4286663890332754386": {
      "message": "上傳失敗。"
   },
   "4299690446455033653": {
      "message": "Works"
   },
   "4314643310615423802": {
      "message": "您已經登出。"
   },
   "4318861667254318892": {
      "message": "Google 影片"
   },
   "4319229296464464147": {
      "message": "新增日期"
   },
   "4320831042030778": {
      "message": "取消"
   },
   "4332252081504252077": {
      "message": "糟糕！"
   },
   "4338991104991831337": {
      "message": "圖片"
   },
   "4339705658383891586": {
      "message": "全彩"
   },
   "4343825450663233452": {
      "message": "可以檢視"
   },
   "4343836986248234462": {
      "message": "清單項目"
   },
   "435214284915110062": {
      "message": "開啟搜尋列"
   },
   "4372755508519489521": {
      "message": "格狀檢視"
   },
   "4391715930031906467": {
      "message": "尋找下一個項目"
   },
   "4395845663892873002": {
      "message": "Home 鍵"
   },
   "4422985761498356257": {
      "message": "選擇開啟工具"
   },
   "4430062722430863019": {
      "message": "永久刪除記事？"
   },
   "4439812492856303238": {
      "message": "很抱歉！處理你的選取項目時發生未預期的錯誤，請稍後再試。"
   },
   "4444571967705751871": {
      "message": "垃圾桶"
   },
   "4466605492523079635": {
      "message": "儲存"
   },
   "4468872996560163913": {
      "message": "立即清空垃圾桶"
   },
   "4473912481270012588": {
      "message": "已儲存至雲端硬碟 - 移至："
   },
   "45228242181482134": {
      "message": "播放"
   },
   "4536519876526589338": {
      "message": "$1​顯示圖片。"
   },
   "4552045407215325033": {
      "message": "您在上方輸入的影片網址無法載入。請確定該網址正確無誤，而且影片是來自我們所支援的網站。"
   },
   "4564682305303579317": {
      "message": "繼續"
   },
   "456498742882714639": {
      "message": "移至："
   },
   "4588500131398315347": {
      "message": "建立社交圈"
   },
   "4604402426271704651": {
      "message": "沒有相片"
   },
   "4620034373159179678": {
      "message": "第 $1​ 頁，共 $2​ 頁"
   },
   "4630690108252818511": {
      "message": "找不到圖片。"
   },
   "468283184702431827": {
      "message": "作業已開始"
   },
   "4695897771458936174": {
      "message": "將 Google 雲端硬碟中的相片分享到 Google+"
   },
   "4740100782728373253": {
      "message": "儲存至雲端硬碟"
   },
   "4748046231232264180": {
      "message": "Google 表單"
   },
   "4767722428137216885": {
      "message": "取消"
   },
   "477328789314249432": {
      "message": "搜尋記事"
   },
   "4775368111547931093": {
      "message": "沒有說明"
   },
   "4781742940361705258": {
      "message": "關閉"
   },
   "4783695823456312682": {
      "message": "移至底部"
   },
   "47844150329705564": {
      "message": "「$1​」的搜尋結果"
   },
   "4798897505978458661": {
      "message": "找不到影片。"
   },
   "4805047680716507619": {
      "message": " - 移至："
   },
   "4806763987633034948": {
      "message": "PKCS7 Signature"
   },
   "4833214200453019325": {
      "message": "$1​ / $2​"
   },
   "4846720038197420778": {
      "message": "連結更多應用程式"
   },
   "4853788427396558692": {
      "message": "$1​ MB"
   },
   "4858389278403807208": {
      "message": "記事已移至垃圾桶"
   },
   "4888104357342241891": {
      "message": "提醒"
   },
   "4889853674709731963": {
      "message": "所有記事都已離線儲存"
   },
   "4901386320110714275": {
      "message": "密碼不正確，請再試一次。"
   },
   "490372259452655427": {
      "message": "很抱歉，目前還無法查看這份文件。"
   },
   "4906669330059413958": {
      "message": "提交密碼"
   },
   "4908614808966678155": {
      "message": "找不到與「$1​」相符的搜尋結果"
   },
   "4926020998477695737": {
      "message": "切換至「$1​」資料夾"
   },
   "4943176738805484221": {
      "message": "編輯"
   },
   "4956678140555659175": {
      "message": "Backspace 鍵"
   },
   "4957674814179289955": {
      "message": "瀏覽下一個/上一個清單項目"
   },
   "4963784280521435720": {
      "message": "儲存中..."
   },
   "4969219890884320840": {
      "message": "更新"
   },
   "4983125135476400111": {
      "message": "將記事/清單丟進垃圾桶"
   },
   "4988132901627446385": {
      "message": "已展開詳細資料面板。"
   },
   "4998757387516632837": {
      "message": "顯示的結果可供使用者自行修改並使用。"
   },
   "5006225450559627366": {
      "message": "還有 $1​ 張圖片"
   },
   "501475221876543407": {
      "message": "您新增的記事會顯示在這裡"
   },
   "5023525794410110078": {
      "message": "新增相片說明文字"
   },
   "5026241297254150381": {
      "message": "新增記事"
   },
   "5046371569383796818": {
      "message": "保留"
   },
   "5055418092354683641": {
      "message": "Serif"
   },
   "5095987896933771566": {
      "message": "列印文件"
   },
   "5096751700090310607": {
      "message": "沒有相片。"
   },
   "509815948423424872": {
      "message": "一覽表"
   },
   "5099245668405591445": {
      "message": "搜尋"
   },
   "512429649443191386": {
      "message": "$2​說明$1​"
   },
   "5124522868502261563": {
      "message": "試算表"
   },
   "5130903421326358933": {
      "message": "將附件儲存至 Google 雲端硬碟時發生問題。"
   },
   "5149937870346466591": {
      "message": "清單檢視"
   },
   "5169187962228219813": {
      "message": "Life 圖片"
   },
   "5180454621500142444": {
      "message": "還原"
   },
   "5180989337128758117": {
      "message": "左括弧"
   },
   "5184692850089055965": {
      "message": "擷取圖片文字"
   },
   "5197718200713913936": {
      "message": "C++"
   },
   "5201670213497642487": {
      "message": "詳細資料面板標籤列。按左右方向鍵即可切換標籤。"
   },
   "5204391636475413312": {
      "message": "儲存"
   },
   "5213411023807957844": {
      "message": "搜尋 Google Keep"
   },
   "5213974294317036409": {
      "message": "{numPages,plural, =0{}=1{1 頁}other{# 頁}}"
   },
   "5226470917948786938": {
      "message": "按字母排列"
   },
   "5238003680997310998": {
      "message": "更多"
   },
   "5238371081785912565": {
      "message": "使用「$1​」開啟"
   },
   "5275493935807628890": {
      "message": "我們在該網址找不到指定圖片。"
   },
   "5281121179861637423": {
      "message": "您必須提供密碼才能存取「$1​」，請輸入密碼"
   },
   "5288037028604092288": {
      "message": "XPS"
   },
   "5291153964865714504": {
      "message": "找不到相符的記事"
   },
   "5299648222246616124": {
      "message": "倒引號"
   },
   "5304869088141363028": {
      "message": "精選相片"
   },
   "5316658541831864803": {
      "message": "很抱歉，系統目前無法顯示這種類型的文件。"
   },
   "5319313176242717957": {
      "message": "正在處理圖片..."
   },
   "5336801339221383042": {
      "message": "Javascript"
   },
   "534228323125524312": {
      "message": "縮小"
   },
   "5353129315502554762": {
      "message": "樣式表"
   },
   "5372143986724491245": {
      "message": "$1​ 天前"
   },
   "5372160981898991853": {
      "message": "Publisher"
   },
   "5399553230649155346": {
      "message": "$1​ 小時後"
   },
   "5403830377590414208": {
      "message": "白色"
   },
   "5408091115193390231": {
      "message": "AutoCAD"
   },
   "5438481737351808090": {
      "message": "下午 ($1​)"
   },
   "544377415081282702": {
      "message": "很抱歉，"
   },
   "5447119197363232006": {
      "message": "顯示在雲端硬碟中"
   },
   "5465323999933375616": {
      "message": "您已達到頻寬上限，無法再查看或下載非 Google 文件格式的檔案。"
   },
   "5472312735475866917": {
      "message": "$1​的註解。"
   },
   "547865385964196102": {
      "message": "$1​ 分鐘前"
   },
   "5482872484546230111": {
      "message": "搜尋圖書"
   },
   "5494181290179470995": {
      "message": "刪除"
   },
   "5500117709595533163": {
      "message": "在上方的搜尋框中輸入關鍵字，即可透過 Google 圖書服務尋找相符的電子書搜尋結果。"
   },
   "5514516347328112388": {
      "message": "您也可以按一下$2​這裡$1​下載原始文件。"
   },
   "5529532831767466284": {
      "message": "{VIEWER_GENDER,select, female{{DEGREES}° {MINUTES}' {SECONDS}\"}male{{DEGREES}° {MINUTES}' {SECONDS}\"}other{{DEGREES}° {MINUTES}' {SECONDS}\"}}"
   },
   "5555182241047709329": {
      "message": "選擇地點"
   },
   "5555599189512365009": {
      "message": "知道了"
   },
   "5571842632470308750": {
      "message": "不限類型"
   },
   "5588597116382648727": {
      "message": "正在開始進行解壓縮工作。"
   },
   "5598649706113950710": {
      "message": "編輯器"
   },
   "5609727719971819773": {
      "message": "{VIEWER_GENDER,select, female{返回}male{返回}other{返回}}"
   },
   "5627470193961862490": {
      "message": "內含最新提醒的記事會顯示在這裡"
   },
   "5631086126416409232": {
      "message": "藍色"
   },
   "564165666160590723": {
      "message": "Windows Media Player"
   },
   "5660422479531064559": {
      "message": "沒有表單。"
   },
   "5675154446465700699": {
      "message": "PDF"
   },
   "568072913338360182": {
      "message": "HTML"
   },
   "5707549724380589079": {
      "message": "刪除勾選的項目？"
   },
   "5714240424645614611": {
      "message": "Android 套件"
   },
   "5728640851616538925": {
      "message": "綠色"
   },
   "5744491383087191878": {
      "message": "您在上方輸入的圖片網址錯誤或無法載入。"
   },
   "5747728324987383020": {
      "message": "臉部特寫"
   },
   "5783875011049188612": {
      "message": "已擷取的圖片文字"
   },
   "5785010887521443923": {
      "message": "移除"
   },
   "5834678297024555032": {
      "message": "允許"
   },
   "5840330517914556080": {
      "message": "縮小"
   },
   "5842536098490298653": {
      "message": "找不到字型。"
   },
   "5865680764501413616": {
      "message": "無法識別文字。"
   },
   "5871966496153339793": {
      "message": "目前顯示的是「$1​」影片的縮圖"
   },
   "5875004331736681428": {
      "message": "正在解壓縮至您的郵件帳戶。"
   },
   "587666071025645113": {
      "message": "搜尋"
   },
   "5877526626743756786": {
      "message": "意見回饋"
   },
   "5889725440363483648": {
      "message": "群組中的所有人"
   },
   "5911012384539794869": {
      "message": "無法開始進行解壓縮工作。"
   },
   "5916010927050975496": {
      "message": "$1​ KB"
   },
   "5949528478488617689": {
      "message": "下載權限"
   },
   "5950887255133612666": {
      "message": "尚未開始。"
   },
   "5969696744752069015": {
      "message": "無法預覽。"
   },
   "5971400924847413790": {
      "message": "您也可以查看$2​純 HTML$1​ (系統將自動導向)。"
   },
   "5972111804366033138": {
      "message": "下載"
   },
   "5975031149676029214": {
      "message": "所有人"
   },
   "5976369213680241300": {
      "message": "搜尋圖片"
   },
   "5980081664136280513": {
      "message": "綠色"
   },
   "5984398071085567332": {
      "message": "Google Fusion Tables"
   },
   "6009962986062136164": {
      "message": "正在載入「$1​」。"
   },
   "60305871484579258": {
      "message": "Alt 鍵"
   },
   "6043068172993241858": {
      "message": "這個社交圈還沒有任何成員。"
   },
   "604883455412617728": {
      "message": "找不到與搜尋字詞相符的聯絡人。"
   },
   "6051386830221821025": {
      "message": "登入中..."
   },
   "6064654062949366878": {
      "message": "播放"
   },
   "6070475007374165567": {
      "message": "儲存中..."
   },
   "6083586461434260179": {
      "message": "全新瀏覽介面"
   },
   "6087078248621415351": {
      "message": "上次修改時間：$1​"
   },
   "6091926883608250483": {
      "message": "更多"
   },
   "6105571474005679446": {
      "message": "顯示預覽畫面時發生問題。"
   },
   "6113237889871930608": {
      "message": "空白記事"
   },
   "6118623991445349480": {
      "message": "第 $1​ 頁"
   },
   "6122643025527543706": {
      "message": "Ctrl 鍵"
   },
   "6131822680770571276": {
      "message": "PowerPoint"
   },
   "6140634664402328750": {
      "message": "應用程式清單"
   },
   "6149175749937815029": {
      "message": "查看所有項目"
   },
   "6160805346274626656": {
      "message": "永久刪除"
   },
   "616807262818311711": {
      "message": "類型"
   },
   "6175043905327075444": {
      "message": "先前選取的項目"
   },
   "6177107655089301674": {
      "message": "下載 Google Keep 應用程式 Android 版"
   },
   "6185886893933834031": {
      "message": "只保留選取的版本"
   },
   "6186290899408627510": {
      "message": "Enter 鍵"
   },
   "6189891414154673003": {
      "message": "我的地圖"
   },
   "6203260615455347677": {
      "message": "Numbers"
   },
   "6223207695466118454": {
      "message": "YouTube"
   },
   "6224687211096863620": {
      "message": "所有人"
   },
   "623118860067088424": {
      "message": "影片"
   },
   "6231401379881217113": {
      "message": "Insert 鍵"
   },
   "6252259197986158120": {
      "message": "昨天"
   },
   "6253076263700695984": {
      "message": "驗證發生錯誤，請重新載入。"
   },
   "6255475144867830247": {
      "message": "選擇其他導覽分頁。"
   },
   "6267063643272327592": {
      "message": "請稍後再試。"
   },
   "6290270819062517523": {
      "message": "選取項目過多。請取消選取一或多個項目。"
   },
   "6305748545202493254": {
      "message": "顯示/隱藏詳細資料窗格"
   },
   "6324768448533022780": {
      "message": "$2​ 年 $1​"
   },
   "6331677437567501421": {
      "message": "更新下載權限時發生問題。"
   },
   "6333496730738019575": {
      "message": "載入中..."
   },
   "634900089121611600": {
      "message": "沒有影片。"
   },
   "6362170008350775214": {
      "message": "在$1​附近時提醒我"
   },
   "6375395544374251820": {
      "message": "載入其他頁面時發生問題，正在重試..."
   },
   "6376739025584042564": {
      "message": "相片裁剪"
   },
   "6386587519843563719": {
      "message": "二進位檔"
   },
   "6416495701611778255": {
      "message": "建議使用的第三方應用程式"
   },
   "6419411265907669340": {
      "message": "今天"
   },
   "6436479735235889890": {
      "message": "在 $1​$2​ 提醒我"
   },
   "6450508807204492448": {
      "message": "$1​ 圖示"
   },
   "6457802200418354862": {
      "message": "檢視者可以下載"
   },
   "6459405233858728718": {
      "message": "Google 簡報"
   },
   "6464761738227651511": {
      "message": "$1​ 分鐘前"
   },
   "6466736813846482957": {
      "message": "上一個"
   },
   "6479216014938929613": {
      "message": "晚上 ($1​)"
   },
   "6482358947077977110": {
      "message": "Google 搜尋圖片"
   },
   "6487403767449360463": {
      "message": "重新載入 Keep？"
   },
   "6488225756782357866": {
      "message": "Google 圖片在這個網頁上找到了您選取的圖片："
   },
   "6510131849363684615": {
      "message": "明天"
   },
   "6516256764288947999": {
      "message": "標記人物"
   },
   "6522917155620379865": {
      "message": "下載"
   },
   "6524849072392100692": {
      "message": "Google 雲端硬碟資料夾"
   },
   "6551588617715293696": {
      "message": "排序選項"
   },
   "6570921376519753466": {
      "message": "顯示"
   },
   "6571686604846453345": {
      "message": "將這個項目新增至雲端硬碟時發生問題。"
   },
   "6582286158693833652": {
      "message": "瞭解詳情"
   },
   "6588176324871799870": {
      "message": "Google Apps Script"
   },
   "6602430002978098812": {
      "message": "手寫"
   },
   "6614046405230762587": {
      "message": "找不到聯絡人。"
   },
   "6622304228074863427": {
      "message": "應用程式"
   },
   "6624754161346656119": {
      "message": "$1​顯示圖片。"
   },
   "6644861766016503644": {
      "message": "請輸入密碼"
   },
   "6650600936729710500": {
      "message": "回覆。"
   },
   "666311703374681171": {
      "message": "圖片和影片"
   },
   "6666820082708870349": {
      "message": "移除"
   },
   "6707173584987026005": {
      "message": "今天"
   },
   "6709984792949009238": {
      "message": "我上次開啟的時間"
   },
   "6726462693927865256": {
      "message": "詳細資料"
   },
   "6726879257388338969": {
      "message": "列印"
   },
   "6726925393892510846": {
      "message": "發生錯誤，請再試一次。"
   },
   "6741759391888465238": {
      "message": "正在儲存至雲端硬碟 - 移至："
   },
   "6744457949320515234": {
      "message": "已捨棄空白記事"
   },
   "6757218172402086688": {
      "message": "搜尋記事..."
   },
   "6780628488957834429": {
      "message": "橘色"
   },
   "6784073265197389491": {
      "message": "暸解詳情"
   },
   "681598652078493281": {
      "message": "瞭解詳情"
   },
   "6818286476757207074": {
      "message": "您只能選擇自己確定有權使用的圖片。"
   },
   "682070933835616121": {
      "message": "沒有表格。"
   },
   "6822338149422461362": {
      "message": "Google 雲端硬碟"
   },
   "6827821461670731013": {
      "message": "顯示核取方塊"
   },
   "6828581947433060251": {
      "message": "重新命名項目時發生問題。"
   },
   "6833760103261954639": {
      "message": "載入這個頁面時發生問題，正在重試..."
   },
   "6841020391100928352": {
      "message": "檔案大小超過上限。"
   },
   "6851307437837490686": {
      "message": "禁止檢視者下載"
   },
   "6856672816797218730": {
      "message": "附加"
   },
   "6891563484025164308": {
      "message": "返回"
   },
   "6893687445500687349": {
      "message": "協作平台"
   },
   "6898823203505321799": {
      "message": "詳細資料"
   },
   "6904351530369058983": {
      "message": "擁有者"
   },
   "6905021988981026920": {
      "message": "影片搜尋結果"
   },
   "6922953828399110511": {
      "message": "關閉檢視器"
   },
   "6929958461954697067": {
      "message": "有您出現的相片"
   },
   "6939782595426687411": {
      "message": "新增中..."
   },
   "6940998537415516791": {
      "message": "，"
   },
   "695253297035211081": {
      "message": "清空垃圾桶"
   },
   "6967244066810487978": {
      "message": "垃圾桶"
   },
   "6970167488058122005": {
      "message": "作者不明"
   },
   "6976414863987386971": {
      "message": "表單"
   },
   "7001938470263404128": {
      "message": "上傳"
   },
   "7002768663714031226": {
      "message": "更新"
   },
   "7004919150329996187": {
      "message": "在這個社交圈中找不到相符的使用者。"
   },
   "7054631817922169541": {
      "message": "您在 Google Keep 進行的變更尚未儲存，確定要離開此頁面並捨棄變更嗎？"
   },
   "7059437903473652416": {
      "message": "播放 YouTube 影片「$1​」"
   },
   "7080196430479494775": {
      "message": "重試"
   },
   "7084324152376766809": {
      "message": "$1​ 天前"
   },
   "7084991134824194740": {
      "message": "提醒我"
   },
   "7092062731478679314": {
      "message": "找不到社交圈。"
   },
   "7117183622067702162": {
      "message": "有了 Google 雲端硬碟，您無需再傳送任何電子郵件附件。只要透過分享連結的方式，即可與他人共用 Google 雲端硬碟儲存的任何檔案。所有共用對象看到的檔案內容和版本完全一致，不必手動更新檔案。"
   },
   "713754035716193665": {
      "message": "新增清單"
   },
   "7146242673022399081": {
      "message": "文字"
   },
   "7148992630785407972": {
      "message": "這個檔案受密碼保護，因此無法預覽。"
   },
   "7151987668860086450": {
      "message": "網頁搜尋結果"
   },
   "7153847618034547771": {
      "message": "啟用"
   },
   "7161134329606048317": {
      "message": "關閉"
   },
   "7164532930742017984": {
      "message": "知道連結的所有人"
   },
   "7174189954350964804": {
      "message": "重試"
   },
   "7177591028189992523": {
      "message": "移動"
   },
   "7188754206068648188": {
      "message": "逗號分隔資料"
   },
   "7225837680381806920": {
      "message": "傍晚 ($1​)"
   },
   "722702934847795304": {
      "message": "Project"
   },
   "7236199858216720905": {
      "message": "地圖"
   },
   "7247530225058410142": {
      "message": "$1​ $2​"
   },
   "7259352906118493156": {
      "message": "沒有協作平台。"
   },
   "7282548567245878869": {
      "message": "項目已刪除"
   },
   "7295712436136900176": {
      "message": "重新載入"
   },
   "7310311230493556740": {
      "message": "網址"
   },
   "7339696241980105410": {
      "message": "您選取的影片不存在，可能已遭擁有者移除。"
   },
   "7342923890755029722": {
      "message": "關閉"
   },
   "734478884582426793": {
      "message": "壓縮檔"
   },
   "7357017164339332230": {
      "message": "這些圖片也可以透過 $2​Picasa 網路相簿$1​ (Google 的免費相片代管服務) 瀏覽及分享。"
   },
   "736105042796745909": {
      "message": "{VIEWER_GENDER,select, female{建立資料夾}male{建立資料夾}other{建立資料夾}}"
   },
   "7362061801920948830": {
      "message": "上傳更多檔案"
   },
   "7364571366369083618": {
      "message": "影片"
   },
   "7377239345926788722": {
      "message": "動作"
   },
   "7380785991026002613": {
      "message": "顯示的結果可供使用者自行使用。"
   },
   "7382688299146249119": {
      "message": "下載項目"
   },
   "7383706174467122149": {
      "message": "記事已刪除"
   },
   "7388342865555961406": {
      "message": "$1​ 天後"
   },
   "7393771571081973549": {
      "message": "C"
   },
   "740507516967994591": {
      "message": "開啟"
   },
   "7422452809590461532": {
      "message": "紅色"
   },
   "7426603384368095928": {
      "message": "請重新載入網頁，以便再次登入並繼續工作。"
   },
   "7429084719905985261": {
      "message": "Objective C"
   },
   "7432956605646331928": {
      "message": "SQL"
   },
   "7440735091552109962": {
      "message": "$2​ (最新編輯時間：$1​)"
   },
   "7441891675459021164": {
      "message": "正在儲存至雲端硬碟"
   },
   "7451573821837395189": {
      "message": "文件已新增至$2​您的雲端硬碟$1​。"
   },
   "7468322419516352788": {
      "message": "更新說明時發生問題。"
   },
   "7488945223835574498": {
      "message": "Postscript"
   },
   "7492710087472140422": {
      "message": "暸解詳情"
   },
   "7493919863870655172": {
      "message": "網路攝影機"
   },
   "7500786109708143683": {
      "message": "音訊已刪除"
   },
   "7501027876827009022": {
      "message": "顯示的結果可供使用者用於商業用途。"
   },
   "7521272923988336579": {
      "message": "立即重新載入 Keep，即可取得最新版本。"
   },
   "7532552995569296274": {
      "message": "清除搜尋"
   },
   "7546994163355383999": {
      "message": "所有記事都已儲存"
   },
   "7559208209275370228": {
      "message": "我上次編輯的時間"
   },
   "7565383798249439151": {
      "message": "$1​ 天後"
   },
   "7565870443143407759": {
      "message": "在文件中搜尋"
   },
   "7586291841734385643": {
      "message": "彈出式視窗"
   },
   "7598582624136632660": {
      "message": "開啟搜尋列/尋找下一個項目"
   },
   "7602870977118971161": {
      "message": "重新載入"
   },
   "7610654194202731772": {
      "message": "刪除"
   },
   "761925792744044896": {
      "message": "設為個人資料相片"
   },
   "7630723924002267143": {
      "message": "已啟用鍵盤快速鍵。"
   },
   "7640546114686970497": {
      "message": "無法新增更多清單項目"
   },
   "7669846901402551021": {
      "message": "今天"
   },
   "7691521283331762131": {
      "message": "您已封存的記事會顯示在這裡"
   },
   "772000107335590599": {
      "message": "$1​ 分鐘後"
   },
   "7734578122414851725": {
      "message": "PHP"
   },
   "7745005220197261896": {
      "message": "圖書搜尋結果"
   },
   "7759846028901235026": {
      "message": "已取消封存記事"
   },
   "776065748745885880": {
      "message": "空白鍵"
   },
   "7770982082843341533": {
      "message": "這個資料夾中沒有任何項目。"
   },
   "779472474101127362": {
      "message": "拍攝快照"
   },
   "7800318069267901681": {
      "message": "上次修改日期"
   },
   "7805487598105530487": {
      "message": "內嵌"
   },
   "7814778057875152792": {
      "message": "將附件移至 Google 雲端硬碟中的指定資料夾時發生問題。"
   },
   "7820417126206702946": {
      "message": "這裡顯示的搜尋結果僅供使用者在 Google 雲端硬碟中用於個人使用或商業用途，不可獨自對外散佈或販售。"
   },
   "7822364282298323175": {
      "message": "清單已刪除"
   },
   "7830513726270865588": {
      "message": "日曆"
   },
   "7845751753397906805": {
      "message": "發現衝突的版本"
   },
   "7852396628465259068": {
      "message": "個人資料相片"
   },
   "7859526172011446452": {
      "message": "停止投放"
   },
   "78870906674150830": {
      "message": "$3​$1​$2​"
   },
   "7895643887742936844": {
      "message": "分號"
   },
   "7899833760457194273": {
      "message": "圖片搜尋"
   },
   "7899913952063063825": {
      "message": "圖片已刪除"
   },
   "7906726367011430855": {
      "message": "連結"
   },
   "7910518224461588465": {
      "message": "黄色"
   },
   "7953603850004320936": {
      "message": "無法預覽。"
   },
   "7957306528733096600": {
      "message": "作業已完成"
   },
   "7960528690514646841": {
      "message": "{moreCount,plural, =0{unused plural form}=1{另外 1 人}other{另外 {moreCount} 人}}"
   },
   "7973635145070803181": {
      "message": "上傳相片"
   },
   "7987180255015869513": {
      "message": "或在這裡貼上網址："
   },
   "8011497727123874703": {
      "message": "$1​資料夾按鈕"
   },
   "8016231262233952856": {
      "message": "藍綠色"
   },
   "8019402848412685977": {
      "message": "「$2​」已重新命名為「$1​」。"
   },
   "8023466614826324314": {
      "message": "這些相片將會開放給許多人瀏覽。"
   },
   "8043514121228710092": {
      "message": "新增圖片"
   },
   "8044700199531805239": {
      "message": "已連結「$3​$1​$2​」。"
   },
   "8069384932934428393": {
      "message": "$1​ 分鐘後"
   },
   "8081927474846706026": {
      "message": "沒有繪圖。"
   },
   "8090743714060857028": {
      "message": "檢視者無法下載"
   },
   "8095838445486198080": {
      "message": "{FILE_SIZE,plural, =0{0 個位元組}=1{1 個位元組}other{# 個位元組}}"
   },
   "8099047958506869131": {
      "message": "{VIEWER_GENDER,select, female{新資料夾}male{新資料夾}other{新資料夾}}"
   },
   "8100558294600077150": {
      "message": "網誌搜尋結果"
   },
   "8105635255693472607": {
      "message": "新增清單項目"
   },
   "8106780183458743723": {
      "message": "相簿"
   },
   "8112699352770418817": {
      "message": "找不到相符的圖書。"
   },
   "8132410616064087953": {
      "message": "影片過長 (長度上限為 $1​ 秒)。"
   },
   "8135145577663029437": {
      "message": "兩個版本都保留"
   },
   "8146560259680897627": {
      "message": "取消"
   },
   "8158191101452862916": {
      "message": "插入圖片"
   },
   "8159493406018222636": {
      "message": "提供意見"
   },
   "8172945196588870035": {
      "message": "活動"
   },
   "8174654098152723289": {
      "message": "編輯說明"
   },
   "8178754379486173416": {
      "message": "{VIEWER_GENDER,select, female{所選項目數量太少，請多選幾個。}male{所選項目數量太少，請多選幾個。}other{所選項目數量太少，請多選幾個。}}"
   },
   "8192378456655629049": {
      "message": "正在處理影片…"
   },
   "8193991135666622583": {
      "message": "Keep"
   },
   "821942580510564685": {
      "message": "如要檢視這份文件，請輸入密碼"
   },
   "8239237134193392595": {
      "message": "地點提醒通知只會在行動裝置上顯示。"
   },
   "8267458240960831780": {
      "message": "驗證中…"
   },
   "8281141013543828574": {
      "message": "原始圖片"
   },
   "8281678863271800533": {
      "message": "圖片篩選器"
   },
   "8283103456188558313": {
      "message": "簡報"
   },
   "8290434443655418968": {
      "message": "{filesCount,plural, =0{unused plural form}=1{系統不支援您要上傳的檔案 [{file}]。}other{系統不支援您要上傳的檔案 [{files}]。}}"
   },
   "8304474373444239435": {
      "message": "$1​的回覆。"
   },
   "8322416564157128458": {
      "message": "共用設定"
   },
   "8324195080917648153": {
      "message": "瀏覽器視窗過小，無法顯示影片，請放大您的瀏覽器視窗。"
   },
   "8337582740675387693": {
      "message": "Java"
   },
   "8342684858400436871": {
      "message": "Tab 鍵"
   },
   "8379952094517631162": {
      "message": "否"
   },
   "8409393124758970712": {
      "message": "$2​ x $1​"
   },
   "8412684147928483084": {
      "message": "黑色"
   },
   "8435544675017330861": {
      "message": "找不到與搜尋字詞相符的項目。"
   },
   "8436817383042650304": {
      "message": "Caps Lock 鍵"
   },
   "8451184312655705174": {
      "message": "如果網址正確，這裡將會顯示預覽畫面。大型圖片可能需要數分鐘才能完全載入。"
   },
   "8467894483369467251": {
      "message": "Flash"
   },
   "8506198918368329269": {
      "message": "顯示的結果可供使用者自行修改並用於商業用途。"
   },
   "8571315158566081191": {
      "message": "沒有試算表。"
   },
   "8580600056399054303": {
      "message": "設定新項目或勾選項目的放置位置"
   },
   "8595175575778060149": {
      "message": "更多"
   },
   "8596257056433048992": {
      "message": "歡迎使用"
   },
   "8616342546716995946": {
      "message": "我知道了"
   },
   "8621067185485606452": {
      "message": "ECMAScript"
   },
   "8638281560898810401": {
      "message": "{MINUTES,plural, =0{0 分鐘 }=1{1 分鐘 }other{# 分鐘 }}{SECONDS,plural, =0{0 秒。}=1{1 秒。}other{# 秒。}}"
   },
   "863955692838281739": {
      "message": "關閉"
   },
   "8643398764569428530": {
      "message": "允許 Google Keep 顯示通知？"
   },
   "8652566647088230560": {
      "message": "Dogfood 測試 (機密)"
   },
   "8660016472468563221": {
      "message": "冒號"
   },
   "8663507590720636709": {
      "message": "$1​，和其他 $2​ 個項目"
   },
   "8666643061920113075": {
      "message": "{VIEWER_GENDER,select, female{在這裡貼上圖片網址：}male{在這裡貼上圖片網址：}other{在這裡貼上圖片網址：}}"
   },
   "8674222789100049233": {
      "message": "關閉"
   },
   "86815590954366945": {
      "message": "封存的內容清單"
   },
   "8709611758728645225": {
      "message": "Page Down 鍵"
   },
   "8711002053494037632": {
      "message": "所有項目皆已取消勾選"
   },
   "8748281640412284111": {
      "message": "圖庫圖片"
   },
   "8759520888087120926": {
      "message": "沒有指令碼。"
   },
   "8775097441636640256": {
      "message": "$2​ - $1​"
   },
   "8780212274435014958": {
      "message": "社交圈"
   },
   "8781837301864053001": {
      "message": "RTF 格式"
   },
   "8792038552136453044": {
      "message": "糟糕！發生錯誤"
   },
   "8793166064242077041": {
      "message": "顯示這張圖片時發生問題。"
   },
   "8813101408630252335": {
      "message": "$1​ 秒"
   },
   "8820281478062782578": {
      "message": "搜尋"
   },
   "8822326207328431952": {
      "message": "目前無法使用圖片上傳功能"
   },
   "8840223453482998505": {
      "message": "已選取「$1​」資料夾"
   },
   "8845176264121061589": {
      "message": "取消勾選所有項目"
   },
   "8850238112725591771": {
      "message": "快速鍵 $1​"
   },
   "8852550049823214385": {
      "message": "然後按下"
   },
   "8883744193208363722": {
      "message": "有可用的應用程式更新。"
   },
   "8884900765322249670": {
      "message": "清單檢視"
   },
   "8889019648958415451": {
      "message": "未知的檔案"
   },
   "8911996820409711834": {
      "message": "將文字移至新清單項目 &raquo;"
   },
   "8916237870980173557": {
      "message": "連線中..."
   },
   "8917554093651202032": {
      "message": "播放「$1​」"
   },
   "8919660666733306860": {
      "message": "圖片"
   },
   "8930959387403789939": {
      "message": "提醒"
   },
   "8943760679396635042": {
      "message": "目前顯示的是「$1​」。"
   },
   "8953555255469284376": {
      "message": "將圖片拖曳到這裡"
   },
   "8979615310931291676": {
      "message": "上次編輯時間：$1​"
   },
   "8986044948621891903": {
      "message": "在上方的搜尋框中輸入關鍵字，即可透過 Google 網頁搜尋服務尋找相符的網頁搜尋結果。"
   },
   "901615442107785480": {
      "message": "封存記事/清單"
   },
   "9024023699330078373": {
      "message": "開啟這個項目時，系統會將其加到您的雲端硬碟中"
   },
   "9028041601596584772": {
      "message": "地點"
   },
   "9058308423774656474": {
      "message": "Hangul Word Processor"
   },
   "9083935734710258396": {
      "message": "拒絕"
   },
   "9094248058931620597": {
      "message": "已收合詳細資料面板。"
   },
   "9114674068220302553": {
      "message": "新增為附件"
   },
   "911586799466052745": {
      "message": "OpenOffice 繪圖"
   },
   "9130962320402467249": {
      "message": "圖庫相片"
   },
   "9146716987301178362": {
      "message": "發生錯誤，請重新載入。"
   },
   "9165877886714239857": {
      "message": "無法擷取圖片文字，請稍後再試。"
   },
   "916773043895242978": {
      "message": "您在上方輸入的圖片網址錯誤或無法載入。請輸入正確的圖片網址。"
   },
   "9173629944963872598": {
      "message": "找不到任何活動。"
   },
   "9182500445937900938": {
      "message": "關閉"
   },
   "9195941533351099011": {
      "message": "正在上傳第 $1​ 個檔案 (共 $2​ 個)"
   },
   "9197837492705576727": {
      "message": "前往下一個項目"
   },
   "919969969251998566": {
      "message": "將這個封存檔解壓縮至您的郵件帳戶。"
   },
   "9203542510134660095": {
      "message": "解壓縮工作已開始進行。封存檔內容將顯示在雲端硬碟的「$1​」資料夾中。"
   },
   "940276535015195877": {
      "message": "沒有資料夾。"
   },
   "943493480163896757": {
      "message": "{resultCount,plural, =1{# 則相符的記事}other{# 則相符的記事}}"
   },
   "951963820437151566": {
      "message": "Google 協作平台"
   },
   "95809842507987016": {
      "message": "刪除"
   },
   "963611681085757795": {
      "message": "很抱歉，我們目前無法提供這份文件的預覽畫面。"
   },
   "96556988207614774": {
      "message": "日曆"
   },
   "974042541427403929": {
      "message": "藍色"
   },
   "980395722421409371": {
      "message": "找不到地圖。"
   },
   "982187142411651629": {
      "message": "關閉"
   },
   "985197728509875956": {
      "message": "Chemical Model"
   },
   "996381410993745580": {
      "message": "Photoshop"
   },
   "998727788921602971": {
      "message": "影片"
   },
   "appDesc": {
      "description": "App description",
      "message": "快速記下您的想法，並於適當的地點或時間收到提醒。"
   },
   "appName": {
      "description": "App name.",
      "message": "Google Keep：記事和清單"
   }
}
